,Correlation,Causal,Wrangler_23,Wrangler_16,GB_23,GB_16
0,0.0,0.0,8.695652173913043,100.0,0.0,100.0
1,0.0,0.0,1.9801980198019802,100.0,0.0,100.0
2,0.0,0.0,1.550387596899225,100.0,0.0,100.0
3,0.0,0.0,1.4285714285714286,100.0,0.0,100.0
4,0.0,0.0,1.3157894736842104,100.0,0.0,100.0
5,0.0,0.0,1.2738853503184715,100.0,0.0,100.0
6,0.0,0.0,1.2121212121212122,100.0,0.0,100.0
7,0.0,0.0,1.2048192771084338,100.0,0.0,100.0
