,Correlation,Causal,Wrangler_23,Wrangler_16,GB_23,GB_16
0,0.0,0.0,0.0,0.0,100.0,0.0
1,0.0,0.0,0.0,0.0,100.0,91.66666666666666
2,0.0,0.0,0.0,0.0,100.0,85.29411764705883
3,0.0,0.0,0.0,0.0,100.0,73.7864077669903
4,0.0,3.7383177570093453,0.0,0.0,100.0,71.96261682242991
5,0.0,11.206896551724139,0.0,0.0,100.0,66.37931034482759
6,0.0,11.11111111111111,0.0,0.0,100.0,65.8119658119658
