,Correlation,Causal,Wrangler_23,Wrangler_16,GB_23,GB_16
0,0.0,0.0,100.0,0.0,100.0,0.0
1,0.0,82.66666666666667,100.0,0.0,89.33333333333333,0.0
2,0.0,84.88372093023256,100.0,0.0,80.23255813953489,0.0
