,Correlation,Causal,Wrangler_23,Wrangler_16,GB_23,GB_16
0,0.0,0.0,61.37339055793991,0.0,0.0,0.0
1,0.0,0.0,39.25233644859813,0.0,0.0,0.0
2,0.0,0.0,38.04347826086957,0.0,0.0,0.0
3,0.0,0.0,42.31404958677686,0.0,0.0,0.0
4,0.0,0.0,51.91846522781775,0.0,0.0,0.0
5,0.0,0.0,50.697674418604656,0.0,0.0,0.0
