,Correlation,Causal,Wrangler_23,Wrangler_16,GB_23,GB_16
0,0.0,0.0,100.0,100.0,100.0,0.0
1,0.0,0.0,100.0,97.53086419753086,97.53086419753086,0.0
2,0.0,4.705882352941177,100.0,92.94117647058823,92.94117647058823,0.0
