,Correlation,Causal,Wrangler_23,Wrangler_16,GB_23,GB_16
0,0.0,0.0,0.0,0.0,74.72527472527473,100.0
1,0.0,3.1914893617021276,0.0,0.0,74.46808510638297,100.0
2,0.0,6.185567010309279,0.0,0.0,75.25773195876289,100.0
3,0.0,10.784313725490197,0.0,0.0,76.47058823529412,100.0
