,Correlation,Causal,Wrangler_23,Wrangler_16,GB_23,GB_16
0,0.0,100.0,0.0,0.0,100.0,100.0
1,0.0,100.0,0.0,0.0,100.0,100.0
2,0.0,100.0,0.0,0.0,98.85057471264368,100.0
3,0.0,100.0,0.0,0.0,98.98989898989899,100.0
4,0.0,100.0,0.0,0.0,99.05660377358491,100.0
5,0.0,99.06542056074767,0.0,0.0,99.06542056074767,100.0
6,0.0,96.36363636363636,0.0,0.0,99.0909090909091,100.0
7,0.0,92.98245614035088,0.0,0.0,99.12280701754386,100.0
8,0.0,91.37931034482759,0.0,0.0,99.13793103448276,100.0
