,Correlation,Causal,Wrangler_23,Wrangler_16,GB_23,GB_16
0,0.0,0.0,0.0,0.0,0.0,0.0
1,0.0,0.0,0.0,0.0,0.0,0.0
2,0.0,0.0,0.0,0.0,0.0,0.0
3,0.0,7.865168539325842,0.0,0.0,0.0,0.0
4,0.0,17.326732673267326,0.0,0.0,0.0,0.0
