,Correlation,Causal,Wrangler_23,Wrangler_16,GB_23,GB_16
0,0.0,0.0,2.7906976744186047,4.186046511627907,0.0,0.0
1,0.0,0.0,2.272727272727273,3.5984848484848486,0.0,0.0
2,0.0,0.0,2.2058823529411766,3.4926470588235294,0.0,0.0
3,0.0,0.0,2.0066889632107023,3.177257525083612,0.0,0.0
4,0.0,0.0,1.4354066985645932,2.272727272727273,0.0,0.0
5,0.0,0.0,1.411764705882353,2.235294117647059,0.0,0.0
