,Correlation,Causal,Wrangler_23,Wrangler_16,GB_23,GB_16
0,0.0,0.0,100.0,100.0,100.0,100.0
1,98.9010989010989,98.9010989010989,97.8021978021978,94.5054945054945,100.0,100.0
