,Correlation,Causal,Wrangler_23,Wrangler_16,GB_23,GB_16
0,0.0,0.0,100.0,100.0,100.0,100.0
1,0.0,0.6024096385542169,94.27710843373494,100.0,94.27710843373494,100.0
