,Correlation,Causal,Wrangler_23,Wrangler_16,GB_23,GB_16
0,0.0,0.0,0.0,0.0,55.55555555555556,0.0
1,0.0,97.43589743589743,0.2849002849002849,0.0,45.01424501424501,0.0
2,6.896551724137931,97.61273209549071,0.2652519893899204,0.0,41.90981432360743,0.0
