,Correlation,Causal,Wrangler_23,Wrangler_16,GB_23,GB_16
0,0.0,0.0,0.0,0.0,0.0,0.0
1,0.0,0.0,0.0,0.0,0.0,0.0
2,0.0,4.25531914893617,0.0,0.0,0.0,0.0
3,0.0,13.20754716981132,0.0,0.0,0.0,0.0
4,0.0,13.750000000000002,0.0,0.0,0.0,0.0
5,0.0,14.285714285714285,0.0,0.0,0.0,0.0
6,0.0,14.814814814814813,0.0,0.0,0.0,0.0
