,Correlation,Causal,Wrangler_23,Wrangler_16,GB_23,GB_16
0,0.0,0.0,0.0,0.0,100.0,0.0
1,0.0,0.0,98.4375,98.4375,100.0,98.4375
2,1.3299113392440503,1.3299113392440503,98.64675688287447,98.64675688287447,100.0,98.64675688287447
3,1.2017710309930425,10.246679316888045,90.09065991988193,90.09065991988193,100.0,90.09065991988193
4,1.1847848680108086,11.515277489087508,88.83807940137186,88.83807940137186,100.0,88.83807940137186
5,1.179635761589404,11.548013245033113,88.57615894039735,88.57615894039735,100.0,88.57615894039735
6,1.1786600496277915,11.538461538461538,88.50289495450787,88.50289495450787,100.0,88.50289495450787
