,Correlation,Causal,Wrangler_23,Wrangler_16,GB_23,GB_16
0,0.0,0.0,8.333333333333332,0.0,100.0,8.333333333333332
1,88.67924528301887,88.67924528301887,14.150943396226415,0.0,100.0,17.92452830188679
