,Correlation,Causal,Wrangler_23,Wrangler_16,GB_23,GB_16
0,0.0,0.0,4.100946372239748,4.100946372239748,0.0,0.0
1,0.0,0.0,2.734375,2.734375,0.0,0.0
2,0.0,0.0,2.6365348399246704,2.6365348399246704,0.0,0.0
3,0.0,0.0,2.4432809773123907,2.4432809773123907,0.0,0.0
4,0.0,0.0,1.643192488262911,1.643192488262911,0.0,0.0
