,Correlation,Causal,Wrangler_23,Wrangler_16,GB_23,GB_16
0,0.0,0.0,0.0,0.0,100.0,0.0
1,0.0,75.18796992481202,2.2556390977443606,0.0,100.0,0.0
2,0.0,75.73529411764706,2.2058823529411766,0.0,100.0,0.0
3,0.0,79.24528301886792,1.8867924528301887,0.0,100.0,0.0
4,0.0,78.26086956521739,1.8633540372670807,0.0,100.0,0.0
