,Correlation,Causal,Wrangler_23,Wrangler_16,GB_23,GB_16
0,0.0,0.0,0.0,0.0,0.0,0.0
1,0.0,0.0,4.411764705882353,0.0,0.0,0.0
2,0.0,0.0,3.1067961165048543,0.0,0.0,0.0
3,0.0,0.0,2.9962546816479403,0.0,0.0,0.0
4,0.0,0.0,2.857142857142857,0.0,0.0,0.0
5,0.0,0.17825311942959002,2.8520499108734403,0.0,0.0,0.0
6,0.0,12.77258566978193,2.4922118380062304,0.0,0.0,0.0
7,0.0,33.4916864608076,1.9002375296912115,0.0,0.0,0.0
8,0.0,35.40945790080738,1.845444059976932,0.0,0.0,0.0
