,Correlation,Causal,Wrangler_23,Wrangler_16,GB_23,GB_16
0,0.0,0.0,100.0,0.0,100.0,100.0
1,82.75862068965517,82.75862068965517,100.0,0.0,100.0,100.0
