,Correlation,Causal,Wrangler_23,Wrangler_16,GB_23,GB_16
0,0.0,0.0,100.0,100.0,97.5,100.0
1,8.045977011494253,8.045977011494253,100.0,100.0,97.70114942528735,100.0
