,Correlation,Causal,Wrangler_23,Wrangler_16,GB_23,GB_16
0,0.0,0.0,100.0,0.0,100.0,100.0
1,0.0,5.0,100.0,5.0,100.0,100.0
2,0.0,33.33333333333333,100.0,48.595848595848594,100.0,100.0
3,4.767441860465117,36.51162790697675,100.0,46.27906976744186,100.0,100.0
4,4.878048780487805,36.58536585365854,100.0,46.34146341463415,100.0,100.0
