,Correlation,Causal,Wrangler_23,Wrangler_16,GB_23,GB_16
0,0.0,0.0,100.0,73.95348837209302,89.30232558139535,54.88372093023256
1,0.0,0.4273504273504274,100.0,76.06837606837607,90.17094017094017,50.85470085470085
