,Correlation,Causal,Wrangler_23,Wrangler_16,GB_23,GB_16
0,0.0,0.0,0.0,100.0,0.0,0.0
1,0.0,0.3875968992248062,0.0,100.0,0.0,0.0
2,0.0,0.38461538461538464,0.0,100.0,0.0,0.0
