,Correlation,Causal,Wrangler_23,Wrangler_16,GB_23,GB_16
0,0.0,0.0,0.0,0.0,81.81818181818183,0.0
1,0.0,95.4356846473029,0.0,0.0,80.08298755186722,0.0
2,29.941860465116278,96.80232558139535,0.0,0.0,85.46511627906976,0.0
3,38.83248730964467,97.20812182741116,0.0,0.0,87.05583756345177,0.0
4,43.95348837209303,97.44186046511628,0.0,0.0,88.13953488372093,0.0
