,Correlation,Causal,Wrangler_23,Wrangler_16,GB_23,GB_16
0,0.0,0.0,10.92436974789916,8.403361344537815,0.0,0.0
1,0.0,0.0,7.532956685499058,5.4613935969868175,0.0,0.0
2,0.0,0.0,7.352941176470589,5.330882352941177,0.0,0.0
3,0.0,0.0,6.890756302521009,4.873949579831933,0.0,0.0
4,0.0,0.0,5.508982035928144,3.473053892215569,0.0,0.0
5,0.0,0.0,5.405405405405405,3.4077555816686247,0.0,0.0
