,Correlation,Causal,Wrangler_23,Wrangler_16,GB_23,GB_16
0,0.0,0.0,2.34375,0.0,0.0,0.0
1,0.0,0.0,1.5414258188824663,0.0,0.0,0.0
2,0.0,0.0,1.5180265654648957,0.0,0.0,0.0
3,0.0,0.0,1.4519056261343013,0.0,0.0,0.0
4,0.0,0.0,1.3582342954159592,0.0,0.0,0.0
5,0.0,0.0,0.9345794392523363,0.0,0.0,0.0
