,Correlation,Causal,Wrangler_23,Wrangler_16,GB_23,GB_16
0,0.0,0.0,100.0,100.0,100.0,100.0
1,91.86046511627907,91.86046511627907,100.0,23.25581395348837,8.13953488372093,100.0
2,90.80459770114942,91.95402298850574,100.0,24.137931034482758,8.045977011494253,100.0
