,Correlation,Causal,Wrangler_23,Wrangler_16,GB_23,GB_16
0,0.0,0.0,56.41025641025641,100.0,0.0,100.0
1,0.0,0.0,60.46511627906976,100.0,0.0,100.0
