,Correlation,Causal,Wrangler_23,Wrangler_16,GB_23,GB_16
0,0.0,0.0,100.0,0.0,100.0,100.0
1,0.0,1.0752688172043012,100.0,1.0752688172043012,98.9247311827957,100.0
2,0.0,10.679611650485436,100.0,8.737864077669903,89.32038834951457,100.0
3,0.0,40.25974025974026,100.0,35.064935064935064,60.3896103896104,100.0
4,0.0,43.558282208588956,100.0,34.355828220858896,61.34969325153374,100.0
