,Correlation,Causal,Wrangler_23,Wrangler_16,GB_23,GB_16
0,0.0,0.0,0.0,19.00826446280992,0.0,24.104683195592287
1,0.0,7.868020304568528,0.0,18.527918781725887,6.725888324873096,29.695431472081218
