,Correlation,Causal,Wrangler_23,Wrangler_16,GB_23,GB_16
0,0.0,100.0,20.491803278688526,0.0,100.0,0.0
1,0.0,100.0,17.28395061728395,0.0,100.0,0.0
2,0.0,99.38650306748467,17.177914110429448,0.0,100.0,0.0
3,0.0,99.40828402366864,16.56804733727811,0.0,100.0,0.0
4,0.0,99.4949494949495,15.151515151515152,0.0,100.0,0.0
5,0.0,99.52153110047847,14.354066985645932,0.0,100.0,0.0
6,0.0,99.0521327014218,14.218009478672986,0.0,100.0,0.0
