,Correlation,Causal,Wrangler_23,Wrangler_16,GB_23,GB_16
0,0.0,0.0,0.0,5.0,0.0,0.0
1,0.0,0.0,0.0,6.530612244897959,0.0,0.0
2,0.0,0.0,0.0,5.992509363295881,0.0,0.0
3,0.0,0.0,0.0,5.9259259259259265,0.0,0.0
4,0.0,0.0,0.0,4.365620736698499,0.0,0.0
5,0.0,0.0,0.0,3.7602820211515864,0.0,0.0
