,Correlation,Causal,Wrangler_23,Wrangler_16,GB_23,GB_16
0,0.0,0.0,100.0,100.0,0.0,100.0
1,24.550898203592812,24.550898203592812,100.0,100.0,0.0,100.0
2,24.776119402985074,24.776119402985074,100.0,100.0,0.0,100.0
