,Correlation,Causal,Wrangler_23,Wrangler_16,GB_23,GB_16
0,0.0,0.0,68.42105263157895,0.0,0.0,0.0
1,0.0,7.4074074074074066,66.66666666666666,0.0,0.0,0.0
2,0.0,10.344827586206897,65.51724137931035,0.0,0.0,0.0
3,0.0,4.6875,65.625,0.0,0.0,0.0
4,0.0,44.03669724770643,54.12844036697248,0.0,0.0,0.0
