,Correlation,Causal,Wrangler_23,Wrangler_16,GB_23,GB_16
0,0.0,0.0,0.1610305958132045,0.1610305958132045,37.35909822866345,0.0
1,0.0,0.0,0.16051364365971107,0.16051364365971107,37.56019261637239,0.0
