,Correlation,Causal,Wrangler_23,Wrangler_16,GB_23,GB_16
0,0.0,0.0,5.164319248826291,2.8169014084507045,0.0,0.0
1,0.0,0.0,6.185567010309279,2.268041237113402,0.0,0.0
2,0.0,0.931098696461825,5.58659217877095,2.0484171322160147,0.0,0.0
3,0.0,0.9242144177449169,5.545286506469501,2.033271719038817,0.0,0.0
4,0.0,0.6802721088435374,4.081632653061225,1.4965986394557822,0.0,0.0
5,0.0,0.5875440658049353,3.525264394829612,1.2925969447708578,0.0,0.0
