,Correlation,Causal,Wrangler_23,Wrangler_16,GB_23,GB_16
0,0.0,0.0,0.0,0.0,0.0,0.0
1,0.0,95.83333333333334,0.0,0.0,0.0,50.0
2,0.0,66.99029126213593,0.0,0.0,0.0,65.0485436893204
