,Correlation,Causal,Wrangler_23,Wrangler_16,GB_23,GB_16
0,0.0,100.0,0.0,0.0,0.0,0.0
1,0.0,100.0,0.0,0.0,3.0303030303030303,0.0
2,0.0,100.0,0.0,0.0,14.634146341463413,0.0
3,0.0,100.0,0.0,0.0,19.54022988505747,0.0
4,0.0,100.0,0.0,0.0,23.404255319148938,0.0
5,0.0,100.0,0.0,0.0,29.357798165137616,0.0
6,0.0,98.21428571428571,0.0,0.0,30.357142857142854,0.0
7,0.0,98.30508474576271,0.0,0.0,33.05084745762712,0.0
