,Correlation,Causal,Wrangler_23,Wrangler_16,GB_23,GB_16
0,0.0,0.0,0.0,0.0,0.0,0.0
1,0.0,0.0,0.0,0.0,0.0,0.0
2,0.0,23.728813559322035,0.0,0.0,0.0,0.0
3,0.0,41.935483870967744,0.0,0.0,0.0,0.0
4,0.0,44.785276073619634,0.0,0.0,0.0,0.0
