,TPR,FPR
gb,0.0,0.0
gb_ipw,100.0,71.36363636363636
wrangler_23,0.0,0.0
wrangler_16,100.0,56.59090909090909
gb_23,0.0,0.0
gb_16,0.0,0.0
