,TPR,FPR
gb,84.61538461538461,10.762331838565023
gb_ipw,100.0,99.55156950672645
wrangler_23,100.0,78.47533632286995
wrangler_16,100.0,100.0
gb_23,100.0,7.623318385650224
gb_16,0.0,0.0
