,TPR,FPR
gb,0.0,0.0
gb_ipw,100.0,97.54601226993866
wrangler_23,100.0,71.77914110429448
wrangler_16,100.0,100.0
gb_23,84.21052631578948,71.16564417177914
gb_16,89.47368421052632,72.39263803680981
