,TPR,FPR
gb,0.0,0.0
gb_ipw,100.0,92.6829268292683
wrangler_23,0.0,0.0
wrangler_16,0.0,0.0
gb_23,14.285714285714286,26.829268292682926
gb_16,100.0,92.6829268292683
