,TPR,FPR
gb,99.02912621359224,56.085918854415276
gb_ipw,99.02912621359224,56.085918854415276
wrangler_23,99.02912621359224,99.88066825775657
wrangler_16,0.0,0.2386634844868735
gb_23,99.02912621359224,100.0
gb_16,99.02912621359224,100.0
