,TPR,FPR
gb,100.0,12.217194570135746
gb_ipw,100.0,12.217194570135746
wrangler_23,100.0,100.0
wrangler_16,100.0,98.64253393665159
gb_23,100.0,98.64253393665159
gb_16,100.0,46.15384615384615
