,TPR,FPR
gb,0.0,0.0
gb_ipw,95.95959595959596,69.04205607476635
wrangler_23,0.0,0.9345794392523364
wrangler_16,0.0,0.0
gb_23,0.0,0.0
gb_16,0.0,0.0
