,TPR,FPR
gb,13.333333333333334,0.0
gb_ipw,13.333333333333334,0.0
wrangler_23,100.0,100.0
wrangler_16,100.0,100.0
gb_23,100.0,100.0
gb_16,100.0,100.0
