,TPR,FPR
gb,0.0,0.0
gb_ipw,100.0,13.636363636363637
wrangler_23,100.0,57.27272727272727
wrangler_16,100.0,57.27272727272727
gb_23,100.0,27.272727272727273
gb_16,100.0,57.27272727272727
