,TPR,FPR
gb,100.0,64.41717791411043
gb_ipw,100.0,99.38650306748467
wrangler_23,100.0,59.50920245398773
wrangler_16,100.0,100.0
gb_23,100.0,100.0
gb_16,100.0,100.0
