,TPR,FPR
gb,0.0,0.0
gb_ipw,54.0,0.0
wrangler_23,38.0,13.411764705882353
wrangler_16,0.0,0.11764705882352941
gb_23,0.0,0.0
gb_16,0.0,0.0
