,TPR,FPR
gb,0.0,0.0
gb_ipw,97.43589743589743,11.676646706586826
wrangler_23,100.0,89.52095808383234
wrangler_16,100.0,89.52095808383234
gb_23,0.0,0.0
gb_16,5.128205128205129,10.479041916167665
