,TPR,FPR
gb,0.0,0.0
gb_ipw,66.66666666666667,86.74698795180723
wrangler_23,100.0,27.710843373493976
wrangler_16,100.0,95.18072289156626
gb_23,0.0,0.0
gb_16,100.0,95.18072289156626
