,TPR,FPR
gb,3.9473684210526314,0.0
gb_ipw,3.9473684210526314,0.0
wrangler_23,2.6315789473684212,0.3225806451612903
wrangler_16,0.0,0.0
gb_23,1.3157894736842106,0.0
gb_16,19.736842105263158,29.516129032258064
