,TPR,FPR
gb,0.0,0.0
gb_ipw,100.0,80.3680981595092
wrangler_23,100.0,40.49079754601227
wrangler_16,0.0,0.0
gb_23,0.0,0.0
gb_16,0.0,0.0
