,TPR,FPR
gb,0.0,0.0
gb_ipw,4.040404040404041,1.7482517482517483
wrangler_23,0.0,1.7482517482517483
wrangler_16,0.0,1.7482517482517483
gb_23,0.0,0.0
gb_16,0.0,0.0
