,TPR,FPR
gb,98.21428571428571,5.471478463329452
gb_ipw,99.10714285714286,5.471478463329452
wrangler_23,99.10714285714286,5.471478463329452
wrangler_16,92.85714285714286,4.889406286379511
gb_23,87.5,37.019790454016295
gb_16,100.0,99.88358556461002
