,TPR,FPR
gb,66.66666666666667,13.905325443786982
gb_ipw,100.0,13.905325443786982
wrangler_23,100.0,100.0
wrangler_16,100.0,100.0
gb_23,100.0,100.0
gb_16,100.0,18.34319526627219
