,TPR,FPR
gb,0.0,0.0
gb_ipw,20.0,0.0
wrangler_23,100.0,98.82352941176471
wrangler_16,0.0,0.0
gb_23,100.0,7.0588235294117645
gb_16,0.0,0.0
