,TPR,FPR
gb,0.0,0.0
gb_ipw,100.0,99.29742388758783
wrangler_23,0.0,0.0
wrangler_16,0.0,0.0
gb_23,48.18181818181818,0.0
gb_16,0.0,0.0
