,TPR,FPR
gb,0.0,0.0
gb_ipw,71.42857142857143,61.29032258064516
wrangler_23,100.0,85.48387096774194
wrangler_16,100.0,100.0
gb_23,0.0,0.0
gb_16,100.0,100.0
