,TPR,FPR
gb,84.21052631578948,4.938271604938271
gb_ipw,84.21052631578948,4.938271604938271
wrangler_23,0.0,0.0
wrangler_16,100.0,5.555555555555555
gb_23,100.0,94.44444444444444
gb_16,0.0,0.0
