,TPR,FPR
gb,0.0,0.0
gb_ipw,95.0,6.586826347305389
wrangler_23,100.0,100.0
wrangler_16,100.0,100.0
gb_23,75.0,6.586826347305389
gb_16,0.0,0.0
