,TPR,FPR
gb,100.0,96.89078896230082
gb_ipw,100.0,99.72794403420131
wrangler_23,100.0,100.0
wrangler_16,100.0,100.0
gb_23,4.3478260869565215,0.194325689856199
gb_16,0.0,0.0
