,TPR,FPR
gb,0.0,0.0
gb_ipw,99.08256880733946,69.54492415402567
wrangler_23,0.0,0.0
wrangler_16,0.0,0.0
gb_23,0.0,0.0
gb_16,100.0,100.0
