,TPR,FPR
gb,99.00990099009901,33.641618497109825
gb_ipw,100.0,70.98265895953757
wrangler_23,100.0,100.0
wrangler_16,99.00990099009901,56.06936416184971
gb_23,100.0,100.0
gb_16,0.9900990099009901,0.11560693641618497
