,TPR,FPR
gb,0.0,0.0
gb_ipw,84.21052631578948,0.0
wrangler_23,0.0,0.0
wrangler_16,0.0,0.0
gb_23,0.0,0.0
gb_16,57.89473684210526,0.0
