,TPR,FPR
gb,53.535353535353536,8.930669800235018
gb_ipw,100.0,90.36427732079906
wrangler_23,0.0,0.0
wrangler_16,0.0,0.0
gb_23,100.0,99.64747356051704
gb_16,0.0,0.0
