,TPR,FPR
gb,0.0,0.0
gb_ipw,100.0,100.0
wrangler_23,0.0,0.0
wrangler_16,0.0,0.0
gb_23,11.707317073170731,3.323615160349854
gb_16,0.975609756097561,0.2915451895043732
