,TPR,FPR
gb,3.8461538461538463,0.0
gb_ipw,96.15384615384616,92.27272727272727
wrangler_23,100.0,97.27272727272727
wrangler_16,96.15384615384616,6.818181818181818
gb_23,100.0,100.0
gb_16,0.0,1.3636363636363635
