,TPR,FPR
gb,0.0,0.0
gb_ipw,0.0,0.0
wrangler_23,0.0,0.0
wrangler_16,11.693548387096774,7.4360499702558
gb_23,0.0,0.0
gb_16,0.0,0.0
