,TPR,FPR
gb,94.73684210526316,35.15151515151515
gb_ipw,94.73684210526316,97.57575757575758
wrangler_23,100.0,100.0
wrangler_16,100.0,99.39393939393939
gb_23,26.31578947368421,1.2121212121212122
gb_16,100.0,100.0
