,TPR,FPR
gb,0.0,0.0
gb_ipw,100.0,100.0
wrangler_23,100.0,54.398148148148145
wrangler_16,100.0,27.314814814814813
gb_23,100.0,100.0
gb_16,100.0,100.0
