,TPR,FPR
gb,0.0,0.0
gb_ipw,0.0,0.0
wrangler_23,0.0,0.45871559633027525
wrangler_16,0.0,0.0
gb_23,22.580645161290324,28.440366972477065
gb_16,100.0,100.0
