,TPR,FPR
gb,0.0,0.0
gb_ipw,100.0,100.0
wrangler_23,60.396039603960396,54.79616306954436
wrangler_16,0.0,0.0
gb_23,0.0,0.0
gb_16,0.0,0.0
