,TPR,FPR
gb,0.0,0.0
gb_ipw,99.0,4.137931034482759
wrangler_23,100.0,100.0
wrangler_16,98.0,91.03448275862068
gb_23,81.0,88.73563218390805
gb_16,89.0,86.89655172413794
