,TPR,FPR
gb,0.0,0.0
gb_ipw,98.30508474576271,70.21857923497268
wrangler_23,0.0,0.0
wrangler_16,0.0,0.0
gb_23,10.169491525423728,1.639344262295082
gb_16,20.338983050847457,5.191256830601093
