,TPR,FPR
gb,0.0,0.0
gb_ipw,100.0,50.2906976744186
wrangler_23,99.16666666666667,75.29069767441861
wrangler_16,28.333333333333332,0.29069767441860467
gb_23,100.0,100.0
gb_16,0.0,0.0
