,TPR,FPR
gb,0.0,0.0
gb_ipw,100.0,99.43181818181819
wrangler_23,100.0,100.0
wrangler_16,100.0,100.0
gb_23,79.62962962962963,65.45454545454545
gb_16,100.0,76.5909090909091
