,TPR,FPR
gb,0.0,0.0
gb_ipw,99.0909090909091,6.236786469344609
wrangler_23,100.0,78.22410147991543
wrangler_16,99.0909090909091,78.22410147991543
gb_23,0.0,0.0
gb_16,0.0,0.0
