,TPR,FPR
gb,0.0,0.0
gb_ipw,98.01980198019803,30.0
wrangler_23,0.0,0.0
wrangler_16,0.0,0.35294117647058826
gb_23,1.9801980198019802,34.94117647058823
gb_16,0.0,0.11764705882352941
