,TPR,FPR
gb,0.0,0.0
gb_ipw,95.0,56.395348837209305
wrangler_23,95.0,48.83720930232558
wrangler_16,40.0,26.162790697674417
gb_23,0.0,0.0
gb_16,100.0,100.0
