,TPR,FPR
gb,0.0,0.0
gb_ipw,0.0,0.591715976331361
wrangler_23,0.0,0.0
wrangler_16,0.0,0.0
gb_23,1.3157894736842106,17.45562130177515
gb_16,0.0,0.0
