,TPR,FPR
gb,0.0,0.0
gb_ipw,100.0,53.03030303030303
wrangler_23,100.0,73.33333333333333
wrangler_16,100.0,67.87878787878788
gb_23,100.0,3.6363636363636362
gb_16,0.0,0.0
