,TPR,FPR
gb,0.0,0.0
gb_ipw,100.0,97.86036036036036
wrangler_23,100.0,100.0
wrangler_16,0.0,0.0
gb_23,51.81818181818182,45.608108108108105
gb_16,1.8181818181818181,0.9009009009009009
