,TPR,FPR
gb,94.44444444444444,23.376623376623378
gb_ipw,94.44444444444444,37.01298701298701
wrangler_23,100.0,66.88311688311688
wrangler_16,100.0,66.23376623376623
gb_23,0.0,0.0
gb_16,11.11111111111111,1.948051948051948
