,TPR,FPR
gb,0.0,0.0
gb_ipw,76.92307692307692,96.29629629629629
wrangler_23,7.6923076923076925,11.11111111111111
wrangler_16,76.92307692307692,100.0
gb_23,76.92307692307692,100.0
gb_16,76.92307692307692,93.82716049382717
