,TPR,FPR
gb,100.0,8.588957055214724
gb_ipw,100.0,38.65030674846626
wrangler_23,100.0,100.0
wrangler_16,100.0,93.86503067484662
gb_23,100.0,100.0
gb_16,0.0,0.0
