,TPR,FPR
gb,82.0,12.543962485345839
gb_ipw,98.0,33.528722157092616
wrangler_23,0.0,0.0
wrangler_16,0.0,0.0
gb_23,99.0,100.0
gb_16,0.0,0.0
