,TPR,FPR
gb,0.0,0.0
gb_ipw,0.0,0.0
wrangler_23,90.9090909090909,40.070093457943926
wrangler_16,85.85858585858585,32.59345794392523
gb_23,0.0,0.0
gb_16,0.0,0.0
