,TPR,FPR
gb,0.0,0.0
gb_ipw,100.0,5.521472392638037
wrangler_23,0.0,0.0
wrangler_16,89.47368421052632,28.834355828220858
gb_23,0.0,0.0
gb_16,0.0,0.0
