,TPR,FPR
gb,15.384615384615385,0.0
gb_ipw,15.384615384615385,0.0
wrangler_23,100.0,92.72727272727273
wrangler_16,0.0,0.0
gb_23,100.0,100.0
gb_16,0.0,0.0
