,TPR,FPR
gb,3.3707865168539324,0.0
gb_ipw,5.617977528089888,0.0
wrangler_23,100.0,100.0
wrangler_16,2.247191011235955,0.0
gb_23,100.0,100.0
gb_16,0.0,0.0
