,TPR,FPR
gb,0.0,0.0
gb_ipw,100.0,5.208333333333333
wrangler_23,0.0,0.0
wrangler_16,15.09433962264151,0.0
gb_23,0.0,0.0
gb_16,0.0,0.0
