,TPR,FPR
gb,0.0,0.0
gb_ipw,64.81481481481481,5.160550458715596
wrangler_23,96.29629629629629,99.88532110091744
wrangler_16,96.29629629629629,99.77064220183486
gb_23,96.29629629629629,100.0
gb_16,96.29629629629629,99.6559633027523
