,TPR,FPR
gb,0.0,0.0
gb_ipw,94.94949494949495,9.49074074074074
wrangler_23,0.0,3.240740740740741
wrangler_16,0.0,1.1574074074074074
gb_23,0.0,0.0
gb_16,0.0,0.0
