,TPR,FPR
gb,0.0,0.0
gb_ipw,100.0,5.568445475638051
wrangler_23,100.0,92.80742459396751
wrangler_16,100.0,92.80742459396751
gb_23,0.0,0.0
gb_16,0.0,0.0
