,TPR,FPR
gb,0.0,0.0
gb_ipw,100.0,70.17543859649123
wrangler_23,0.0,0.0
wrangler_16,5.0,0.0
gb_23,5.0,5.2631578947368425
gb_16,0.0,0.0
