,TPR,FPR
gb,0.0,0.0
gb_ipw,100.0,6.962025316455696
wrangler_23,0.0,0.0
wrangler_16,0.0,0.0
gb_23,100.0,11.39240506329114
gb_16,4.3478260869565215,0.6329113924050633
