,TPR,FPR
gb,0.0,0.0
gb_ipw,100.0,12.012012012012011
wrangler_23,100.0,88.28828828828829
wrangler_16,89.74358974358974,10.21021021021021
gb_23,100.0,100.0
gb_16,100.0,88.28828828828829
