,TPR,FPR
gb,0.0,0.0
gb_ipw,0.0,0.0
wrangler_23,0.0,0.0
wrangler_16,80.0,81.3953488372093
gb_23,0.0,0.0
gb_16,70.0,26.74418604651163
