,TPR,FPR
gb,0.0,0.0
gb_ipw,68.42105263157895,12.804878048780488
wrangler_23,100.0,100.0
wrangler_16,100.0,100.0
gb_23,100.0,100.0
gb_16,100.0,100.0
