,TPR,FPR
gb,100.0,32.44897959183673
gb_ipw,100.0,99.79591836734694
wrangler_23,100.0,100.0
wrangler_16,100.0,94.6938775510204
gb_23,0.0,0.0
gb_16,0.0,0.0
