,TPR,FPR
gb,100.0,92.5925925925926
gb_ipw,100.0,93.82716049382717
wrangler_23,100.0,100.0
wrangler_16,100.0,100.0
gb_23,100.0,14.814814814814815
gb_16,100.0,100.0
