,TPR,FPR
gb,0.0,0.0
gb_ipw,100.0,46.3235294117647
wrangler_23,0.0,0.0
wrangler_16,52.94117647058823,30.147058823529413
gb_23,100.0,68.38235294117646
gb_16,0.0,0.0
