,TPR,FPR
gb,0.0,0.0
gb_ipw,100.0,62.7906976744186
wrangler_23,0.0,0.0
wrangler_16,0.0,0.0
gb_23,100.0,26.74418604651163
gb_16,0.0,0.0
