,TPR,FPR
gb,0.0,0.0
gb_ipw,100.0,91.56626506024097
wrangler_23,100.0,90.36144578313252
wrangler_16,100.0,100.0
gb_23,100.0,16.867469879518072
gb_16,0.0,0.0
