,TPR,FPR
gb,73.6842105263158,9.202453987730062
gb_ipw,100.0,98.15950920245399
wrangler_23,100.0,100.0
wrangler_16,0.0,0.0
gb_23,0.0,0.0
gb_16,73.6842105263158,9.202453987730062
