,TPR,FPR
gb,0.0,0.0
gb_ipw,84.31372549019608,8.092485549132949
wrangler_23,94.11764705882354,99.53757225433526
wrangler_16,94.11764705882354,100.0
gb_23,94.11764705882354,100.0
gb_16,94.11764705882354,100.0
