,TPR,FPR
gb,0.0,0.0
gb_ipw,20.0,40.69767441860465
wrangler_23,100.0,100.0
wrangler_16,0.0,0.0
gb_23,100.0,22.093023255813954
gb_16,0.0,0.0
