,TPR,FPR
gb,92.85714285714286,0.0
gb_ipw,100.0,97.24770642201835
wrangler_23,100.0,100.0
wrangler_16,100.0,100.0
gb_23,100.0,100.0
gb_16,100.0,100.0
