,TPR,FPR
gb,0.0,0.0
gb_ipw,100.0,1.3559322033898304
wrangler_23,100.0,99.2090395480226
wrangler_16,98.0,89.6045197740113
gb_23,100.0,100.0
gb_16,72.0,0.0
