,TPR,FPR
gb,94.44444444444444,0.0
gb_ipw,100.0,7.482993197278912
wrangler_23,100.0,92.51700680272108
wrangler_16,100.0,100.0
gb_23,100.0,7.482993197278912
gb_16,0.0,0.0
