,TPR,FPR
gb,0.0,0.0
gb_ipw,31.067961165048544,8.602150537634408
wrangler_23,0.0,0.0
wrangler_16,0.0,0.0
gb_23,0.0,0.0
gb_16,0.0,0.0
