,TPR,FPR
gb,41.32231404958678,0.0
gb_ipw,99.17355371900827,98.92601431980907
wrangler_23,99.17355371900827,100.0
wrangler_16,99.17355371900827,100.0
gb_23,74.3801652892562,73.9856801909308
gb_16,12.396694214876034,47.61336515513126
