,TPR,FPR
gb,28.282828282828284,8.215962441314554
gb_ipw,100.0,43.779342723004696
wrangler_23,0.0,2.112676056338028
wrangler_16,0.0,0.0
gb_23,0.0,34.624413145539904
gb_16,100.0,86.85446009389672
