,TPR,FPR
gb,100.0,90.29126213592232
gb_ipw,100.0,90.29126213592232
wrangler_23,0.0,0.0
wrangler_16,0.0,0.0
gb_23,0.0,0.970873786407767
gb_16,100.0,100.0
