,TPR,FPR
gb,0.0,0.0
gb_ipw,100.0,97.67441860465117
wrangler_23,100.0,1.1627906976744187
wrangler_16,0.0,0.0
gb_23,100.0,100.0
gb_16,0.0,0.0
