,TPR,FPR
gb,0.0,0.0
gb_ipw,100.0,24.41860465116279
wrangler_23,100.0,100.0
wrangler_16,0.0,0.0
gb_23,0.0,39.53488372093023
gb_16,0.0,0.0
