,TPR,FPR
gb,85.71428571428571,82.56880733944953
gb_ipw,85.71428571428571,82.56880733944953
wrangler_23,100.0,100.0
wrangler_16,100.0,100.0
gb_23,100.0,100.0
gb_16,100.0,100.0
