,TPR,FPR
gb,0.0,0.0
gb_ipw,100.0,24.358974358974358
wrangler_23,100.0,21.794871794871796
wrangler_16,100.0,100.0
gb_23,0.0,0.0
gb_16,100.0,100.0
