,TPR,FPR
gb,95.91836734693878,24.76303317535545
gb_ipw,95.91836734693878,45.023696682464454
wrangler_23,95.91836734693878,100.0
wrangler_16,95.91836734693878,100.0
gb_23,95.91836734693878,100.0
gb_16,95.91836734693878,100.0
