,TPR,FPR
gb,0.0,0.0
gb_ipw,0.0,0.0
wrangler_23,18.75,8.51063829787234
wrangler_16,62.5,43.262411347517734
gb_23,87.5,100.0
gb_16,0.0,0.0
