,TPR,FPR
gb,0.0,0.0
gb_ipw,90.47619047619048,3.1055900621118013
wrangler_23,100.0,100.0
wrangler_16,100.0,100.0
gb_23,100.0,100.0
gb_16,100.0,94.40993788819875
