,TPR,FPR
gb,0.0,0.0
gb_ipw,100.0,98.80952380952381
wrangler_23,10.0,2.380952380952381
wrangler_16,0.0,0.0
gb_23,100.0,98.21428571428571
gb_16,0.0,0.0
