,TPR,FPR
gb,84.61538461538461,10.762331838565023
gb_ipw,100.0,99.55156950672645
wrangler_23,100.0,100.0
wrangler_16,0.0,0.0
gb_23,0.0,0.4484304932735426
gb_16,26.923076923076923,0.0
