,TPR,FPR
gb,100.0,3.488372093023256
gb_ipw,100.0,42.325581395348834
wrangler_23,100.0,60.23255813953488
wrangler_16,80.0,50.23255813953488
gb_23,100.0,57.674418604651166
gb_16,0.0,0.0
