,TPR,FPR
gb,0.0,0.0
gb_ipw,100.0,99.43181818181819
wrangler_23,100.0,100.0
wrangler_16,100.0,100.0
gb_23,25.925925925925927,0.0
gb_16,9.25925925925926,0.0
