,TPR,FPR
gb,0.0,0.0
gb_ipw,100.0,84.7560975609756
wrangler_23,100.0,99.39024390243902
wrangler_16,0.0,0.0
gb_23,100.0,67.07317073170732
gb_16,0.0,0.0
