,TPR,FPR
gb,20.0,0.0
gb_ipw,60.0,56.32183908045977
wrangler_23,0.0,0.0
wrangler_16,0.0,0.0
gb_23,90.0,98.85057471264368
gb_16,0.0,0.0
