,TPR,FPR
gb,0.0,0.0
gb_ipw,0.0,0.0
wrangler_23,0.0,0.4784688995215311
wrangler_16,0.0,0.4784688995215311
gb_23,0.0,0.0
gb_16,0.0,0.0
