,TPR,FPR
gb,0.0,0.0
gb_ipw,100.0,74.04403244495944
wrangler_23,0.0,1.2746234067207416
wrangler_16,0.0,1.3904982618771726
gb_23,0.0,0.0
gb_16,0.0,0.0
