,TPR,FPR
gb,0.0,0.0
gb_ipw,100.0,20.689655172413794
wrangler_23,100.0,16.091954022988507
wrangler_16,100.0,100.0
gb_23,100.0,100.0
gb_16,100.0,100.0
