,TPR,FPR
gb,79.41176470588235,6.57439446366782
gb_ipw,97.05882352941177,21.10726643598616
wrangler_23,100.0,100.0
wrangler_16,100.0,100.0
gb_23,76.47058823529412,1.3840830449826989
gb_16,100.0,100.0
