,TPR,FPR
gb,100.0,15.853658536585366
gb_ipw,100.0,15.853658536585366
wrangler_23,100.0,100.0
wrangler_16,100.0,100.0
gb_23,100.0,100.0
gb_16,100.0,100.0
