,TPR,FPR
gb,0.0,0.0
gb_ipw,96.15384615384616,22.22222222222222
wrangler_23,100.0,17.12962962962963
wrangler_16,0.0,0.0
gb_23,96.15384615384616,17.12962962962963
gb_16,0.0,0.0
