,TPR,FPR
gb,5.0,0.5952380952380952
gb_ipw,95.0,10.714285714285714
wrangler_23,100.0,100.0
wrangler_16,100.0,100.0
gb_23,100.0,100.0
gb_16,100.0,100.0
