,TPR,FPR
gb,0.0,0.0
gb_ipw,92.72727272727273,13.742071881606766
wrangler_23,100.0,69.13319238900634
wrangler_16,100.0,69.13319238900634
gb_23,0.0,0.0
gb_16,0.0,0.0
