,TPR,FPR
gb,0.0,0.7168458781362007
gb_ipw,100.0,22.939068100358423
wrangler_23,0.0,0.0
wrangler_16,0.0,0.0
gb_23,0.0,0.0
gb_16,100.0,100.0
