,TPR,FPR
gb,39.39393939393939,38.91050583657587
gb_ipw,100.0,100.0
wrangler_23,100.0,69.64980544747081
wrangler_16,0.0,0.0
gb_23,100.0,100.0
gb_16,100.0,100.0
