,TPR,FPR
gb,0.0,0.0
gb_ipw,100.0,24.390243902439025
wrangler_23,100.0,73.78048780487805
wrangler_16,100.0,100.0
gb_23,0.0,0.0
gb_16,100.0,100.0
