,TPR,FPR
gb,100.0,7.207207207207207
gb_ipw,100.0,7.207207207207207
wrangler_23,100.0,100.0
wrangler_16,100.0,100.0
gb_23,0.0,0.0
gb_16,100.0,100.0
