,TPR,FPR
gb,0.0,0.0
gb_ipw,0.0,0.0
wrangler_23,0.0,0.0
wrangler_16,0.9900990099009901,3.176470588235294
gb_23,0.0,0.0
gb_16,0.0,0.0
