,TPR,FPR
gb,98.21428571428571,5.471478463329452
gb_ipw,100.0,100.0
wrangler_23,99.10714285714286,5.471478463329452
wrangler_16,0.8928571428571429,0.0
gb_23,67.85714285714286,4.889406286379511
gb_16,100.0,94.8777648428405
