,TPR,FPR
gb,0.0,0.0
gb_ipw,100.0,100.0
wrangler_23,0.0,0.0
wrangler_16,100.0,70.46979865771812
gb_23,4.3478260869565215,2.0134228187919465
gb_16,100.0,71.81208053691275
