,TPR,FPR
gb,0.0,0.0
gb_ipw,1.9230769230769231,0.0
wrangler_23,100.0,77.02702702702703
wrangler_16,0.0,0.45045045045045046
gb_23,0.0,0.0
gb_16,100.0,100.0
