,TPR,FPR
gb,0.0,0.0
gb_ipw,98.38709677419355,95.65217391304348
wrangler_23,0.0,0.0
wrangler_16,0.0,0.0
gb_23,27.419354838709676,2.4390243902439024
gb_16,0.0,0.0
