,TPR,FPR
gb,0.0,0.0
gb_ipw,69.23076923076923,83.87096774193549
wrangler_23,0.0,0.0
wrangler_16,0.0,0.0
gb_23,0.0,0.0
gb_16,0.0,0.0
