,TPR,FPR
gb,10.731707317073171,0.34944670937682004
gb_ipw,100.0,100.0
wrangler_23,0.0,0.0
wrangler_16,0.0,0.0
gb_23,100.0,99.88351776354106
gb_16,0.0,0.0
