,TPR,FPR
gb,0.0,0.0
gb_ipw,5.714285714285714,50.36496350364963
wrangler_23,0.0,0.0
wrangler_16,100.0,100.0
gb_23,97.14285714285714,0.0
gb_16,100.0,100.0
