,TPR,FPR
gb,0.0,0.0
gb_ipw,100.0,99.0909090909091
wrangler_23,100.0,100.0
wrangler_16,100.0,100.0
gb_23,100.0,97.72727272727273
gb_16,100.0,100.0
