,TPR,FPR
gb,0.0,0.0
gb_ipw,0.0,0.0
wrangler_23,75.0,61.702127659574465
wrangler_16,0.0,2.127659574468085
gb_23,87.5,100.0
gb_16,75.0,59.57446808510638
