,TPR,FPR
gb,0.0,0.0
gb_ipw,99.0909090909091,88.78923766816143
wrangler_23,0.0,0.0
wrangler_16,1.8181818181818181,1.7937219730941705
gb_23,78.18181818181819,33.333333333333336
gb_16,44.54545454545455,55.60538116591928
