,TPR,FPR
gb,100.0,7.766990291262136
gb_ipw,100.0,7.766990291262136
wrangler_23,100.0,98.05825242718447
wrangler_16,100.0,94.1747572815534
gb_23,100.0,100.0
gb_16,100.0,100.0
