,TPR,FPR
gb,0.0,0.0
gb_ipw,89.32038834951456,68.17653890824623
wrangler_23,98.05825242718447,99.88385598141696
wrangler_16,5.825242718446602,2.0905923344947737
gb_23,87.37864077669903,84.90127758420441
gb_16,97.0873786407767,94.3089430894309
