,TPR,FPR
gb,96.36363636363636,97.67441860465117
gb_ipw,96.36363636363636,97.67441860465117
wrangler_23,96.36363636363636,100.0
wrangler_16,96.36363636363636,100.0
gb_23,96.36363636363636,100.0
gb_16,96.36363636363636,100.0
