,TPR,FPR
gb,100.0,8.433734939759036
gb_ipw,100.0,35.54216867469879
wrangler_23,100.0,74.6987951807229
wrangler_16,100.0,100.0
gb_23,100.0,100.0
gb_16,0.0,0.0
