,TPR,FPR
gb,0.0,0.0
gb_ipw,100.0,29.058823529411764
wrangler_23,0.0,6.235294117647059
wrangler_16,0.0,6.9411764705882355
gb_23,0.0,0.0
gb_16,0.0,0.0
