,TPR,FPR
gb,0.0,0.0
gb_ipw,97.97979797979798,20.0
wrangler_23,0.0,0.0
wrangler_16,0.0,4.3274853801169595
gb_23,1.0101010101010102,23.50877192982456
gb_16,0.0,0.0
