,TPR,FPR
gb,0.0,6.976744186046512
gb_ipw,100.0,8.13953488372093
wrangler_23,100.0,11.627906976744185
wrangler_16,100.0,100.0
gb_23,100.0,6.976744186046512
gb_16,100.0,100.0
