,TPR,FPR
gb,17.94871794871795,22.289156626506024
gb_ipw,100.0,26.50602409638554
wrangler_23,100.0,100.0
wrangler_16,100.0,100.0
gb_23,97.43589743589743,0.0
gb_16,100.0,77.71084337349397
