,TPR,FPR
gb,0.0,0.0
gb_ipw,100.0,99.5260663507109
wrangler_23,0.0,0.0
wrangler_16,0.0,0.0
gb_23,0.0,0.0
gb_16,6.451612903225806,0.0
