,TPR,FPR
gb,100.0,80.99547511312217
gb_ipw,100.0,80.99547511312217
wrangler_23,100.0,100.0
wrangler_16,0.0,0.0
gb_23,100.0,69.68325791855203
gb_16,0.0,0.0
