,TPR,FPR
gb,0.0,0.0
gb_ipw,26.73267326732673,0.11363636363636363
wrangler_23,100.0,75.9090909090909
wrangler_16,100.0,100.0
gb_23,82.17821782178218,25.113636363636363
gb_16,40.59405940594059,43.06818181818182
