,TPR,FPR
gb,100.0,68.51642129105323
gb_ipw,100.0,68.51642129105323
wrangler_23,100.0,100.0
wrangler_16,100.0,100.0
gb_23,100.0,100.0
gb_16,100.0,100.0
