,TPR,FPR
gb,0.0,0.0
gb_ipw,91.81818181818181,93.24169530355097
wrangler_23,91.81818181818181,100.0
wrangler_16,91.81818181818181,100.0
gb_23,91.81818181818181,57.15922107674685
gb_16,2.727272727272727,2.4054982817869415
