,TPR,FPR
gb,3.8461538461538463,0.0
gb_ipw,96.15384615384616,92.27272727272727
wrangler_23,100.0,100.0
wrangler_16,100.0,100.0
gb_23,19.23076923076923,48.18181818181818
gb_16,100.0,100.0
