,TPR,FPR
gb,0.0,0.0
gb_ipw,66.95652173913044,70.40462427745665
wrangler_23,0.0,0.0
wrangler_16,0.0,0.0
gb_23,0.8695652173913043,0.4624277456647399
gb_16,58.26086956521739,14.566473988439306
