,TPR,FPR
gb,100.0,4.294478527607362
gb_ipw,100.0,100.0
wrangler_23,100.0,100.0
wrangler_16,100.0,100.0
gb_23,100.0,77.91411042944786
gb_16,0.0,0.0
