,TPR,FPR
gb,0.0,0.0
gb_ipw,70.0,68.20809248554913
wrangler_23,100.0,100.0
wrangler_16,70.0,46.24277456647399
gb_23,100.0,100.0
gb_16,100.0,100.0
