,TPR,FPR
gb,46.15384615384615,5.454545454545454
gb_ipw,100.0,72.95454545454545
wrangler_23,100.0,100.0
wrangler_16,0.0,0.0
gb_23,65.38461538461539,0.0
gb_16,100.0,55.22727272727273
