,TPR,FPR
gb,0.0,0.0
gb_ipw,100.0,39.63414634146341
wrangler_23,100.0,70.73170731707317
wrangler_16,0.0,0.0
gb_23,0.0,0.0
gb_16,100.0,100.0
