,TPR,FPR
gb,0.0,0.0
gb_ipw,100.0,50.90909090909091
wrangler_23,100.0,27.272727272727273
wrangler_16,100.0,100.0
gb_23,100.0,100.0
gb_16,0.0,0.0
