,TPR,FPR
gb,0.0,0.0
gb_ipw,98.05825242718447,97.5609756097561
wrangler_23,98.05825242718447,99.88385598141696
wrangler_16,98.05825242718447,100.0
gb_23,98.05825242718447,100.0
gb_16,98.05825242718447,85.01742160278745
