,TPR,FPR
gb,0.0,0.0
gb_ipw,100.0,82.20858895705521
wrangler_23,100.0,100.0
wrangler_16,100.0,100.0
gb_23,84.21052631578948,72.39263803680981
gb_16,100.0,100.0
