,TPR,FPR
gb,91.80035650623886,91.84322033898304
gb_ipw,100.0,100.0
wrangler_23,100.0,100.0
wrangler_16,0.0,0.0
gb_23,100.0,100.0
gb_16,100.0,100.0
