,TPR,FPR
gb,0.0,0.0
gb_ipw,100.0,100.0
wrangler_23,0.847457627118644,0.0
wrangler_16,0.0,0.0
gb_23,99.57627118644068,98.24970828471412
gb_16,0.0,0.0
