,TPR,FPR
gb,68.62745098039215,0.0
gb_ipw,95.09803921568627,91.25431530494822
wrangler_23,95.09803921568627,99.76985040276179
wrangler_16,95.09803921568627,100.0
gb_23,95.09803921568627,82.85385500575374
gb_16,95.09803921568627,82.96892980437285
