,TPR,FPR
gb,0.0,0.0
gb_ipw,100.0,10.731707317073171
wrangler_23,0.0,0.0
wrangler_16,100.0,90.73170731707317
gb_23,100.0,100.0
gb_16,100.0,90.73170731707317
