,TPR,FPR
gb,0.0,0.0
gb_ipw,0.0,99.27007299270073
wrangler_23,62.5,98.54014598540147
wrangler_16,0.0,0.0
gb_23,62.5,100.0
gb_16,62.5,100.0
