,TPR,FPR
gb,0.0,0.0
gb_ipw,5.555555555555555,2.097902097902098
wrangler_23,0.0,0.0
wrangler_16,0.0,0.0
gb_23,0.0,0.0
gb_16,100.0,100.0
