,TPR,FPR
gb,0.0,0.0
gb_ipw,4.878048780487805,0.0
wrangler_23,0.0,0.0
wrangler_16,0.0,0.0
gb_23,6.341463414634147,3.7317784256559765
gb_16,0.0,0.0
