,TPR,FPR
gb,0.0,0.0
gb_ipw,100.0,6.287425149700598
wrangler_23,100.0,87.72455089820359
wrangler_16,100.0,87.72455089820359
gb_23,0.0,0.0
gb_16,100.0,100.0
