,TPR,FPR
gb,40.816326530612244,0.0
gb_ipw,79.59183673469387,93.36492890995261
wrangler_23,91.83673469387755,100.0
wrangler_16,91.83673469387755,100.0
gb_23,91.83673469387755,100.0
gb_16,90.81632653061224,99.0521327014218
