,TPR,FPR
gb,0.0,0.0
gb_ipw,92.85714285714286,48.62385321100918
wrangler_23,0.0,0.9174311926605505
wrangler_16,0.0,0.9174311926605505
gb_23,7.142857142857143,48.62385321100918
gb_16,0.0,0.0
