,TPR,FPR
gb,0.0,0.0
gb_ipw,100.0,8.187134502923977
wrangler_23,100.0,74.85380116959064
wrangler_16,100.0,54.3859649122807
gb_23,0.0,0.0
gb_16,100.0,71.9298245614035
