,TPR,FPR
gb,2.197802197802198,0.0
gb_ipw,100.0,98.95424836601308
wrangler_23,0.0,0.0
wrangler_16,0.0,0.26143790849673204
gb_23,100.0,100.0
gb_16,100.0,100.0
