,TPR,FPR
gb,0.0,0.0
gb_ipw,90.0,19.29824561403509
wrangler_23,0.0,0.0
wrangler_16,0.0,0.5847953216374269
gb_23,0.0,0.0
gb_16,0.0,0.0
