,TPR,FPR
gb,0.0,0.0
gb_ipw,0.0,0.6779661016949152
wrangler_23,100.0,100.0
wrangler_16,100.0,100.0
gb_23,100.0,100.0
gb_16,100.0,96.49717514124293
