,TPR,FPR
gb,100.0,4.705882352941177
gb_ipw,100.0,4.705882352941177
wrangler_23,100.0,100.0
wrangler_16,0.0,0.0
gb_23,100.0,100.0
gb_16,100.0,94.11764705882354
