,TPR,FPR
gb,0.0,0.0
gb_ipw,100.0,99.88331388564761
wrangler_23,2.542372881355932,0.29171528588098017
wrangler_16,0.0,0.0
gb_23,99.57627118644068,98.24970828471412
gb_16,0.0,0.0
