,TPR,FPR
gb,0.0,0.0
gb_ipw,99.32885906040268,80.76448828606658
wrangler_23,0.0,0.0
wrangler_16,0.0,0.0
gb_23,52.348993288590606,14.303329223181258
gb_16,1.342281879194631,12.330456226880395
