,TPR,FPR
gb,100.0,0.0
gb_ipw,100.0,5.813953488372093
wrangler_23,100.0,19.767441860465116
wrangler_16,10.0,6.976744186046512
gb_23,0.0,11.627906976744185
gb_16,100.0,94.18604651162791
