,TPR,FPR
gb,0.0,0.0
gb_ipw,100.0,96.79715302491103
wrangler_23,100.0,97.98339264531435
wrangler_16,100.0,97.3902728351127
gb_23,7.142857142857143,47.92408066429419
gb_16,70.53571428571429,65.95492289442467
