,TPR,FPR
gb,0.0,0.0
gb_ipw,100.0,99.37106918238993
wrangler_23,0.0,0.0
wrangler_16,0.0,0.0
gb_23,0.0,0.0
gb_16,85.0,13.20754716981132
