,TPR,FPR
gb,100.0,8.588957055214724
gb_ipw,100.0,47.852760736196316
wrangler_23,100.0,100.0
wrangler_16,100.0,100.0
gb_23,100.0,100.0
gb_16,100.0,71.16564417177914
