,TPR,FPR
gb,0.0,0.0
gb_ipw,100.0,98.17073170731707
wrangler_23,100.0,98.17073170731707
wrangler_16,0.0,0.0
gb_23,68.42105263157895,14.634146341463415
gb_16,84.21052631578948,14.634146341463415
