,TPR,FPR
gb,0.0,0.0
gb_ipw,100.0,12.962962962962964
wrangler_23,100.0,100.0
wrangler_16,100.0,100.0
gb_23,100.0,100.0
gb_16,100.0,85.80246913580247
