,TPR,FPR
gb,70.0,3.5714285714285716
gb_ipw,100.0,7.142857142857143
wrangler_23,80.0,69.04761904761905
wrangler_16,100.0,100.0
gb_23,0.0,0.0
gb_16,0.0,16.666666666666668
