,TPR,FPR
gb,70.0,29.069767441860463
gb_ipw,100.0,37.2093023255814
wrangler_23,100.0,70.93023255813954
wrangler_16,20.0,2.3255813953488373
gb_23,100.0,100.0
gb_16,100.0,100.0
