,TPR,FPR
gb,0.0,0.0
gb_ipw,97.3913043478261,96.89655172413794
wrangler_23,97.3913043478261,100.0
wrangler_16,97.3913043478261,99.88505747126437
gb_23,96.52173913043478,80.57471264367815
gb_16,93.04347826086956,79.08045977011494
