,TPR,FPR
gb,0.0,0.0
gb_ipw,92.07920792079207,12.906976744186046
wrangler_23,0.0,0.0
wrangler_16,0.0,0.0
gb_23,0.0,0.0
gb_16,0.0,0.0
