,TPR,FPR
gb,0.0,0.0
gb_ipw,21.0,98.72241579558653
wrangler_23,0.0,0.0
wrangler_16,0.0,0.0
gb_23,5.0,0.34843205574912894
gb_16,6.0,0.4645760743321719
