,TPR,FPR
gb,86.66666666666667,58.91472868217054
gb_ipw,100.0,99.6124031007752
wrangler_23,0.0,0.0
wrangler_16,100.0,62.7906976744186
gb_23,0.0,0.0
gb_16,100.0,62.7906976744186
