,TPR,FPR
gb,0.0,0.0
gb_ipw,49.523809523809526,0.11695906432748537
wrangler_23,0.0,0.0
wrangler_16,0.0,0.0
gb_23,0.9523809523809523,0.23391812865497075
gb_16,0.9523809523809523,0.11695906432748537
