,TPR,FPR
gb,0.0,0.0
gb_ipw,100.0,31.70731707317073
wrangler_23,100.0,100.0
wrangler_16,100.0,100.0
gb_23,100.0,34.146341463414636
gb_16,100.0,100.0
