,TPR,FPR
gb,80.0,9.25925925925926
gb_ipw,100.0,100.0
wrangler_23,100.0,100.0
wrangler_16,100.0,100.0
gb_23,45.0,8.641975308641975
gb_16,0.0,0.0
