,TPR,FPR
gb,46.15384615384615,5.454545454545454
gb_ipw,100.0,94.31818181818181
wrangler_23,0.0,0.0
wrangler_16,0.0,0.0
gb_23,0.0,0.0
gb_16,0.0,0.0
