,TPR,FPR
gb,0.0,0.0
gb_ipw,98.14814814814815,100.0
wrangler_23,98.14814814814815,100.0
wrangler_16,98.14814814814815,79.69661610268378
gb_23,98.14814814814815,100.0
gb_16,98.14814814814815,100.0
