,TPR,FPR
gb,0.0,0.0
gb_ipw,100.0,2.5316455696202533
wrangler_23,69.56521739130434,64.55696202531645
wrangler_16,100.0,100.0
gb_23,86.95652173913044,80.37974683544304
gb_16,0.0,0.0
