,TPR,FPR
gb,0.0,0.0
gb_ipw,100.0,53.4037558685446
wrangler_23,0.0,2.699530516431925
wrangler_16,0.0,0.0
gb_23,0.0,0.0
gb_16,0.0,0.0
