,TPR,FPR
gb,0.0,0.0
gb_ipw,77.77777777777777,27.262044653349
wrangler_23,97.97979797979798,52.87896592244418
wrangler_16,69.6969696969697,19.38895417156287
gb_23,0.0,0.0
gb_16,0.0,0.0
