,TPR,FPR
gb,0.0,0.0
gb_ipw,14.285714285714286,0.0
wrangler_23,0.0,0.0
wrangler_16,100.0,20.642201834862384
gb_23,96.42857142857143,79.81651376146789
gb_16,100.0,100.0
