,TPR,FPR
gb,0.0,0.0
gb_ipw,0.0,0.0
wrangler_23,0.0,4.0792540792540795
wrangler_16,4.040404040404041,7.925407925407925
gb_23,0.0,0.0
gb_16,0.0,0.0
