,TPR,FPR
gb,0.0,0.0
gb_ipw,73.0,77.55813953488372
wrangler_23,73.0,100.0
wrangler_16,73.0,100.0
gb_23,71.0,38.02325581395349
gb_16,61.0,85.46511627906976
