,TPR,FPR
gb,100.0,85.9090909090909
gb_ipw,100.0,85.9090909090909
wrangler_23,100.0,74.0909090909091
wrangler_16,0.0,0.0
gb_23,0.0,0.0
gb_16,100.0,100.0
