,TPR,FPR
gb,100.0,33.63636363636363
gb_ipw,100.0,98.63636363636364
wrangler_23,100.0,100.0
wrangler_16,92.3076923076923,65.45454545454545
gb_23,100.0,75.45454545454545
gb_16,100.0,100.0
