,TPR,FPR
gb,0.0,0.0
gb_ipw,100.0,3.6144578313253013
wrangler_23,100.0,100.0
wrangler_16,0.0,0.0
gb_23,85.0,95.18072289156626
gb_16,0.0,0.0
