,TPR,FPR
gb,6.363636363636363,0.8465608465608465
gb_ipw,89.0909090909091,0.9523809523809523
wrangler_23,97.27272727272727,99.57671957671958
wrangler_16,97.27272727272727,100.0
gb_23,11.818181818181818,0.9523809523809523
gb_16,10.0,0.9523809523809523
