,TPR,FPR
gb,7.6923076923076925,0.0
gb_ipw,7.6923076923076925,0.0
wrangler_23,100.0,100.0
wrangler_16,100.0,100.0
gb_23,100.0,100.0
gb_16,100.0,98.1981981981982
