,TPR,FPR
gb,92.3076923076923,1.1976047904191616
gb_ipw,97.43589743589743,99.7005988023952
wrangler_23,100.0,100.0
wrangler_16,100.0,100.0
gb_23,97.43589743589743,10.179640718562874
gb_16,100.0,100.0
