,TPR,FPR
gb,0.0,0.0
gb_ipw,19.35483870967742,4.739336492890995
wrangler_23,0.0,0.0
wrangler_16,0.0,0.0
gb_23,0.0,0.0
gb_16,61.29032258064516,7.109004739336493
