,TPR,FPR
gb,0.0,0.0
gb_ipw,21.678321678321677,50.67484662576687
wrangler_23,20.97902097902098,71.04294478527608
wrangler_16,0.0,0.0
gb_23,15.384615384615385,63.31288343558282
gb_16,16.083916083916083,58.77300613496933
