,TPR,FPR
gb,0.0,0.0
gb_ipw,100.0,99.38271604938272
wrangler_23,0.0,0.0
wrangler_16,100.0,100.0
gb_23,0.0,0.0
gb_16,100.0,95.06172839506173
