,TPR,FPR
gb,0.0,0.0
gb_ipw,99.0,31.78114086146682
wrangler_23,99.0,87.66006984866124
wrangler_16,99.0,82.53783469150174
gb_23,99.0,100.0
gb_16,99.0,100.0
