,TPR,FPR
gb,3.2967032967032965,0.0
gb_ipw,3.2967032967032965,0.0
wrangler_23,100.0,100.0
wrangler_16,100.0,100.0
gb_23,92.3076923076923,30.90909090909091
gb_16,0.0,0.0
