,TPR,FPR
gb,0.0,0.0
gb_ipw,100.0,50.199203187250994
wrangler_23,0.0,0.0
wrangler_16,100.0,60.1593625498008
gb_23,100.0,60.1593625498008
gb_16,100.0,60.1593625498008
