,TPR,FPR
gb,100.0,7.936507936507937
gb_ipw,100.0,7.936507936507937
wrangler_23,46.666666666666664,7.936507936507937
wrangler_16,93.33333333333333,66.66666666666667
gb_23,0.0,0.0
gb_16,100.0,100.0
