,TPR,FPR
gb,0.0,0.0
gb_ipw,100.0,52.5462962962963
wrangler_23,100.0,98.49537037037037
wrangler_16,100.0,25.34722222222222
gb_23,33.00970873786408,25.11574074074074
gb_16,94.1747572815534,25.0
