,TPR,FPR
gb,0.0,0.0
gb_ipw,43.39622641509434,52.91201982651797
wrangler_23,0.0,0.0
wrangler_16,0.0,0.0
gb_23,6.918238993710692,6.319702602230484
gb_16,24.528301886792452,6.939281288723668
