,TPR,FPR
gb,0.0,0.0
gb_ipw,100.0,84.7560975609756
wrangler_23,5.2631578947368425,20.121951219512194
wrangler_16,0.0,0.0
gb_23,100.0,100.0
gb_16,0.0,0.0
