,TPR,FPR
gb,21.428571428571427,0.0
gb_ipw,21.428571428571427,0.0
wrangler_23,100.0,100.0
wrangler_16,7.142857142857143,0.9174311926605505
gb_23,0.0,0.0
gb_16,0.0,0.0
