,TPR,FPR
gb,0.0,0.0
gb_ipw,60.0,36.36363636363637
wrangler_23,0.0,0.0
wrangler_16,0.0,0.0
gb_23,30.0,1.2987012987012987
gb_16,40.0,3.896103896103896
