,TPR,FPR
gb,0.0,0.117096018735363
gb_ipw,58.58585858585859,0.0
wrangler_23,0.0,0.585480093676815
wrangler_16,0.0,0.0
gb_23,0.0,0.0
gb_16,0.0,0.0
