,TPR,FPR
gb,0.0,0.0
gb_ipw,100.0,100.0
wrangler_23,100.0,1.8018018018018018
wrangler_16,0.0,0.0
gb_23,100.0,88.73873873873873
gb_16,100.0,100.0
