,TPR,FPR
gb,0.0,0.0
gb_ipw,100.0,13.636363636363637
wrangler_23,0.0,4.545454545454546
wrangler_16,0.0,4.545454545454546
gb_23,0.0,0.0
gb_16,100.0,100.0
