,TPR,FPR
gb,0.0,0.0
gb_ipw,33.333333333333336,0.0
wrangler_23,12.121212121212121,7.033997655334115
wrangler_16,0.0,0.0
gb_23,0.0,0.0
gb_16,0.0,0.0
