,TPR,FPR
gb,100.0,3.488372093023256
gb_ipw,100.0,76.04651162790698
wrangler_23,100.0,100.0
wrangler_16,60.0,18.372093023255815
gb_23,0.0,0.0
gb_16,0.0,0.0
