,TPR,FPR
gb,0.0,0.0
gb_ipw,93.67088607594937,100.0
wrangler_23,25.949367088607595,10.530303030303031
wrangler_16,20.88607594936709,6.0606060606060606
gb_23,41.139240506329116,18.181818181818183
gb_16,34.177215189873415,12.348484848484848
