,TPR,FPR
gb,0.0,0.0
gb_ipw,91.30434782608695,29.032258064516128
wrangler_23,0.0,0.0
wrangler_16,0.0,0.0
gb_23,0.0,12.903225806451612
gb_16,91.30434782608695,100.0
