,TPR,FPR
gb,100.0,70.82066869300913
gb_ipw,100.0,72.34042553191489
wrangler_23,100.0,100.0
wrangler_16,100.0,100.0
gb_23,94.87179487179488,29.48328267477204
gb_16,100.0,100.0
