,TPR,FPR
gb,0.0,0.0
gb_ipw,42.72727272727273,0.0
wrangler_23,100.0,78.22410147991543
wrangler_16,0.0,0.0
gb_23,0.0,0.0
gb_16,0.0,0.0
