,TPR,FPR
gb,13.333333333333334,0.0
gb_ipw,13.333333333333334,0.0
wrangler_23,73.33333333333333,0.0
wrangler_16,100.0,100.0
gb_23,13.333333333333334,12.844036697247706
gb_16,0.0,3.669724770642202
