,TPR,FPR
gb,100.0,33.333333333333336
gb_ipw,100.0,33.49917081260365
wrangler_23,100.0,100.0
wrangler_16,100.0,100.0
gb_23,0.0,0.0
gb_16,0.0,0.0
