,TPR,FPR
gb,0.0,0.0
gb_ipw,100.0,69.81981981981981
wrangler_23,100.0,100.0
wrangler_16,100.0,100.0
gb_23,11.538461538461538,19.81981981981982
gb_16,100.0,100.0
