,TPR,FPR
gb,62.62626262626262,5.764705882352941
gb_ipw,100.0,73.6470588235294
wrangler_23,0.0,0.0
wrangler_16,0.0,0.0
gb_23,0.0,0.0
gb_16,0.0,0.0
