,TPR,FPR
gb,0.0,0.0
gb_ipw,99.18032786885246,94.9820788530466
wrangler_23,99.18032786885246,100.0
wrangler_16,99.18032786885246,99.8805256869773
gb_23,85.24590163934427,86.26045400238948
gb_16,19.672131147540984,48.148148148148145
