,TPR,FPR
gb,0.0,0.0
gb_ipw,99.0,68.07511737089202
wrangler_23,96.0,39.55399061032864
wrangler_16,0.0,1.1737089201877935
gb_23,0.0,23.708920187793428
gb_16,0.0,0.0
