,TPR,FPR
gb,0.0,0.0
gb_ipw,98.04878048780488,97.49271137026238
wrangler_23,0.0,0.0
wrangler_16,0.0,0.0
gb_23,62.926829268292686,36.034985422740526
gb_16,0.0,0.0
