,TPR,FPR
gb,100.0,83.80952380952381
gb_ipw,100.0,93.33333333333333
wrangler_23,75.0,0.0
wrangler_16,75.0,0.0
gb_23,75.0,8.571428571428571
gb_16,100.0,100.0
