,TPR,FPR
gb,100.0,61.627906976744185
gb_ipw,100.0,69.76744186046511
wrangler_23,100.0,100.0
wrangler_16,100.0,100.0
gb_23,0.0,0.0
gb_16,100.0,100.0
