,TPR,FPR
gb,0.0,0.0
gb_ipw,94.11764705882354,99.76878612716763
wrangler_23,94.11764705882354,92.02312138728324
wrangler_16,94.11764705882354,100.0
gb_23,94.11764705882354,100.0
gb_16,94.11764705882354,99.42196531791907
