,TPR,FPR
gb,100.0,33.63636363636363
gb_ipw,100.0,99.0909090909091
wrangler_23,100.0,75.45454545454545
wrangler_16,100.0,75.45454545454545
gb_23,100.0,75.45454545454545
gb_16,0.0,0.0
