,TPR,FPR
gb,0.0,0.0
gb_ipw,0.0,0.0
wrangler_23,6.25,7.801418439716312
wrangler_16,6.25,6.382978723404255
gb_23,87.5,100.0
gb_16,87.5,100.0
