,TPR,FPR
gb,0.0,0.0
gb_ipw,20.0,96.47058823529412
wrangler_23,100.0,98.82352941176471
wrangler_16,0.0,0.0
gb_23,100.0,8.235294117647058
gb_16,0.0,0.0
