,TPR,FPR
gb,3.9473684210526314,0.0
gb_ipw,3.9473684210526314,0.0
wrangler_23,3.9473684210526314,0.967741935483871
wrangler_16,1.3157894736842106,0.16129032258064516
gb_23,1.3157894736842106,0.16129032258064516
gb_16,71.05263157894737,98.87096774193549
