,TPR,FPR
gb_opt,54.54545454545454,0.0
gb_ipw_opt,100.0,5.797101449275362
wrangler,100.0,18.84057971014493
