,TPR,FPR
gb_opt,73.73737373737373,0.2886002886002886
gb_ipw_opt,95.95959595959596,13.131313131313133
wrangler,100.0,45.887445887445885
