,TPR,FPR
gb_opt,96.15384615384616,0.0
gb_ipw_opt,96.15384615384616,3.763440860215054
wrangler,61.53846153846154,20.967741935483872
