,TPR,FPR
gb_opt,55.55555555555556,1.5873015873015872
gb_ipw_opt,94.44444444444444,11.11111111111111
wrangler,0.0,0.0
