,TPR,FPR
gb_opt,17.0,0.7072135785007072
gb_ipw_opt,92.0,17.82178217821782
wrangler,38.0,3.6775106082036775
