,TPR,FPR
gb_opt,90.9090909090909,0.0
gb_ipw_opt,100.0,1.4285714285714286
wrangler,63.63636363636363,7.142857142857142
