,TPR,FPR
gb_opt,84.61538461538461,20.689655172413794
gb_ipw_opt,100.0,82.75862068965517
wrangler,0.0,0.0
