,TPR,FPR
gb_opt,80.0,0.0
gb_ipw_opt,100.0,2.7777777777777777
wrangler,80.0,13.88888888888889
