,TPR,FPR
gb_opt,100.0,0.0
gb_ipw_opt,100.0,2.547770700636943
wrangler,26.08695652173913,18.471337579617835
