,TPR,FPR
gb_opt,95.0,0.0
gb_ipw_opt,100.0,4.25531914893617
wrangler,50.0,17.73049645390071
