,TPR,FPR
gb_opt,78.94736842105263,1.4814814814814816
gb_ipw_opt,100.0,6.666666666666667
wrangler,57.89473684210527,6.666666666666667
