,TPR,FPR
gb_opt,95.45454545454545,0.0
gb_ipw_opt,100.0,7.6923076923076925
wrangler,86.36363636363636,33.33333333333333
