,TPR,FPR
gb_opt,60.0,0.0
gb_ipw_opt,90.0,7.142857142857142
wrangler,0.0,1.4285714285714286
