,TPR,FPR
gb_opt,32.323232323232325,0.14306151645207438
gb_ipw_opt,97.97979797979798,36.9098712446352
wrangler,100.0,49.64234620886982
