,TPR,FPR
gb_opt,65.68627450980392,1.144492131616595
gb_ipw_opt,98.0392156862745,34.763948497854074
wrangler,99.01960784313727,47.63948497854077
