,TPR,FPR
gb_opt,54.54545454545454,1.0101010101010102
gb_ipw_opt,90.9090909090909,10.245310245310245
wrangler,98.98989898989899,47.90764790764791
