,TPR,FPR
gb_opt,91.25,1.5957446808510638
gb_ipw_opt,98.75,16.312056737588655
wrangler,96.25,18.617021276595743
