,TPR,FPR
gb_opt,45.45454545454545,0.0
gb_ipw_opt,100.0,5.714285714285714
wrangler,0.0,0.0
