,TPR,FPR
gb_opt,95.23809523809523,0.6896551724137931
gb_ipw_opt,100.0,6.896551724137931
wrangler,100.0,18.620689655172416
