,TPR,FPR
gb_opt,65.0,0.0
gb_ipw_opt,100.0,0.7462686567164178
wrangler,40.0,12.686567164179104
