,TPR,FPR
gb_opt,84.21052631578947,0.0
gb_ipw_opt,100.0,3.7037037037037033
wrangler,26.31578947368421,11.11111111111111
