,TPR,FPR
gb_opt,47.61904761904761,0.0
gb_ipw_opt,90.47619047619048,10.687022900763358
wrangler,80.95238095238095,23.66412213740458
