,TPR,FPR
gb_opt,65.38461538461539,2.793296089385475
gb_ipw_opt,96.15384615384616,19.553072625698324
wrangler,76.92307692307693,46.36871508379888
