,TPR,FPR
gb_opt,94.73684210526315,0.0
gb_ipw_opt,100.0,0.0
wrangler,89.47368421052632,4.511278195488721
