,TPR,FPR
gb_opt,61.386138613861384,1.585014409221902
gb_ipw_opt,98.01980198019803,29.394812680115272
wrangler,100.0,49.56772334293948
