,TPR,FPR
gb_opt,32.72727272727273,0.43227665706051877
gb_ipw_opt,100.0,100.0
wrangler,50.90909090909091,51.44092219020173
