,TPR,FPR
gb_opt,29.411764705882355,0.0
gb_ipw_opt,64.70588235294117,3.361344537815126
wrangler,23.52941176470588,10.92436974789916
