,TPR,FPR
gb_opt,92.3076923076923,0.3703703703703704
gb_ipw_opt,100.0,6.666666666666667
wrangler,92.3076923076923,19.62962962962963
