,TPR,FPR
gb_opt,58.620689655172406,0.5050505050505051
gb_ipw_opt,77.58620689655173,4.797979797979798
wrangler,44.827586206896555,9.343434343434344
