,TPR,FPR
gb_opt,43.333333333333336,0.0
gb_ipw_opt,93.33333333333333,5.82010582010582
wrangler,83.33333333333334,28.04232804232804
