,TPR,FPR
gb_opt,54.54545454545454,0.9708737864077669
gb_ipw_opt,100.0,10.679611650485436
wrangler,95.45454545454545,29.126213592233007
