,TPR,FPR
gb_opt,66.66666666666666,1.4347202295552368
gb_ipw_opt,98.98989898989899,29.6987087517934
wrangler,98.98989898989899,47.05882352941176
