,TPR,FPR
gb_opt,6.25,0.0
gb_ipw_opt,100.0,50.90909090909091
wrangler,100.0,70.9090909090909
