,TPR,FPR
gb_opt,21.21212121212121,1.3574660633484164
gb_ipw_opt,96.96969696969697,55.65610859728507
wrangler,24.242424242424242,13.574660633484163
