,TPR,FPR
gb_opt,66.66666666666666,0.0
gb_ipw_opt,87.17948717948718,5.797101449275362
wrangler,2.564102564102564,0.0
