,TPR,FPR
gb_opt,3.125,0.0
gb_ipw_opt,100.0,85.99033816425121
wrangler,71.875,33.33333333333333
