,TPR,FPR
gb_opt,61.386138613861384,1.2987012987012987
gb_ipw_opt,100.0,32.900432900432904
wrangler,100.0,49.06204906204906
