,TPR,FPR
gb_opt,91.8918918918919,0.38461538461538464
gb_ipw_opt,100.0,5.384615384615385
wrangler,97.2972972972973,21.153846153846153
