,TPR,FPR
gb_opt,91.66666666666666,0.0
gb_ipw_opt,100.0,6.976744186046512
wrangler,50.0,3.488372093023256
