,TPR,FPR
gb_opt,58.620689655172406,0.5050505050505051
gb_ipw_opt,77.58620689655173,4.797979797979798
wrangler,18.96551724137931,5.808080808080808
