,TPR,FPR
gb_opt,76.0,0.8633093525179856
gb_ipw_opt,98.0,14.676258992805755
wrangler,100.0,46.043165467625904
