,TPR,FPR
gb_opt,100.0,0.0
gb_ipw_opt,100.0,8.450704225352112
wrangler,60.0,35.2112676056338
