,TPR,FPR
gb_opt,31.25,0.0
gb_ipw_opt,100.0,34.862385321100916
wrangler,75.0,66.97247706422019
