,TPR,FPR
gb_opt,30.434782608695656,0.6060606060606061
gb_ipw_opt,100.0,100.0
wrangler,17.391304347826086,13.333333333333334
