,TPR,FPR
gb_opt,80.19801980198021,0.27816411682892905
gb_ipw_opt,89.10891089108911,2.086230876216968
wrangler,97.02970297029702,49.09596662030598
