,TPR,FPR
gb_opt,66.66666666666666,0.0
gb_ipw_opt,86.66666666666667,5.813953488372093
wrangler,0.0,0.0
