,TPR,FPR
gb_opt,94.87179487179486,0.36900369003690037
gb_ipw_opt,94.87179487179486,7.380073800738007
wrangler,76.92307692307693,16.236162361623617
