,TPR,FPR
gb_opt,20.0,0.0
gb_ipw_opt,75.0,2.857142857142857
wrangler,10.0,2.142857142857143
