,TPR,FPR
gb_opt,92.85714285714286,0.0
gb_ipw_opt,100.0,4.285714285714286
wrangler,92.85714285714286,4.285714285714286
