,TPR,FPR
gb_opt,5.263157894736842,0.0
gb_ipw_opt,10.526315789473683,2.127659574468085
wrangler,15.789473684210526,6.382978723404255
