,TPR,FPR
gb_opt,52.17391304347826,0.6993006993006993
gb_ipw_opt,100.0,13.286713286713287
wrangler,91.30434782608695,32.86713286713287
