,TPR,FPR
gb_opt,69.23076923076923,0.0
gb_ipw_opt,97.43589743589743,6.593406593406594
wrangler,69.23076923076923,13.186813186813188
