,TPR,FPR
gb_opt,88.88888888888889,0.0
gb_ipw_opt,100.0,12.698412698412698
wrangler,94.44444444444444,37.301587301587304
