,TPR,FPR
gb_opt,61.76470588235294,1.4450867052023122
gb_ipw_opt,100.0,34.104046242774565
wrangler,100.0,48.26589595375722
