,TPR,FPR
gb_opt,23.076923076923077,6.896551724137931
gb_ipw_opt,92.3076923076923,41.37931034482759
wrangler,53.84615384615385,32.18390804597701
