,TPR,FPR
gb_opt,83.33333333333334,0.0
gb_ipw_opt,100.0,21.897810218978105
wrangler,61.111111111111114,30.656934306569344
