,TPR,FPR
gb_opt,54.54545454545454,0.0
gb_ipw_opt,100.0,12.857142857142856
wrangler,90.9090909090909,18.571428571428573
