,TPR,FPR
gb_opt,59.59595959595959,0.9845288326300985
gb_ipw_opt,93.93939393939394,11.673699015471167
wrangler,98.98989898989899,45.14767932489451
