,TPR,FPR
gb_opt,9.183673469387756,0.0
gb_ipw_opt,100.0,99.67845659163987
wrangler,25.510204081632654,16.559485530546624
