,TPR,FPR
gb_opt,64.81481481481481,1.5625
gb_ipw_opt,96.29629629629629,5.859375
wrangler,90.74074074074075,26.5625
