,TPR,FPR
gb_opt,82.05128205128204,0.36231884057971014
gb_ipw_opt,89.74358974358975,3.260869565217391
wrangler,71.7948717948718,5.434782608695652
