,TPR,FPR
gb_opt,94.73684210526315,0.0
gb_ipw_opt,100.0,5.263157894736842
wrangler,15.789473684210526,13.533834586466165
