,TPR,FPR
gb_opt,79.48717948717949,0.7352941176470588
gb_ipw_opt,100.0,5.514705882352941
wrangler,84.61538461538461,8.455882352941178
