,TPR,FPR
gb_opt,94.87179487179486,0.6993006993006993
gb_ipw_opt,100.0,4.895104895104895
wrangler,100.0,16.433566433566433
