,TPR,FPR
gb_opt,37.62376237623762,1.0043041606886656
gb_ipw_opt,100.0,38.02008608321377
wrangler,99.00990099009901,47.48923959827834
