,TPR,FPR
gb_opt,45.0,0.0
gb_ipw_opt,100.0,4.511278195488721
wrangler,70.0,50.37593984962406
