,TPR,FPR
gb_opt,64.0,1.849217638691323
gb_ipw_opt,99.0,35.56187766714082
wrangler,99.0,48.079658605974394
