,TPR,FPR
gb_opt,3.8461538461538463,0.0
gb_ipw_opt,96.15384615384616,29.608938547486037
wrangler,42.30769230769231,29.608938547486037
