,TPR,FPR
gb_opt,44.66019417475729,0.2869440459110474
gb_ipw_opt,98.05825242718447,37.15925394548063
wrangler,100.0,45.91104734576758
