,TPR,FPR
gb_opt,72.5,0.3703703703703704
gb_ipw_opt,100.0,4.074074074074074
wrangler,77.5,12.962962962962962
