,TPR,FPR
gb_opt,55.55555555555556,0.0
gb_ipw_opt,100.0,100.0
wrangler,11.11111111111111,8.91089108910891
