,TPR,FPR
gb_opt,66.66666666666666,0.0
gb_ipw_opt,100.0,16.312056737588655
wrangler,55.55555555555556,46.09929078014184
