,TPR,FPR
gb_opt,100.0,0.0
gb_ipw_opt,100.0,0.0
wrangler,41.66666666666667,95.23809523809523
