,TPR,FPR
gb_opt,75.0,0.0
gb_ipw_opt,100.0,2.898550724637681
wrangler,66.66666666666666,39.130434782608695
