,TPR,FPR
gb_opt,86.13861386138613,0.14184397163120568
gb_ipw_opt,88.11881188118812,0.851063829787234
wrangler,48.51485148514851,31.773049645390074
