,TPR,FPR
gb_opt,5.714285714285714,0.0
gb_ipw_opt,94.28571428571428,36.36363636363637
wrangler,71.42857142857143,41.89723320158103
