,TPR,FPR
gb_opt,90.0,1.4285714285714286
gb_ipw_opt,100.0,2.857142857142857
wrangler,100.0,5.714285714285714
