,TPR,FPR
gb_opt,84.0,0.1388888888888889
gb_ipw_opt,95.0,5.694444444444445
wrangler,62.0,8.88888888888889
