,TPR,FPR
gb_opt,92.3076923076923,0.3676470588235294
gb_ipw_opt,94.87179487179486,4.779411764705882
wrangler,58.97435897435898,4.044117647058823
