,TPR,FPR
gb_opt,5.769230769230769,0.0
gb_ipw_opt,100.0,99.45799457994579
wrangler,63.46153846153846,36.58536585365854
