,TPR,FPR
gb_opt,84.61538461538461,0.0
gb_ipw_opt,100.0,1.098901098901099
wrangler,23.076923076923077,27.472527472527474
