,TPR,FPR
gb_opt,90.0,0.0
gb_ipw_opt,100.0,1.3157894736842104
wrangler,20.0,7.894736842105263
