,TPR,FPR
gb_opt,93.33333333333333,0.0
gb_ipw_opt,100.0,6.666666666666667
wrangler,86.66666666666667,9.523809523809524
