,TPR,FPR
gb_opt,87.17948717948718,0.0
gb_ipw_opt,97.43589743589743,5.86080586080586
wrangler,100.0,21.611721611721613
