,TPR,FPR
gb_opt,26.923076923076923,0.0
gb_ipw_opt,42.30769230769231,0.0
wrangler,0.0,0.0
