,TPR,FPR
gb_opt,91.66666666666666,0.0
gb_ipw_opt,100.0,3.5294117647058822
wrangler,91.66666666666666,83.52941176470588
