,TPR,FPR
gb_opt,93.75,3.587443946188341
gb_ipw_opt,96.875,8.520179372197308
wrangler,84.375,8.520179372197308
