,TPR,FPR
gb_opt,92.3076923076923,0.3676470588235294
gb_ipw_opt,94.87179487179486,4.779411764705882
wrangler,74.35897435897436,9.926470588235293
