,TPR,FPR
gb_opt,84.6938775510204,1.1560693641618496
gb_ipw_opt,100.0,15.751445086705202
wrangler,98.9795918367347,67.77456647398844
