,TPR,FPR
gb_opt,37.1571072319202,0.9992862241256246
gb_ipw_opt,55.36159600997507,5.817273376159886
wrangler,63.591022443890274,53.56887937187723
