,TPR,FPR
gb_opt,75.0,0.0
gb_ipw_opt,100.0,0.7575757575757576
wrangler,40.0,20.454545454545457
