,TPR,FPR
gb_opt,88.23529411764706,0.0
gb_ipw_opt,94.11764705882352,5.172413793103448
wrangler,0.0,0.0
