,TPR,FPR
gb_opt,81.81818181818183,0.0
gb_ipw_opt,100.0,1.4285714285714286
wrangler,90.9090909090909,14.285714285714285
