,TPR,FPR
gb_opt,54.43037974683544,1.2716174974567651
gb_ipw_opt,79.92766726943941,13.68260427263479
wrangler,38.33634719710669,5.213631739572736
