,TPR,FPR
gb_opt,92.3076923076923,0.53475935828877
gb_ipw_opt,100.0,1.06951871657754
wrangler,100.0,9.62566844919786
