,TPR,FPR
gb_opt,95.65217391304348,0.0
gb_ipw_opt,100.0,69.75308641975309
wrangler,78.26086956521739,40.123456790123456
