,TPR,FPR
gb_opt,47.368421052631575,0.0
gb_ipw_opt,100.0,1.5037593984962405
wrangler,10.526315789473683,12.030075187969924
