,TPR,FPR
gb_opt,75.75757575757575,0.7142857142857143
gb_ipw_opt,96.96969696969697,13.857142857142858
wrangler,100.0,45.857142857142854
