,TPR,FPR
gb_opt,63.63636363636363,0.8547008547008548
gb_ipw_opt,100.0,14.814814814814813
wrangler,100.0,45.86894586894587
