,TPR,FPR
gb_opt,94.73684210526315,0.0
gb_ipw_opt,100.0,5.263157894736842
wrangler,26.31578947368421,22.55639097744361
