,TPR,FPR
gb_opt,100.0,0.0
gb_ipw_opt,100.0,3.9215686274509802
wrangler,80.0,20.588235294117645
