,TPR,FPR
gb_opt,70.0,0.0
gb_ipw_opt,90.0,2.272727272727273
wrangler,35.0,15.909090909090908
