,TPR,FPR
gb_opt,4.2105263157894735,0.0
gb_ipw_opt,100.0,100.0
wrangler,70.52631578947368,38.95522388059702
