,TPR,FPR
gb_opt,66.0,0.7215007215007215
gb_ipw_opt,97.0,31.89033189033189
wrangler,100.0,48.917748917748916
