,TPR,FPR
gb_opt,77.77777777777779,0.0
gb_ipw_opt,88.88888888888889,0.0
wrangler,44.44444444444444,35.338345864661655
