,TPR,FPR
gb_opt,21.428571428571427,1.1235955056179776
gb_ipw_opt,100.0,33.70786516853933
wrangler,78.57142857142857,56.17977528089888
