,TPR,FPR
gb_opt,47.0,1.0057471264367817
gb_ipw_opt,99.0,41.52298850574713
wrangler,100.0,50.0
