,TPR,FPR
gb_opt,52.77777777777778,0.0
gb_ipw_opt,100.0,98.80952380952381
wrangler,0.0,0.0
