,TPR,FPR
gb_opt,97.2972972972973,0.7782101167315175
gb_ipw_opt,100.0,8.949416342412452
wrangler,100.0,16.342412451361866
