,TPR,FPR
gb_opt,85.71428571428571,0.0
gb_ipw_opt,100.0,7.07070707070707
wrangler,78.57142857142857,25.252525252525253
