,TPR,FPR
gb_opt,33.62068965517241,7.283763277693475
gb_ipw_opt,71.55172413793103,33.68740515933232
wrangler,63.793103448275865,48.861911987860395
