,TPR,FPR
gb_opt,63.63636363636363,1.3888888888888888
gb_ipw_opt,96.96969696969697,11.805555555555555
wrangler,100.0,44.30555555555556
