,TPR,FPR
gb_opt,94.44444444444444,3.125
gb_ipw_opt,100.0,17.1875
wrangler,16.666666666666664,14.84375
