,TPR,FPR
gb_opt,46.15384615384615,0.0
gb_ipw_opt,92.3076923076923,8.571428571428571
wrangler,46.15384615384615,37.142857142857146
