,TPR,FPR
gb_opt,45.45454545454545,0.7751937984496124
gb_ipw_opt,100.0,10.852713178294573
wrangler,36.36363636363637,9.30232558139535
