,TPR,FPR
gb_opt,57.692307692307686,0.27932960893854747
gb_ipw_opt,75.0,2.793296089385475
wrangler,1.9230769230769231,0.0
