,TPR,FPR
gb_opt,61.111111111111114,0.0
gb_ipw_opt,66.66666666666666,1.639344262295082
wrangler,50.0,10.655737704918032
