,TPR,FPR
gb_opt,42.857142857142854,0.8438818565400843
gb_ipw_opt,70.0,5.9071729957805905
wrangler,74.28571428571429,27.21518987341772
