,Correlation,Corr-Oracle,Wrangler,Wrangler16,Wrangler23,Sherlock
0,38.888888888888886,66.66666666666667,11.111111111111109,33.333333333333336,55.55555555555555,55.55555555555555
