,Correlation,Causal,Wrangler_23,Wrangler_16,GB_23,GB_16
0,0.0,0.0,100.0,100.0,0.0,0.0
1,0.0,0.0,100.0,100.0,25.0,0.0
2,0.0,52.32558139534884,100.0,100.0,12.790697674418606,0.0
