,Correlation,Causal,Wrangler_23,Wrangler_16,GB_23,GB_16
0,0.0,0.0,0.0,0.0,0.0,0.0
1,0.0,46.92832764505119,12.286689419795222,6.655290102389079,23.72013651877133,0.0
2,0.0,61.173533083645445,10.986267166042447,6.866416978776529,19.350811485642947,0.0
