,Correlation,Causal,Wrangler_23,Wrangler_16,GB_23,GB_16
0,0.0,0.0,100.0,100.0,100.0,98.4375
1,0.0,77.54385964912281,85.6140350877193,83.50877192982456,83.50877192982456,99.64912280701755
2,0.0,80.18575851393189,78.0185758513932,75.85139318885449,75.23219814241486,99.69040247678018
3,0.0,79.93827160493827,77.77777777777779,75.61728395061729,75.0,99.69135802469135
4,0.0,79.4478527607362,77.30061349693251,75.15337423312883,74.5398773006135,99.69325153374233
5,0.0,78.96341463414635,76.82926829268293,74.6951219512195,74.08536585365853,99.6951219512195
6,0.0,79.40298507462687,75.22388059701493,73.13432835820896,72.53731343283583,99.70149253731343
