,Correlation,Causal,Wrangler_23,Wrangler_16,GB_23,GB_16
0,0.0,0.0,0.0,0.0,0.0,0.0
1,0.0,67.82608695652173,0.0,0.0,0.0,0.0
2,0.0,74.30555555555556,0.0,0.0,0.0,0.0
3,0.0,77.71084337349397,0.0,0.0,0.0,0.0
