,Correlation,Causal,Wrangler_23,Wrangler_16,GB_23,GB_16
0,0.0,0.0,1.0676156583629894,0.0,0.0,0.0
1,0.0,0.0,1.3207547169811322,0.0,0.0,0.0
2,0.0,0.0,1.2797074954296161,0.0,0.0,0.0
3,0.0,0.0,0.8206330597889802,0.0,0.0,0.0
