,Correlation,Causal,Wrangler_23,Wrangler_16,GB_23,GB_16
0,0.0,0.0,0.0,100.0,0.0,0.0
1,0.0,45.703125,0.0,77.34375,0.0,0.0
2,0.0,45.91439688715953,0.0,77.431906614786,0.0,0.0
3,0.0,45.38461538461539,0.0,76.53846153846153,0.0,0.0
4,0.0,44.73684210526316,0.0,75.18796992481202,0.0,0.0
