,Correlation,Causal,Wrangler_23,Wrangler_16,GB_23,GB_16
0,0.0,0.0,0.0,0.0,0.0,0.0
1,0.0,46.394230769230774,3.6057692307692304,0.0,0.2403846153846154,0.0
