,Correlation,Causal,Wrangler_23,Wrangler_16,GB_23,GB_16
0,0.0,0.0,0.0,0.0,0.0,0.0
1,0.0,95.65217391304348,0.0,0.0,0.0,0.0
2,0.0,98.57142857142858,0.0,0.0,0.0,0.0
3,0.0,75.82417582417582,0.0,0.0,0.0,0.0
4,0.0,63.888888888888886,0.0,0.0,0.0,0.0
5,0.0,73.8255033557047,0.0,0.0,0.0,0.0
