,Correlation,Causal,Wrangler_23,Wrangler_16,GB_23,GB_16
0,0.0,0.0,0.0,0.0,1.1173184357541899,99.72067039106145
1,0.0,0.0,0.0,0.0,0.7532956685499058,99.81167608286252
2,0.0,0.0,0.0,0.0,0.7326007326007326,99.81684981684981
3,0.0,0.0,0.0,0.0,0.8206330597889802,99.88276670574443
