,Correlation,Causal,Wrangler_23,Wrangler_16,GB_23,GB_16
0,0.0,0.0,100.0,0.0,0.0,100.0
1,0.0,0.0,97.61904761904762,0.0,0.0,100.0
2,0.0,0.0,89.47368421052632,0.0,0.0,100.0
3,0.0,4.545454545454546,81.81818181818183,0.0,0.0,100.0
