,Correlation,Causal,Wrangler_23,Wrangler_16,GB_23,GB_16
0,0.0,0.0,0.0,0.0,0.0,0.0
1,36.36363636363637,36.36363636363637,0.0,0.0,0.0,0.0
