,Correlation,Causal,Wrangler_23,Wrangler_16,GB_23,GB_16
0,0.0,0.0,100.0,100.0,0.0,100.0
1,0.0,93.26424870466322,96.89119170984456,96.89119170984456,0.0,100.0
2,0.0,93.62745098039215,92.64705882352942,92.64705882352942,0.0,100.0
3,0.0,93.98148148148148,87.96296296296296,87.96296296296296,0.0,100.0
4,1.345291479820628,94.17040358744396,86.54708520179372,86.54708520179372,0.0,100.0
5,1.3333333333333335,94.22222222222221,85.77777777777777,85.77777777777777,0.0,100.0
6,1.3215859030837005,94.27312775330397,85.02202643171806,85.02202643171806,0.0,100.0
