,Correlation,Causal,Wrangler_23,Wrangler_16,GB_23,GB_16
0,0.0,0.0,0.0,100.0,100.0,100.0
1,0.0,0.8,0.8,100.0,100.0,100.0
2,0.0,85.44600938967136,84.97652582159625,100.0,71.83098591549296,66.66666666666666
3,0.11723329425556857,85.4630715123095,84.87690504103166,100.0,71.86400937866354,66.70574443141852
4,0.3508771929824561,85.49707602339181,84.67836257309942,100.0,71.9298245614035,66.78362573099416
5,0.46728971962616817,85.51401869158879,84.57943925233646,100.0,71.96261682242991,66.82242990654206
