,Correlation,Causal,Wrangler_23,Wrangler_16,GB_23,GB_16
0,0.0,0.0,0.0,0.0,0.0,100.0
1,0.0,0.0,0.0,0.0,0.0,100.0
2,0.0,14.285714285714285,0.0,0.0,0.0,100.0
3,0.0,45.45454545454545,0.0,0.0,0.0,100.0
4,0.0,92.24806201550388,0.0,0.0,0.0,100.0
5,0.0,92.53731343283582,0.0,0.0,0.0,100.0
6,0.0,93.82716049382715,0.0,0.0,0.0,100.0
