,Correlation,Causal,Wrangler_23,Wrangler_16,GB_23,GB_16
0,0.0,0.0,6.896551724137931,6.896551724137931,0.0,100.0
1,0.0,37.634408602150536,4.301075268817205,4.301075268817205,0.0,100.0
2,0.0,33.65384615384615,3.8461538461538463,3.8461538461538463,0.0,100.0
3,0.0,33.33333333333333,3.8095238095238098,3.8095238095238098,0.0,100.0
