,Correlation,Causal,Wrangler_23,Wrangler_16,GB_23,GB_16
0,0.0,0.0,100.0,0.0,100.0,0.0
1,0.0,0.5793742757821553,100.0,0.0,100.0,0.2317497103128621
