,Correlation,Causal,Wrangler_23,Wrangler_16,GB_23,GB_16
0,0.0,0.0,0.0,0.0,0.0,100.0
1,0.0,1.5384615384615385,0.0,0.0,0.0,100.0
2,0.0,14.666666666666666,0.0,0.0,0.0,100.0
3,0.0,23.809523809523807,1.1904761904761905,0.0,0.0,100.0
4,0.0,24.705882352941178,1.1764705882352942,0.0,0.0,100.0
5,0.0,25.581395348837212,1.1627906976744187,0.0,0.0,100.0
