,Correlation,Causal,Wrangler_23,Wrangler_16,GB_23,GB_16
0,0.0,0.0,100.0,0.0,100.0,0.0
1,0.0,90.2439024390244,100.0,0.8130081300813009,100.0,0.0
