,Correlation,Causal,Wrangler_23,Wrangler_16,GB_23,GB_16
0,0.0,0.0,3.669724770642202,6.422018348623854,0.0,0.0
1,0.0,0.0,5.6751467710371815,8.023483365949119,0.0,0.0
2,0.0,0.0,5.471698113207547,7.735849056603773,0.0,0.0
3,0.0,0.0,3.580246913580247,5.061728395061729,0.0,0.0
4,0.0,0.0,3.4077555816686247,4.81786133960047,0.0,0.0
