,Correlation,Causal,Wrangler_23,Wrangler_16,GB_23,GB_16
0,0.0,0.0,100.0,0.0,100.0,100.0
1,8.045977011494253,8.045977011494253,91.95402298850574,0.0,91.95402298850574,91.95402298850574
