,Correlation,Causal,Wrangler_23,Wrangler_16,GB_23,GB_16
0,0.0,0.0,15.573770491803279,7.786885245901639,0.0,0.0
1,0.0,0.0,14.88933601609658,7.847082494969819,0.0,0.0
2,0.0,0.0,13.93596986817326,7.344632768361582,0.0,0.0
3,0.0,0.0,13.168724279835391,5.6241426611796985,0.0,0.0
4,0.0,0.0,12.0,4.823529411764706,0.0,0.0
