,Correlation,Causal,Wrangler_23,Wrangler_16,GB_23,GB_16
0,0.0,0.0,100.0,100.0,100.0,50.0
1,4.651162790697675,95.34883720930233,98.83720930232558,100.0,100.0,73.25581395348837
