,Correlation,Causal,Wrangler_23,Wrangler_16,GB_23,GB_16
0,0.0,0.0,100.0,100.0,100.0,42.567567567567565
1,1.2269938650306749,1.2269938650306749,100.0,100.0,100.0,39.87730061349693
