,Correlation,Causal,Wrangler_23,Wrangler_16,GB_23,GB_16
0,0.0,0.0,0.0,0.0,0.0,0.0
1,0.0,8.571428571428571,0.0,0.0,0.0,8.571428571428571
2,0.0,8.108108108108109,0.0,0.0,0.0,12.612612612612612
