,Correlation,Causal,Wrangler_23,Wrangler_16,GB_23,GB_16
0,0.0,0.0,0.0,98.11320754716981,0.0,100.0
1,10.303030303030303,10.303030303030303,0.6060606060606061,73.33333333333333,0.0,74.54545454545455
