,Correlation,Causal,Wrangler_23,Wrangler_16,GB_23,GB_16
0,0.0,0.0,0.0,0.0,0.0,0.0
1,65.38461538461539,65.38461538461539,0.0,0.0,0.0,0.0
2,13.492063492063492,92.85714285714286,0.0,0.0,0.0,0.0
3,12.878787878787879,93.18181818181817,0.0,0.0,0.0,0.0
4,10.559006211180124,94.40993788819875,0.0,0.0,0.0,0.0
5,10.493827160493826,94.44444444444444,0.0,0.0,0.0,0.0
