,Correlation,Causal,Wrangler_23,Wrangler_16,GB_23,GB_16
0,0.0,100.0,0.0,0.0,100.0,100.0
1,0.0,0.11086474501108648,0.0,0.0,98.55875831485588,98.22616407982262
2,0.0,1.7448200654307526,0.0,0.0,98.58233369683751,98.25517993456924
