,Correlation,Causal,Wrangler_23,Wrangler_16,GB_23,GB_16
0,0.0,0.0,4.296875,0.0,0.0,0.0
1,0.0,0.0,4.238921001926782,0.0,0.0,0.0
2,0.0,0.0,4.029304029304029,0.0,0.0,0.0
3,0.0,0.0,2.5851938895417157,0.0,0.0,0.0
