,Correlation,Causal,Wrangler_23,Wrangler_16,GB_23,GB_16
0,0.0,0.0,0.0,0.0,0.0,0.0
1,0.0,89.23076923076924,0.0,0.0,0.0,0.0
2,0.0,89.62962962962962,0.0,0.0,0.0,0.0
3,0.0,91.35802469135803,0.0,0.0,0.0,0.0
4,0.0,90.79754601226993,0.0,0.0,0.0,0.0
