,Correlation,Causal,Wrangler_23,Wrangler_16,GB_23,GB_16
0,0.0,0.0,100.0,100.0,0.0,100.0
1,0.0,87.5,100.0,89.95535714285714,0.0,100.0
2,0.0,88.6178861788618,100.0,83.130081300813,0.0,100.0
