,Correlation,Causal,Wrangler_23,Wrangler_16,GB_23,GB_16
0,0.0,0.0,0.0,0.0,100.0,85.71428571428571
1,0.0,57.57575757575758,0.0,0.0,93.93939393939394,90.9090909090909
2,0.0,87.1559633027523,0.0,0.0,88.9908256880734,96.3302752293578
3,0.0,91.61676646706587,0.0,0.0,70.05988023952095,97.60479041916167
4,0.0,91.71597633136095,0.0,0.0,69.8224852071006,97.63313609467455
5,0.0,91.76470588235294,0.0,0.0,69.41176470588235,97.6470588235294
