,Correlation,Causal,Wrangler_23,Wrangler_16,GB_23,GB_16
0,0.0,0.0,0.0,0.0,0.0,0.0
1,0.0,0.0,85.71428571428571,85.71428571428571,0.0,42.857142857142854
2,0.0,0.0,97.95918367346938,97.95918367346938,0.0,57.14285714285714
3,0.0,0.0,99.36890418818129,99.36890418818129,0.05737234652897303,57.48709122203098
4,0.0,36.801583809942805,74.92300923889134,74.92300923889134,0.04399472063352398,42.982842058952926
5,0.0,35.69302721088435,72.53401360544217,72.53401360544217,0.04251700680272109,41.624149659863946
6,0.0,35.55696738670055,72.2575180008471,72.2575180008471,0.042354934349851756,41.46548072850487
7,0.0,35.51935688597419,72.18108737042522,72.18108737042522,0.04231013327691982,41.4216204781045
