,Correlation,Causal,Wrangler_23,Wrangler_16,GB_23,GB_16
0,0.0,0.0,0.0,0.0,0.0,0.0
1,0.0,3.571428571428571,0.0,0.0,0.0,0.0
2,0.0,25.0,2.7777777777777777,0.0,0.0,0.0
3,0.0,46.0,2.0,0.0,0.0,0.0
4,0.0,69.31818181818183,2.272727272727273,0.0,0.0,0.0
5,0.0,83.33333333333334,1.2345679012345678,0.0,0.0,0.0
6,0.0,84.7457627118644,1.1299435028248588,0.0,0.0,0.0
7,0.0,86.15384615384616,1.0256410256410255,0.0,0.0,0.0
