,Correlation,Causal,Wrangler_23,Wrangler_16,GB_23,GB_16
0,0.0,0.0,0.0,0.0,99.42084942084942,100.0
1,11.452991452991453,11.452991452991453,0.0,0.0,88.88888888888889,89.40170940170941
