,Correlation,Causal,Wrangler_23,Wrangler_16,GB_23,GB_16
0,0.0,0.0,100.0,98.2532751091703,0.0,100.0
1,0.0,9.60960960960961,78.37837837837837,98.49849849849849,0.0,100.0
