,Correlation,Causal,Wrangler_23,Wrangler_16,GB_23,GB_16
0,0.0,0.0,0.0,0.0,0.0,0.0
1,0.0,60.0,0.0,0.0,0.0,0.0
2,0.0,3.592814371257485,0.0,0.0,0.0,0.0
3,24.09090909090909,26.81818181818182,0.0,0.0,0.0,0.0
