,Correlation,Causal,Wrangler_23,Wrangler_16,GB_23,GB_16
0,0.0,0.0,0.0,0.0,0.0,0.0
1,0.0,0.0,0.0,0.0,0.0,0.0
2,0.0,0.0,0.0,0.0,4.316546762589928,0.0
3,0.0,4.137931034482759,0.0,0.0,6.896551724137931,0.0
4,0.0,11.464968152866243,0.0,0.0,12.738853503184714,0.0
5,0.0,12.025316455696203,0.0,0.0,13.291139240506327,0.0
6,0.0,12.578616352201259,0.0,0.0,13.836477987421384,0.0
7,0.0,13.125,0.0,0.0,14.374999999999998,0.0
