,Correlation,Causal,Wrangler_23,Wrangler_16,GB_23,GB_16
0,0.0,0.0,100.0,100.0,100.0,0.0
1,4.888888888888889,4.888888888888889,100.0,95.11111111111111,100.0,0.0
2,5.3097345132743365,5.3097345132743365,100.0,94.69026548672566,100.0,0.0
3,6.140350877192982,6.140350877192982,100.0,94.2982456140351,100.0,0.0
4,6.550218340611353,6.550218340611353,100.0,93.88646288209607,100.0,0.0
