,Correlation,Causal,Wrangler_23,Wrangler_16,GB_23,GB_16
0,0.0,0.0,16.666666666666664,100.0,0.0,100.0
1,0.0,0.0,13.392857142857142,100.0,0.0,100.0
