,Correlation,Causal,Wrangler_23,Wrangler_16,GB_23,GB_16
0,0.0,0.0,100.0,100.0,100.0,0.0
1,0.0,36.82634730538922,100.0,75.74850299401199,100.0,0.0
