,Correlation,Causal,Wrangler_23,Wrangler_16,GB_23,GB_16
0,0.0,0.0,0.0,0.0,0.0,0.0
1,0.0,74.66666666666667,0.0,0.0,0.0,0.0
2,0.0,83.4061135371179,0.0,0.0,0.0,0.0
3,0.0,83.04347826086956,0.0,0.0,0.0,0.0
4,0.0,82.32758620689656,0.0,0.0,0.0,0.0
5,0.0,77.32793522267207,0.0,0.0,0.0,0.0
6,0.0,72.6235741444867,0.0,0.0,0.0,0.0
