,Correlation,Causal,Wrangler_23,Wrangler_16,GB_23,GB_16
0,0.0,0.0,100.0,75.0,0.0,100.0
1,37.64705882352941,62.35294117647059,100.0,58.82352941176471,24.705882352941178,100.0
