,Correlation,Causal,Wrangler_23,Wrangler_16,GB_23,GB_16
0,0.0,0.0,1.5384615384615385,0.0,0.0,0.0
1,0.0,0.0,2.2900763358778624,0.0,0.0,0.0
2,0.0,0.0,2.197802197802198,0.0,0.0,0.0
3,0.0,0.0,2.0100502512562812,0.0,0.0,0.0
4,0.0,0.0,1.4035087719298245,0.0,0.0,0.0
