,Correlation,Causal,Wrangler_23,Wrangler_16,GB_23,GB_16
0,0.0,0.0,0.0,0.0,0.0,0.0
1,0.0,0.0,0.0,0.0,0.0,0.0
2,0.0,3.4013605442176873,0.0,0.0,0.0,0.0
3,0.0,11.25,0.0,0.0,0.0,0.0
4,0.0,11.180124223602485,0.0,0.0,0.0,0.0
5,0.0,11.11111111111111,0.0,0.0,0.0,0.0
