,Correlation,Causal,Wrangler_23,Wrangler_16,GB_23,GB_16
0,0.0,0.0,0.0,0.0,0.0,100.0
1,0.0,0.0,0.0,0.0,0.0,100.0
2,0.0,39.42857142857143,0.0,0.0,0.0,100.0
3,0.0,38.983050847457626,0.0,0.0,0.0,100.0
4,0.0,38.547486033519554,0.0,0.0,0.0,100.0
