,Correlation,Causal,Wrangler_23,Wrangler_16,GB_23,GB_16
0,0.0,0.0,0.0,0.0,100.0,100.0
1,0.0,0.0,0.0,0.0,100.0,100.0
2,0.0,0.0,0.0,0.0,98.11320754716981,100.0
3,0.0,65.13157894736842,0.0,0.0,98.68421052631578,77.63157894736842
4,0.0,68.82352941176471,0.0,0.0,98.82352941176471,70.58823529411765
