,Correlation,Causal,Wrangler_23,Wrangler_16,GB_23,GB_16
0,0.0,0.0,100.0,97.91666666666666,0.0,0.0
1,0.0,27.027027027027028,100.0,78.37837837837837,20.27027027027027,20.27027027027027
2,0.0,31.645569620253166,100.0,73.41772151898735,25.31645569620253,25.31645569620253
