,Correlation,Causal,Wrangler_23,Wrangler_16,GB_23,GB_16
0,0.0,0.0,100.0,100.0,100.0,100.0
1,0.0,0.0,100.0,100.0,100.0,100.0
2,0.0,0.0,100.0,100.0,100.0,100.0
3,87.87878787878788,87.87878787878788,100.0,100.0,100.0,100.0
4,89.1566265060241,89.1566265060241,100.0,100.0,100.0,100.0
