,Correlation,Causal,Wrangler_23,Wrangler_16,GB_23,GB_16
0,0.0,0.0,0.0,0.0,21.62162162162162,100.0
1,57.47126436781609,57.47126436781609,24.137931034482758,24.137931034482758,55.172413793103445,100.0
