,Correlation,Causal,Wrangler_23,Wrangler_16,GB_23,GB_16
0,0.0,0.0,0.0,0.0,0.0,100.0
1,0.0,80.0,0.0,0.0,0.0,100.0
2,0.0,67.12328767123287,0.0,0.0,0.0,100.0
3,0.0,60.49382716049383,0.0,0.0,0.0,100.0
4,0.0,59.756097560975604,0.0,0.0,0.0,100.0
