,gb_opt,gb_ipw_opt,wrangler
0,0.6810181140899658,0.7369899749755859,0.0029638756153195405
