,gb_opt,gb_ipw_opt,wrangler
0,0.0602114200592041,0.06778407096862793,0.00934302806854248
