,gb_opt,gb_ipw_opt,wrangler
0,0.04069066047668457,0.04571676254272461,0.006350075326314786
