,gb_opt,gb_ipw_opt,wrangler
0,0.034826040267944336,0.03843498229980469,0.0059157609939575195
