,gb_opt,gb_ipw_opt,wrangler
0,0.0377507209777832,0.041451454162597656,0.0035603841145833335
