,gb_opt,gb_ipw_opt,wrangler
0,0.041028499603271484,0.045954227447509766,0.004719804834436488
