,gb_opt,gb_ipw_opt,wrangler
0,0.0501093864440918,0.0579524040222168,0.00883638858795166
