,gb_opt,gb_ipw_opt,wrangler
0,0.041094064712524414,0.044956207275390625,0.004791296445406401
