,gb_opt,gb_ipw_opt,wrangler
0,0.21837425231933594,0.23083257675170898,0.003434121608734131
