,gb_opt,gb_ipw_opt,wrangler
0,0.07924723625183105,0.08783578872680664,0.0060673915978633995
