,gb_opt,gb_ipw_opt,wrangler
0,0.6797800064086914,0.709925651550293,0.00819560129474109
