,gb_opt,gb_ipw_opt,wrangler
0,0.05970120429992676,0.06634998321533203,0.005614426400926378
