,gb_opt,gb_ipw_opt,wrangler
0,0.03448820114135742,0.037786245346069336,0.006160140037536621
