,gb_opt,gb_ipw_opt,wrangler
0,0.21287798881530762,0.22197747230529785,0.0016558334026741475
