,gb_opt,gb_ipw_opt,wrangler
0,0.22846007347106934,0.2417299747467041,0.0019422685257112137
