,gb_opt,gb_ipw_opt,wrangler
0,0.05952620506286621,0.06538105010986328,0.004051625728607178
