,gb_opt,gb_ipw_opt,wrangler
0,0.048120975494384766,0.05277562141418457,0.00478699803352356
