,gb_opt,gb_ipw_opt,wrangler
0,0.23133611679077148,0.24179434776306152,0.0037130862665727296
