,gb_opt,gb_ipw_opt,wrangler
0,0.06954598426818848,0.07723832130432129,0.00888167075740481
