,gb_opt,gb_ipw_opt,wrangler
0,0.22484374046325684,0.2355818748474121,0.0031139179971876934
