,gb_opt,gb_ipw_opt,wrangler
0,0.05267763137817383,0.0596315860748291,0.004775822162628174
