,gb_opt,gb_ipw_opt,wrangler
0,0.21423554420471191,0.22695374488830566,0.004615970686370251
