,gb_opt,gb_ipw_opt,wrangler
0,0.04545426368713379,0.05308842658996582,0.00708256292780605
