,gb_opt,gb_ipw_opt,wrangler
0,0.1263124942779541,0.13428783416748047,0.0027064339650375857
