,gb_opt,gb_ipw_opt,wrangler
0,0.024867773056030273,0.028837203979492188,0.007469545711170543
