,gb_opt,gb_ipw_opt,wrangler
0,0.05444669723510742,0.06161355972290039,0.005145867665608724
