,gb_opt,gb_ipw_opt,wrangler
0,0.2133471965789795,0.2243671417236328,0.002398635401870265
