,gb_opt,gb_ipw_opt,wrangler
0,0.21181607246398926,0.21963143348693848,0.0027509605359731233
