,gb_opt,gb_ipw_opt,wrangler
0,0.04668307304382324,0.05320429801940918,0.005752448267584679
