,gb_opt,gb_ipw_opt,wrangler
0,0.0398259162902832,0.04395627975463867,0.00631378357668957
