,gb_opt,gb_ipw_opt,wrangler
0,0.042394399642944336,0.049544572830200195,0.006702458747079439
