,gb_opt,gb_ipw_opt,wrangler
0,0.036287546157836914,0.04036974906921387,0.006219744682312012
