,gb_opt,gb_ipw_opt,wrangler
0,0.035807132720947266,0.039826393127441406,0.006014108657836914
