,gb_opt,gb_ipw_opt,wrangler
0,0.10627079010009766,0.11215996742248535,0.002769500978531376
