,gb_opt,gb_ipw_opt,wrangler
0,0.07054257392883301,0.07876777648925781,0.004908413562959838
