,gb_opt,gb_ipw_opt,wrangler
0,0.03424692153930664,0.03796577453613281,0.005809740088451868
