,gb_opt,gb_ipw_opt,wrangler
0,0.20835542678833008,0.21919870376586914,0.0013276119137284768
