,gb_opt,gb_ipw_opt,wrangler
0,0.06850075721740723,0.07286286354064941,0.003732740879058838
