,gb_opt,gb_ipw_opt,wrangler
0,0.03762078285217285,0.04207587242126465,0.0067560040220922355
