,gb_opt,gb_ipw_opt,wrangler
0,0.08370161056518555,0.09009909629821777,0.004292970680328737
