,gb_opt,gb_ipw_opt,wrangler
0,0.193162202835083,0.2045137882232666,0.0032329559326171875
