,gb_opt,gb_ipw_opt,wrangler
0,0.04526853561401367,0.04969191551208496,0.006887316703796387
