,gb_opt,gb_ipw_opt,wrangler
0,0.15105581283569336,0.1609513759613037,0.0052761926524964725
