,gb_opt,gb_ipw_opt,wrangler
0,0.2178359031677246,0.2285146713256836,0.0020633289470008355
