,gb_opt,gb_ipw_opt,wrangler
0,0.22936081886291504,0.2440662384033203,0.003269782614501651
