,gb_opt,gb_ipw_opt,wrangler
0,0.04607892036437988,0.05103874206542969,0.004473740492409807
