,gb_opt,gb_ipw_opt,wrangler
0,0.04091763496398926,0.04536080360412598,0.005453535654012439
