,gb_opt,gb_ipw_opt,wrangler
0,0.04447531700134277,0.04898214340209961,0.0063419342041015625
