,gb_opt,gb_ipw_opt,wrangler
0,0.1091604232788086,0.11802387237548828,0.003632377175723805
