,gb_opt,gb_ipw_opt,wrangler
0,0.1803293228149414,0.18675541877746582,0.007247438236158721
