,gb_opt,gb_ipw_opt,wrangler
0,0.04570651054382324,0.051093101501464844,0.006511807441711426
