,gb_opt,gb_ipw_opt,wrangler
0,0.1261155605316162,0.13303208351135254,0.004177965952394888
