,gb_opt,gb_ipw_opt,wrangler
0,0.09305119514465332,0.1014559268951416,0.0036039660053868447
