,gb_opt,gb_ipw_opt,wrangler
0,0.048127174377441406,0.05286908149719238,0.005295500159263611
