,gb_opt,gb_ipw_opt,wrangler
0,0.06717610359191895,0.07161927223205566,0.0030755996704101562
