,gb_opt,gb_ipw_opt,wrangler
0,0.08602619171142578,0.09174108505249023,0.0033050916771188168
