,gb_opt,gb_ipw_opt,wrangler
0,0.21579861640930176,0.22726035118103027,0.0022616817723566563
