,gb_opt,gb_ipw_opt,wrangler
0,0.04561972618103027,0.05398750305175781,0.007294771964089912
