,gb_opt,gb_ipw_opt,wrangler
0,0.104949951171875,0.11422300338745117,0.003337860107421875
