,gb_opt,gb_ipw_opt,wrangler
0,0.06715583801269531,0.07550883293151855,0.005049470030231241
