,gb_opt,gb_ipw_opt,wrangler
0,1.829756736755371,1.8835313320159912,0.04732753239779157
