,gb_opt,gb_ipw_opt,wrangler
0,0.1151430606842041,0.1247107982635498,0.0034965574741363525
