,gb_opt,gb_ipw_opt,wrangler
0,0.05250120162963867,0.058233022689819336,0.007534027099609375
