,gb_opt,gb_ipw_opt,wrangler
0,0.03656005859375,0.03981971740722656,0.004787445068359375
