,gb_opt,gb_ipw_opt,wrangler
0,0.21653151512145996,0.22661685943603516,0.004641215006510416
