,gb_opt,gb_ipw_opt,wrangler
0,0.059166669845581055,0.0677344799041748,0.006731599569320679
