,gb_opt,gb_ipw_opt,wrangler
0,0.08714795112609863,0.0951070785522461,0.0037414821114127093
