,gb_opt,gb_ipw_opt,wrangler
0,0.15242886543273926,0.16054725646972656,0.0030379386464501642
