,gb_opt,gb_ipw_opt,wrangler
0,0.0521852970123291,0.05965089797973633,0.0051046029115334535
