,gb_opt,gb_ipw_opt,wrangler
0,0.2181532382965088,0.22997808456420898,0.0031669296057174174
