,gb_opt,gb_ipw_opt,wrangler
0,0.09417176246643066,0.1000213623046875,0.002702585043617712
