,gb_opt,gb_ipw_opt,wrangler
0,0.06994152069091797,0.07590317726135254,0.003031813181363619
