,gb_opt,gb_ipw_opt,wrangler
0,0.09353494644165039,0.09879636764526367,0.003931531868132937
