,gb_opt,gb_ipw_opt,wrangler
0,0.21070647239685059,0.21851849555969238,0.0019678563782663055
