,gb_opt,gb_ipw_opt,wrangler
0,0.06271767616271973,0.0716855525970459,0.01651942729949951
