,gb_opt,gb_ipw_opt,wrangler
0,0.055231571197509766,0.06323981285095215,0.006407499313354492
