,gb_opt,gb_ipw_opt,wrangler
0,0.03615713119506836,0.04076409339904785,0.006539065663407488
