,gb_opt,gb_ipw_opt,wrangler
0,0.06103658676147461,0.06640362739562988,0.004219737919894132
