,gb_opt,gb_ipw_opt,wrangler
0,0.0585179328918457,0.0655512809753418,0.005283951759338379
