,gb_opt,gb_ipw_opt,wrangler
0,0.10440278053283691,0.10943198204040527,0.002167232550225457
