,gb_opt,gb_ipw_opt,wrangler
0,0.051827430725097656,0.05647158622741699,0.0043627288606431745
