,gb_opt,gb_ipw_opt,wrangler
0,0.10089468955993652,0.1085505485534668,0.0028513454423179487
