,gb_opt,gb_ipw_opt,wrangler
0,0.0576934814453125,0.06490373611450195,0.005412101745605469
