,gb_opt,gb_ipw_opt,wrangler
0,0.03685903549194336,0.0409696102142334,0.006261467933654785
