,gb_opt,gb_ipw_opt,wrangler
0,0.06179022789001465,0.06877493858337402,0.009872295238353587
