,gb_opt,gb_ipw_opt,wrangler
0,0.11686897277832031,0.12589335441589355,0.004468456147209046
