,gb_opt,gb_ipw_opt,wrangler
0,0.2120380401611328,0.2232654094696045,0.0017802697813598335
