,gb_opt,gb_ipw_opt,wrangler
0,0.21898818016052246,0.23085927963256836,0.0031991819640499863
