,gb_opt,gb_ipw_opt,wrangler
0,0.06174755096435547,0.06923103332519531,0.0045326623049649324
