,gb_opt,gb_ipw_opt,wrangler
0,0.11525774002075195,0.12467241287231445,0.010243001973853921
