,gb_opt,gb_ipw_opt,wrangler
0,0.03928875923156738,0.04394984245300293,0.006370428131847847
