,gb_opt,gb_ipw_opt,wrangler
0,0.035027265548706055,0.038802385330200195,0.005762261080454631
