,gb_opt,gb_ipw_opt,wrangler
0,0.09721064567565918,0.10649275779724121,0.006006823645697699
