,gb_opt,gb_ipw_opt,wrangler
0,0.5980157852172852,0.6214256286621094,0.007575289566915232
