,gb_opt,gb_ipw_opt,wrangler
0,0.20842957496643066,0.21527957916259766,0.001589858065938288
