,gb_opt,gb_ipw_opt,wrangler
0,0.03590130805969238,0.039777278900146484,0.0061005353927612305
