,gb_opt,gb_ipw_opt,wrangler
0,0.03971362113952637,0.04438471794128418,0.006194066519689078
