,gb_opt,gb_ipw_opt,wrangler
0,0.23681282997131348,0.24852776527404785,0.002779164412679189
