,gb_opt,gb_ipw_opt,wrangler
0,0.08133435249328613,0.08710813522338867,0.002801996990314965
