,gb_opt,gb_ipw_opt,wrangler
0,0.2540116310119629,0.26381516456604004,0.001880560028419066
