,gb_opt,gb_ipw_opt,wrangler
0,0.09050989151000977,0.09560966491699219,0.0021156755465905645
