,gb_opt,gb_ipw_opt,wrangler
0,0.05411195755004883,0.06271219253540039,0.01059343785415461
