,gb_opt,gb_ipw_opt,wrangler
0,0.07082486152648926,0.0801839828491211,0.008367142587337853
