,gb_opt,gb_ipw_opt,wrangler
0,0.08000707626342773,0.08700394630432129,0.0026399576211277444
