,gb_opt,gb_ipw_opt,wrangler
0,0.2142791748046875,0.22225642204284668,0.0016176285435311236
