,gb_opt,gb_ipw_opt,wrangler
0,0.05582618713378906,0.06425166130065918,0.004995088635778135
