,gb_opt,gb_ipw_opt,wrangler
0,0.05340242385864258,0.05811452865600586,0.0073762587559076005
