,gb_opt,gb_ipw_opt,wrangler
0,0.5237827301025391,0.541269063949585,0.004436497167914375
