,gb_opt,gb_ipw_opt,wrangler
0,0.04744839668273926,0.054851531982421875,0.007519956494941086
