,gb_opt,gb_ipw_opt,wrangler
0,0.08959507942199707,0.09603643417358398,0.003973158394418112
