,gb_opt,gb_ipw_opt,wrangler
0,0.034806251525878906,0.03885626792907715,0.005995785748517072
