,gb_opt,gb_ipw_opt,wrangler
0,0.036386966705322266,0.039592742919921875,0.004634857177734375
