,gb_opt,gb_ipw_opt,wrangler
0,0.09032058715820312,0.0955655574798584,0.002597993420016381
