,gb_opt,gb_ipw_opt,wrangler
0,0.06136298179626465,0.06895041465759277,0.004937619338800878
