,gb_opt,gb_ipw_opt,wrangler
0,0.04316258430480957,0.049298763275146484,0.005971817743210565
