,gb_opt,gb_ipw_opt,wrangler
0,0.08761930465698242,0.09359264373779297,0.004379795147822453
