,gb_opt,gb_ipw_opt,wrangler
0,0.059671640396118164,0.06743288040161133,0.006112333846418825
