,gb_opt,gb_ipw_opt,wrangler
0,0.10175585746765137,0.10944008827209473,0.002419113353559166
