,gb_opt,gb_ipw_opt,wrangler
0,0.22611165046691895,0.23845505714416504,0.0014761911776510835
