,gb_opt,gb_ipw_opt,wrangler
0,0.09640979766845703,0.1055138111114502,0.0035958364605903625
