,gb_opt,gb_ipw_opt,wrangler
0,0.23872900009155273,0.24827122688293457,0.0017717343951584002
