,gb_opt,gb_ipw_opt,wrangler
0,0.14119601249694824,0.15129828453063965,0.005030555357120428
