,gb_opt,gb_ipw_opt,wrangler
0,0.0357670783996582,0.03956747055053711,0.005988513722139246
