,gb_opt,gb_ipw_opt,wrangler
0,0.21500349044799805,0.22593259811401367,0.004850809846944477
