,gb_opt,gb_ipw_opt,wrangler
0,0.08706879615783691,0.09352588653564453,0.003102913643549947
