,gb_opt,gb_ipw_opt,wrangler
0,0.23982906341552734,0.2522900104522705,0.002239866459623296
