,gb_opt,gb_ipw_opt,wrangler
0,0.09268927574157715,0.09820055961608887,0.0025758405973673633
