,gb_opt,gb_ipw_opt,wrangler
0,0.06026196479797363,0.06790018081665039,0.004783272743225098
