,gb_opt,gb_ipw_opt,wrangler
0,0.249251127243042,0.2646191120147705,0.0026321642888417944
