,gb_opt,gb_ipw_opt,wrangler
0,0.0871119499206543,0.09578847885131836,0.004220770918615332
