,gb_opt,gb_ipw_opt,wrangler
0,0.17638421058654785,0.1834092140197754,0.0037652536938605286
