,gb_opt,gb_ipw_opt,wrangler
0,0.21256542205810547,0.22238969802856445,0.0030769208816797365
