,gb_opt,gb_ipw_opt,wrangler
0,0.04104495048522949,0.046085357666015625,0.006563869523413387
