,gb_opt,gb_ipw_opt,wrangler
0,0.058968305587768555,0.06760239601135254,0.011226026023306497
