,gb_opt,gb_ipw_opt,wrangler
0,0.10543942451477051,0.11054372787475586,0.0023134293094758066
