,gb_opt,gb_ipw_opt,wrangler
0,0.03928732872009277,0.04416203498840332,0.004886400581586479
