,gb_opt,gb_ipw_opt,wrangler
0,0.05888676643371582,0.06489872932434082,0.00428441745131763
