,gb_opt,gb_ipw_opt,wrangler
0,0.2174680233001709,0.22757530212402344,0.0026259073982911386
