,gb_opt,gb_ipw_opt,wrangler
0,0.03893780708312988,0.042893171310424805,0.00592808664580922
