,gb_opt,gb_ipw_opt,wrangler
0,0.10643577575683594,0.11220598220825195,0.002244605293756799
