,gb_opt,gb_ipw_opt,wrangler
0,0.0635232925415039,0.07131743431091309,0.004498355359916228
