,gb_opt,gb_ipw_opt,wrangler
0,0.08013558387756348,0.08675956726074219,0.004540420160060976
