,gb_opt,gb_ipw_opt,wrangler
0,0.062456607818603516,0.07085275650024414,0.004725541897162706
