,gb_opt,gb_ipw_opt,wrangler
0,0.05284237861633301,0.05966925621032715,0.0076846378605540215
