,gb_opt,gb_ipw_opt,wrangler
0,0.2140522003173828,0.22232770919799805,0.002441238095838417
