,gb_opt,gb_ipw_opt,wrangler
0,0.040689706802368164,0.0453336238861084,0.0063035546279535054
