,gb_opt,gb_ipw_opt,wrangler
0,0.20676708221435547,0.2166728973388672,0.0018860022026533439
