,gb_opt,gb_ipw_opt,wrangler
0,0.0724949836730957,0.08084750175476074,0.00488628511843474
