,gb_opt,gb_ipw_opt,wrangler
0,0.06870794296264648,0.07503414154052734,0.007567405700683594
