,gb_opt,gb_ipw_opt,wrangler
0,0.21155929565429688,0.21953916549682617,0.0017225140272968949
