,gb_opt,gb_ipw_opt,wrangler
0,0.039411067962646484,0.04399585723876953,0.006520748138427734
