,gb_opt,gb_ipw_opt,wrangler
0,0.21168279647827148,0.22101831436157227,0.001525404441415967
