,gb_opt,gb_ipw_opt,wrangler
0,0.2191321849822998,0.23012328147888184,0.0034393531549487366
