,gb_opt,gb_ipw_opt,wrangler
0,0.13672900199890137,0.14745211601257324,0.004960796025794322
