,gb_opt,gb_ipw_opt,wrangler
0,0.21909737586975098,0.23130083084106445,0.0032527318756827403
