,gb_opt,gb_ipw_opt,wrangler
0,0.04292607307434082,0.04858732223510742,0.008106231689453125
