,gb_opt,gb_ipw_opt,wrangler
0,0.06690168380737305,0.07578063011169434,0.004991888999938965
