,gb_opt,gb_ipw_opt,wrangler
0,0.09017491340637207,0.09911918640136719,0.00464859731954421
