,gb_opt,gb_ipw_opt,wrangler
0,0.03562211990356445,0.03972744941711426,0.005933642387390137
