,gb_opt,gb_ipw_opt,wrangler
0,0.21014928817749023,0.22057056427001953,0.0025025120487919563
