,gb_opt,gb_ipw_opt,wrangler
0,0.052640438079833984,0.0576319694519043,0.0039305951860215925
