,gb_opt,gb_ipw_opt,wrangler
0,0.051714181900024414,0.05687260627746582,0.004588611542232453
