,gb_opt,gb_ipw_opt,wrangler
0,0.08518671989440918,0.0948476791381836,0.003998723773448639
