,gb_opt,gb_ipw_opt,wrangler
0,0.253131628036499,0.26860904693603516,0.0024686712737477154
