,gb_opt,gb_ipw_opt,wrangler
0,0.0352482795715332,0.038834333419799805,0.005793003808884393
