,gb_opt,gb_ipw_opt,wrangler
0,0.5497109889984131,0.5753943920135498,0.004973660738621075
