,gb_opt,gb_ipw_opt,wrangler
0,0.22795915603637695,0.24011754989624023,0.0029385668560139183
