,gb_opt,gb_ipw_opt,wrangler
0,0.035637855529785156,0.03971457481384277,0.005905221148235042
