,gb_opt,gb_ipw_opt,wrangler
0,0.047045230865478516,0.0518648624420166,0.005780525927273732
