,gb_opt,gb_ipw_opt,wrangler
0,0.09295868873596191,0.10190558433532715,0.007374419106377496
