,gb_opt,gb_ipw_opt,wrangler
0,0.03556418418884277,0.03944277763366699,0.00578463077545166
