,gb_opt,gb_ipw_opt,wrangler
0,0.1530590057373047,0.16129255294799805,0.002344916848575368
