,gb_opt,gb_ipw_opt,wrangler
0,0.11466264724731445,0.12189197540283203,0.0020763542078718355
