,gb_opt,gb_ipw_opt,wrangler
0,0.19064569473266602,0.20186924934387207,0.00479163193121189
