,gb_opt,gb_ipw_opt,wrangler
0,0.07643485069274902,0.08417296409606934,0.0049877166748046875
