,gb_opt,gb_ipw_opt,wrangler
0,0.03541827201843262,0.03957486152648926,0.006265756560534966
