,gb_opt,gb_ipw_opt,wrangler
0,0.0399172306060791,0.04316854476928711,0.0034912482841865165
