,gb_opt,gb_ipw_opt,wrangler
0,0.04487943649291992,0.04847574234008789,0.004835499143137516
