,gb_opt,gb_ipw_opt,wrangler
0,0.13322901725769043,0.13913989067077637,0.0010950937017288498
