,gb_opt,gb_ipw_opt,wrangler
0,0.13080191612243652,0.13684821128845215,0.0027797231272262634
