,gb_opt,gb_ipw_opt,wrangler
0,0.04244232177734375,0.04947018623352051,0.0072929346672842435
