,gb_opt,gb_ipw_opt,wrangler
0,0.21889209747314453,0.2294783592224121,0.004382304414388424
