,gb_opt,gb_ipw_opt,wrangler
0,0.04093146324157715,0.0448603630065918,0.009296053931826635
