,gb_opt,gb_ipw_opt,wrangler
0,0.07007527351379395,0.07546782493591309,0.003929932912190756
