,gb_opt,gb_ipw_opt,wrangler
0,0.03947854042053223,0.04654335975646973,0.0075953347342354914
