,gb_opt,gb_ipw_opt,wrangler
0,0.05338311195373535,0.05935549736022949,0.004285301258361417
