,gb_opt,gb_ipw_opt,wrangler
0,0.058219194412231445,0.06333088874816895,0.008666515350341797
