,gb_opt,gb_ipw_opt,wrangler
0,0.035433053970336914,0.03938412666320801,0.005969405174255371
