,gb_opt,gb_ipw_opt,wrangler
0,0.035359859466552734,0.03904366493225098,0.006070951136147104
