,gb_opt,gb_ipw_opt,wrangler
0,0.22711420059204102,0.23881053924560547,0.003336354939624517
