,gb_opt,gb_ipw_opt,wrangler
0,0.03693270683288574,0.040573835372924805,0.005506066715016084
