,gb_opt,gb_ipw_opt,wrangler
0,0.040534019470214844,0.04530739784240723,0.00654915232717255
