,gb_opt,gb_ipw_opt,wrangler
0,0.03565835952758789,0.03968167304992676,0.0062802942787728655
