,gb_opt,gb_ipw_opt,wrangler
0,0.03697609901428223,0.0432133674621582,0.008724353931568288
