,gb_opt,gb_ipw_opt,wrangler
0,0.0350499153137207,0.03954792022705078,0.006137070832429109
