,gb_opt,gb_ipw_opt,wrangler
0,0.05334615707397461,0.058706045150756836,0.0095512808823004
