,gb_opt,gb_ipw_opt,wrangler
0,0.2754209041595459,0.28725433349609375,0.0035186608632405596
