,gb_opt,gb_ipw_opt,wrangler
0,0.040732622146606445,0.045267581939697266,0.006425527878749518
