,gb_opt,gb_ipw_opt,wrangler
0,0.04056406021118164,0.044312238693237305,0.005041201090075306
