,gb_opt,gb_ipw_opt,wrangler
0,0.0337214469909668,0.03738903999328613,0.006234645843505859
