,gb_opt,gb_ipw_opt,wrangler
0,0.05834221839904785,0.0644686222076416,0.0049678991872368124
