,gb_opt,gb_ipw_opt,wrangler
0,0.03518414497375488,0.039281368255615234,0.005786559161017922
