,gb_opt,gb_ipw_opt,wrangler
0,0.04124164581298828,0.045217037200927734,0.005076232465725501
