,gb_opt,gb_ipw_opt,wrangler
0,0.05134725570678711,0.05617809295654297,0.005137752479230854
