,gb_opt,gb_ipw_opt,wrangler
0,0.038712501525878906,0.04328560829162598,0.005817413330078125
