,gb_opt,gb_ipw_opt,wrangler
0,0.04756593704223633,0.05228471755981445,0.005128291937021108
