,gb_opt,gb_ipw_opt,wrangler
0,0.03917360305786133,0.0435028076171875,0.005925573953768103
