,gb_opt,gb_ipw_opt,wrangler
0,0.13878774642944336,0.1484055519104004,0.0080413818359375
