,gb_opt,gb_ipw_opt,wrangler
0,0.21999001502990723,0.2309572696685791,0.0026199120649579477
