,gb_opt,gb_ipw_opt,wrangler
0,0.2441539764404297,0.25788259506225586,0.00565211574609314
