,gb_opt,gb_ipw_opt,wrangler
0,0.11629176139831543,0.12562060356140137,0.0038437727021008003
