,gb_opt,gb_ipw_opt,wrangler
0,0.06574320793151855,0.07435393333435059,0.010959880868184196
