,gb_opt,gb_ipw_opt,wrangler
0,0.2370162010192871,0.2493741512298584,0.003431693162068282
