,gb_opt,gb_ipw_opt,wrangler
0,0.12709951400756836,0.13452506065368652,0.004227493187370424
