,gb_opt,gb_ipw_opt,wrangler
0,0.1783461570739746,0.18604373931884766,0.004278022584793119
