,gb_opt,gb_ipw_opt,wrangler
0,0.07448935508728027,0.08393669128417969,0.004947185516357422
