,gb_opt,gb_ipw_opt,wrangler
0,0.04625248908996582,0.04968690872192383,0.0034649121133904707
