,gb_opt,gb_ipw_opt,wrangler
0,0.03557920455932617,0.039231061935424805,0.0057788122267950146
