,gb_opt,gb_ipw_opt,wrangler
0,0.1538066864013672,0.16431379318237305,0.004934848395368999
