,gb_opt,gb_ipw_opt,wrangler
0,0.058714866638183594,0.06507444381713867,0.005726978696625809
