,gb_opt,gb_ipw_opt,wrangler
0,0.08510923385620117,0.09163951873779297,0.00465543646561472
