,gb_opt,gb_ipw_opt,wrangler
0,0.03580045700073242,0.04041004180908203,0.006303191184997559
