,gb_opt,gb_ipw_opt,wrangler
0,0.0784304141998291,0.0844566822052002,0.008414431316096607
