,gb_opt,gb_ipw_opt,wrangler
0,0.034806251525878906,0.03854513168334961,0.005882978439331055
