,gb_opt,gb_ipw_opt,wrangler
0,0.1342933177947998,0.1434023380279541,0.0046952930903526105
