,gb_opt,gb_ipw_opt,wrangler
0,0.14016056060791016,0.1501009464263916,0.0052636076016441425
