,gb_opt,gb_ipw_opt,wrangler
0,0.05226325988769531,0.0574193000793457,0.0044977342760240705
