,gb_opt,gb_ipw_opt,wrangler
0,0.03645586967468262,0.042806386947631836,0.008394078510563549
