,gb_opt,gb_ipw_opt,wrangler
0,0.05780434608459473,0.06418824195861816,0.004062374818672255
