,gb_opt,gb_ipw_opt,wrangler
0,0.12344813346862793,0.12842583656311035,0.0022293075801819327
