,gb_opt,gb_ipw_opt,wrangler
0,0.039549827575683594,0.04443168640136719,0.0064608491497275275
