,gb_opt,gb_ipw_opt,wrangler
0,0.08839702606201172,0.09322953224182129,0.002589745399279472
