,gb_opt,gb_ipw_opt,wrangler
0,0.23807597160339355,0.249528169631958,0.003651948059235772
