,gb_opt,gb_ipw_opt,wrangler
0,0.21772408485412598,0.23030924797058105,0.002636963330966466
