,gb_opt,gb_ipw_opt,wrangler
0,0.033631324768066406,0.038007259368896484,0.005648249671572731
