,gb_opt,gb_ipw_opt,wrangler
0,0.04727911949157715,0.0551753044128418,0.010222391365400325
