,gb_opt,gb_ipw_opt,wrangler
0,0.04733896255493164,0.05164170265197754,0.0027160752903331413
