,gb_opt,gb_ipw_opt,wrangler
0,0.27318859100341797,0.2821018695831299,0.004908953054967629
