,gb_opt,gb_ipw_opt,wrangler
0,0.06201958656311035,0.0703427791595459,0.005461811240202462
