,gb_opt,gb_ipw_opt,wrangler
0,0.0893099308013916,0.09807848930358887,0.0062240576892165665
