,gb_opt,gb_ipw_opt,wrangler
0,0.037764787673950195,0.04471921920776367,0.009042670927852034
