,gb_opt,gb_ipw_opt,wrangler
0,0.054186105728149414,0.06137561798095703,0.004582107067108154
