,gb_opt,gb_ipw_opt,wrangler
0,0.059378862380981445,0.06725645065307617,0.006949529051780701
