,gb_opt,gb_ipw_opt,wrangler
0,0.07979965209960938,0.08673787117004395,0.0026852269715900664
