,gb_opt,gb_ipw_opt,wrangler
0,0.08417701721191406,0.09261727333068848,0.003393549118598882
