,gb_opt,gb_ipw_opt,wrangler
0,0.05321455001831055,0.059983253479003906,0.004488560888502333
