,gb_opt,gb_ipw_opt,wrangler
0,0.03518390655517578,0.03921771049499512,0.006648898124694824
