,gb_opt,gb_ipw_opt,wrangler
0,0.08408617973327637,0.08913254737854004,0.0022796484140249398
