,gb_opt,gb_ipw_opt,wrangler
0,0.3964235782623291,0.4320223331451416,0.004749105434225063
