,gb_opt,gb_ipw_opt,wrangler
0,0.05911755561828613,0.06370377540588379,0.0069629062305797225
