,gb_opt,gb_ipw_opt,wrangler
0,0.03391551971435547,0.03777956962585449,0.006124377250671387
