,gb_opt,gb_ipw_opt,wrangler
0,0.20388150215148926,0.2115614414215088,0.0013090529531802771
