,gb_opt,gb_ipw_opt,wrangler
0,0.03957343101501465,0.044762372970581055,0.007012486457824707
