,gb_opt,gb_ipw_opt,wrangler
0,0.21408677101135254,0.2217090129852295,0.0010329499729809632
