,gb_opt,gb_ipw_opt,wrangler
0,0.0333709716796875,0.036296844482421875,0.005856473395164976
