,gb_opt,gb_ipw_opt,wrangler
0,0.2175610065460205,0.22663235664367676,0.004376050419045747
