,gb_opt,gb_ipw_opt,wrangler
0,0.05888533592224121,0.06444954872131348,0.006507424747242647
