,gb_opt,gb_ipw_opt,wrangler
0,0.09303164482116699,0.09869146347045898,0.0032342775037672634
