,gb_opt,gb_ipw_opt,wrangler
0,0.15927839279174805,0.17468619346618652,0.0036363184016986482
