,gb_opt,gb_ipw_opt,wrangler
0,0.21742486953735352,0.22585248947143555,0.0011161652934890993
