,gb_opt,gb_ipw_opt,wrangler
0,0.03546142578125,0.03958010673522949,0.006313677187319155
