,gb_opt,gb_ipw_opt,wrangler
0,0.03947257995605469,0.0435638427734375,0.006693601608276367
