,gb_opt,gb_ipw_opt,wrangler
0,0.2141885757446289,0.22513961791992188,0.0032724349843556862
