,gb_opt,gb_ipw_opt,wrangler
0,0.16040706634521484,0.17848682403564453,0.002837272439423192
