,gb_opt,gb_ipw_opt,wrangler
0,0.07117223739624023,0.07926559448242188,0.005061582008503979
