,gb_opt,gb_ipw_opt,wrangler
0,0.04044771194458008,0.04488015174865723,0.0062972307205200195
