,gb_opt,gb_ipw_opt,wrangler
0,0.05379080772399902,0.06118583679199219,0.005013064334267064
