,gb_opt,gb_ipw_opt,wrangler
0,0.21491169929504395,0.22483563423156738,0.002022549639900179
