,gb_opt,gb_ipw_opt,wrangler
0,0.057900190353393555,0.06540894508361816,0.00612565449305943
