,gb_opt,gb_ipw_opt,wrangler
0,0.2178816795349121,0.2304532527923584,0.0036469432217988693
