,gb_opt,gb_ipw_opt,wrangler
0,0.045194387435913086,0.05332541465759277,0.009581446647644043
