,gb_opt,gb_ipw_opt,wrangler
0,0.04549574851989746,0.0519106388092041,0.005883230289942781
