,gb_opt,gb_ipw_opt,wrangler
0,0.2032470703125,0.20994043350219727,0.0013570365665843652
