,gb_opt,gb_ipw_opt,wrangler
0,0.06380319595336914,0.07147359848022461,0.0046958094057829485
