,gb_opt,gb_ipw_opt,wrangler
0,0.061051368713378906,0.06863117218017578,0.011656342483148343
