,gb_opt,gb_ipw_opt,wrangler
0,0.0807802677154541,0.08691620826721191,0.004742243518568065
