,gb_opt,gb_ipw_opt,wrangler
0,1.7634012699127197,1.8055882453918457,0.032821135669180115
