,gb_opt,gb_ipw_opt,wrangler
0,0.04293107986450195,0.047730207443237305,0.006377696990966797
