,gb_opt,gb_ipw_opt,wrangler
0,0.04336810111999512,0.04834151268005371,0.006589293479919434
