,gb_opt,gb_ipw_opt,wrangler
0,0.03913402557373047,0.0431666374206543,0.004278875030247511
