,gb_opt,gb_ipw_opt,wrangler
0,0.05928325653076172,0.06680727005004883,0.006358325481414795
