,gb_opt,gb_ipw_opt,wrangler
0,0.05496788024902344,0.060727834701538086,0.003571836104304154
