,gb_opt,gb_ipw_opt,wrangler
0,0.040537357330322266,0.04746103286743164,0.009402996156273819
