,gb_opt,gb_ipw_opt,wrangler
0,0.18816256523132324,0.19858288764953613,0.004967825312444693
