,gb_opt,gb_ipw_opt,wrangler
0,0.34614038467407227,0.3608438968658447,0.005213379559649028
