,gb_opt,gb_ipw_opt,wrangler
0,0.035445213317871094,0.039507389068603516,0.006602134233639564
