,gb_opt,gb_ipw_opt,wrangler
0,0.13245391845703125,0.1385653018951416,0.1926915398959456
