,gb_opt,gb_ipw_opt,wrangler
0,0.05900311470031738,0.0664517879486084,0.005361437797546387
