,gb_opt,gb_ipw_opt,wrangler
0,0.059446096420288086,0.06483769416809082,0.003789926504159903
