,gb_opt,gb_ipw_opt,wrangler
0,0.04909801483154297,0.05536055564880371,0.00438690185546875
