,gb_opt,gb_ipw_opt,wrangler
0,0.09052133560180664,0.09604549407958984,0.002106902741339513
