,gb_opt,gb_ipw_opt,wrangler
0,0.05736732482910156,0.06467771530151367,0.005227327346801758
