,gb_opt,gb_ipw_opt,wrangler
0,0.03529214859008789,0.039736270904541016,0.0059517418465963225
