,gb_opt,gb_ipw_opt,wrangler
0,0.05694150924682617,0.06261396408081055,0.004442532857259114
