,gb_opt,gb_ipw_opt,wrangler
0,0.03972649574279785,0.04448556900024414,0.006326814977134146
