,gb_opt,gb_ipw_opt,wrangler
0,0.11790895462036133,0.1291041374206543,0.006064772605895996
