,gb_opt,gb_ipw_opt,wrangler
0,0.03272438049316406,0.03612065315246582,0.005702862794371857
