,gb_opt,gb_ipw_opt,wrangler
0,0.2045280933380127,0.2116541862487793,0.002396687139732561
