,gb_opt,gb_ipw_opt,wrangler
0,0.053997039794921875,0.05928683280944824,0.004856617419750659
