,gb,gb_ipw,wrangler_23,wrangler_16
0,0.010874661701453868,0.023908869234366383,0.007677648327640738,0.002418786990021471
