,gb,gb_ipw,wrangler_23,wrangler_16
0,0.03361094106929933,0.062181134005471206,0.009266579038767899,0.006287337745632688
