,gb,gb_ipw,wrangler_23,wrangler_16
0,0.010628724212305455,0.020608794927485075,0.009667509950308127,0.0024180996757709435
