,gb,gb_ipw,wrangler_23,wrangler_16
0,0.02195019955430354,0.03983605835615456,0.008948406060488405,0.0044038604511911425
