,gb,gb_ipw,wrangler_23,wrangler_16
0,0.021372070969003457,0.03908340021242734,0.007438941800585058,0.004165683124615388
