,gb,gb_ipw,wrangler_23,wrangler_16
0,0.008030787841410173,0.01552703146638636,0.006365497068409278,0.0017462284835042029
