,gb,gb_ipw,wrangler_23,wrangler_16
0,0.008315805162878331,0.015616690568324331,0.005706820274405601,0.0022876026505134345
