,gb,gb_ipw,wrangler_23,wrangler_16
0,0.025274909502412745,0.04781043551500072,0.007032809662632645,0.004677135115748069
