,gb,gb_ipw,wrangler_23,wrangler_16
0,0.021543563345742183,0.046086625078060085,0.005988347365763155,0.004335291999206739
