,gb,gb_ipw,wrangler_23,wrangler_16
0,0.006973617811519804,0.014155869631423167,0.004878623105952557,0.00189882236930786
