,gb,gb_ipw,wrangler_23,wrangler_16
0,0.019962126348582267,0.041352775693215965,0.006136323311786014,0.0037613839460649908
