,gb,gb_ipw,wrangler_23,wrangler_16
0,0.007123045904939523,0.014756124590407265,0.006941997991258194,0.0017974166389456592
