,gb,gb_ipw,wrangler_23,wrangler_16
0,0.021119235952045495,0.03918725367800361,0.006296092261409422,0.0038621327911869314
