,gb,gb_ipw,wrangler_23,wrangler_16
0,0.008078922983688128,0.015627236520090432,0.004250352613387587,0.0018124244180143117
