,gb,gb_ipw,wrangler_23,wrangler_16
0,0.004689762606160305,0.007658327734205733,0.007007780420098486,0.0016169993681597519
