,gb,gb_ipw,wrangler_23,wrangler_16
0,0.003521286994526529,0.0065855546624116815,0.009453922967196134,0.0018252452227265378
