,gb,gb_ipw,wrangler_23,wrangler_16
0,0.018552726423993287,0.03432808280760645,0.008329968841952853,0.0036963991444208307
