,gb,gb_ipw,wrangler_23,wrangler_16
0,0.009361628707835225,0.015404569374082227,0.004508109452472654,0.0015809800556830487
