,gb,gb_ipw,wrangler_23,wrangler_16
0,0.007101803787458385,0.013445716075554552,0.010697070463156245,0.0018747139266979858
