,gb,gb_ipw,wrangler_23,wrangler_16
0,0.018486489789712027,0.03474302363528109,0.009624794793489705,0.003698745889720327
