,gb,gb_ipw,wrangler_23,wrangler_16
0,0.008904335855052285,0.014957858786239354,0.0047592744859717515,0.0015445121649888347
