,gb,gb_ipw,wrangler_23,wrangler_16
0,0.010192460880433662,0.015797103605371413,0.004467379374553623,0.0018535716974720081
