,gb,gb_ipw,wrangler_23,wrangler_16
0,0.009480448250480694,0.015783980795740248,0.003962232889626938,0.0019418348117234909
