,gb,gb_ipw,wrangler_23,wrangler_16
0,0.010648220272554482,0.016605104187775506,0.005367506420201012,0.001698920400779095
