,gb,gb_ipw,wrangler_23,wrangler_16
0,0.011982453996794212,0.023585678956601016,0.005674385283333784,0.002582084594168339
