,gb,gb_ipw,wrangler_23,wrangler_16
0,0.022496224905063554,0.04195062074495964,0.007506032765288479,0.004338932590908756
