,gb,gb_ipw,wrangler_23,wrangler_16
0,0.0058559594398500114,0.010700957085490105,0.005038565375735502,0.0020391721494491142
