,gb,gb_ipw,wrangler_23,wrangler_16
0,0.019538139817741596,0.022472525955208603,0.005823156135332552,0.001226293998954784
