,gb,gb_ipw,wrangler_23,wrangler_16
0,0.007794769160818767,0.015169589840395811,0.007874165116011876,0.0018486319203780178
