,gb,gb_ipw,wrangler_23,wrangler_16
0,0.007117477165433464,0.010099415740500316,0.005446374360435235,0.0013429702419611134
