,gb,gb_ipw,wrangler_23,wrangler_16
0,0.009338589918555528,0.015365116961968074,0.004720048792263297,0.0017229019693096594
