,gb,gb_ipw,wrangler_23,wrangler_16
0,0.010330887305580442,0.016291219281615598,0.004831610553771067,0.001708014258345295
