,gb,gb_ipw,wrangler_23,wrangler_16
0,0.011757061196755616,0.022548520516597424,0.00650883887764712,0.0027978158605051567
