,gb,gb_ipw,wrangler_23,wrangler_16
0,0.02129213919463557,0.040509639972680055,0.00770917172877744,0.004270048498742808
