,gb,gb_ipw,wrangler_23,wrangler_16
0,0.011843548259425168,0.02461015762581814,0.0080733733819685,0.002872376176392157
