,gb,gb_ipw,wrangler_23,wrangler_16
0,0.013950379377999799,0.02595243565807837,0.006469268268858978,0.003017713756219473
