,gb,gb_ipw,wrangler_23,wrangler_16
0,0.017273030503881917,0.03304083984655784,0.0060167395779733585,0.003232040496795437
