,gb,gb_ipw,wrangler_23,wrangler_16
0,0.009589970937044348,0.017308540110643915,0.0061349677074704605,0.0019396998630925894
