,gb,gb_ipw,wrangler_23,wrangler_16
0,0.016468813395684748,0.03118910819126332,0.006505767361390639,0.003158834297463861
