,gb,gb_ipw,wrangler_23,wrangler_16
0,0.018298228402277846,0.03587621831001917,0.008118171149582208,0.0036948350026111253
