,gb,gb_ipw,wrangler_23,wrangler_16
0,0.006505996745406699,0.012104359763531518,0.005641747460984391,0.0016824777429430698
