,gb,gb_ipw,wrangler_23,wrangler_16
0,0.009703748205853227,0.01760452446211385,0.00783806728224911,0.002044962681393524
