,gb,gb_ipw,wrangler_23,wrangler_16
0,0.016032761225282133,0.02861509942395133,0.005719881548363695,0.002905237364614507
