,gb,gb_ipw,wrangler_23,wrangler_16
0,0.014264879862614181,0.026409703916253583,0.006978502593266893,0.00270513535976602
