,gb,gb_ipw,wrangler_23,wrangler_16
0,0.021155593976155466,0.04061273107480076,0.007558651179611693,0.0040645445926255006
