,gb,gb_ipw,wrangler_23,wrangler_16
0,0.002672289842791547,0.0037488632652894404,0.018591090759555513,0.0031425882596931875
