,gb,gb_ipw,wrangler_23,wrangler_16
0,0.008964315072332613,0.018414508852416297,0.004364164253229167,0.0017244035117812235
