,gb,gb_ipw,wrangler_23,wrangler_16
0,0.02179753719609874,0.04207178775800394,0.007766797230523418,0.004308258238440607
