,gb,gb_ipw,wrangler_23,wrangler_16
0,0.0053722097952392375,0.009820204821738562,0.005467392580051765,0.0015239005746323134
