,gb,gb_ipw,wrangler_23,wrangler_16
0,0.011421117366684108,0.02365970613914096,0.005681139652330328,0.0024732147725067227
