,gb,gb_ipw,wrangler_23,wrangler_16
0,0.010044982427876766,0.01832363496215182,0.007395626422099712,0.002238346060266377
