,gb,gb_ipw,wrangler_23,wrangler_16
0,0.007577930613127061,0.015036733026661342,0.0067889711553072,0.0019403416687647109
