,gb,gb_ipw,wrangler_23,wrangler_16
0,0.017379230720897837,0.019511188258881207,0.005591801534864321,0.0010472367336010432
