,gb,gb_ipw,wrangler_23,wrangler_16
0,0.028834511072207723,0.04946077481294289,0.0060955301309243235,0.004110619043692565
