,gb,gb_ipw,wrangler_23,wrangler_16
0,0.01682810914845096,0.01911337811845287,0.005923512585479813,0.001074245997837612
