,gb,gb_ipw,wrangler_23,wrangler_16
0,0.023178833047139275,0.04360817142368592,0.005392069669113946,0.004003650134371728
