,gb,gb_ipw,wrangler_23,wrangler_16
0,0.026833378907405968,0.044470935156851105,0.005339356985959141,0.0037790247888276067
