,gb,gb_ipw,wrangler_23,wrangler_16
0,0.017721984900166576,0.020055053863089478,0.005515325647070569,0.0011270720282042111
