,gb,gb_ipw,wrangler_23,wrangler_16
0,0.008289433078550318,0.014902562073598823,0.005289987681039064,0.001707839188064132
