,gb,gb_ipw,wrangler_23,wrangler_16
0,0.015865034735184073,0.025314101993195493,0.0045270523059312,0.00223868308673661
