,gb,gb_ipw,wrangler_23,wrangler_16
0,0.008059310913085937,0.01589508056640625,0.00496673583984375,0.0018583297729492187
