,gb,gb_ipw,wrangler_23,wrangler_16
0,0.033477970320719516,0.04643085619018078,0.005219558247941811,0.003249266603152746
