,gb,gb_ipw,wrangler_23,wrangler_16
0,0.015212548157525442,0.02721507870961749,0.00541929214719742,0.0027636923487224276
