,gb,gb_ipw,wrangler_23,wrangler_16
0,0.017259421387339026,0.03205576563269143,0.005877308729218273,0.0032673037149072654
