,gb,gb_ipw,wrangler_23,wrangler_16
0,0.018687211649066404,0.023728061607213722,0.0030781356175608736,0.0011802782489381933
