,gb,gb_ipw,wrangler_23,wrangler_16
0,0.01757701320866971,0.019706570940544756,0.005184527606984001,0.00099070750883896
