,gb,gb_ipw,wrangler_23,wrangler_16
0,0.0035250094989349567,0.006173603077413676,0.005683767139666564,0.0012623480421596397
