,gb,gb_ipw,wrangler_23,wrangler_16
0,0.02083152231543955,0.03767555410211736,0.0059026660341205016,0.0037412450771139127
