,gb,gb_ipw,wrangler_23,wrangler_16
0,0.005686593498393772,0.010096482351132675,0.008074655882476005,0.0017470919829989154
