,gb,gb_ipw,wrangler_23,wrangler_16
0,0.010800391993194297,0.019665679404779708,0.0058950914529969835,0.0018721078025779763
