,gb,gb_ipw,wrangler_23,wrangler_16
0,0.018019244504073034,0.022498668466575843,0.002935169585517825,0.001199311329854509
