,gb,gb_ipw,wrangler_23,wrangler_16
0,0.02937813599904378,0.047918905814488724,0.00536640485127767,0.0037891169389088946
