,gb,gb_ipw,wrangler_23,wrangler_16
0,0.010094561142282603,0.020356227744789783,0.004649894490989687,0.002007110260815298
