,gb,gb_ipw,wrangler_23,wrangler_16
0,0.03304460953021871,0.050080918717658386,0.004565236212193281,0.0034005477510649583
