,gb,gb_ipw,wrangler_23,wrangler_16
0,0.030985030484400624,0.05238706415349787,0.005275821060137763,0.0041516562321527945
