,gb,gb_ipw,wrangler_23,wrangler_16
0,0.03304884406957734,0.04661767938163843,0.005666411324833216,0.003192965903978669
