,gb,gb_ipw,wrangler_23,wrangler_16
0,0.019086599349975586,0.03718733787536621,0.005587240060170492,0.003907382488250732
