,gb,gb_ipw,wrangler_23,wrangler_16
0,0.017102734376768108,0.0192873631724523,0.001912620731558566,0.0005868145193819743
