,gb,gb_ipw,wrangler_23,wrangler_16
0,0.011561656548163577,0.02032179372753242,0.006192710357025178,0.0020179465220084548
