,gb,gb_ipw,wrangler_23,wrangler_16
0,0.021180185492893827,0.039278393650727626,0.005306139370053602,0.0038027957413291004
