,gb,gb_ipw,wrangler_23,wrangler_16
0,0.01657501696856155,0.030827191616005428,0.00507055088300445,0.0031780592281244876
