,gb,gb_ipw,wrangler_23,wrangler_16
0,0.020386560201138704,0.03718251002568856,0.00623757545608877,0.004408212730585897
