,gb,gb_ipw,wrangler_23,wrangler_16
0,0.011608805707705918,0.024537886342694683,0.004167197853006342,0.0025758179285193003
