,gb,gb_ipw,wrangler_23,wrangler_16
0,0.028392356453519875,0.04756224877906568,0.005542554638602516,0.003914489890589858
