,gb,gb_ipw,wrangler_23,wrangler_16
0,0.027094946967230905,0.04415114720662435,0.004684925079345703,0.003517557073522497
