,gb,gb_ipw,wrangler_23,wrangler_16
0,0.016972745432333843,0.019378323290913584,0.005720634154848253,0.0011444590059318264
