,gb,gb_ipw,wrangler_23,wrangler_16
0,0.008016014099121093,0.015864753723144533,0.00625152587890625,0.0018026351928710938
