,gb,gb_ipw,wrangler_23,wrangler_16
0,0.013938337258481379,0.02765845188984629,0.005580131158292462,0.002719635074091782
