,gb,gb_ipw,wrangler_23,wrangler_16
0,0.026709727931970705,0.04568753080971989,0.005246437701982321,0.0037686989830590135
