,gb,gb_ipw,wrangler_23,wrangler_16
0,0.02794869693986446,0.04667333369753673,0.005438857998517899,0.0037899424647020842
