,gb,gb_ipw,wrangler_23,wrangler_16
0,0.017241116227774782,0.030095001746868265,0.006518528379242996,0.0026686438198747302
