,gb,gb_ipw,wrangler_23,wrangler_16
0,0.025536332811628065,0.04320181145959971,0.005084032915076432,0.0037763799939836773
