,gb,gb_ipw,wrangler_23,wrangler_16
0,0.018323443248507466,0.02064654877135804,0.005612260476443443,0.0011344860914905064
