,gb,gb_ipw,wrangler_23,wrangler_16
0,0.016877709476057087,0.019885315531909923,0.005394285527927811,0.0011746144582645583
