,gb,gb_ipw,wrangler_23,wrangler_16
0,0.017595282573809573,0.02004220739178274,0.005787362655003867,0.001164465800098989
