,gb,gb_ipw,wrangler_23,wrangler_16
0,0.016982733884597208,0.023008731597247607,0.00343749867403571,0.0012385016456644801
