,gb,gb_ipw,wrangler_23,wrangler_16
0,0.010444376162063701,0.019955264072399878,0.005684685525761604,0.0020176060227458225
