,gb,gb_ipw,wrangler_23,wrangler_16
0,0.017713620861059456,0.028756574334304785,0.0040857720786772874,0.002414128469709699
