,gb,gb_ipw,wrangler_23,wrangler_16
0,0.024406249913792154,0.044076456188482084,0.004652529786535575,0.0036503635557357875
