,gb,gb_ipw,wrangler_23,wrangler_16
0,0.013696247676633445,0.02612688470722207,0.006175423860257838,0.003420964843705131
