,gb,gb_ipw,wrangler_23,wrangler_16
0,0.018661274421568504,0.02367947140151279,0.0029244432552162844,0.0012462752848622616
