,gb,gb_ipw,wrangler_23,wrangler_16
0,0.008742946825097256,0.01629210729512787,0.0067500699317374875,0.001765354614651925
