,gb,gb_ipw,wrangler_23,wrangler_16
0,0.017379796111493578,0.033154642639093325,0.006705229212695692,0.0036452051438288077
