,gb,gb_ipw,wrangler_23,wrangler_16
0,0.019127617076951632,0.025068111971122065,0.0031650269112619414,0.001447440004673134
