,gb,gb_ipw,wrangler_23,wrangler_16
0,0.018447001691713497,0.020719900461459082,0.005444683116313752,0.0009997589849183176
