,gb,gb_ipw,wrangler_23,wrangler_16
0,0.015004527140527057,0.01696803940677091,0.006107416567909558,0.000934779830471194
