,gb,gb_ipw,wrangler_23,wrangler_16
0,0.015244060501628862,0.027666681061380156,0.006308426728119722,0.002812234591333102
