,gb,gb_ipw,wrangler_23,wrangler_16
0,0.010957669862460747,0.021255496657375014,0.0073317555717496204,0.0021811501010433657
