,gb,gb_ipw,wrangler_23,wrangler_16
0,0.01811583836873372,0.027481076263246078,0.00483280136471703,0.0023589957328069774
