,gb,gb_ipw,wrangler_23,wrangler_16
0,0.02015840236690979,0.025208629111279728,0.003085162375669947,0.001306725533568092
