,gb,gb_ipw,wrangler_23,wrangler_16
0,0.027942905823389687,0.0460207462310791,0.00522087017695109,0.003865361213684081
