,gb,gb_ipw,wrangler_23,wrangler_16
0,0.026607678996192083,0.04513437549273173,0.005095369286007351,0.003768958979182773
