,gb,gb_ipw,wrangler_23,wrangler_16
0,0.01658097893277273,0.018611520154604596,0.0040618791035574526,0.0008528606280376671
