,gb,gb_ipw,wrangler_23,wrangler_16
0,0.024298141742574757,0.04212541141729245,0.0049677388421420395,0.0033063450078854614
