,gb,gb_ipw,wrangler_23,wrangler_16
0,0.009184480061801397,0.012728537363017026,0.004576371142079554,0.0012234946068062646
