,gb,gb_ipw,wrangler_23,wrangler_16
0,0.024314881976606067,0.04078964593033197,0.005298792713820332,0.0037432519675103903
