,gb,gb_ipw,wrangler_23,wrangler_16
0,0.01754440171153922,0.02384189058814132,0.00387039689118402,0.001584506479271671
