,gb,gb_ipw,wrangler_23,wrangler_16
0,0.017766737275653414,0.029870826337072588,0.00611651274893019,0.00280907584561242
