,gb,gb_ipw,wrangler_23,wrangler_16
0,0.012766253127742875,0.021080256473680253,0.0035058148959387653,0.001699576976328244
