,gb,gb_ipw,wrangler_23,wrangler_16
0,0.0212321678797404,0.038773318131764725,0.0053688883781433105,0.0037454068660736084
