,gb,gb_ipw,wrangler_23,wrangler_16
0,0.032889805483014393,0.04618533273761192,0.00553302550583743,0.0031111642216028793
