,gb,gb_ipw,wrangler_23,wrangler_16
0,0.028453592731221996,0.04595445491715693,0.005314924388481504,0.0037543664161803682
