,gb,gb_ipw,wrangler_23,wrangler_16
0,0.030652681986490883,0.050036609172821045,0.005381554365158081,0.004096080859502157
