,gb,gb_ipw,wrangler_23,wrangler_16
0,0.019916292529759533,0.027473223105116424,0.0037079997382428137,0.0021316914794743927
