,gb,gb_ipw,wrangler_23,wrangler_16
0,0.019068155831437776,0.03622114035310645,0.006017369260355987,0.004635109164850499
