,gb,gb_ipw,wrangler_23,wrangler_16
0,0.01123449304601648,0.02182633012205689,0.006801440165593066,0.0026866586217076816
