,gb,gb_ipw,wrangler_23,wrangler_16
0,0.011067238198667216,0.020131236525344615,0.008070305574999154,0.002321395186348378
