,gb,gb_ipw,wrangler_23,wrangler_16
0,0.01798422094021124,0.0338860853141126,0.006251700813496306,0.003511065887739519
