,gb,gb_ipw,wrangler_23,wrangler_16
0,0.017220317289135693,0.031089525054471743,0.005743048764542172,0.0039097361211948845
