,gb,gb_ipw,wrangler_23,wrangler_16
0,0.01691361372383477,0.019270542761061556,0.005861637569133614,0.0012609079513606868
