,gb,gb_ipw,wrangler_23,wrangler_16
0,0.010277976762661128,0.019475594718961358,0.0070780949053145265,0.002327645067380752
