,gb,gb_ipw,wrangler_23,wrangler_16
0,0.02618444633659034,0.04292475837868654,0.004889222872815513,0.0036669171546116347
