,gb,gb_ipw,wrangler_23,wrangler_16
0,0.017076436307969692,0.019368697118676798,0.004804805564550949,0.000974114900631814
