,gb,gb_ipw,wrangler_23,wrangler_16
0,0.019486816156478154,0.030087998935154514,0.004916744572775704,0.0025808811187744145
