,gb,gb_ipw,wrangler_23,wrangler_16
0,0.020110471944187188,0.04029161846137276,0.006204763956009048,0.0038713124532214365
