,gb,gb_ipw,wrangler_23,wrangler_16
0,0.016957099991615373,0.019364006550043816,0.006214462062366662,0.001177294500942888
