,gb,gb_ipw,wrangler_23,wrangler_16
0,0.012856677908250328,0.01407235088796676,0.013187770513016561,0.0015039103663914567
