,gb,gb_ipw,wrangler_23,wrangler_16
0,0.01915844007470142,0.03230489533523034,0.0048796335856119795,0.0028714366342829562
