,gb,gb_ipw,wrangler_23,wrangler_16
0,0.018992594310215542,0.024899130775814963,0.003273491145802193,0.0014262539999825613
