,gb,gb_ipw,wrangler_23,wrangler_16
0,0.01645516126583784,0.026043954786363534,0.00425922128307077,0.0022090835012359062
