,gb,gb_ipw,wrangler_23,wrangler_16
0,0.013029213699217185,0.02295784027490639,0.005201429033180582,0.0022660996340213794
