,gb,gb_ipw,wrangler_23,wrangler_16
0,0.02947635948657989,0.04932967325051626,0.005411605040232341,0.004132588704427084
