,gb,gb_ipw,wrangler_23,wrangler_16
0,0.02242753726971162,0.04064750870276044,0.007259005244962437,0.0042611940902763604
