,gb,gb_ipw,wrangler_23,wrangler_16
0,0.018160410647122368,0.02046259944044069,0.005980445154058109,0.0011412914943894998
