,gb,gb_ipw,wrangler_23,wrangler_16
0,0.011148714069007101,0.01979735342488773,0.005500391125679016,0.00224224683167278
