,gb,gb_ipw,wrangler_23,wrangler_16
0,0.012113018736242511,0.017070251532265518,0.004106920290729121,0.001623527912612777
