,gb,gb_ipw,wrangler_23,wrangler_16
0,0.0192904958919603,0.0373635973249163,0.00602517809186663,0.003777961341702208
