,gb,gb_ipw,wrangler_23,wrangler_16
0,0.012380520225817317,0.022570812743715293,0.0050473628559179,0.002559003929643266
