,gb,gb_ipw,wrangler_23,wrangler_16
0,0.01698491974828644,0.01919898358020154,0.005490984518732627,0.0011083737728253718
