,gb,gb_ipw,wrangler_23,wrangler_16
0,0.014463028350433746,0.027986911388782117,0.007781234535423073,0.0026343942998529792
