,gb,gb_ipw,wrangler_23,wrangler_16
0,0.012742483901685931,0.018253096346302712,0.004214137202269626,0.0015698748282634695
