,gb,gb_ipw,wrangler_23,wrangler_16
0,0.015168867455546858,0.024786081568599683,0.004596294750411245,0.002212857526362972
