,gb,gb_ipw,wrangler_23,wrangler_16
0,0.020079543185751204,0.02437085470514861,0.003767084879222519,0.0013801350732659257
