,gb,gb_ipw,wrangler_23,wrangler_16
0,0.016700784185776536,0.03203300349741124,0.0056577933502068535,0.003839636357142905
