,gb,gb_ipw,wrangler_23,wrangler_16
0,0.021131351740673335,0.037965750453448056,0.0056768908645167485,0.0038261365408849236
