,gb,gb_ipw,wrangler_23,wrangler_16
0,0.007554204310051424,0.01425797497063005,0.0042545457415323305,0.0016842956922423116
