,gb,gb_ipw,wrangler_23,wrangler_16
0,0.026376710997687444,0.04506980379422506,0.0051653219593895796,0.003890444835027059
