,gb,gb_ipw,wrangler_23,wrangler_16
0,0.016705437450394267,0.018931349893395722,0.00498068633081902,0.0010365054374722093
