,gb,gb_ipw,wrangler_23,wrangler_16
0,0.02843683416193182,0.04618259490709386,0.005223534323952415,0.003864749525904991
