,gb,gb_ipw,wrangler_23,wrangler_16
0,0.020064533951210068,0.03013829685598323,0.00498791086188269,0.002565427063816813
