,gb,gb_ipw,wrangler_23,wrangler_16
0,0.022594322117857217,0.02644963323601217,0.0037113657207300537,0.0011296396318956057
