,gb,gb_ipw,wrangler_23,wrangler_16
0,0.013073045524395116,0.01916522268875492,0.004827251739858149,0.0015376779678640737
