,gb,gb_ipw,wrangler_23,wrangler_16
0,0.015785780207515695,0.02576427145318671,0.004939325563200228,0.0022894920696456167
