,gb,gb_ipw,wrangler_23,wrangler_16
0,0.02009040779537625,0.03935967882474264,0.00600558188226488,0.0038348138332366943
