,gb,gb_ipw,wrangler_23,wrangler_16
0,0.015397835376685608,0.024592483436668314,0.005220318888569927,0.0022953870345135126
