,gb,gb_ipw,wrangler_23,wrangler_16
0,0.03025911393619719,0.0466317647979373,0.005122628949937366,0.003694955791745867
