,gb,gb_ipw,wrangler_23,wrangler_16
0,0.019276843351476333,0.021757281461015805,0.005644276028587704,0.0010646858803030489
