,gb,gb_ipw,wrangler_23,wrangler_16
0,0.00838840382575823,0.015008432988969735,0.004412969698896835,0.0015603537275411402
