,gb,gb_ipw,wrangler_23,wrangler_16
0,0.014412823158265595,0.02570041766471282,0.005295322914907032,0.0026182690784489573
