,gb,gb_ipw,wrangler_23,wrangler_16
0,0.00775206342415156,0.008886188554414167,0.016855176599161557,0.002963261419326248
