,gb,gb_ipw,wrangler_23,wrangler_16
0,0.01883772951944403,0.022613423700130565,0.0036015383445963988,0.0013358828200650775
