,gb,gb_ipw,wrangler_23,wrangler_16
0,0.017135220814526567,0.03270550471980398,0.007074150612683801,0.0033824424433514357
