,gb,gb_ipw,wrangler_23,wrangler_16
0,0.01822449603800204,0.023277358518561428,0.003415819918865366,0.0013283807172598243
