,gb,gb_ipw,wrangler_23,wrangler_16
0,0.023974416156609852,0.04212868710358938,0.005645367006460826,0.0040888165434201556
