,gb,gb_ipw,wrangler_23,wrangler_16
0,0.014567782419808903,0.02372024222190336,0.004962734554124915,0.002237580577779261
