,gb,gb_ipw,wrangler_23,wrangler_16
0,0.018709966240919626,0.021002048870148806,0.005687826815160548,0.001060080286034306
