,gb,gb_ipw,wrangler_23,wrangler_16
0,0.005760508500540944,0.009990768020328408,0.007132257747351653,0.001446231733278863
