,gb,gb_ipw,wrangler_23,wrangler_16
0,0.015168840234929865,0.020090908927713487,0.002976598586628143,0.0012307243551162475
