,gb,gb_ipw,wrangler_23,wrangler_16
0,0.02163266043181023,0.04492468556018505,0.006195660726137626,0.003947608952090302
