,gb,gb_ipw,wrangler_23,wrangler_16
0,0.02164979066167559,0.0355664108480726,0.004644904817853655,0.0032686761447361544
