,gb,gb_ipw,wrangler_23,wrangler_16
0,0.024118944735509948,0.04217915210245331,0.005544086510989829,0.0034566421235334064
