,gb,gb_ipw,wrangler_23,wrangler_16
0,0.01697533014344006,0.029138675550135176,0.007401818667000872,0.003144993045465733
