,gb,gb_ipw,wrangler_23,wrangler_16
0,0.01786991010366563,0.0335906608611617,0.0057452034556710035,0.0033826333426818338
