,gb,gb_ipw,wrangler_23,wrangler_16
0,0.01783564697101723,0.020230668718475037,0.005676189287343843,0.0011255419482863174
