,gb,gb_ipw,wrangler_23,wrangler_16
0,0.00862062278420034,0.012632722806448891,0.009853449283224165,0.0015546313740990379
