,gb,gb_ipw,wrangler_23,wrangler_16
0,0.010143035867397588,0.02090456925002507,0.0144307742417964,0.002117668238462844
