,gb,gb_ipw,wrangler_23,wrangler_16
0,0.017660524612082572,0.020081781803217146,0.006169349627387255,0.0011407253437472466
