,gb,gb_ipw,wrangler_23,wrangler_16
0,0.01600260262960916,0.025342322967864657,0.004744442391308237,0.002259474534254807
