,gb,gb_ipw,wrangler_23,wrangler_16
0,0.01649233749433199,0.018833330735190414,0.005227981860776983,0.0009982457332144061
