,gb,gb_ipw,wrangler_23,wrangler_16
0,0.026234044219553925,0.03469066994300436,0.004062000960542156,0.0020303761736752053
