,gb,gb_ipw,wrangler_23,wrangler_16
0,0.018634165400944067,0.02094648416190781,0.004854966663714889,0.0009353851537829326
