,gb,gb_ipw,wrangler_23,wrangler_16
0,0.0151414511903676,0.024549815119529254,0.004047969446826018,0.0024341526360863604
