,gb,gb_ipw,wrangler_23,wrangler_16
0,0.02408827896471377,0.042436575448071515,0.005420987252835874,0.003898861231627288
