,gb,gb_ipw,wrangler_23,wrangler_16
0,0.006811242563100603,0.008066844024886506,0.024076900451837045,0.002677252009048299
