,gb,gb_ipw,wrangler_23,wrangler_16
0,0.024915124005812375,0.03384447352771453,0.0037320794906208223,0.002362001388468207
