,gb,gb_ipw,wrangler_23,wrangler_16
0,0.01558302220709729,0.026085733460452936,0.005166044904333197,0.002612285662382615
