,gb,gb_ipw,wrangler_23,wrangler_16
0,0.018777179743095878,0.03356726779316674,0.007575020217223851,0.00385801326342082
