,gb,gb_ipw,wrangler_23,wrangler_16
0,0.028077792135628003,0.041044497674749804,0.005211787014352567,0.0031210039321150278
