,gb,gb_ipw,wrangler_23,wrangler_16
0,0.016971138434681468,0.03256390734416683,0.005418692177873317,0.0044544537862141916
