,gb,gb_ipw,wrangler_23,wrangler_16
0,0.010278803976575794,0.020981358497562667,0.009422821594425916,0.0021201662709433413
