,gb,gb_ipw,wrangler_23,wrangler_16
0,0.020312269528706867,0.037593146165212,0.005443394184112549,0.003815690676371257
