,gb,gb_ipw,wrangler_23,wrangler_16
0,0.010032334031476459,0.014322013093190613,0.004632752796920988,0.0013562924425943336
