,gb,gb_ipw,wrangler_23,wrangler_16
0,0.004810976971391617,0.007342351110357987,0.0064718632133919755,0.001954257461438027
