,gb,gb_ipw,wrangler_23,wrangler_16
0,0.01750541951066704,0.02244883967984107,0.0027077653074777256,0.0011469888430769724
