,gb,gb_ipw,wrangler_23,wrangler_16
0,0.022320704168728233,0.02907010569884089,0.003737476673203442,0.0016562438135273962
