,gb,gb_ipw,wrangler_23,wrangler_16
0,0.011876519025686521,0.023093408642359176,0.004640119070867972,0.0025466833700680865
