,gb,gb_ipw,wrangler_23,wrangler_16
0,0.013517182448814655,0.026033006865402747,0.005338603052599677,0.0026985694622171335
