,gb,gb_ipw,wrangler_23,wrangler_16
0,0.01988358913906037,0.03743431870899503,0.005266377850184365,0.003910608707912384
