,gb,gb_ipw,wrangler_23,wrangler_16
0,0.00444251077588865,0.006841843923797668,0.004816491211899267,0.00102116301413627
