,gb,gb_ipw,wrangler_23,wrangler_16
0,0.027247394124666847,0.04464636246363322,0.005193675557772319,0.0037715459863344827
