,gb,gb_ipw,wrangler_23,wrangler_16
0,0.032842668712648564,0.05461143971848012,0.0044851221589960605,0.0036476004836905715
