,gb,gb_ipw,wrangler_23,wrangler_16
0,0.019762336331255296,0.02230357910905565,0.004789330253080161,0.0010193364710367025
