,gb,gb_ipw,wrangler_23,wrangler_16
0,0.020853597290661868,0.037873277858811984,0.0057235056040238355,0.0037642563281416086
