,gb,gb_ipw,wrangler_23,wrangler_16
0,0.016818923511724364,0.028409903076873425,0.0070780173115346625,0.0028127911447108477
