,gb,gb_ipw,wrangler_23,wrangler_16
0,0.010683931160724237,0.02019116936745493,0.007329476497236957,0.0022112200361219052
