,gb,gb_ipw,wrangler_23,wrangler_16
0,0.020707550869193125,0.025893795874810988,0.0028144501443404884,0.0012184983940534695
