,gb,gb_ipw,wrangler_23,wrangler_16
0,0.030952357481162294,0.047269146057338646,0.004846205826067842,0.0037800132340718518
