,gb,gb_ipw,wrangler_23,wrangler_16
0,0.027221432070673283,0.036085425676214804,0.004377755763839438,0.0022514482276596924
