,gb,gb_ipw,wrangler_23,wrangler_16
0,0.01763186095829478,0.019587572707589505,0.0058368763918146965,0.0009691866436579576
