,gb,gb_ipw,wrangler_23,wrangler_16
0,0.01126633649398767,0.022539396663069873,0.0073068886481260815,0.00224670265938198
