,gb,gb_ipw,wrangler_23,wrangler_16
0,0.027414411306381226,0.04576419790585835,0.005054970582326253,0.0037424266338348397
