,gb,gb_ipw,wrangler_23,wrangler_16
0,0.026551308910461636,0.04368283084987365,0.0056485130205187195,0.0037972869741957627
