,gb,gb_ipw,wrangler_23,wrangler_16
0,0.01743413602736474,0.03309621678800266,0.006479473735449498,0.003262122613179511
