,gb,gb_ipw,wrangler_23,wrangler_16
0,0.0037082858837633598,0.006223579461429284,0.005983204504067751,0.0012280062962603821
