,gb,gb_ipw,wrangler_23,wrangler_16
0,0.01682098785157765,0.019180078896668062,0.005436211749290066,0.0011671923241089177
