,gb,gb_ipw,wrangler_23,wrangler_16
0,0.0036007505873196593,0.006477073038305107,0.006669151494622451,0.0013344615167383252
