,gb,gb_ipw,wrangler_23,wrangler_16
0,0.018293466993562116,0.023323106494411164,0.002879730846111416,0.001213371343118554
