,gb,gb_ipw,wrangler_23,wrangler_16
0,0.019320039924361262,0.023834070543326452,0.002429658450896763,0.0010987835536722054
