,gb,gb_ipw,wrangler_23,wrangler_16
0,0.009325643380482994,0.017488051236160408,0.00542241141078918,0.0018528685337159691
