,gb,gb_ipw,wrangler_23,wrangler_16
0,0.017394330293909573,0.019676840025964173,0.005478873958367491,0.0010575185751072716
