,gb,gb_ipw,wrangler_23,wrangler_16
0,0.027749190727869667,0.04587024450302123,0.005219876766204834,0.003743668397267659
