,gb,gb_ipw,wrangler_23,wrangler_16
0,0.01607532882289305,0.01837257438546207,0.005163586997441456,0.001025930510388134
