,gb,gb_ipw,wrangler_23,wrangler_16
0,0.01639123325954079,0.028909589011377232,0.00798620006432525,0.003178209528954754
