,gb,gb_ipw,wrangler_23,wrangler_16
0,0.028665092858401207,0.04600214235710376,0.004959828925855231,0.003713775764812123
