,gb,gb_ipw,wrangler_23,wrangler_16
0,0.011309325638753984,0.021051731453903436,0.00455675712552742,0.0022770610866683556
