,gb,gb_ipw,wrangler_23,wrangler_16
0,0.025897804233762953,0.043280836608674794,0.005551924308141072,0.003825045294231839
