,gb,gb_ipw,wrangler_23,wrangler_16
0,0.01918819715391915,0.02453915995728937,0.0031181985155912745,0.0013238737846641847
