,gb,gb_ipw,wrangler_23,wrangler_16
0,0.015899150972926015,0.030371508522345044,0.004997547155588548,0.0031170009223116663
