,gb,gb_ipw,wrangler_23,wrangler_16
0,0.01754377368573918,0.01995765146023565,0.005737173146214979,0.0011491256270780756
