,gb,gb_ipw,wrangler_23,wrangler_16
0,0.015214057621768001,0.027257998038859123,0.004606220109377748,0.0025303457736074366
