,gb,gb_ipw,wrangler_23,wrangler_16
0,0.026673078536987305,0.04644195238749187,0.005308361280532111,0.004066597847711473
