,gb,gb_ipw,wrangler_23,wrangler_16
0,0.018697961086242512,0.023562211453435247,0.0030873767811874916,0.0011701206739083054
