,gb,gb_ipw,wrangler_23,wrangler_16
0,0.01719431443647905,0.032849745316938926,0.004557046023282138,0.0033606182445179334
