,gb,gb_ipw,wrangler_23,wrangler_16
0,0.021622491589767857,0.03884581881743743,0.01004218250687819,0.004080155212566082
