,gb,gb_ipw,wrangler_23,wrangler_16
0,0.01573678640843598,0.018206494609473437,0.00473706723088227,0.0008683383651271975
