,gb,gb_ipw,wrangler_23,wrangler_16
0,0.01549069347277365,0.02473820754087688,0.00421885491161957,0.002130784623609866
