,gb,gb_ipw,wrangler_23,wrangler_16
0,0.011289479603254268,0.020275974602190838,0.007486045851025583,0.0025077849993691468
