,gb,gb_ipw,wrangler_23,wrangler_16
0,0.01729281879218555,0.019966955990986045,0.004814447727185256,0.0009279531857453408
