,gb,gb_ipw,wrangler_23,wrangler_16
0,0.016743036161074247,0.019006133910834874,0.005376638228923207,0.001037528159063065
