,gb,gb_ipw,wrangler_23,wrangler_16
0,0.018094335664773826,0.020315635450322462,0.005740871709641478,0.0010132372650327947
