,gb,gb_ipw,wrangler_23,wrangler_16
0,0.017583200394937454,0.03134219395129429,0.004534028534196381,0.0031857069401319883
