,gb,gb_ipw,wrangler_23,wrangler_16
0,0.017062867406973492,0.019463297650443627,0.004404634688524218,0.0009422476630985056
