,gb,gb_ipw,wrangler_23,wrangler_16
0,0.01513418231877752,0.024727319572978797,0.004395947244184078,0.0021994625749669904
