,gb,gb_ipw,wrangler_23,wrangler_16
0,0.008542532843302903,0.012497052671463513,0.005324209124092164,0.0013120714726486823
