,gb,gb_ipw,wrangler_23,wrangler_16
0,0.01475077074950727,0.023330973362879242,0.004372918106384832,0.0022144699791524364
