,gb,gb_ipw,wrangler_23,wrangler_16
0,0.027820260988341436,0.04546613328986698,0.005302536818716261,0.003809937172465854
