,gb,gb_ipw,wrangler_23,wrangler_16
0,0.028619059809932006,0.046811170048183866,0.005182844621163828,0.0038574691171999326
