,gb,gb_ipw,wrangler_23,wrangler_16
0,0.017932712641595922,0.02292793532449739,0.0031575543356253915,0.0012051292598637701
