,gb,gb_ipw,wrangler_23,wrangler_16
0,0.016434726819314592,0.027186405897574782,0.006836924179438468,0.0024469823785166923
