,gb,gb_ipw,wrangler_23,wrangler_16
0,0.017275570561646154,0.019748068805650654,0.005840457491217244,0.0011726142534243516
