,gb,gb_ipw,wrangler_23,wrangler_16
0,0.02977951909556533,0.04710302208409165,0.0052702697840603914,0.0038266633496139985
