,gb,gb_ipw,wrangler_23,wrangler_16
0,0.01957354745873391,0.025315337284782437,0.003077709003683709,0.0012755429492594767
