,gb,gb_ipw,wrangler_23,wrangler_16
0,0.004185764659301212,0.006383348200446447,0.004807042547152786,0.0009838833297692035
