,gb,gb_ipw,wrangler_23,wrangler_16
0,0.019213332903677736,0.021381681351464534,0.006037260315363655,0.000828299367669347
