,gb,gb_ipw,wrangler_23,wrangler_16
0,0.018879392278783328,0.021394809342657254,0.0044410251727824805,0.0007918711980741459
