,gb,gb_ipw,wrangler_23,wrangler_16
0,0.017622361580530804,0.01959131628859277,0.0061165906634985225,0.0009613440317266128
