,gb,gb_ipw,wrangler_23,wrangler_16
0,0.009810064642232807,0.013774080622580745,0.006499523330332986,0.0012800978716983587
