,gb,gb_ipw,wrangler_23,wrangler_16
0,0.01433498256809109,0.023360610444903816,0.004751691014775427,0.0023233584868602272
