,gb,gb_ipw,wrangler_23,wrangler_16
0,0.016302503508962552,0.02548589811220274,0.0042955517332195796,0.002265762496780563
