,gb,gb_ipw,wrangler_23,wrangler_16
0,0.017696099184462386,0.022956832192989517,0.0027769212939263528,0.0011359064382464226
