,gb,gb_ipw,wrangler_23,wrangler_16
0,0.003530323390556438,0.005997658522372531,0.006111780170760399,0.0012594366693772338
