,gb,gb_ipw,wrangler_23,wrangler_16
0,0.014361503638757397,0.0232583121325832,0.004795773413405954,0.002245138481395223
