,gb,gb_ipw,wrangler_23,wrangler_16
0,0.023910910603329893,0.027820661050928577,0.003991725556983774,0.0010667483951693599
