,gb,gb_ipw,wrangler_23,wrangler_16
0,0.029633216785662105,0.04691878954569498,0.005354709697492195,0.003746287389235063
