,gb,gb_ipw,wrangler_23,wrangler_16
0,0.02685232260792526,0.04366697724332515,0.004890776172126692,0.003691309506131202
