,gb,gb_ipw,wrangler_23,wrangler_16
0,0.027351526869941006,0.045076350575869846,0.005020062948010631,0.0037670135498046875
