,gb,gb_ipw,wrangler_23,wrangler_16
0,0.01911435808454241,0.024214652028045243,0.003000089743066669,0.0012327718606213677
