,gb,gb_ipw,wrangler_23,wrangler_16
0,0.028484698497887814,0.04769364992777507,0.005346581791386459,0.003984931743506229
