,gb,gb_ipw,wrangler_23,wrangler_16
0,0.029370543502625964,0.04926749638148716,0.005292040961129326,0.0037973125775655108
