,gb,gb_ipw,wrangler_23,wrangler_16
0,0.026693879341592598,0.043707234518868585,0.004992436389533841,0.0036969476816605547
