,gb,gb_ipw,wrangler_23,wrangler_16
0,0.023660353488392297,0.03291645811663734,0.004299191964997186,0.0021693607171376548
