,gb,gb_ipw,wrangler_23,wrangler_16
0,0.011182762035062908,0.019973437283959106,0.007149739917865102,0.0025881429282897917
