,gb,gb_ipw,wrangler_23,wrangler_16
0,0.023569183788080327,0.044056738930187,0.004311402638753255,0.003251536139126482
