,gb,gb_ipw,wrangler_23,wrangler_16
0,0.028913792891380113,0.04783731240492601,0.0050923763177333735,0.00383915045322516
