,gb,gb_ipw,wrangler_23,wrangler_16
0,0.015715773527820904,0.01956891113271316,0.005218867833415668,0.0012001954019069672
