,gb,gb_ipw,wrangler_23,wrangler_16
0,0.014840246556879402,0.024455402110772007,0.004580481273225937,0.00235433668319247
