,gb,gb_ipw,wrangler_23,wrangler_16
0,0.011732245225594929,0.013812705434975633,0.005043045151509788,0.0009460597394301967
