,gb,gb_ipw,wrangler_23,wrangler_16
0,0.010525481145184735,0.02036431678255697,0.005563506506439439,0.002306493601404634
