,gb,gb_ipw,wrangler_23,wrangler_16
0,0.015358146931897354,0.026337695343456126,0.005374494892807201,0.0024396085376368675
