,gb,gb_ipw,wrangler_23,wrangler_16
0,0.010297030833459106,0.01949049717108145,0.010338973763558473,0.002371603686541531
