,gb,gb_ipw,wrangler_23,wrangler_16
0,0.01900655397589596,0.03833499090603623,0.005324026276504083,0.004984002778197693
