,gb,gb_ipw,wrangler_23,wrangler_16
0,0.017326154206928453,0.019787612714265525,0.005168412861071134,0.0010737368935032896
