,gb,gb_ipw,wrangler_23,wrangler_16
0,0.024335527861559833,0.042967774249889235,0.005150282824480975,0.0037103891372680673
