,gb,gb_ipw,wrangler_23,wrangler_16
0,0.01748268213649254,0.02955380132642843,0.004362925297796389,0.003115605499784825
