,gb,gb_ipw,wrangler_23,wrangler_16
0,0.024878552981785367,0.043342510859171554,0.004936896619342622,0.003774606046222505
