,gb,gb_ipw,wrangler_23,wrangler_16
0,0.01781316248519607,0.03394521774838636,0.006780910365405414,0.003244232150739613
