,gb,gb_ipw,wrangler_23,wrangler_16
0,0.02727262752572286,0.044926663034970005,0.004995975297750886,0.0037303904897158916
