,gb,gb_ipw,wrangler_23,wrangler_16
0,0.013187929403548147,0.02351549326204786,0.005204942734802472,0.0025362287666283395
