,gb,gb_ipw,wrangler_23,wrangler_16
0,0.005061384170075494,0.009940730962608084,0.004481137458303164,0.001536973897253051
