,gb,gb_ipw,wrangler_23,wrangler_16
0,0.01792982779164006,0.035251009053197405,0.007387848272137735,0.003330711124540269
