,gb,gb_ipw,wrangler_23,wrangler_16
0,0.016968365739153318,0.019377766479372355,0.005539565186225931,0.0010501027731371175
