,gb,gb_ipw,wrangler_23,wrangler_16
0,0.017227997135321645,0.03385343493357955,0.0054455819859109975,0.0033233426950322283
