,gb,gb_ipw,wrangler_23,wrangler_16
0,0.007367373248677196,0.011965448473706654,0.004967642419132186,0.0016068234855746047
