,gb,gb_ipw,wrangler_23,wrangler_16
0,0.019831143037223258,0.0274151824306121,0.0037019176316330804,0.002133776773169159
