,gb,gb_ipw,wrangler_23,wrangler_16
0,0.019992746057964507,0.040729131017412455,0.005290621802920386,0.003771412940252395
