,gb,gb_ipw,wrangler_23,wrangler_16
0,0.015440780128408889,0.016120194577905082,0.02513085720085168,0.0029018296373503815
