,gb,gb_ipw,wrangler_23,wrangler_16
0,0.02886278507037041,0.04780922944729145,0.0054024350948822806,0.0039191964345100605
