,gb,gb_ipw,wrangler_23,wrangler_16
0,0.011730374711932558,0.02113372237995418,0.005637907018565169,0.0023116367031829526
