,gb,gb_ipw,wrangler_23,wrangler_16
0,0.020393170416355137,0.03915963073571523,0.005305434266726176,0.0038004169861475625
