,gb,gb_ipw,wrangler_23,wrangler_16
0,0.010427226609810958,0.021127006386684438,0.007381866414870513,0.002140741260312448
