,gb,gb_ipw,wrangler_23,wrangler_16
0,0.020725996369501117,0.039231569204339206,0.0060809873680766294,0.003842392353096394
