,gb,gb_ipw,wrangler_23,wrangler_16
0,0.026983745170362065,0.0460836471933307,0.00570285500902118,0.003809504436724114
