,gb,gb_ipw,wrangler_23,wrangler_16
0,0.01713740147226225,0.03210514541563948,0.006931971728317135,0.0032166155373177887
