,gb,gb_ipw,wrangler_23,wrangler_16
0,0.01823160478216212,0.02258322959722475,0.004043637865036578,0.0011999596186504998
