,gb,gb_ipw,wrangler_23,wrangler_16
0,0.008518919051055882,0.015191750661436836,0.005852975260575693,0.0016794284226187464
