,gb,gb_ipw,wrangler_23,wrangler_16
0,0.023535842585998907,0.02733455371663247,0.0041064751801094205,0.0010152820641322262
