,gb,gb_ipw,wrangler_23,wrangler_16
0,0.02431597683455918,0.03428079269744538,0.004538304203159207,0.0023490125006371807
