,gb,gb_ipw,wrangler_23,wrangler_16
0,0.026483165806737444,0.03840409476181556,0.0047192491334060145,0.0028610229492187496
