,gb,gb_ipw,wrangler_23,wrangler_16
0,0.02383606301413642,0.04541418618626065,0.005327992969089084,0.0038635399606492785
