,gb,gb_ipw,wrangler_23,wrangler_16
0,0.01798379977046406,0.02009226948997588,0.00579479923659758,0.0010589924469206512
