,gb,gb_ipw,wrangler_23,wrangler_16
0,0.025721820625098975,0.037693494075053444,0.004615869608011331,0.0027197975296157973
