,gb,gb_ipw,wrangler_23,wrangler_16
0,0.01838361063311177,0.029967677208685106,0.004824515311948715,0.002689515390703755
