,gb,gb_ipw,wrangler_23,wrangler_16
0,0.029626737038294475,0.04747758309046428,0.005343804756800334,0.0038467347621917725
