,gb,gb_ipw,wrangler_23,wrangler_16
0,0.005319374655342332,0.009242166941464024,0.0075835470906679015,0.0017377376893585527
