,gb,gb_ipw,wrangler_23,wrangler_16
0,0.01818709617676439,0.02340235800113318,0.0034747419331594303,0.0012065522432969907
