,gb,gb_ipw,wrangler_23,wrangler_16
0,0.015532977605425831,0.016271449779924875,0.023352893741745793,0.00290245245788107
