,gb,gb_ipw,wrangler_23,wrangler_16
0,0.0202956400971112,0.025540400682121704,0.003721480979058975,0.001366563171510272
