,gb,gb_ipw,wrangler_23,wrangler_16
0,0.025866887508294523,0.04453078294411684,0.004245684697077825,0.0031778955052041598
