,gb,gb_ipw,wrangler_23,wrangler_16
0,0.026977000137170155,0.04406552761793136,0.005074155827363332,0.0037681311368942256
