,gb,gb_ipw,wrangler_23,wrangler_16
0,0.02266990917700308,0.042035071938126174,0.005526675118340385,0.003744882565957528
