,gb,gb_ipw,wrangler_23,wrangler_16
0,0.02811083363162147,0.0465203904443317,0.005028314060635037,0.003672308391994901
