,gb,gb_ipw,wrangler_23,wrangler_16
0,0.015381322031127473,0.017743670019616967,0.005043916887411741,0.000874324555930792
