,gb,gb_ipw,wrangler_23,wrangler_16
0,0.014650666868531857,0.015361509801310645,0.023620926504380378,0.0028071670486294023
