,gb,gb_ipw,wrangler_23,wrangler_16
0,0.02789890643247624,0.04559718456464944,0.005053244915205178,0.003738010052553157
