,gb,gb_ipw,wrangler_23,wrangler_16
0,0.01715652647502534,0.019480776538984192,0.005626536855365633,0.0010517926812204717
