,gb,gb_ipw,wrangler_23,wrangler_16
0,0.01670917407720602,0.025710002630270064,0.004708399500421276,0.0024562673126523344
