,gb,gb_ipw,wrangler_23,wrangler_16
0,0.02462885269682774,0.026605075311256283,0.006297378789147474,0.0009912492385603336
