,gb,gb_ipw,wrangler_23,wrangler_16
0,0.01155395133822572,0.01811768706894601,0.0033969335165040804,0.0014390112457003399
