,gb,gb_ipw,wrangler_23,wrangler_16
0,0.011870121706653554,0.02168429437830058,0.0050908264798154405,0.0023953175295520737
