,gb,gb_ipw,wrangler_23,wrangler_16
0,0.03442589716624113,0.0472479600922951,0.005574055227085976,0.0031083892344794537
