,gb,gb_ipw,wrangler_23,wrangler_16
0,0.017195729606230732,0.019612775401200943,0.005456712558603652,0.0011568153980742782
