,gb,gb_ipw,wrangler_23,wrangler_16
0,0.01736566603164417,0.0197895667756806,0.005559560797542932,0.0011352394325850966
