,gb,gb_ipw,wrangler_23,wrangler_16
0,0.01774154327533863,0.029867445981061013,0.007234127433211715,0.0027056093569155096
