,gb,gb_ipw,wrangler_23,wrangler_16
0,0.02795383334159851,0.04614417751630147,0.0052707890669504796,0.0038656095663706464
