,gb,gb_ipw,wrangler_23,wrangler_16
0,0.0239411989847819,0.04144156420672381,0.004763073391384548,0.0034539787857620803
