,gb,gb_ipw,wrangler_23,wrangler_16
0,0.018033205978269497,0.03259806129021373,0.007539764652407264,0.0031977940381057862
