,gb,gb_ipw,wrangler_23,wrangler_16
0,0.005787599346524008,0.008133169788102476,0.00781076507578653,0.0018339942664999723
