,gb,gb_ipw,wrangler_23,wrangler_16
0,0.016376956349198064,0.01885965678766582,0.004694400689540765,0.0008832129091731956
