,gb,gb_ipw,wrangler_23,wrangler_16
0,0.038794640983854024,0.057520610945565355,0.005271995351428077,0.003946324189503988
