,gb,gb_ipw,wrangler_23,wrangler_16
0,0.017119721971502976,0.01953083970665017,0.005241042235320879,0.0012043776419537909
