,gb,gb_ipw,wrangler_23,wrangler_16
0,0.019893063582071612,0.02539375650200811,0.002818394649810654,0.0012774923026972309
