,gb,gb_ipw,wrangler_23,wrangler_16
0,0.018310744148055995,0.02396219447431271,0.0038101177125394203,0.0013299726707151878
