,gb,gb_ipw,wrangler_23,wrangler_16
0,0.016372893985949065,0.01867689584430895,0.005140555532355057,0.0010632464760228209
