,gb,gb_ipw,wrangler_23,wrangler_16
0,0.027690082788467407,0.045743336280186966,0.005483875672022501,0.0038295984268188477
