,gb,gb_ipw,wrangler_23,wrangler_16
0,0.027005889198996807,0.044244419444691055,0.0045004757967862215,0.003326589410955256
