,gb,gb_ipw,wrangler_23,wrangler_16
0,0.01720880207262541,0.019562118931820516,0.005413192153626043,0.0010742249809029747
