,gb,gb_ipw,wrangler_23,wrangler_16
0,0.012382547199103061,0.022526651309342335,0.004817783209504982,0.002482278006417411
