,gb,gb_ipw,wrangler_23,wrangler_16
0,0.01515277096482574,0.024397516511177105,0.004250169451770888,0.0022468996829673894
