,gb,gb_ipw,wrangler_23,wrangler_16
0,0.01702477412602943,0.019658513429785977,0.0053408574349046445,0.0011520610752611218
