,gb,gb_ipw,wrangler_23,wrangler_16
0,0.018104603321869868,0.033225768651717745,0.0065686629666918284,0.004512656845846647
