,gb,gb_ipw,wrangler_23,wrangler_16
0,0.017595389541589995,0.019682498660477454,0.005495379555900144,0.0010505787231637246
