,gb,gb_ipw,wrangler_23,wrangler_16
0,0.02664252518242031,0.04366364539147516,0.005474888035794987,0.0037191113518958516
