,gb,gb_ipw,wrangler_23,wrangler_16
0,0.023990769177574898,0.040280497836745546,0.005148075245044849,0.0037149548129200532
