,gb,gb_ipw,wrangler_23,wrangler_16
0,0.01074626059030679,0.01675751120011437,0.0033227730137354128,0.00129770255131305
