,gb,gb_ipw,wrangler_23,wrangler_16
0,0.01753316004780223,0.019794837296014656,0.005334064899862948,0.001077558480057062
