,gb,gb_ipw,wrangler_23,wrangler_16
0,0.027186600203366617,0.04407130565839944,0.005286010270266188,0.0037844648066255237
