,gb,gb_ipw,wrangler_23,wrangler_16
0,0.027550127088409104,0.046025600629983496,0.005199491363210776,0.003763818249260027
