,gb,gb_ipw,wrangler_23,wrangler_16
0,0.011298567827875715,0.020446797047633646,0.004994417327888813,0.0022603575113391864
