,gb,gb_ipw,wrangler_23,wrangler_16
0,0.023366149627801147,0.043366443027149544,0.005509817239009973,0.004055147821252996
