,gb,gb_ipw,wrangler_23,wrangler_16
0,0.01720643885478596,0.02223864184896254,0.004424913293015433,0.0013167441250639268
