,gb,gb_ipw,wrangler_23,wrangler_16
0,0.016142561183712344,0.030660088146282075,0.006434797917601216,0.0032337942743689064
