,gb,gb_ipw,wrangler_23,wrangler_16
0,0.018908362267524372,0.02375293714913227,0.0031784521398653897,0.0012489494186273648
