,gb,gb_ipw,wrangler_23,wrangler_16
0,0.014078083022207097,0.023751468448848515,0.004936655194499387,0.0022381720458262066
