,gb,gb_ipw,wrangler_23,wrangler_16
0,0.018136448912568146,0.02761751740843385,0.004501788170783075,0.0022225327544159942
