,gb,gb_ipw,wrangler_23,wrangler_16
0,0.01104373832030229,0.020043577568325404,0.00587430579995039,0.0028441419273419577
