,gb,gb_ipw,wrangler_23,wrangler_16
0,0.022877185117630733,0.042482146195002964,0.005310135228293282,0.003830308005923317
