,gb,gb_ipw,wrangler_23,wrangler_16
0,0.02119213540723333,0.04354070829069255,0.007291756056955366,0.0040750545340428185
