,gb,gb_ipw,wrangler_23,wrangler_16
0,0.018144201958316494,0.031110061996284577,0.008908359483740797,0.003041892216123384
