,gb,gb_ipw,wrangler_23,wrangler_16
0,0.016304069261535933,0.025834917460730532,0.0054102677565354565,0.002223431034776816
