,gb,gb_ipw,wrangler_23,wrangler_16
0,0.009770531210688287,0.018301850567497682,0.0057159436463376425,0.0022050308484838736
