,gb,gb_ipw,wrangler_23,wrangler_16
0,0.01434697611871675,0.0235286413454542,0.004457492454379213,0.0022140841220576924
