,gb,gb_ipw,wrangler_23,wrangler_16
0,0.024373503937118356,0.042813947831077136,0.004662179398810726,0.0032994938992905887
