,gb,gb_ipw,wrangler_23,wrangler_16
0,0.011604167375781066,0.021701967790022383,0.004589379968186143,0.002549099719898878
