,gb,gb_ipw,wrangler_23,wrangler_16
0,0.02656244870388147,0.04468000296390418,0.005321520747560444,0.0038122137387593584
