,gb,gb_ipw,wrangler_23,wrangler_16
0,0.01783277793721153,0.02030737002551354,0.00545764473613031,0.00122911337589407
