,gb,gb_ipw,wrangler_23,wrangler_16
0,0.00896552587234643,0.016656903859066763,0.006800993021608861,0.0018562981468042763
