,gb,gb_ipw,wrangler_23,wrangler_16
0,0.028918186823527016,0.04753899393659649,0.0051059054605888604,0.003855562571323279
