,gb,gb_ipw,wrangler_23,wrangler_16
0,0.018443848194171563,0.02071946001100209,0.005904053742030882,0.0010695594780021297
