,gb,gb_ipw,wrangler_23,wrangler_16
0,0.031083953924839203,0.053360465700039994,0.005526465414550062,0.004233773221674653
