,gb,gb_ipw,wrangler_23,wrangler_16
0,0.02178387475070466,0.04291298319554392,0.00756740950413811,0.004265472702254935
