,gb,gb_ipw,wrangler_23,wrangler_16
0,0.014617093323959728,0.024014132621159017,0.004402375511884589,0.0023097238304134976
