,gb,gb_ipw,wrangler_23,wrangler_16
0,0.031103238914952133,0.05017175818934585,0.005280881217031768,0.004106850335092256
