,gb,gb_ipw,wrangler_23,wrangler_16
0,0.019863930673933414,0.02556848764694972,0.002938736205749159,0.0012308806697359255
