,gb,gb_ipw,wrangler_23,wrangler_16
0,0.008802870493774017,0.01735225188458308,0.006264487140249099,0.0019813966104766903
