,gb,gb_ipw,wrangler_23,wrangler_16
0,0.014645249947257664,0.023796876765186,0.00566281146884705,0.002379835762592576
