,gb,gb_ipw,wrangler_23,wrangler_16
0,0.018024421391019188,0.032820208535014474,0.006467068567850968,0.0034221213280327635
