,gb,gb_ipw,wrangler_23,wrangler_16
0,0.017150893044893614,0.03210588370368334,0.005600271129197679,0.003316230263110269
