,gb,gb_ipw,wrangler_23,wrangler_16
0,0.018816373376441483,0.021044512797165182,0.005530120601401863,0.001039750557768735
