,gb,gb_ipw,wrangler_23,wrangler_16
0,0.005281678595726498,0.007139745076875445,0.005185595234949876,0.0007152911793411229
