,gb,gb_ipw,wrangler_23,wrangler_16
0,0.021630485041611865,0.04111512177655486,0.006511260052116551,0.004575933728899274
