,gb,gb_ipw,wrangler_23,wrangler_16
0,0.024704883495966595,0.04312458137671153,0.005396082997322083,0.003870887060960134
