,gb,gb_ipw,wrangler_23,wrangler_16
0,0.0136138462438816,0.025722893272958146,0.007870429899634383,0.0026749401557736277
