,gb,gb_ipw,wrangler_23,wrangler_16
0,0.022871927781538532,0.03955942211729107,0.004781316025088532,0.003733418204567649
