,gb,gb_ipw,wrangler_23,wrangler_16
0,0.03135544913155692,0.05136801272022481,0.005158112973582988,0.003982320123789262
