,gb,gb_ipw,wrangler_23,wrangler_16
0,0.0020282523503186317,0.002915141208397679,0.01631220917144031,0.002680367918783395
