,gb,gb_ipw,wrangler_23,wrangler_16
0,0.0185570096581932,0.035705217501012285,0.007007083272546287,0.0036689324107596543
