,gb,gb_ipw,wrangler_23,wrangler_16
0,0.024223665021500494,0.03960616183730791,0.004450667579219027,0.0034323278463111733
