,gb,gb_ipw,wrangler_23,wrangler_16
0,0.01679939828860532,0.02838965434177666,0.004253569681932972,0.0026389292091321035
