,gb,gb_ipw,wrangler_23,wrangler_16
0,0.01905140447178239,0.03857846586241396,0.007212947778475579,0.0038773548047207063
