,gb,gb_ipw,wrangler_23,wrangler_16
0,0.020792250425365907,0.03885749997051865,0.008734550729199517,0.003925908007797114
