,gb,gb_ipw,wrangler_23,wrangler_16
0,0.022005655017553586,0.03922745293261958,0.005997863470339308,0.0040700622633391735
