,gb,gb_ipw,wrangler_23,wrangler_16
0,0.029673872067946794,0.043388484984405284,0.005223338302099736,0.003176450113301438
