,gb,gb_ipw,wrangler_23,wrangler_16
0,0.008536902842698273,0.013066276356025976,0.005427816951716391,0.001624879645712582
