,gb,gb_ipw,wrangler_23,wrangler_16
0,0.03387666109836463,0.05484665885116114,0.005549102118521026,0.004012702089367492
