,gb,gb_ipw,wrangler_23,wrangler_16
0,0.02397541646604185,0.04277240346979212,0.004881785975562202,0.003765302675741691
