,gb,gb_ipw,wrangler_23,wrangler_16
0,0.017542384172740736,0.019963038595099198,0.00555984283748426,0.0010094203447040759
