,gb,gb_ipw,wrangler_23,wrangler_16
0,0.012266082728031603,0.01993531268989138,0.006533381872851318,0.0018621300359041063
