,gb,gb_ipw,wrangler_23,wrangler_16
0,0.023967808201199488,0.0446616184143793,0.005921437626793271,0.0043585896492004395
