,gb,gb_ipw,wrangler_23,wrangler_16
0,0.029352058966954548,0.04789407054583232,0.00538205107053121,0.0038112203280131025
