,gb,gb_ipw,wrangler_23,wrangler_16
0,0.028318277111759896,0.04621981470673173,0.0053081247541639535,0.00381083400161178
