,gb,gb_ipw,wrangler_23,wrangler_16
0,0.019113419364829937,0.021576204207303086,0.004787944886674368,0.0009558297100723079
