,gb,gb_ipw,wrangler_23,wrangler_16
0,0.01235525600194144,0.01893086795366243,0.00427764634488046,0.0016145383564159029
