,gb,gb_ipw,wrangler_23,wrangler_16
0,0.021877937255637567,0.02575490908335802,0.0029404252828013817,0.0010261247897970264
