,gb,gb_ipw,wrangler_23,wrangler_16
0,0.032361537013905754,0.04435112193776903,0.005440180964089075,0.0030146455555096776
