,gb,gb_ipw,wrangler_23,wrangler_16
0,0.013494181942630124,0.017986823986103007,0.0034335371735808137,0.0012337387382210074
