,gb,gb_ipw,wrangler_23,wrangler_16
0,0.02879784865812822,0.047250227494673294,0.005201634132500851,0.003824405597917961
