,gb,gb_ipw,wrangler_23,wrangler_16
0,0.027181749994104557,0.04570637688492284,0.005487465497219201,0.003968901706464363
