,gb,gb_ipw,wrangler_23,wrangler_16
0,0.014783949582737438,0.02345387401476584,0.004394024013387266,0.0023053209204057087
