,gb,gb_ipw,wrangler_23,wrangler_16
0,0.022345019462413355,0.029181432052915297,0.0037866128715954915,0.0016788124509553631
