,gb,gb_ipw,wrangler_23,wrangler_16
0,0.021332285582682516,0.04217071237705525,0.006523067499958188,0.00414473272986331
