,gb,gb_ipw,wrangler_23,wrangler_16
0,0.01982749377325742,0.027373476556716785,0.003696356848447039,0.0021749613236407843
