,gb,gb_ipw,wrangler_23,wrangler_16
0,0.016304349974148685,0.02702289323791791,0.0045947040456056215,0.0024337783526026846
