,gb,gb_ipw,wrangler_23,wrangler_16
0,0.018176207700818948,0.02649641528572004,0.0042269456564082855,0.002348682451630513
