,gb,gb_ipw,wrangler_23,wrangler_16
0,0.018059834837913513,0.020402243050436177,0.005225154260794322,0.0011781618619958563
