,gb,gb_ipw,wrangler_23,wrangler_16
0,0.009059122541528655,0.015003678602777988,0.008121712189481897,0.001580065061371012
