,gb,gb_ipw,wrangler_23,wrangler_16
0,0.010191440707331028,0.01923878904259781,0.005493725562326995,0.002041199853635145
