,gb,gb_ipw,wrangler_23,wrangler_16
0,0.010917303500794999,0.020005027099804833,0.006586470166825771,0.0023648755991092785
