,gb,gb_ipw,wrangler_23,wrangler_16
0,0.02022216967841824,0.038267851543693644,0.004763696707931219,0.0034854525611514135
