,gb,gb_ipw,wrangler_23,wrangler_16
0,0.01803371141541679,0.020247784248056577,0.005403796160943221,0.0010915309220345278
