,gb,gb_ipw,wrangler_23,wrangler_16
0,0.010356682803043133,0.014481685324989904,0.006010495366042691,0.001507390407575255
