,gb,gb_ipw,wrangler_23,wrangler_16
0,0.009700072824267594,0.018294382486547748,0.006546771369280589,0.0020353168524389863
