,gb,gb_ipw,wrangler_23,wrangler_16
0,0.015036842024577583,0.024524915041540116,0.004266036105844586,0.0022605096428399904
