,gb,gb_ipw,wrangler_23,wrangler_16
0,0.01728260080227677,0.01973987249803793,0.0052683283877889885,0.001087613130739222
