,gb,gb_ipw,wrangler_23,wrangler_16
0,0.028034051259358723,0.045909649795956076,0.005320128467347887,0.003817180792490641
