,gb,gb_ipw,wrangler_23,wrangler_16
0,0.026891448281028053,0.043879422274502845,0.004460161382501776,0.003380341963334517
