,gb,gb_ipw,wrangler_23,wrangler_16
0,0.017969476619527438,0.0203220758625972,0.002137594307744397,0.000650724327762231
