,gb,gb_ipw,wrangler_23,wrangler_16
0,0.014507081232914306,0.024036809700686914,0.004838842923949365,0.0023408406445769225
