,gb,gb_ipw,wrangler_23,wrangler_16
0,0.0035959071621499777,0.006133282058271139,0.0067523650121597,0.0013299386855035393
