,gb,gb_ipw,wrangler_23,wrangler_16
0,0.018111056527175474,0.030391633847339006,0.004567668936346883,0.00316746490823347
