,gb,gb_ipw,wrangler_23,wrangler_16
0,0.017879851631106242,0.02238275302570754,0.0030133809712548456,0.001168545381522473
