,gb,gb_ipw,wrangler_23,wrangler_16
0,0.02492312341928482,0.04340739299853643,0.005201747020085653,0.003820285201072693
