,gb_opt,gb_ipw_opt,wrangler
0,0.0496363639831543,0.053503990173339844,0.0035507873919025158
