,gb_opt,gb_ipw_opt,wrangler
0,0.05501151084899902,0.06303238868713379,0.005640522126228578
