,gb_opt,gb_ipw_opt,wrangler
0,0.07683944702148438,0.08639287948608398,0.010312182232014185
