,gb_opt,gb_ipw_opt,wrangler
0,0.05257010459899902,0.0570218563079834,0.003370584226122089
