,gb_opt,gb_ipw_opt,wrangler
0,0.2046823501586914,0.21420931816101074,0.002053313124506848
