,gb_opt,gb_ipw_opt,wrangler
0,0.060552358627319336,0.06546950340270996,0.004180785148374496
