,gb_opt,gb_ipw_opt,wrangler
0,0.20114779472351074,0.21050024032592773,0.0010887781778971353
