,gb_opt,gb_ipw_opt,wrangler
0,0.22038602828979492,0.23860406875610352,0.0033301165980151575
