,gb_opt,gb_ipw_opt,wrangler
0,0.0563359260559082,0.06398963928222656,0.005073361582570261
