,gb_opt,gb_ipw_opt,wrangler
0,0.08163571357727051,0.08991050720214844,0.004097267433449074
