,gb_opt,gb_ipw_opt,wrangler
0,0.0553746223449707,0.06073641777038574,0.0073822533212056975
