,gb_opt,gb_ipw_opt,wrangler
0,0.03590893745422363,0.04027748107910156,0.006586313247680664
