,gb_opt,gb_ipw_opt,wrangler
0,0.05371570587158203,0.06135821342468262,0.00585364056872083
