,gb_opt,gb_ipw_opt,wrangler
0,0.05669140815734863,0.06270408630371094,0.00404206332781457
