,gb_opt,gb_ipw_opt,wrangler
0,0.14759516716003418,0.15683722496032715,0.0027856806955317698
