,gb_opt,gb_ipw_opt,wrangler
0,0.05489373207092285,0.062242746353149414,0.00519137228688886
