,gb_opt,gb_ipw_opt,wrangler
0,0.05372357368469238,0.05815529823303223,0.0042276444777943735
