,gb_opt,gb_ipw_opt,wrangler
0,0.036524057388305664,0.041405677795410156,0.006216118134647967
