,gb_opt,gb_ipw_opt,wrangler
0,0.05540204048156738,0.06289172172546387,0.007516145706176758
