,gb_opt,gb_ipw_opt,wrangler
0,0.08196711540222168,0.09089112281799316,0.0054941237347680815
