,gb_opt,gb_ipw_opt,wrangler
0,0.20376849174499512,0.2120351791381836,0.003143315165152561
