,gb_opt,gb_ipw_opt,wrangler
0,0.053946733474731445,0.0620274543762207,0.0056035959037246215
