,gb_opt,gb_ipw_opt,wrangler
0,0.0354456901550293,0.03950762748718262,0.006151788028669946
