,gb_opt,gb_ipw_opt,wrangler
0,0.054822444915771484,0.06283307075500488,0.005162619297800501
