,gb_opt,gb_ipw_opt,wrangler
0,0.05051779747009277,0.05559134483337402,0.0037848949432373047
