,gb_opt,gb_ipw_opt,wrangler
0,0.05217409133911133,0.05518817901611328,0.0037663902332580167
