,gb_opt,gb_ipw_opt,wrangler
0,0.06608223915100098,0.07201433181762695,0.008949637413024902
