,gb_opt,gb_ipw_opt,wrangler
0,0.0508575439453125,0.05474376678466797,0.0032845296357807362
