,gb_opt,gb_ipw_opt,wrangler
0,0.3795781135559082,0.4019474983215332,0.013966371517370242
