,gb_opt,gb_ipw_opt,wrangler
0,0.08592009544372559,0.09234070777893066,0.004241341038754112
