,gb_opt,gb_ipw_opt,wrangler
0,0.05309653282165527,0.05766487121582031,0.004120563205919768
