,gb_opt,gb_ipw_opt,wrangler
0,0.07067418098449707,0.07495522499084473,0.0034570693969726562
