,gb_opt,gb_ipw_opt,wrangler
0,0.19003915786743164,0.20273590087890625,0.003098779254489475
