,gb_opt,gb_ipw_opt,wrangler
0,0.061753034591674805,0.06926608085632324,0.005696713924407959
