,gb_opt,gb_ipw_opt,wrangler
0,0.036221981048583984,0.04037833213806152,0.006476044654846191
