,gb_opt,gb_ipw_opt,wrangler
0,0.053493499755859375,0.05849599838256836,0.004079781080547132
