,gb_opt,gb_ipw_opt,wrangler
0,0.07031130790710449,0.07867264747619629,0.00420779716677782
