,gb_opt,gb_ipw_opt,wrangler
0,0.05027341842651367,0.056636810302734375,0.005802063092793504
