,gb_opt,gb_ipw_opt,wrangler
0,0.0709075927734375,0.07547783851623535,0.00218099744868852
