,gb_opt,gb_ipw_opt,wrangler
0,0.05157780647277832,0.05815553665161133,0.00375546283603455
