,gb_opt,gb_ipw_opt,wrangler
0,0.10290026664733887,0.11262297630310059,0.007929340485603578
