,gb_opt,gb_ipw_opt,wrangler
0,0.13142037391662598,0.13729548454284668,0.002676859880105043
