,gb_opt,gb_ipw_opt,wrangler
0,0.03989362716674805,0.044562578201293945,0.005266041431612182
