,gb_opt,gb_ipw_opt,wrangler
0,0.054952144622802734,0.06179070472717285,0.0044295662327816605
