,gb_opt,gb_ipw_opt,wrangler
0,0.052527666091918945,0.05884146690368652,0.0038753856312144885
