,gb_opt,gb_ipw_opt,wrangler
0,0.046683311462402344,0.051013946533203125,0.00357004552105673
