,gb_opt,gb_ipw_opt,wrangler
0,0.050160884857177734,0.05605912208557129,0.003923777661292381
