,gb_opt,gb_ipw_opt,wrangler
0,0.24095487594604492,0.252943754196167,0.0020434607320757056
