,gb_opt,gb_ipw_opt,wrangler
0,0.20515775680541992,0.21490836143493652,0.0021333741669607633
