,gb_opt,gb_ipw_opt,wrangler
0,0.08462691307067871,0.09026694297790527,0.00446073470577117
