,gb_opt,gb_ipw_opt,wrangler
0,0.09545493125915527,0.10288596153259277,0.005393246420068679
