,gb_opt,gb_ipw_opt,wrangler
0,0.1118776798248291,0.11774897575378418,0.0038468837738037114
