,gb_opt,gb_ipw_opt,wrangler
0,0.04947686195373535,0.05363607406616211,0.0037221532118947884
