,gb_opt,gb_ipw_opt,wrangler
0,0.054258108139038086,0.06217789649963379,0.005143688571068549
