,gb_opt,gb_ipw_opt,wrangler
0,0.05311417579650879,0.0601963996887207,0.00579733597604852
