,gb_opt,gb_ipw_opt,wrangler
0,0.061686038970947266,0.06651067733764648,0.004961302405909488
