,gb_opt,gb_ipw_opt,wrangler
0,0.055409908294677734,0.06217074394226074,0.004570168184946819
