,gb_opt,gb_ipw_opt,wrangler
0,0.060236454010009766,0.06528544425964355,0.003698166836513562
