,gb_opt,gb_ipw_opt,wrangler
0,0.09490418434143066,0.1048285961151123,0.005404660656194019
