,gb_opt,gb_ipw_opt,wrangler
0,0.053568363189697266,0.05835866928100586,0.003990454551501151
