,gb_opt,gb_ipw_opt,wrangler
0,0.08466887474060059,0.09498763084411621,0.005957368132355926
