,gb_opt,gb_ipw_opt,wrangler
0,0.08605694770812988,0.09581446647644043,0.005811452865600586
