,gb_opt,gb_ipw_opt,wrangler
0,0.05558657646179199,0.06394791603088379,0.005543231964111328
