,gb_opt,gb_ipw_opt,wrangler
0,0.22005915641784668,0.22927308082580566,0.0023201550587569134
