,gb_opt,gb_ipw_opt,wrangler
0,0.08182144165039062,0.0914158821105957,0.006859598596111622
