,gb_opt,gb_ipw_opt,wrangler
0,0.05560874938964844,0.06278276443481445,0.004896634741674496
