,gb_opt,gb_ipw_opt,wrangler
0,0.050829410552978516,0.05426979064941406,0.003619223647976514
