,gb_opt,gb_ipw_opt,wrangler
0,0.1026003360748291,0.10961699485778809,0.0030771594181239047
