,gb_opt,gb_ipw_opt,wrangler
0,0.08722972869873047,0.09618377685546875,0.0040063491234412565
