,gb_opt,gb_ipw_opt,wrangler
0,0.055097341537475586,0.06275725364685059,0.005377344338290663
