,gb_opt,gb_ipw_opt,wrangler
0,0.19104599952697754,0.20235586166381836,0.004341259845712567
