,gb_opt,gb_ipw_opt,wrangler
0,0.05357718467712402,0.06114625930786133,0.005352253816565689
