,gb_opt,gb_ipw_opt,wrangler
0,0.2071843147277832,0.21858429908752441,0.001421386812940056
