,gb_opt,gb_ipw_opt,wrangler
0,0.05464315414428711,0.06134223937988281,0.00405934901019327
