,gb_opt,gb_ipw_opt,wrangler
0,0.0543668270111084,0.05945277214050293,0.003420992901450709
