,gb_opt,gb_ipw_opt,wrangler
0,0.2232346534729004,0.2317957878112793,0.0019301565325990015
