,gb_opt,gb_ipw_opt,wrangler
0,0.06532073020935059,0.07059836387634277,0.004034863704699649
