,gb_opt,gb_ipw_opt,wrangler
0,0.058550357818603516,0.06496000289916992,0.007609931790098852
