,gb_opt,gb_ipw_opt,wrangler
0,0.06241917610168457,0.07049179077148438,0.006058636833639706
