,gb_opt,gb_ipw_opt,wrangler
0,0.052835702896118164,0.05930161476135254,0.0041093885528374905
