,gb_opt,gb_ipw_opt,wrangler
0,0.11928153038024902,0.1251964569091797,0.001826129116854825
