,gb_opt,gb_ipw_opt,wrangler
0,0.05402040481567383,0.05875205993652344,0.00463347685964484
