,gb_opt,gb_ipw_opt,wrangler
0,0.0490269660949707,0.053903818130493164,0.0032782554626464844
