,gb_opt,gb_ipw_opt,wrangler
0,0.05643177032470703,0.06351137161254883,0.005433761995602277
