,gb_opt,gb_ipw_opt,wrangler
0,0.05423617362976074,0.0587921142578125,0.003399387482673891
