,gb_opt,gb_ipw_opt,wrangler
0,0.21864032745361328,0.22875642776489258,0.0044753408839559965
