,gb_opt,gb_ipw_opt,wrangler
0,0.04908180236816406,0.054267168045043945,0.0074283186211643445
