,gb_opt,gb_ipw_opt,wrangler
0,0.032782554626464844,0.03615617752075195,0.006036993897991416
