,gb_opt,gb_ipw_opt,wrangler
0,0.05000138282775879,0.05534648895263672,0.005461952903053978
