,gb_opt,gb_ipw_opt,wrangler
0,0.05585956573486328,0.06226038932800293,0.0036911266606028488
