,gb_opt,gb_ipw_opt,wrangler
0,0.2004408836364746,0.2098708152770996,0.002059042453765869
