,gb_opt,gb_ipw_opt,wrangler
0,0.0997476577758789,0.10769104957580566,0.002723269992404514
