,gb_opt,gb_ipw_opt,wrangler
0,0.05143904685974121,0.05762767791748047,0.004702229653635333
