,gb_opt,gb_ipw_opt,wrangler
0,0.049156904220581055,0.053932905197143555,0.0033455510293283774
