,gb_opt,gb_ipw_opt,wrangler
0,0.050019025802612305,0.05587124824523926,0.0037063251842151985
