,gb_opt,gb_ipw_opt,wrangler
0,0.07169866561889648,0.07761240005493164,0.0037488184477153575
