,gb_opt,gb_ipw_opt,wrangler
0,0.049994707107543945,0.05377006530761719,0.004167619504426655
