,gb_opt,gb_ipw_opt,wrangler
0,0.032918691635131836,0.035872459411621094,0.006139278411865234
