,gb_opt,gb_ipw_opt,wrangler
0,0.046785593032836914,0.05185842514038086,0.003908526512884325
