,gb_opt,gb_ipw_opt,wrangler
0,0.13116908073425293,0.1388072967529297,0.001322627067565918
