,gb_opt,gb_ipw_opt,wrangler
0,0.05391287803649902,0.058759212493896484,0.0034931458924946034
