,gb_opt,gb_ipw_opt,wrangler
0,0.20561480522155762,0.21326661109924316,0.002636451913852884
