,gb_opt,gb_ipw_opt,wrangler
0,1.5787992477416992,1.6363685131072998,0.034096820876137045
