,gb_opt,gb_ipw_opt,wrangler
0,0.04981803894042969,0.05462074279785156,0.0035229482148822987
