,gb_opt,gb_ipw_opt,wrangler
0,0.05468940734863281,0.06000208854675293,0.004572026869829963
