,gb_opt,gb_ipw_opt,wrangler
0,0.055239200592041016,0.06338047981262207,0.005255574765412704
