,gb_opt,gb_ipw_opt,wrangler
0,0.05077409744262695,0.057448387145996094,0.006699365032605888
