,gb_opt,gb_ipw_opt,wrangler
0,0.0471959114074707,0.05054450035095215,0.003076181179139672
