,gb_opt,gb_ipw_opt,wrangler
0,0.050298213958740234,0.0552215576171875,0.003656254539006873
