,gb_opt,gb_ipw_opt,wrangler
0,0.0551912784576416,0.060986995697021484,0.005364418029785156
