,gb_opt,gb_ipw_opt,wrangler
0,0.053565263748168945,0.05986976623535156,0.0048829363538073255
