,gb_opt,gb_ipw_opt,wrangler
0,0.05377960205078125,0.05955934524536133,0.004142330538841986
