,gb_opt,gb_ipw_opt,wrangler
0,0.2046968936920166,0.21355223655700684,0.003337860107421875
