,gb_opt,gb_ipw_opt,wrangler
0,0.05530810356140137,0.06257438659667969,0.005781650543212891
