,gb_opt,gb_ipw_opt,wrangler
0,1.8676156997680664,2.0232012271881104,0.06798617331796192
