,gb_opt,gb_ipw_opt,wrangler
0,0.054418325424194336,0.05835700035095215,0.003246046741556677
