,gb_opt,gb_ipw_opt,wrangler
0,0.05320429801940918,0.058460235595703125,0.004133601097544287
