,gb_opt,gb_ipw_opt,wrangler
0,0.2540740966796875,0.2684657573699951,0.003753465695061696
