,gb_opt,gb_ipw_opt,wrangler
0,0.03346610069274902,0.03699922561645508,0.00571041572384718
