,gb_opt,gb_ipw_opt,wrangler
0,0.07136750221252441,0.07940101623535156,0.004349685296779726
