,gb_opt,gb_ipw_opt,wrangler
0,0.05521440505981445,0.06252121925354004,0.0058650970458984375
