,gb_opt,gb_ipw_opt,wrangler
0,0.053388118743896484,0.058191537857055664,0.0041182737172760575
