,gb_opt,gb_ipw_opt,wrangler
0,0.04375028610229492,0.04837226867675781,0.006571270170665923
