,gb_opt,gb_ipw_opt,wrangler
0,0.05594968795776367,0.061249732971191406,0.0036557515462239585
