,gb_opt,gb_ipw_opt,wrangler
0,0.05321311950683594,0.0601193904876709,0.005707929008885434
