,gb_opt,gb_ipw_opt,wrangler
0,0.05494952201843262,0.062296390533447266,0.005397615553457525
