,gb_opt,gb_ipw_opt,wrangler
0,0.060941219329833984,0.06857109069824219,0.004616923302224597
