,gb_opt,gb_ipw_opt,wrangler
0,0.1893928050994873,0.19686412811279297,0.0015993500811100666
