,gb_opt,gb_ipw_opt,wrangler
0,0.05414104461669922,0.05914711952209473,0.004327375125261693
