,gb_opt,gb_ipw_opt,wrangler
0,0.08578062057495117,0.09480977058410645,0.0036103384835379465
