,gb_opt,gb_ipw_opt,wrangler
0,0.0814058780670166,0.09150028228759766,0.006059282704403526
