,gb_opt,gb_ipw_opt,wrangler
0,0.0678398609161377,0.07256484031677246,0.00368310259534167
