,gb_opt,gb_ipw_opt,wrangler
0,0.09436583518981934,0.10326123237609863,0.002998742998016547
