,gb_opt,gb_ipw_opt,wrangler
0,0.062258243560791016,0.0710303783416748,0.005208528958834135
