,gb_opt,gb_ipw_opt,wrangler
0,0.2312617301940918,0.24153614044189453,0.0017402740246063996
