,gb_opt,gb_ipw_opt,wrangler
0,0.10162830352783203,0.10925960540771484,0.0033309826484093303
