,gb_opt,gb_ipw_opt,wrangler
0,0.04686546325683594,0.05147695541381836,0.0037706061585308756
