,gb_opt,gb_ipw_opt,wrangler
0,0.05424809455871582,0.06234383583068848,0.0054522564536646796
