,gb_opt,gb_ipw_opt,wrangler
0,0.08437800407409668,0.09345483779907227,0.00591278076171875
