,gb_opt,gb_ipw_opt,wrangler
0,0.18174362182617188,0.19018816947937012,0.0035363502932439484
