,gb_opt,gb_ipw_opt,wrangler
0,0.05399584770202637,0.0584864616394043,0.0032901763916015625
