,gb_opt,gb_ipw_opt,wrangler
0,0.03715014457702637,0.041448116302490234,0.006190160425697885
