,gb_opt,gb_ipw_opt,wrangler
0,0.06502985954284668,0.07007765769958496,0.004397332668304443
