,gb_opt,gb_ipw_opt,wrangler
0,0.0611572265625,0.0684514045715332,0.003768551734185988
