,gb_opt,gb_ipw_opt,wrangler
0,0.08482217788696289,0.09137392044067383,0.003308516282301683
