,gb_opt,gb_ipw_opt,wrangler
0,0.051439523696899414,0.05448627471923828,0.0042141257942496955
