,gb_opt,gb_ipw_opt,wrangler
0,0.2039783000946045,0.21711969375610352,0.0024213086838690227
