,gb_opt,gb_ipw_opt,wrangler
0,0.054404258728027344,0.05985546112060547,0.004567598041735198
