,gb_opt,gb_ipw_opt,wrangler
0,0.055185556411743164,0.06302738189697266,0.005154670039309732
