,gb_opt,gb_ipw_opt,wrangler
0,0.3467106819152832,0.3679921627044678,0.004059968594305529
