,gb_opt,gb_ipw_opt,wrangler
0,0.051664113998413086,0.056568145751953125,0.004948435963450612
