,gb_opt,gb_ipw_opt,wrangler
0,0.05298805236816406,0.05840468406677246,0.003983448078105975
