,gb_opt,gb_ipw_opt,wrangler
0,0.051129817962646484,0.05549478530883789,0.003319752367236946
