,gb_opt,gb_ipw_opt,wrangler
0,0.07338833808898926,0.07968854904174805,0.004329491610550761
