,gb_opt,gb_ipw_opt,wrangler
0,0.1999492645263672,0.2078239917755127,0.0007785396811402874
