,gb_opt,gb_ipw_opt,wrangler
0,0.05364108085632324,0.05922436714172363,0.0044130509899508565
