,gb_opt,gb_ipw_opt,wrangler
0,0.05208110809326172,0.05746626853942871,0.004647593749196906
