,gb_opt,gb_ipw_opt,wrangler
0,0.054732561111450195,0.06237483024597168,0.004864358282708502
