,gb_opt,gb_ipw_opt,wrangler
0,0.24785804748535156,0.2583646774291992,0.003669572913128397
