,gb_opt,gb_ipw_opt,wrangler
0,0.05113840103149414,0.056874752044677734,0.0037316353090347783
