,gb_opt,gb_ipw_opt,wrangler
0,0.08533692359924316,0.09563446044921875,0.0058943225491431455
