,gb_opt,gb_ipw_opt,wrangler
0,0.05347156524658203,0.05827784538269043,0.0033207189023884295
