,gb_opt,gb_ipw_opt,wrangler
0,0.048012495040893555,0.05487847328186035,0.006894270579020183
