,gb_opt,gb_ipw_opt,wrangler
0,0.06357312202453613,0.07587361335754395,0.008470871869255514
