,gb_opt,gb_ipw_opt,wrangler
0,0.2138528823852539,0.22451186180114746,0.0032118861040882625
