,gb_opt,gb_ipw_opt,wrangler
0,0.03309893608093262,0.03666114807128906,0.005634819589010099
