,gb_opt,gb_ipw_opt,wrangler
0,0.03324556350708008,0.036629438400268555,0.005262038286994486
