,gb_opt,gb_ipw_opt,wrangler
0,0.048157453536987305,0.05531597137451172,0.004994241814864309
