,gb_opt,gb_ipw_opt,wrangler
0,0.041455984115600586,0.04767441749572754,0.005794896019829645
