,gb_opt,gb_ipw_opt,wrangler
0,0.0730905532836914,0.08207154273986816,0.0039007605575933687
