,gb_opt,gb_ipw_opt,wrangler
0,0.034685373306274414,0.03863692283630371,0.006127357482910156
