,gb_opt,gb_ipw_opt,wrangler
0,0.05402016639709473,0.060965538024902344,0.004470348358154297
