,gb_opt,gb_ipw_opt,wrangler
0,0.04728078842163086,0.05113077163696289,0.002970606643961083
