,gb_opt,gb_ipw_opt,wrangler
0,0.058989524841308594,0.06354498863220215,0.004176795482635498
