,gb_opt,gb_ipw_opt,wrangler
0,0.22628498077392578,0.23542499542236328,0.0020112372670354575
