,gb_opt,gb_ipw_opt,wrangler
0,0.2832982540130615,0.2984154224395752,0.008093403075552228
