,gb_opt,gb_ipw_opt,wrangler
0,0.0512242317199707,0.0574793815612793,0.005470100024067764
