,gb_opt,gb_ipw_opt,wrangler
0,0.1995706558227539,0.2100999355316162,0.004245322427631896
