,gb_opt,gb_ipw_opt,wrangler
0,0.05158853530883789,0.05830788612365723,0.004288438078644988
