,gb_opt,gb_ipw_opt,wrangler
0,0.05532073974609375,0.06063961982727051,0.0035688743828246315
