,gb_opt,gb_ipw_opt,wrangler
0,0.18792414665222168,0.19592976570129395,0.0019319786513147274
