,gb_opt,gb_ipw_opt,wrangler
0,0.03906989097595215,0.04294562339782715,0.006623384429187309
