,gb_opt,gb_ipw_opt,wrangler
0,0.04613232612609863,0.05083274841308594,0.007144042423793248
