,gb_opt,gb_ipw_opt,wrangler
0,0.04380393028259277,0.051662445068359375,0.007132314286142025
