,gb_opt,gb_ipw_opt,wrangler
0,0.05314207077026367,0.05894875526428223,0.0037812605136778297
