,gb_opt,gb_ipw_opt,wrangler
0,0.15771770477294922,0.1705482006072998,0.002822279930114746
