,gb_opt,gb_ipw_opt,wrangler
0,0.03949546813964844,0.043573856353759766,0.005685010002654733
