,gb_opt,gb_ipw_opt,wrangler
0,0.05567455291748047,0.06025433540344238,0.0036641955375671387
