,gb_opt,gb_ipw_opt,wrangler
0,0.050002098083496094,0.054076194763183594,0.0038926418011005107
