,gb_opt,gb_ipw_opt,wrangler
0,0.049764394760131836,0.053168296813964844,0.004114289032785516
