,gb_opt,gb_ipw_opt,wrangler
0,0.07936453819274902,0.08862543106079102,0.004262600130247839
