,gb_opt,gb_ipw_opt,wrangler
0,0.05067014694213867,0.056652069091796875,0.0036786670333768695
