,gb_opt,gb_ipw_opt,wrangler
0,0.05492758750915527,0.06308937072753906,0.005583357966803258
