,gb_opt,gb_ipw_opt,wrangler
0,0.05043363571166992,0.055724382400512695,0.0039527290745785355
