,gb_opt,gb_ipw_opt,wrangler
0,0.07203102111816406,0.07981705665588379,0.004025697708129883
