,gb_opt,gb_ipw_opt,wrangler
0,0.05542945861816406,0.06251740455627441,0.004353461327490868
