,gb_opt,gb_ipw_opt,wrangler
0,0.04137229919433594,0.0496363639831543,0.00910299370087773
