,gb_opt,gb_ipw_opt,wrangler
0,0.2361302375793457,0.24439716339111328,0.0018922250662276993
