,gb_opt,gb_ipw_opt,wrangler
0,0.3065011501312256,0.3192625045776367,0.005521811544895172
