,gb_opt,gb_ipw_opt,wrangler
0,0.04676413536071777,0.05080556869506836,0.0034983641181895934
