,gb_opt,gb_ipw_opt,wrangler
0,0.04123735427856445,0.04587221145629883,0.005022101446029243
