,gb_opt,gb_ipw_opt,wrangler
0,0.05526614189147949,0.060280561447143555,0.0037151046946078915
