,gb_opt,gb_ipw_opt,wrangler
0,0.2450847625732422,0.2552649974822998,0.0027798091725477906
