,gb_opt,gb_ipw_opt,wrangler
0,0.055489301681518555,0.06344962120056152,0.005830556918413211
