,gb_opt,gb_ipw_opt,wrangler
0,0.22537970542907715,0.2362973690032959,0.0028373027334407885
