,gb_opt,gb_ipw_opt,wrangler
0,0.03273773193359375,0.0365290641784668,0.005557213300540123
