,gb_opt,gb_ipw_opt,wrangler
0,0.062409400939941406,0.06723999977111816,0.006441931122715033
