,gb_opt,gb_ipw_opt,wrangler
0,0.05711960792541504,0.06237673759460449,0.00411388920802696
