,gb_opt,gb_ipw_opt,wrangler
0,0.09950995445251465,0.10681819915771484,0.0031378961378528227
