,gb_opt,gb_ipw_opt,wrangler
0,0.2277514934539795,0.23784136772155762,0.0025510787963867188
