,gb_opt,gb_ipw_opt,wrangler
0,0.05370330810546875,0.05975675582885742,0.0036909610410279865
