,gb_opt,gb_ipw_opt,wrangler
0,0.045816659927368164,0.05187368392944336,0.005054473876953125
