,gb_opt,gb_ipw_opt,wrangler
0,0.05528545379638672,0.06252670288085938,0.005160507402921978
