,gb_opt,gb_ipw_opt,wrangler
0,0.1244664192199707,0.13132739067077637,0.0011724233627319336
