,gb_opt,gb_ipw_opt,wrangler
0,0.043326377868652344,0.04832625389099121,0.006020069122314453
