,gb_opt,gb_ipw_opt,wrangler
0,0.05079770088195801,0.05575060844421387,0.004005132231322475
