,gb_opt,gb_ipw_opt,wrangler
0,0.03284931182861328,0.03621339797973633,0.0058397834683641976
