,gb_opt,gb_ipw_opt,wrangler
0,0.2269423007965088,0.23387718200683594,0.002081070713062382
