,gb_opt,gb_ipw_opt,wrangler
0,0.2621629238128662,0.2715330123901367,0.002920810617468374
