,gb_opt,gb_ipw_opt,wrangler
0,0.054711103439331055,0.06192779541015625,0.0053832405491879105
