,gb_opt,gb_ipw_opt,wrangler
0,0.06257963180541992,0.07108378410339355,0.004785625558150442
