,gb_opt,gb_ipw_opt,wrangler
0,0.0619196891784668,0.07115578651428223,0.005486743902069291
