,gb_opt,gb_ipw_opt,wrangler
0,0.050848960876464844,0.057927846908569336,0.005775376370078639
