,gb_opt,gb_ipw_opt,wrangler
0,0.054340362548828125,0.06093025207519531,0.00444525166561729
