,gb_opt,gb_ipw_opt,wrangler
0,0.09329438209533691,0.1018834114074707,0.00312943612375567
