,gb_opt,gb_ipw_opt,wrangler
0,0.05534839630126953,0.06230878829956055,0.005806747235749897
