,gb_opt,gb_ipw_opt,wrangler
0,0.03338050842285156,0.03702807426452637,0.005591206434296399
