,gb_opt,gb_ipw_opt,wrangler
0,0.0573575496673584,0.06170821189880371,0.003950936453683036
