,gb_opt,gb_ipw_opt,wrangler
0,0.14113640785217285,0.15390706062316895,0.004035493601923404
