,gb_opt,gb_ipw_opt,wrangler
0,0.04987215995788574,0.05474972724914551,0.003590122345955141
