,gb_opt,gb_ipw_opt,wrangler
0,0.055969953536987305,0.06346726417541504,0.0053000005876055415
