,gb_opt,gb_ipw_opt,wrangler
0,0.03580427169799805,0.04003715515136719,0.006464123725891113
