,gb_opt,gb_ipw_opt,wrangler
0,0.0932307243347168,0.0997772216796875,0.0050555575977672225
