,gb_opt,gb_ipw_opt,wrangler
0,0.05409383773803711,0.06281447410583496,0.010210467923072078
