,gb_opt,gb_ipw_opt,wrangler
0,0.053893327713012695,0.0583651065826416,0.003579415773090563
