,gb_opt,gb_ipw_opt,wrangler
0,0.03305506706237793,0.03597283363342285,0.0057637691497802734
