,gb_opt,gb_ipw_opt,wrangler
0,0.06452679634094238,0.06994390487670898,0.003018849332567672
