,gb_opt,gb_ipw_opt,wrangler
0,0.053771257400512695,0.06049203872680664,0.0049874186515808105
