,gb_opt,gb_ipw_opt,wrangler
0,0.06925296783447266,0.07792973518371582,0.0041368531017768675
