,gb_opt,gb_ipw_opt,wrangler
0,0.06017160415649414,0.06566095352172852,0.0039050781648922585
