,gb_opt,gb_ipw_opt,wrangler
0,0.4814949035644531,0.5363953113555908,0.003329823526103845
