,gb_opt,gb_ipw_opt,wrangler
0,0.05109763145446777,0.05857276916503906,0.004785401480538505
