,gb_opt,gb_ipw_opt,wrangler
0,0.1088249683380127,0.1181032657623291,0.005841848269030822
