,gb_opt,gb_ipw_opt,wrangler
0,0.05227541923522949,0.05727529525756836,0.0031991438432173295
