,gb_opt,gb_ipw_opt,wrangler
0,0.055420875549316406,0.0629119873046875,0.005407211108085437
