,gb_opt,gb_ipw_opt,wrangler
0,0.07883787155151367,0.08506655693054199,0.00478727061574052
