,gb_opt,gb_ipw_opt,wrangler
0,0.05348634719848633,0.060027122497558594,0.004642414596845519
