,gb_opt,gb_ipw_opt,wrangler
0,0.035288333892822266,0.03925490379333496,0.006169448664158951
