,gb_opt,gb_ipw_opt,wrangler
0,0.06101083755493164,0.06730341911315918,0.003988360181266879
