,gb_opt,gb_ipw_opt,wrangler
0,0.039894819259643555,0.04451918601989746,0.006636977195739746
