,gb_opt,gb_ipw_opt,wrangler
0,0.07552480697631836,0.0833580493927002,0.007088367755596454
