,gb_opt,gb_ipw_opt,wrangler
0,0.037520647048950195,0.04235076904296875,0.006699562072753906
