,gb_opt,gb_ipw_opt,wrangler
0,0.0591893196105957,0.06470608711242676,0.003597010736880095
