,gb_opt,gb_ipw_opt,wrangler
0,0.0920858383178711,0.10065245628356934,0.0034436535605280347
