,gb_opt,gb_ipw_opt,wrangler
0,0.04922199249267578,0.05447840690612793,0.0036947188838835684
