,gb_opt,gb_ipw_opt,wrangler
0,0.04099774360656738,0.04482913017272949,0.00524750122657189
