,gb_opt,gb_ipw_opt,wrangler
0,0.05474543571472168,0.06210756301879883,0.00503156092259791
