,gb_opt,gb_ipw_opt,wrangler
0,0.034342050552368164,0.03816628456115723,0.006115436553955078
