,gb_opt,gb_ipw_opt,wrangler
0,0.050061702728271484,0.05523538589477539,0.0031936315842616705
