,gb_opt,gb_ipw_opt,wrangler
0,0.049907684326171875,0.05522465705871582,0.004032989601036171
