,gb_opt,gb_ipw_opt,wrangler
0,0.055240631103515625,0.06301140785217285,0.0050377536129641845
