,gb_opt,gb_ipw_opt,wrangler
0,0.05377650260925293,0.05867123603820801,0.004112720489501953
