,gb_opt,gb_ipw_opt,wrangler
0,0.19977211952209473,0.21135258674621582,0.004576676643934826
