,gb_opt,gb_ipw_opt,wrangler
0,0.05394291877746582,0.05990147590637207,0.004559178506174395
