,gb_opt,gb_ipw_opt,wrangler
0,0.05260753631591797,0.05975675582885742,0.0054306454128689235
