,gb_opt,gb_ipw_opt,wrangler
0,0.04243779182434082,0.04913520812988281,0.007860731370378248
