,gb_opt,gb_ipw_opt,wrangler
0,0.21318578720092773,0.22160077095031738,0.0030332623106060605
