,gb_opt,gb_ipw_opt,wrangler
0,0.05485391616821289,0.062445640563964844,0.004225969314575195
