,gb_opt,gb_ipw_opt,wrangler
0,0.0515141487121582,0.056870460510253906,0.0032016209193638395
