,gb_opt,gb_ipw_opt,wrangler
0,0.05278730392456055,0.058022260665893555,0.004029893255853033
