,gb_opt,gb_ipw_opt,wrangler
0,0.055613040924072266,0.06380605697631836,0.005976047391205832
