,gb_opt,gb_ipw_opt,wrangler
0,0.052477359771728516,0.05915689468383789,0.005264031259637129
