,gb_opt,gb_ipw_opt,wrangler
0,0.03852581977844238,0.04502558708190918,0.007779327864499436
