,gb_opt,gb_ipw_opt,wrangler
0,0.05078864097595215,0.057886362075805664,0.004243559953643054
