,gb_opt,gb_ipw_opt,wrangler
0,0.08742046356201172,0.09405183792114258,0.0033747582208542596
