,gb_opt,gb_ipw_opt,wrangler
0,0.04956388473510742,0.054097652435302734,0.0034093856811523438
