,gb_opt,gb_ipw_opt,wrangler
0,0.054482221603393555,0.06004667282104492,0.005405712751002094
