,gb_opt,gb_ipw_opt,wrangler
0,0.04618096351623535,0.0513308048248291,0.005358631171069099
