,gb_opt,gb_ipw_opt,wrangler
0,0.03452181816101074,0.038313865661621094,0.006401538848876953
