,gb_opt,gb_ipw_opt,wrangler
0,0.0815267562866211,0.08932375907897949,0.004895933114798965
