,gb_opt,gb_ipw_opt,wrangler
0,0.05449628829956055,0.06055140495300293,0.0041419384526271445
