,gb_opt,gb_ipw_opt,wrangler
0,0.04885697364807129,0.054860591888427734,0.005823261332961748
