,gb_opt,gb_ipw_opt,wrangler
0,0.2551262378692627,0.2702627182006836,0.00727161857652368
