,gb_opt,gb_ipw_opt,wrangler
0,0.08287644386291504,0.09334945678710938,0.006018218046389752
