,gb_opt,gb_ipw_opt,wrangler
0,0.03456377983093262,0.03800082206726074,0.0056236982345581055
