,gb_opt,gb_ipw_opt,wrangler
0,0.14880609512329102,0.1597740650177002,0.0028659900029500327
