,gb_opt,gb_ipw_opt,wrangler
0,0.07772970199584961,0.08345460891723633,0.0025388671130668825
