,gb_opt,gb_ipw_opt,wrangler
0,0.07835078239440918,0.08497047424316406,0.004076957702636719
