,gb_opt,gb_ipw_opt,wrangler
0,0.05448722839355469,0.06145811080932617,0.004085839963426777
