,gb_opt,gb_ipw_opt,wrangler
0,0.05347561836242676,0.058875083923339844,0.004318199659648694
