,gb_opt,gb_ipw_opt,wrangler
0,0.2017824649810791,0.21373462677001953,0.0023011411173959797
