,gb_opt,gb_ipw_opt,wrangler
0,0.0741419792175293,0.08181881904602051,0.008368732953312422
