,gb_opt,gb_ipw_opt,wrangler
0,0.050859689712524414,0.05571317672729492,0.0047060399273641754
