,gb_opt,gb_ipw_opt,wrangler
0,0.08748245239257812,0.09456896781921387,0.005612247868588096
