,gb_opt,gb_ipw_opt,wrangler
0,0.05092740058898926,0.057318687438964844,0.005107421379584771
