,gb_opt,gb_ipw_opt,wrangler
0,0.04278874397277832,0.04989314079284668,0.007019852692226194
