,gb_opt,gb_ipw_opt,wrangler
0,0.05127382278442383,0.0578312873840332,0.004277084812973484
