,gb_opt,gb_ipw_opt,wrangler
0,0.034180402755737305,0.03826904296875,0.006464123725891113
