,gb_opt,gb_ipw_opt,wrangler
0,0.09982967376708984,0.10642361640930176,0.0026271893427922176
