,gb_opt,gb_ipw_opt,wrangler
0,0.08277463912963867,0.09076666831970215,0.011773485886423211
