,gb_opt,gb_ipw_opt,wrangler
0,0.04265189170837402,0.04648542404174805,0.00490262670424378
