,gb_opt,gb_ipw_opt,wrangler
0,0.04761338233947754,0.0523524284362793,0.003340936476184476
