,gb_opt,gb_ipw_opt,wrangler
0,0.04708600044250488,0.05256152153015137,0.005164513221153846
