,gb_opt,gb_ipw_opt,wrangler
0,0.05450606346130371,0.058423757553100586,0.0032371615771181095
