,gb_opt,gb_ipw_opt,wrangler
0,0.06083393096923828,0.06830978393554688,0.005071393905147429
