,gb_opt,gb_ipw_opt,wrangler
0,0.05481767654418945,0.06243610382080078,0.004708766937255859
