,gb_opt,gb_ipw_opt,wrangler
0,0.7145028114318848,0.745800256729126,0.018320103527857515
