,gb_opt,gb_ipw_opt,wrangler
0,0.05626964569091797,0.06402945518493652,0.005485165503717238
