,gb_opt,gb_ipw_opt,wrangler
0,0.036606788635253906,0.0396578311920166,0.0053370992342631025
