,gb_opt,gb_ipw_opt,wrangler
0,0.10262680053710938,0.11110734939575195,0.003382609440730168
