,gb_opt,gb_ipw_opt,wrangler
0,0.05621075630187988,0.06109905242919922,0.0036488408627717395
