,gb_opt,gb_ipw_opt,wrangler
0,0.033184051513671875,0.036550045013427734,0.005015204934512868
