,gb_opt,gb_ipw_opt,wrangler
0,0.11207842826843262,0.11997151374816895,0.001972062247140067
