,gb_opt,gb_ipw_opt,wrangler
0,0.07149815559387207,0.07938313484191895,0.003985660832102706
