,gb_opt,gb_ipw_opt,wrangler
0,0.052114009857177734,0.055226802825927734,0.003766703915286374
