,gb_opt,gb_ipw_opt,wrangler
0,0.0731515884399414,0.08098864555358887,0.0039494555929432745
