,gb_opt,gb_ipw_opt,wrangler
0,0.04760861396789551,0.053450822830200195,0.004182195967170083
