,gb_opt,gb_ipw_opt,wrangler
0,0.05312681198120117,0.05819106101989746,0.00400697031328755
