,gb_opt,gb_ipw_opt,wrangler
0,0.050745248794555664,0.05658221244812012,0.004537795719347502
