,gb_opt,gb_ipw_opt,wrangler
0,0.06154298782348633,0.07087206840515137,0.004635266731121789
