,gb_opt,gb_ipw_opt,wrangler
0,0.052747488021850586,0.0566556453704834,0.0042100870831412555
