,gb_opt,gb_ipw_opt,wrangler
0,0.055028676986694336,0.06333255767822266,0.005595386028289795
