,gb_opt,gb_ipw_opt,wrangler
0,0.05539870262145996,0.06225132942199707,0.0048705509730747765
