,gb_opt,gb_ipw_opt,wrangler
0,0.05283617973327637,0.05736231803894043,0.010567903518676758
