,gb_opt,gb_ipw_opt,wrangler
0,0.0496525764465332,0.05603671073913574,0.00518521954936366
