,gb_opt,gb_ipw_opt,wrangler
0,0.0615537166595459,0.06647372245788574,0.003321570639284501
