,gb_opt,gb_ipw_opt,wrangler
0,0.10344362258911133,0.11247897148132324,0.0057951609293619795
