,gb_opt,gb_ipw_opt,wrangler
0,0.06789565086364746,0.07343602180480957,0.003829743098286749
