,gb_opt,gb_ipw_opt,wrangler
0,0.0524599552154541,0.057300567626953125,0.004660849477730546
