,gb_opt,gb_ipw_opt,wrangler
0,0.20689702033996582,0.21831607818603516,0.0026253136721524324
