,gb_opt,gb_ipw_opt,wrangler
0,0.05276036262512207,0.05724501609802246,0.004280626384261387
