,gb_opt,gb_ipw_opt,wrangler
0,0.03984999656677246,0.04432559013366699,0.00569314667672822
