,gb_opt,gb_ipw_opt,wrangler
0,0.06393909454345703,0.06864309310913086,0.002719823596546951
