,gb_opt,gb_ipw_opt,wrangler
0,0.049924612045288086,0.05361127853393555,0.004594263277555767
