,gb_opt,gb_ipw_opt,wrangler
0,0.08713507652282715,0.09697604179382324,0.0067097800118582586
