,gb_opt,gb_ipw_opt,wrangler
0,0.07120394706726074,0.07687258720397949,0.004327142393434202
