,gb_opt,gb_ipw_opt,wrangler
0,0.22980904579162598,0.23984909057617188,0.002683807606898048
