,gb_opt,gb_ipw_opt,wrangler
0,0.06988835334777832,0.07777166366577148,0.0034995195342273247
