,gb_opt,gb_ipw_opt,wrangler
0,0.052716970443725586,0.05747222900390625,0.004129532055977063
