,gb_opt,gb_ipw_opt,wrangler
0,0.05476522445678711,0.059728145599365234,0.003233822909268466
