,gb_opt,gb_ipw_opt,wrangler
0,0.09662055969238281,0.10701489448547363,0.005901239480182624
