,gb_opt,gb_ipw_opt,wrangler
0,0.20532751083374023,0.21644806861877441,0.002474983282678515
