,gb_opt,gb_ipw_opt,wrangler
0,0.05280780792236328,0.05718111991882324,0.0037109697019899047
