,gb_opt,gb_ipw_opt,wrangler
0,0.05534052848815918,0.06332969665527344,0.005239210788558864
