,gb_opt,gb_ipw_opt,wrangler
0,0.08250284194946289,0.08925795555114746,0.004452700055511304
