,gb_opt,gb_ipw_opt,wrangler
0,0.03237318992614746,0.03544330596923828,0.00585544677007766
