,gb_opt,gb_ipw_opt,wrangler
0,0.0615391731262207,0.06895995140075684,0.0046873404309640525
