,gb_opt,gb_ipw_opt,wrangler
0,0.06633305549621582,0.07679271697998047,0.014230608940124512
