,gb_opt,gb_ipw_opt,wrangler
0,0.1360635757446289,0.14516568183898926,0.004516962247017102
