,gb_opt,gb_ipw_opt,wrangler
0,0.032454490661621094,0.035212039947509766,0.005397451929299228
