,gb_opt,gb_ipw_opt,wrangler
0,0.05330801010131836,0.058458805084228516,0.0036074445138569748
