,gb_opt,gb_ipw_opt,wrangler
0,0.06784486770629883,0.0741586685180664,0.0033355565462711355
