,gb_opt,gb_ipw_opt,wrangler
0,0.0353701114654541,0.039212942123413086,0.006372545972282504
