,gb_opt,gb_ipw_opt,wrangler
0,0.04981875419616699,0.05401778221130371,0.0031477485606872958
