,gb_opt,gb_ipw_opt,wrangler
0,0.056012630462646484,0.0641012191772461,0.0057932618376496554
