,gb_opt,gb_ipw_opt,wrangler
0,0.1950397491455078,0.20491695404052734,0.0034234870737480704
