,gb_opt,gb_ipw_opt,wrangler
0,0.033029794692993164,0.03629255294799805,0.0055342912673950195
