,gb_opt,gb_ipw_opt,wrangler
0,0.3171358108520508,0.3354954719543457,0.0037278362255000587
