,gb_opt,gb_ipw_opt,wrangler
0,0.20105648040771484,0.2093067169189453,0.002801045309169421
