,gb_opt,gb_ipw_opt,wrangler
0,0.053127288818359375,0.05822443962097168,0.003462453042307208
