,gb_opt,gb_ipw_opt,wrangler
0,0.20253491401672363,0.21231961250305176,0.002465224618394974
