,gb_opt,gb_ipw_opt,wrangler
0,0.06078529357910156,0.06862401962280273,0.0041455933541962595
