,gb_opt,gb_ipw_opt,wrangler
0,0.0538022518157959,0.06061911582946777,0.004657917777023746
