,gb_opt,gb_ipw_opt,wrangler
0,0.0832817554473877,0.09254193305969238,0.0076216030744166155
