,gb_opt,gb_ipw_opt,wrangler
0,0.06363081932067871,0.06848406791687012,0.003014802932739258
