,gb_opt,gb_ipw_opt,wrangler
0,0.036284446716308594,0.04072976112365723,0.006243034645363137
