,gb_opt,gb_ipw_opt,wrangler
0,0.05873417854309082,0.0641634464263916,0.00332419280033962
