,gb_opt,gb_ipw_opt,wrangler
0,0.04742002487182617,0.05143380165100098,0.003255270664988
