,gb_opt,gb_ipw_opt,wrangler
0,0.046685218811035156,0.050661325454711914,0.0029647505128538453
