,gb_opt,gb_ipw_opt,wrangler
0,0.06793355941772461,0.07252287864685059,0.002411402523789776
