,gb_opt,gb_ipw_opt,wrangler
0,0.09236860275268555,0.10106992721557617,0.00274689471135374
