,gb_opt,gb_ipw_opt,wrangler
0,0.09394335746765137,0.10108494758605957,0.0024681150727554274
