,gb_opt,gb_ipw_opt,wrangler
0,0.1918487548828125,0.20171236991882324,0.002760860873976358
