,gb_opt,gb_ipw_opt,wrangler
0,0.05397224426269531,0.06202578544616699,0.0052034854888916016
