,gb_opt,gb_ipw_opt,wrangler
0,0.04682564735412598,0.052863359451293945,0.006040701499352088
