,gb_opt,gb_ipw_opt,wrangler
0,0.05226755142211914,0.056290388107299805,0.003551181993986431
