,gb_opt,gb_ipw_opt,wrangler
0,0.20351052284240723,0.2149035930633545,0.0027708346477608556
