,gb_opt,gb_ipw_opt,wrangler
0,0.05323290824890137,0.06063270568847656,0.00507057092751667
