,gb_opt,gb_ipw_opt,wrangler
0,0.049983978271484375,0.053351402282714844,0.003513766498100467
