,gb_opt,gb_ipw_opt,wrangler
0,0.055364370346069336,0.06157350540161133,0.005827500269963192
