,gb_opt,gb_ipw_opt,wrangler
0,0.03253531455993652,0.03658437728881836,0.005285914351300496
