,gb_opt,gb_ipw_opt,wrangler
0,0.03830862045288086,0.04124712944030762,0.00459234291147963
