,gb_opt,gb_ipw_opt,wrangler
0,0.0537416934967041,0.05930948257446289,0.004542419333863103
