,gb_opt,gb_ipw_opt,wrangler
0,0.05065274238586426,0.05507397651672363,0.0036331915086315523
