,gb_opt,gb_ipw_opt,wrangler
0,0.05322098731994629,0.05758810043334961,0.0027478074228297397
