,gb_opt,gb_ipw_opt,wrangler
0,0.049867868423461914,0.054160356521606445,0.0030886043201793327
