,gb_opt,gb_ipw_opt,wrangler
0,0.03366827964782715,0.036865949630737305,0.005748867988586426
