,gb_opt,gb_ipw_opt,wrangler
0,0.0800619125366211,0.08602237701416016,0.002887733744387805
