,gb_opt,gb_ipw_opt,wrangler
0,0.035930633544921875,0.04021000862121582,0.006493226981457368
