,gb_opt,gb_ipw_opt,wrangler
0,0.04263758659362793,0.04971480369567871,0.006370055369841747
