,gb_opt,gb_ipw_opt,wrangler
0,0.24106287956237793,0.25328779220581055,0.003125368844250979
