,gb_opt,gb_ipw_opt,wrangler
0,0.05198240280151367,0.05619502067565918,0.0031416929220851463
