,gb_opt,gb_ipw_opt,wrangler
0,0.06084799766540527,0.06686043739318848,0.003797443289505808
