,gb_opt,gb_ipw_opt,wrangler
0,0.08164429664611816,0.09183788299560547,0.007425258362215329
