,gb_opt,gb_ipw_opt,wrangler
0,0.049269676208496094,0.053835391998291016,0.003008688649823589
