,gb_opt,gb_ipw_opt,wrangler
0,0.39066219329833984,0.4118943214416504,0.0019056557198247966
