,gb_opt,gb_ipw_opt,wrangler
0,0.05194973945617676,0.05918288230895996,0.005232903265183972
