,gb_opt,gb_ipw_opt,wrangler
0,0.05059313774108887,0.055193185806274414,0.00387124526195037
