,gb_opt,gb_ipw_opt,wrangler
0,0.06197667121887207,0.0699923038482666,0.005209600770628298
