,gb_opt,gb_ipw_opt,wrangler
0,0.0499882698059082,0.05414390563964844,0.0032961368560791016
