,gb_opt,gb_ipw_opt,wrangler
0,0.05387425422668457,0.05953526496887207,0.004270274168366839
