,gb_opt,gb_ipw_opt,wrangler
0,0.06617951393127441,0.07132935523986816,0.0034211908729331005
