,gb_opt,gb_ipw_opt,wrangler
0,0.20083308219909668,0.2087998390197754,0.0027490339998261742
