,gb_opt,gb_ipw_opt,wrangler
0,0.0520021915435791,0.05844378471374512,0.005740868417840254
