,gb_opt,gb_ipw_opt,wrangler
0,0.052956342697143555,0.060250043869018555,0.004669766367217641
