,gb_opt,gb_ipw_opt,wrangler
0,0.2694556713104248,0.28342413902282715,0.007329917535549257
