,gb_opt,gb_ipw_opt,wrangler
0,0.05264854431152344,0.05884099006652832,0.004412312256662469
