,gb_opt,gb_ipw_opt,wrangler
0,0.05591726303100586,0.06186532974243164,0.004439200124432964
