,gb_opt,gb_ipw_opt,wrangler
0,0.08222150802612305,0.09111928939819336,0.006700331164944556
