,gb_opt,gb_ipw_opt,wrangler
0,0.19606566429138184,0.20773959159851074,0.004653943854578633
