,gb_opt,gb_ipw_opt,wrangler
0,0.04703950881958008,0.051694393157958984,0.0033147873417023687
