,gb_opt,gb_ipw_opt,wrangler
0,0.05237317085266113,0.05742239952087402,0.0037562462591355845
