,gb_opt,gb_ipw_opt,wrangler
0,0.05015301704406738,0.05437803268432617,0.003535496561150802
