,gb_opt,gb_ipw_opt,wrangler
0,0.05338716506958008,0.05925941467285156,0.004289976132461448
