,gb_opt,gb_ipw_opt,wrangler
0,0.078857421875,0.08553004264831543,0.004793862876652171
