,gb_opt,gb_ipw_opt,wrangler
0,0.20149493217468262,0.2094573974609375,0.002057101596054153
