,gb_opt,gb_ipw_opt,wrangler
0,0.052872419357299805,0.0574796199798584,0.0035577006154246145
