,gb_opt,gb_ipw_opt,wrangler
0,0.09162306785583496,0.10038900375366211,0.00692037195941202
