,gb_opt,gb_ipw_opt,wrangler
0,0.07722878456115723,0.0868222713470459,0.006932587850661505
