,gb_opt,gb_ipw_opt,wrangler
0,0.05507254600524902,0.06252169609069824,0.004956924837399152
