,gb_opt,gb_ipw_opt,wrangler
0,0.22007155418395996,0.2276296615600586,0.001373809434279445
