,gb_opt,gb_ipw_opt,wrangler
0,0.03571939468383789,0.0391697883605957,0.004659578638169372
