,gb_opt,gb_ipw_opt,wrangler
0,0.05236339569091797,0.05584716796875,0.0032739701613881227
