,gb_opt,gb_ipw_opt,wrangler
0,0.03751397132873535,0.041095733642578125,0.005575517813364665
