,gb_opt,gb_ipw_opt,wrangler
0,0.052504539489746094,0.05917644500732422,0.005669063991970486
