,gb_opt,gb_ipw_opt,wrangler
0,0.05469846725463867,0.06183362007141113,0.010003214297087297
