,gb_opt,gb_ipw_opt,wrangler
0,0.06057119369506836,0.06636881828308105,0.004007925395092933
