,gb_opt,gb_ipw_opt,wrangler
0,0.03810405731201172,0.043138980865478516,0.006669759750366211
