,gb_opt,gb_ipw_opt,wrangler
0,0.05911898612976074,0.06592345237731934,0.004759486417592683
