,gb_opt,gb_ipw_opt,wrangler
0,0.25127530097961426,0.2660362720489502,0.004504589324301862
