,gb_opt,gb_ipw_opt,wrangler
0,0.0550537109375,0.061737060546875,0.004222518519351357
