,gb_opt,gb_ipw_opt,wrangler
0,0.052376747131347656,0.05724382400512695,0.0038614460066253064
