,gb_opt,gb_ipw_opt,wrangler
0,0.052785396575927734,0.05985450744628906,0.0049560300765498985
