,gb_opt,gb_ipw_opt,wrangler
0,0.10224723815917969,0.11197018623352051,0.004859418159163886
