,gb_opt,gb_ipw_opt,wrangler
0,0.11972332000732422,0.1256551742553711,0.0023684658847012365
