,gb_opt,gb_ipw_opt,wrangler
0,0.20259785652160645,0.2116105556488037,0.002780050601599351
