,gb_opt,gb_ipw_opt,wrangler
0,0.2464461326599121,0.2618982791900635,0.0036797971806974495
