,gb_opt,gb_ipw_opt,wrangler
0,0.046616554260253906,0.05041360855102539,0.0030160681601682326
