,gb_opt,gb_ipw_opt,wrangler
0,0.03766512870788574,0.04201364517211914,0.00645790571047936
