,gb_opt,gb_ipw_opt,wrangler
0,0.07330441474914551,0.08116269111633301,0.004319311345665201
