,gb_opt,gb_ipw_opt,wrangler
0,0.034819602966308594,0.038527727127075195,0.006404519081115723
