,gb_opt,gb_ipw_opt,wrangler
0,0.31987500190734863,0.3432614803314209,0.006463595630215594
