,gb_opt,gb_ipw_opt,wrangler
0,0.0969843864440918,0.10728621482849121,0.00528869388988183
