,gb_opt,gb_ipw_opt,wrangler
0,0.03998708724975586,0.04450368881225586,0.006304846869574652
