,gb_opt,gb_ipw_opt,wrangler
0,0.04733133316040039,0.052161455154418945,0.003958677316640879
