,gb_opt,gb_ipw_opt,wrangler
0,0.06186199188232422,0.06842565536499023,0.0038758704536839537
