,gb_opt,gb_ipw_opt,wrangler
0,0.05218338966369629,0.05679917335510254,0.003319282036323052
