,gb_opt,gb_ipw_opt,wrangler
0,0.21615362167358398,0.22940349578857422,0.004961683943464949
