,gb_opt,gb_ipw_opt,wrangler
0,0.054300785064697266,0.059003353118896484,0.003601453319099379
