,gb_opt,gb_ipw_opt,wrangler
0,0.05496382713317871,0.06439852714538574,0.011162585522755083
