,gb_opt,gb_ipw_opt,wrangler
0,0.046723127365112305,0.053526878356933594,0.005711208690296519
