,gb_opt,gb_ipw_opt,wrangler
0,0.053122758865356445,0.06068134307861328,0.0051981324602843855
