,gb_opt,gb_ipw_opt,wrangler
0,0.07839488983154297,0.08489227294921875,0.004523027981959932
