,gb_opt,gb_ipw_opt,wrangler
0,0.053955078125,0.059854984283447266,0.0043344793852812015
