,gb_opt,gb_ipw_opt,wrangler
0,0.10487055778503418,0.11506438255310059,0.005418062210083008
