,gb_opt,gb_ipw_opt,wrangler
0,0.041429996490478516,0.046331167221069336,0.005096470544097621
