,gb_opt,gb_ipw_opt,wrangler
0,0.058426856994628906,0.06720519065856934,0.0059426941486619275
