,gb_opt,gb_ipw_opt,wrangler
0,0.20186829566955566,0.21088242530822754,0.002532787108152769
