,gb_opt,gb_ipw_opt,wrangler
0,0.05174851417541504,0.05661463737487793,0.003522634506225586
