,gb_opt,gb_ipw_opt,wrangler
0,0.05450844764709473,0.061722517013549805,0.005071676230128807
