,gb_opt,gb_ipw_opt,wrangler
0,0.08136510848999023,0.09058308601379395,0.007034916626779656
