,gb_opt,gb_ipw_opt,wrangler
0,0.06130027770996094,0.06763434410095215,0.0040454249228200605
