,gb_opt,gb_ipw_opt,wrangler
0,0.04006624221801758,0.043744802474975586,0.0048073438497690055
