,gb_opt,gb_ipw_opt,wrangler
0,0.0602564811706543,0.06729722023010254,0.005047305736666411
