,gb_opt,gb_ipw_opt,wrangler
0,0.0543367862701416,0.061335086822509766,0.004457800011885793
