,gb_opt,gb_ipw_opt,wrangler
0,0.053795814514160156,0.0584714412689209,0.0035115425160389072
