,gb_opt,gb_ipw_opt,wrangler
0,0.050644874572753906,0.056411027908325195,0.004326042376066509
