,gb_opt,gb_ipw_opt,wrangler
0,0.04848909378051758,0.05626511573791504,0.006888310114542643
