,gb_opt,gb_ipw_opt,wrangler
0,0.2209622859954834,0.2284691333770752,0.0029583001166619406
