,gb_opt,gb_ipw_opt,wrangler
0,0.05992269515991211,0.06562972068786621,0.003940180728310033
