,gb_opt,gb_ipw_opt,wrangler
0,0.05303621292114258,0.057817697525024414,0.003449524505228936
