,gb_opt,gb_ipw_opt,wrangler
0,0.05089449882507324,0.05537009239196777,0.003909762901595876
