,gb_opt,gb_ipw_opt,wrangler
0,0.21429824829101562,0.2270491123199463,0.0055997268013332204
