,gb_opt,gb_ipw_opt,wrangler
0,0.060538530349731445,0.06736421585083008,0.0037591434219508496
