,gb_opt,gb_ipw_opt,wrangler
0,0.05400681495666504,0.06123042106628418,0.0055730342864990234
