,gb_opt,gb_ipw_opt,wrangler
0,0.049605369567871094,0.053159236907958984,0.0039213582089072775
