,gb_opt,gb_ipw_opt,wrangler
0,0.05363726615905762,0.06036090850830078,0.005337147930868311
