,gb_opt,gb_ipw_opt,wrangler
0,0.049796342849731445,0.0555417537689209,0.003583503491950758
