,gb_opt,gb_ipw_opt,wrangler
0,0.05055642127990723,0.055710792541503906,0.004134639616935484
