,gb_opt,gb_ipw_opt,wrangler
0,0.05054116249084473,0.05713629722595215,0.004616222883525647
