,gb_opt,gb_ipw_opt,wrangler
0,0.04936790466308594,0.053552865982055664,0.003140223653692948
