,gb_opt,gb_ipw_opt,wrangler
0,0.2362978458404541,0.24548888206481934,0.0029968421644406018
