,gb_opt,gb_ipw_opt,wrangler
0,0.03959846496582031,0.04445075988769531,0.00629425048828125
