,gb_opt,gb_ipw_opt,wrangler
0,0.05623149871826172,0.06290555000305176,0.004215538501739502
