,gb_opt,gb_ipw_opt,wrangler
0,0.053877830505371094,0.05981898307800293,0.004771447950793851
