,gb_opt,gb_ipw_opt,wrangler
0,0.04934954643249512,0.05390453338623047,0.0035608968427104336
