,gb_opt,gb_ipw_opt,wrangler
0,0.03836345672607422,0.04149341583251953,0.004868641077915085
