,gb_opt,gb_ipw_opt,wrangler
0,0.05275273323059082,0.05875229835510254,0.004289976132461448
