,gb_opt,gb_ipw_opt,wrangler
0,0.0532987117767334,0.057701826095581055,0.004139385725322522
