,gb_opt,gb_ipw_opt,wrangler
0,0.055052995681762695,0.06295371055603027,0.005123662013633578
