,gb_opt,gb_ipw_opt,wrangler
0,0.06397819519042969,0.07358646392822266,0.008985147637836003
