,gb_opt,gb_ipw_opt,wrangler
0,0.05261993408203125,0.059265851974487305,0.004560519487429888
