,gb_opt,gb_ipw_opt,wrangler
0,0.05459904670715332,0.060054779052734375,0.0035241246223449707
