,gb_opt,gb_ipw_opt,wrangler
0,0.04969215393066406,0.055014848709106445,0.003282125894125406
