,gb_opt,gb_ipw_opt,wrangler
0,0.08343935012817383,0.09342074394226074,0.006241134450405459
