,gb_opt,gb_ipw_opt,wrangler
0,0.04969453811645508,0.0545654296875,0.003309189518795738
