,gb_opt,gb_ipw_opt,wrangler
0,0.07073736190795898,0.07735204696655273,0.003413926987420945
