,gb_opt,gb_ipw_opt,wrangler
0,0.045479774475097656,0.05070090293884277,0.005396044984155772
