,gb_opt,gb_ipw_opt,wrangler
0,0.20572113990783691,0.21425437927246094,0.002930260667897234
