,gb_opt,gb_ipw_opt,wrangler
0,0.05626106262207031,0.061553239822387695,0.00476837158203125
