,gb_opt,gb_ipw_opt,wrangler
0,0.0908515453338623,0.09948110580444336,0.0032808469689410663
