,gb_opt,gb_ipw_opt,wrangler
0,0.22355937957763672,0.23118305206298828,0.0036386202792732083
