,gb_opt,gb_ipw_opt,wrangler
0,0.05055522918701172,0.05704665184020996,0.004068399086976663
