,gb_opt,gb_ipw_opt,wrangler
0,0.08962821960449219,0.09748435020446777,0.0031139142216204075
