,gb_opt,gb_ipw_opt,wrangler
0,0.24064421653747559,0.25058650970458984,0.0015216484780118341
