,gb_opt,gb_ipw_opt,wrangler
0,0.055498361587524414,0.06328606605529785,0.005742436961123818
