,gb_opt,gb_ipw_opt,wrangler
0,0.047370195388793945,0.05451679229736328,0.0070487299273090985
