,gb_opt,gb_ipw_opt,wrangler
0,0.08581137657165527,0.09205460548400879,0.0028023644099159847
