,gb_opt,gb_ipw_opt,wrangler
0,0.2096083164215088,0.2162952423095703,0.002556110746297405
