,gb_opt,gb_ipw_opt,wrangler
0,0.05287575721740723,0.058916330337524414,0.004204974812307176
