,gb_opt,gb_ipw_opt,wrangler
0,0.04790544509887695,0.05108380317687988,0.0033363317831968647
