,gb_opt,gb_ipw_opt,wrangler
0,0.23848748207092285,0.24873757362365723,0.0023858767029241467
