,gb_opt,gb_ipw_opt,wrangler
0,0.08301568031311035,0.09047341346740723,0.0054255912178441095
