,gb_opt,gb_ipw_opt,wrangler
0,0.06379175186157227,0.06935977935791016,0.008470607253740419
