,gb_opt,gb_ipw_opt,wrangler
0,0.053203582763671875,0.05958962440490723,0.004671465966009324
