,gb_opt,gb_ipw_opt,wrangler
0,0.039282798767089844,0.04320836067199707,0.004432733776499925
