,gb_opt,gb_ipw_opt,wrangler
0,0.06664395332336426,0.0764763355255127,0.013884902000427246
