,gb_opt,gb_ipw_opt,wrangler
0,0.2615504264831543,0.27240777015686035,0.0023683237565820517
