,gb_opt,gb_ipw_opt,wrangler
0,1.4538068771362305,1.507598876953125,0.017481568062283893
