,gb_opt,gb_ipw_opt,wrangler
0,0.06094169616699219,0.06825685501098633,0.00497855638202868
