,gb_opt,gb_ipw_opt,wrangler
0,0.05361294746398926,0.06096982955932617,0.005669408030324168
