,gb_opt,gb_ipw_opt,wrangler
0,0.08116817474365234,0.08745789527893066,0.005595914779170867
