,gb_opt,gb_ipw_opt,wrangler
0,0.0532076358795166,0.05800938606262207,0.0034594068340226716
