,gb_opt,gb_ipw_opt,wrangler
0,0.05280804634094238,0.05810809135437012,0.0033818992080202528
