,gb_opt,gb_ipw_opt,wrangler
0,0.06936788558959961,0.07575345039367676,0.004009867823401163
