,gb_opt,gb_ipw_opt,wrangler
0,0.05478715896606445,0.06205892562866211,0.005930856941572202
