,gb_opt,gb_ipw_opt,wrangler
0,0.06441259384155273,0.07061910629272461,0.009638071060180664
