,gb_opt,gb_ipw_opt,wrangler
0,0.062281131744384766,0.067108154296875,0.0036443982805524555
