,gb_opt,gb_ipw_opt,wrangler
0,0.06063723564147949,0.06723761558532715,0.004016900364356705
