,gb_opt,gb_ipw_opt,wrangler
0,0.14877891540527344,0.15618634223937988,0.00644524892171224
