,gb_opt,gb_ipw_opt,wrangler
0,0.06462693214416504,0.07504749298095703,0.013956427574157715
