,gb_opt,gb_ipw_opt,wrangler
0,0.043005943298339844,0.05056262016296387,0.00957744877512862
