,gb_opt,gb_ipw_opt,wrangler
0,0.03546023368835449,0.03973507881164551,0.0062018632888793945
