,gb_opt,gb_ipw_opt,wrangler
0,0.05398440361022949,0.06130385398864746,0.004737000716359992
