,gb_opt,gb_ipw_opt,wrangler
0,0.08031582832336426,0.09149050712585449,0.004696961186358318
