,gb_opt,gb_ipw_opt,wrangler
0,0.08610725402832031,0.09202742576599121,0.001995818420026287
