,gb_opt,gb_ipw_opt,wrangler
0,0.03897523880004883,0.04294991493225098,0.004337468278517417
