,gb_opt,gb_ipw_opt,wrangler
0,0.03488016128540039,0.03845524787902832,0.005875104739342206
