,gb_opt,gb_ipw_opt,wrangler
0,0.035680294036865234,0.04001617431640625,0.006410479545593262
