,gb_opt,gb_ipw_opt,wrangler
0,0.034577131271362305,0.03818202018737793,0.006094574928283691
