,gb_opt,gb_ipw_opt,wrangler
0,0.052861928939819336,0.05785989761352539,0.0033569924625349635
