,gb_opt,gb_ipw_opt,wrangler
0,0.05580854415893555,0.06503558158874512,0.011842425276593464
