,gb_opt,gb_ipw_opt,wrangler
0,0.05256915092468262,0.05837392807006836,0.0042535696819329715
