,gb_opt,gb_ipw_opt,wrangler
0,0.05144548416137695,0.05700826644897461,0.012880348297486821
