,gb_opt,gb_ipw_opt,wrangler
0,0.05071687698364258,0.05450797080993652,0.003600889636624244
