,gb_opt,gb_ipw_opt,wrangler
0,0.09972739219665527,0.1086738109588623,0.0038237798781622025
