,gb_opt,gb_ipw_opt,wrangler
0,0.13308167457580566,0.1433427333831787,0.0040670890947837966
