,gb_opt,gb_ipw_opt,wrangler
0,0.04491686820983887,0.049675703048706055,0.005962434879019241
