,gb_opt,gb_ipw_opt,wrangler
0,0.04867124557495117,0.054833412170410156,0.004059113796402073
