,gb_opt,gb_ipw_opt,wrangler
0,0.04788780212402344,0.05149126052856445,0.0029733104090536792
