,gb_opt,gb_ipw_opt,wrangler
0,0.09142947196960449,0.09783744812011719,0.005638057535344904
