,gb_opt,gb_ipw_opt,wrangler
0,0.3489844799041748,0.3623192310333252,0.0033115936537920416
