,gb_opt,gb_ipw_opt,wrangler
0,0.051241397857666016,0.056026458740234375,0.007175263904389881
