,gb_opt,gb_ipw_opt,wrangler
0,0.05368208885192871,0.058493614196777344,0.002865357832475142
