,gb_opt,gb_ipw_opt,wrangler
0,0.06231689453125,0.07225894927978516,0.006043053919972937
