,gb_opt,gb_ipw_opt,wrangler
0,0.033429861068725586,0.03677558898925781,0.006312131881713867
