,gb_opt,gb_ipw_opt,wrangler
0,0.034010887145996094,0.038259029388427734,0.00574821379126572
