,gb_opt,gb_ipw_opt,wrangler
0,0.05239152908325195,0.056624412536621094,0.003660781474053105
