,gb_opt,gb_ipw_opt,wrangler
0,0.18954086303710938,0.2003164291381836,0.0024223595522762684
