,gb_opt,gb_ipw_opt,wrangler
0,0.051717281341552734,0.05841660499572754,0.004697787134270918
