,gb_opt,gb_ipw_opt,wrangler
0,0.12425541877746582,0.1333451271057129,0.002650479179116624
