,gb_opt,gb_ipw_opt,wrangler
0,0.05152726173400879,0.05681896209716797,0.003968279785905147
