,gb_opt,gb_ipw_opt,wrangler
0,0.08259797096252441,0.08807015419006348,0.00427450452532087
