,gb_opt,gb_ipw_opt,wrangler
0,0.0949697494506836,0.10343694686889648,0.004060660736470283
