,gb_opt,gb_ipw_opt,wrangler
0,0.03491663932800293,0.03843522071838379,0.005805492401123047
