,gb_opt,gb_ipw_opt,wrangler
0,0.03853654861450195,0.04485487937927246,0.0088388721148173
