,gb_opt,gb_ipw_opt,wrangler
0,0.49207639694213867,0.5563645362854004,0.024485960602760315
