,gb_opt,gb_ipw_opt,wrangler
0,0.2341632843017578,0.24164843559265137,0.0011676331060751467
