,gb_opt,gb_ipw_opt,wrangler
0,0.06506538391113281,0.07489681243896484,0.014901161193847656
