,gb_opt,gb_ipw_opt,wrangler
0,0.060784101486206055,0.06746530532836914,0.004591085971930088
