,gb_opt,gb_ipw_opt,wrangler
0,0.2502610683441162,0.25937867164611816,0.0011396125928890071
