,gb_opt,gb_ipw_opt,wrangler
0,0.05242753028869629,0.05750393867492676,0.0033240164479901714
