,gb_opt,gb_ipw_opt,wrangler
0,0.17071938514709473,0.17737197875976562,0.00225752592086792
