,gb_opt,gb_ipw_opt,wrangler
0,0.05539274215698242,0.0638277530670166,0.005739187103470946
