,gb_opt,gb_ipw_opt,wrangler
0,0.09409546852111816,0.10096073150634766,0.0031266031385977057
