,gb_opt,gb_ipw_opt,wrangler
0,0.048790931701660156,0.05425906181335449,0.003511383688661474
