,gb_opt,gb_ipw_opt,wrangler
0,0.05038189888000488,0.05498909950256348,0.003054251078686683
