,gb_opt,gb_ipw_opt,wrangler
0,0.0520174503326416,0.05997276306152344,0.0053090986862681265
