,gb_opt,gb_ipw_opt,wrangler
0,0.05771946907043457,0.06374359130859375,0.0037864634865208678
