,gb_opt,gb_ipw_opt,wrangler
0,0.050427913665771484,0.0548253059387207,0.0027418136596679688
