,gb_opt,gb_ipw_opt,wrangler
0,0.10964322090148926,0.12189126014709473,0.00899217345497825
