,gb_opt,gb_ipw_opt,wrangler
0,0.05363059043884277,0.05968761444091797,0.0074363890148344495
