,gb_opt,gb_ipw_opt,wrangler
0,0.20308923721313477,0.2093825340270996,0.0009142860154783323
