,gb_opt,gb_ipw_opt,wrangler
0,0.05127310752868652,0.055519819259643555,0.003079454342048325
