,gb_opt,gb_ipw_opt,wrangler
0,0.05498814582824707,0.062088966369628906,0.004763815813003832
