,gb_opt,gb_ipw_opt,wrangler
0,0.032973527908325195,0.03582572937011719,0.005748867988586426
