,gb_opt,gb_ipw_opt,wrangler
0,0.06052136421203613,0.06600093841552734,0.003726858841745477
