,gb_opt,gb_ipw_opt,wrangler
0,0.05532503128051758,0.06164669990539551,0.014735991696277297
