,gb_opt,gb_ipw_opt,wrangler
0,0.24566388130187988,0.26196956634521484,0.00723192607434674
