,gb_opt,gb_ipw_opt,wrangler
0,0.20544815063476562,0.21553397178649902,0.001974920235057869
