,gb_opt,gb_ipw_opt,wrangler
0,0.21587347984313965,0.2232670783996582,0.002577642057433022
