,gb_opt,gb_ipw_opt,wrangler
0,0.038352012634277344,0.04254317283630371,0.004701244020924984
