,gb_opt,gb_ipw_opt,wrangler
0,0.05365705490112305,0.060050249099731445,0.004718178196957237
