,gb_opt,gb_ipw_opt,wrangler
0,0.05095982551574707,0.05656862258911133,0.004765234495464124
