,gb_opt,gb_ipw_opt,wrangler
0,0.0924062728881836,0.10109138488769531,0.0032151787026414593
