,gb_opt,gb_ipw_opt,wrangler
0,0.056203603744506836,0.06390070915222168,0.0055573488536633945
