,gb_opt,gb_ipw_opt,wrangler
0,0.05357670783996582,0.05815315246582031,0.004593630014739422
