,gb_opt,gb_ipw_opt,wrangler
0,0.05333757400512695,0.05829048156738281,0.003996648286518298
