,gb_opt,gb_ipw_opt,wrangler
0,0.04089236259460449,0.0447993278503418,0.006257751841603974
