,gb_opt,gb_ipw_opt,wrangler
0,0.08118796348571777,0.08930015563964844,0.006486523535943801
