,gb_opt,gb_ipw_opt,wrangler
0,0.24309778213500977,0.2554168701171875,0.0028995434540429925
