,gb_opt,gb_ipw_opt,wrangler
0,0.05025291442871094,0.054396867752075195,0.002950797846287857
