,gb_opt,gb_ipw_opt,wrangler
0,0.049652814865112305,0.054418325424194336,0.003893663928766919
