,gb_opt,gb_ipw_opt,wrangler
0,0.042575836181640625,0.04852294921875,0.005184126294348851
