,gb_opt,gb_ipw_opt,wrangler
0,0.128371000289917,0.13883757591247559,0.0052716996934678816
