,Correlation,Causal,Wrangler_23,Wrangler_16,GB_23,GB_16
0,0.0,0.0,98.14126394052045,0.0,0.37174721189591076,0.0
1,0.0,0.0,99.07235621521335,0.0,0.1855287569573284,0.0
2,0.0,0.0,99.17627677100495,0.0,0.16474464579901155,0.0
3,0.0,29.336437718277065,99.41792782305005,0.0,0.11641443538998836,0.0
