,Correlation,Causal,Wrangler_23,Wrangler_16,GB_23,GB_16
0,0.0,0.0,0.0,97.84946236559139,0.0,100.0
1,0.0,16.964285714285715,0.0,85.71428571428571,0.0,100.0
2,0.0,25.0,0.0,80.64516129032258,0.0,100.0
3,3.571428571428571,33.57142857142857,0.0,74.28571428571429,0.0,100.0
4,3.4722222222222223,35.41666666666667,0.0,72.22222222222221,0.0,100.0
