,Correlation,Causal,Wrangler_23,Wrangler_16,GB_23,GB_16
0,0.0,0.0,0.0,100.0,0.0,100.0
1,0.0,16.470588235294116,15.294117647058824,100.0,15.294117647058824,100.0
