,Correlation,Causal,Wrangler_23,Wrangler_16,GB_23,GB_16
0,0.0,0.0,3.9301310043668125,0.0,0.0,0.0
1,0.0,0.0,5.64516129032258,0.0,16.129032258064516,0.0
2,0.0,0.0,5.343511450381679,0.0,20.610687022900763,0.0
3,0.0,0.0,5.2434456928838955,0.0,22.09737827715356,0.0
4,0.0,0.0,5.118829981718465,0.0,23.40036563071298,0.0
5,0.0,0.0,3.43980343980344,0.0,16.093366093366093,0.0
6,0.0,0.0,3.294117647058824,0.0,18.823529411764707,0.0
7,0.0,0.0,3.290246768507638,0.0,18.91891891891892,0.0
