,Correlation,Causal,Wrangler_23,Wrangler_16,GB_23,GB_16
0,0.0,0.0,0.0,0.0,0.0,0.0
1,0.0,3.7037037037037033,0.0,0.0,0.0,0.0
2,0.0,18.75,0.0,0.0,0.0,0.0
3,0.0,91.9753086419753,0.0,0.0,2.4691358024691357,0.0
4,0.0,96.11940298507463,0.0,0.0,1.1940298507462688,0.0
