,Correlation,Causal,Wrangler_23,Wrangler_16,GB_23,GB_16
0,0.0,0.0,100.0,100.0,100.0,100.0
1,89.55223880597015,89.55223880597015,100.0,100.0,100.0,100.0
2,95.83333333333334,95.83333333333334,100.0,100.0,100.0,100.0
3,97.39776951672863,97.39776951672863,100.0,100.0,100.0,100.0
4,98.1675392670157,98.1675392670157,100.0,100.0,100.0,100.0
5,98.33729216152018,98.33729216152018,100.0,100.0,100.0,100.0
6,98.39449541284404,98.39449541284404,100.0,100.0,100.0,100.0
7,98.40182648401826,98.40182648401826,100.0,100.0,100.0,100.0
8,98.4090909090909,98.4090909090909,100.0,100.0,100.0,100.0
