,Correlation,Causal,Wrangler_23,Wrangler_16,GB_23,GB_16
0,0.0,0.0,70.96774193548387,0.0,0.0,0.0
1,0.0,0.0,47.66355140186916,0.0,0.0,0.0
2,0.0,0.0,52.58899676375405,0.0,0.0,0.0
3,0.0,22.039859320046894,57.796014067995316,0.0,0.0,0.0
