,Correlation,Causal,Wrangler_23,Wrangler_16,GB_23,GB_16
0,0.0,0.0,0.0,0.0,0.0,100.0
1,0.0,0.1349527665317139,0.0,0.0,0.0,99.86504723346829
2,0.0,3.3942558746736298,0.0,0.0,0.26109660574412535,96.99738903394255
3,0.0,17.318435754189945,0.0,0.0,0.22346368715083798,87.82122905027933
