,Correlation,Causal,Wrangler_23,Wrangler_16,GB_23,GB_16
0,0.0,0.0,14.225941422594143,7.531380753138076,0.0,0.0
1,0.0,0.0,16.632443531827516,6.365503080082135,0.0,0.0
2,0.0,0.0,15.340909090909092,5.871212121212121,0.0,0.0
3,0.0,0.0,10.45510455104551,3.8130381303813037,0.0,0.0
4,0.0,0.0,9.883720930232558,3.604651162790698,0.0,0.0
