,Correlation,Causal,Wrangler_23,Wrangler_16,GB_23,GB_16
0,0.0,0.0,100.0,0.0,100.0,100.0
1,0.0,77.38095238095238,100.0,16.666666666666664,100.0,82.14285714285714
2,0.0,77.64705882352942,100.0,17.647058823529413,100.0,81.17647058823529
3,0.0,77.90697674418605,100.0,18.6046511627907,100.0,80.23255813953489
