,Correlation,Causal,Wrangler_23,Wrangler_16,GB_23,GB_16
0,0.0,0.0,2.553191489361702,0.425531914893617,0.0,0.0
1,0.0,0.0,4.3999999999999995,1.0,0.0,0.0
2,0.0,0.0,4.190476190476191,0.9523809523809524,0.0,0.0
3,0.0,0.0,4.158790170132325,0.945179584120983,0.0,0.0
4,0.0,0.0,4.014598540145985,0.9124087591240875,0.0,0.0
5,0.0,0.0,2.7261462205700124,0.6195786864931847,0.0,0.0
6,0.0,0.0,2.576112412177986,0.5854800936768151,0.0,0.0
