,Correlation,Causal,Wrangler_23,Wrangler_16,GB_23,GB_16
0,0.0,0.0,0.0,0.0,0.0,0.0
1,0.0,95.06172839506173,0.0,0.0,0.0,0.0
2,0.0,95.6989247311828,0.0,0.0,0.0,0.0
