,Correlation,Causal,Wrangler_23,Wrangler_16,GB_23,GB_16
0,0.0,0.0,100.0,0.0,0.0,0.0
1,0.0,0.0,100.0,15.151515151515152,0.0,0.0
2,0.0,4.635761589403973,100.0,21.192052980132452,0.0,0.0
3,0.0,7.096774193548387,100.0,22.58064516129032,0.0,0.0
4,0.0,6.790123456790123,100.0,24.691358024691358,0.0,0.0
5,0.0,8.484848484848486,100.0,26.060606060606062,0.0,0.0
