,Correlation,Causal,Wrangler_23,Wrangler_16,GB_23,GB_16
0,0.0,0.0,0.0,0.0,0.0,0.0
1,0.0,0.8403361344537815,0.0,0.0,0.0,0.0
2,0.0,16.312056737588655,0.0,0.0,0.0,0.0
3,0.0,22.875816993464053,0.0,0.0,0.0,0.0
4,0.0,26.70807453416149,0.0,0.0,0.0,0.0
5,0.0,26.543209876543212,0.0,0.0,0.0,0.0
