,Correlation,Causal,Wrangler_23,Wrangler_16,GB_23,GB_16
0,0.0,0.0,0.0,0.0,0.0,0.0
1,0.0,99.14893617021276,2.9787234042553195,2.127659574468085,0.0,0.0
2,0.0,46.6933867735471,5.61122244488978,3.807615230460922,0.0,0.0
3,0.0,43.55140186915888,5.233644859813085,3.551401869158879,0.0,0.0
4,0.0,42.75229357798165,5.137614678899083,3.486238532110092,0.0,0.0
5,0.0,42.59597806215722,5.118829981718465,3.473491773308958,0.0,0.0
6,0.0,28.624078624078624,3.43980343980344,2.334152334152334,0.0,0.0
7,0.0,27.315357561547483,3.2825322391559206,2.2274325908558033,0.0,0.0
