,Correlation,Causal,Wrangler_23,Wrangler_16,GB_23,GB_16
0,0.0,0.0,26.20689655172414,0.0,0.0,0.0
1,0.0,0.0,22.433460076045627,0.0,0.0,0.0
2,0.0,0.0,21.691176470588236,0.0,0.0,0.0
3,0.0,0.0,18.11320754716981,0.0,0.0,0.0
4,0.0,0.0,17.033603707995365,0.0,0.0,0.0
5,0.0,0.0,17.01388888888889,0.0,0.0,0.0
