,Correlation,Causal,Wrangler_23,Wrangler_16,GB_23,GB_16
0,0.0,0.0,0.0,0.0,0.0,0.0
1,0.0,82.53968253968253,0.11337868480725624,0.0,6.349206349206349,0.0
