,Correlation,Causal,Wrangler_23,Wrangler_16,GB_23,GB_16
0,0.0,0.0,1.2096774193548387,0.0,0.0,0.0
1,0.0,0.0,1.7786561264822136,0.0,0.0,0.0
2,0.0,0.0,1.6423357664233578,0.0,0.0,0.0
3,0.0,0.0,1.101591187270502,0.0,0.0,0.0
