,Correlation,Causal,Wrangler_23,Wrangler_16,GB_23,GB_16
0,0.0,0.0,0.0,0.0,0.0,0.0
1,0.0,0.9345794392523363,0.0,0.0,0.0,0.0
2,0.0,1.6241299303944314,0.0,0.0,0.0,0.0
3,0.0,1.738122827346466,0.0,0.0,0.0,0.0
