,Correlation,Causal,Wrangler_23,Wrangler_16,GB_23,GB_16
0,0.0,0.0,100.0,0.0,0.0,10.714285714285714
1,0.0,33.33333333333333,100.0,0.0,0.0,28.57142857142857
2,2.3255813953488373,34.883720930232556,100.0,0.0,0.0,30.23255813953488
