,Correlation,Causal,Wrangler_23,Wrangler_16,GB_23,GB_16
0,0.0,0.0,100.0,100.0,100.0,100.0
1,0.0,0.0,100.0,100.0,100.0,100.0
2,0.0,72.86302780638518,100.0,97.88877445932029,100.0,99.74253347064882
3,23.135593220338983,88.83474576271186,100.0,75.99576271186442,100.0,99.80932203389831
4,23.845507976490342,88.9378673383711,100.0,75.31486146095719,100.0,99.81108312342569
5,24.020942408376964,88.96335078534031,100.0,75.1413612565445,100.0,99.81151832460733
6,24.036850921273032,88.94472361809045,100.0,75.12562814070351,100.0,99.81155778894473
