,Correlation,Causal,Wrangler_23,Wrangler_16,GB_23,GB_16
0,0.0,0.0,0.0,0.0,0.0,0.0
1,0.0,71.42857142857143,0.0,0.0,0.0,0.0
2,0.0,87.8048780487805,0.0,0.0,0.0,0.0
