,Correlation,Causal,Wrangler_23,Wrangler_16,GB_23,GB_16
0,0.0,0.0,0.0,0.0,0.0,0.0
1,0.0,0.0,1.9230769230769231,0.0,0.0,0.0
2,0.0,5.454545454545454,1.8181818181818181,0.0,0.0,0.0
3,0.0,35.40372670807454,1.8633540372670807,0.0,0.0,0.0
4,0.0,35.80246913580247,1.8518518518518516,0.0,0.0,0.0
