,Correlation,Causal,Wrangler_23,Wrangler_16,GB_23,GB_16
0,0.0,0.0,1.8181818181818181,100.0,100.0,0.0
1,0.0,0.0,1.6129032258064515,100.0,100.0,0.0
2,0.0,0.0,1.282051282051282,96.15384615384616,100.0,0.0
3,2.5,2.5,1.25,93.75,100.0,0.0
4,7.142857142857142,7.142857142857142,1.1904761904761905,89.28571428571429,100.0,0.0
