,Correlation,Causal,Wrangler_23,Wrangler_16,GB_23,GB_16
0,0.0,0.0,15.714285714285714,13.80952380952381,0.0,0.0
1,0.0,0.0,22.520661157024794,18.181818181818183,0.0,0.0
2,0.0,0.0,21.839080459770116,16.85823754789272,0.0,0.0
3,0.0,0.0,20.650813516896118,11.389236545682103,0.0,0.0
4,0.0,0.0,19.647058823529413,10.705882352941176,0.0,0.0
