,Correlation,Causal,Wrangler_23,Wrangler_16,GB_23,GB_16
0,0.0,0.0,83.5820895522388,100.0,0.0,100.0
1,0.0,29.47368421052631,70.52631578947368,100.0,0.0,100.0
2,0.0,52.4822695035461,52.4822695035461,100.0,0.0,100.0
3,0.0,58.895705521472394,46.62576687116564,100.0,0.0,100.0
4,0.0,58.536585365853654,46.34146341463415,100.0,0.0,100.0
