,Correlation,Causal,Wrangler_23,Wrangler_16,GB_23,GB_16
0,0.0,0.0,100.0,100.0,100.0,0.0
1,96.66666666666667,96.66666666666667,100.0,100.0,100.0,0.0
2,40.27777777777778,98.61111111111111,100.0,100.0,100.0,0.0
3,33.72093023255814,98.83720930232558,100.0,100.0,100.0,0.0
