,Correlation,Causal,Wrangler_23,Wrangler_16,GB_23,GB_16
0,0.0,0.0,4.435483870967742,3.6290322580645165,0.0,0.0
1,0.0,0.0,7.878787878787878,7.2727272727272725,0.0,0.0
2,0.0,0.0,7.677165354330709,7.086614173228346,0.0,0.0
3,0.0,0.0,7.632093933463796,7.045009784735812,0.0,0.0
4,0.0,0.0,7.208872458410351,6.654343807763401,0.0,0.0
5,0.0,0.0,7.169117647058823,6.61764705882353,0.0,0.0
6,0.0,0.0,5.4469273743016755,5.027932960893855,0.0,0.0
7,0.0,0.0,4.878048780487805,4.512195121951219,0.0,0.0
8,0.0,0.0,4.700352526439483,4.3478260869565215,0.0,0.0
