,Correlation,Causal,Wrangler_23,Wrangler_16,GB_23,GB_16
0,0.0,0.0,100.0,100.0,96.22641509433963,0.0
1,0.0,36.904761904761905,100.0,100.0,96.72619047619048,0.0
