,Correlation,Causal,Wrangler_23,Wrangler_16,GB_23,GB_16
0,0.0,0.0,100.0,100.0,0.0,21.951219512195124
1,4.651162790697675,4.651162790697675,100.0,100.0,0.0,25.581395348837212
