,Correlation,Causal,Wrangler_23,Wrangler_16,GB_23,GB_16
0,0.0,0.0,4.761904761904762,4.761904761904762,0.0,0.0
1,0.0,0.0,6.374501992031872,5.9760956175298805,0.0,0.0
2,0.0,0.0,6.072106261859583,5.692599620493358,0.0,0.0
3,0.0,0.0,5.88235294117647,5.514705882352941,0.0,0.0
4,0.0,0.0,5.786618444846293,5.424954792043399,0.0,0.0
5,0.0,0.0,3.936039360393604,3.6900369003690034,0.0,0.0
6,0.0,0.0,3.751465416178194,3.5169988276670576,0.0,0.0
7,0.0,0.0,3.747072599531616,3.51288056206089,0.0,0.0
