,Correlation,Causal,Wrangler_23,Wrangler_16,GB_23,GB_16
0,0.0,0.0,0.0,11.848341232227488,0.0,0.0
1,0.0,0.0,0.0,11.860940695296524,0.0,0.0
2,0.0,0.0,0.0,11.11111111111111,0.0,0.0
3,0.0,0.0,0.0,7.277289836888332,0.0,0.0
4,0.0,0.0,0.0,6.815511163337249,0.0,0.0
