,Correlation,Causal,Wrangler_23,Wrangler_16,GB_23,GB_16
0,0.0,100.0,0.0,100.0,100.0,100.0
1,0.0,100.0,0.0,94.29735234215886,100.0,100.0
2,0.0,100.0,0.0,94.38877755511022,100.0,100.0
