,Correlation,Causal,Wrangler_23,Wrangler_16,GB_23,GB_16
0,0.0,0.0,0.0,0.0,100.0,100.0
1,5.357142857142857,5.357142857142857,0.0,0.0,100.0,100.0
