,Correlation,Causal,Wrangler_23,Wrangler_16,GB_23,GB_16
0,0.0,0.0,73.86363636363636,0.0,0.0,0.0
1,0.0,2.2222222222222223,73.33333333333333,0.0,0.0,0.0
2,0.0,32.82442748091603,53.43511450381679,0.0,0.0,0.0
