,Correlation,Causal,Wrangler_23,Wrangler_16,GB_23,GB_16
0,0.0,0.0,100.0,100.0,100.0,100.0
1,10.574018126888216,10.574018126888216,100.0,100.0,100.0,100.0
