,Correlation,Causal,Wrangler_23,Wrangler_16,GB_23,GB_16
0,0.0,0.0,100.0,100.0,100.0,100.0
1,0.0,0.5865102639296188,100.0,100.0,100.0,100.0
2,0.0,21.889400921658986,100.0,100.0,100.0,100.0
