,Correlation,Causal,Wrangler_23,Wrangler_16,GB_23,GB_16
0,0.0,0.0,0.0,0.0,0.0,0.0
1,0.0,87.5,0.0,0.0,0.0,0.0
2,0.0,94.91525423728814,0.0,0.0,0.0,15.254237288135593
3,0.0,91.80327868852459,0.0,0.0,0.0,14.754098360655737
4,0.0,84.84848484848484,0.0,0.0,0.0,18.181818181818183
5,0.0,79.16666666666666,0.0,0.0,0.0,19.444444444444446
6,0.0,68.67469879518072,0.0,0.0,0.0,27.710843373493976
7,0.0,60.63829787234043,0.0,0.0,0.0,32.97872340425532
8,0.0,58.16326530612245,0.0,0.0,0.0,35.714285714285715
