,Correlation,Causal,Wrangler_23,Wrangler_16,GB_23,GB_16
0,0.0,0.0,100.0,0.0,100.0,0.0
1,0.0,88.63636363636364,89.54545454545455,0.0,89.54545454545455,0.0
2,0.4524886877828055,88.68778280542986,89.14027149321268,0.0,89.14027149321268,0.0
