,Correlation,Causal,Wrangler_23,Wrangler_16,GB_23,GB_16
0,0.0,0.0,100.0,100.0,96.34146341463415,100.0
1,5.747126436781609,5.747126436781609,100.0,100.0,96.55172413793103,100.0
