,Correlation,Causal,Wrangler_23,Wrangler_16,GB_23,GB_16
0,0.0,0.0,100.0,100.0,100.0,100.0
1,44.827586206896555,44.827586206896555,100.0,100.0,100.0,100.0
