,Correlation,Causal,Wrangler_23,Wrangler_16,GB_23,GB_16
0,0.0,0.0,4.905660377358491,4.528301886792453,0.0,0.0
1,0.0,0.0,4.624277456647398,4.046242774566474,0.0,0.0
2,0.0,0.0,4.428044280442804,3.8745387453874542,0.0,0.0
3,0.0,0.0,3.0037546933667083,2.6282853566958697,0.0,0.0
4,0.0,0.0,2.813599062133646,2.4618991793669402,0.0,0.0
