,Correlation,Causal,Wrangler_23,Wrangler_16,GB_23,GB_16
0,0.0,100.0,0.0,0.0,0.0,0.0
1,0.0,100.0,0.0,0.0,0.0,0.0
2,0.0,100.0,0.0,0.0,0.0,0.0
3,0.0,100.0,0.0,0.0,0.0,0.0
4,0.0,100.0,0.0,0.0,0.0,0.0
5,0.3926701570680628,100.0,0.0,0.0,0.0,0.0
6,0.39215686274509803,99.86928104575163,0.0,0.0,0.0,0.0
