,Correlation,Causal,Wrangler_23,Wrangler_16,GB_23,GB_16
0,0.0,0.0,0.0,0.0,100.0,0.0
1,0.0,0.0,0.0,50.0,100.0,0.0
2,0.0,0.0,4.545454545454546,99.35064935064936,100.0,0.0
3,1.282051282051282,1.282051282051282,4.487179487179487,98.71794871794873,100.0,0.0
4,5.521472392638037,5.521472392638037,4.294478527607362,94.47852760736197,100.0,0.0
