,Correlation,Causal,Wrangler_23,Wrangler_16,GB_23,GB_16
0,0.0,0.0,100.0,100.0,100.0,100.0
1,27.058823529411764,27.058823529411764,100.0,100.0,76.47058823529412,100.0
