,Correlation,Causal,Wrangler_23,Wrangler_16,GB_23,GB_16
0,0.0,0.0,0.0,0.0,0.0,0.0
1,0.0,0.0,0.0,0.0,0.0,0.0
2,0.0,57.60517799352751,0.0,0.0,0.0,0.0
3,0.0,57.234726688102896,0.0,0.0,0.0,0.0
4,0.0,56.86900958466453,0.0,0.0,0.0,0.0
