,Correlation,Causal,Wrangler_23,Wrangler_16,GB_23,GB_16
0,0.0,0.0,0.0,0.0,0.0,0.0
1,0.0,0.0,0.0,0.0,86.74698795180723,0.0
2,0.0,5.555555555555555,0.0,0.0,83.33333333333334,0.0
3,0.0,44.07894736842105,0.0,0.0,62.5,0.0
