,gb,gb_ipw,wrangler_23,wrangler_16
0,0.018550471945123357,0.02874728742536608,0.004635571123479487,0.0022798776626586914
