,gb,gb_ipw,wrangler_23,wrangler_16
0,0.018182762639263182,0.02403407885130182,0.003000492741329652,0.0014251579021789108
