,gb,gb_ipw,wrangler_23,wrangler_16
0,0.034434770800403705,0.05964323417427614,0.00690823977755517,0.006002249176969233
