,gb,gb_ipw,wrangler_23,wrangler_16
0,0.018072900948701082,0.032532546255323626,0.005855052559464066,0.0030472874641418457
