,gb,gb_ipw,wrangler_23,wrangler_16
0,0.015893029880939227,0.018133917795027522,0.002884997911183144,0.0006829049592444064
