,gb,gb_ipw,wrangler_23,wrangler_16
0,0.029782454172770187,0.05134940147399903,0.005684567220283277,0.004576914238207269
