,gb,gb_ipw,wrangler_23,wrangler_16
0,0.024653046843845724,0.0366752628764447,0.005382795891273475,0.002796111886792548
