,gb,gb_ipw,wrangler_23,wrangler_16
0,0.02430604428661113,0.04236454866370377,0.00540383008061623,0.0047829686378946116
