,gb,gb_ipw,wrangler_23,wrangler_16
0,0.014742738322207804,0.017538321645636307,0.007109391061883224,0.001153161651209781
