,gb,gb_ipw,wrangler_23,wrangler_16
0,0.005364333755449185,0.007452172085345423,0.005741416030428242,0.0015232326921005286
