,gb,gb_ipw,wrangler_23,wrangler_16
0,0.030526739476211963,0.05311483295587254,0.006322002679025781,0.004771052953117678
