,gb,gb_ipw,wrangler_23,wrangler_16
0,0.012851302950095789,0.015573022754621305,0.008103096478012458,0.0013870460432728678
