,gb,gb_ipw,wrangler_23,wrangler_16
0,0.011745641413877194,0.019923562095278784,0.003794097969198296,0.0021221575798926412
