,gb,gb_ipw,wrangler_23,wrangler_16
0,0.029019131435184024,0.04305848925132451,0.0046969164074875235,0.0033795129595779057
