,gb,gb_ipw,wrangler_23,wrangler_16
0,0.014457685637176568,0.025988050110624866,0.005786644158728833,0.0025567311441622104
