,gb,gb_ipw,wrangler_23,wrangler_16
0,0.02913838876388209,0.04365958883507967,0.007580290952923872,0.0035804199521654004
