,gb,gb_ipw,wrangler_23,wrangler_16
0,0.023698947215466507,0.04421242558025646,0.006038415765551649,0.0043775617461843585
