,gb,gb_ipw,wrangler_23,wrangler_16
0,0.016326956696562714,0.026225519704294726,0.004640079679943266,0.0025461881588666867
