,gb,gb_ipw,wrangler_23,wrangler_16
0,0.022133298822351405,0.032453923612027556,0.0042261304082097245,0.0022611102542361696
