,gb,gb_ipw,wrangler_23,wrangler_16
0,0.021613419240473226,0.04070251191521788,0.005456948902479372,0.003615083656496624
