,gb,gb_ipw,wrangler_23,wrangler_16
0,0.017667191190869395,0.028072976317081156,0.0037844892571733887,0.0023759472432560943
