,gb,gb_ipw,wrangler_23,wrangler_16
0,0.008036478147129374,0.012378766033950737,0.005309919247163962,0.001595318209182357
