,gb,gb_ipw,wrangler_23,wrangler_16
0,0.01020563153167504,0.011623963729023811,0.01130278757605144,0.0016408439022099638
