,gb,gb_ipw,wrangler_23,wrangler_16
0,0.030453503131866455,0.051731616258621216,0.006017088890075683,0.004412978887557983
