,gb,gb_ipw,wrangler_23,wrangler_16
0,0.02934314586498119,0.047380449595274744,0.00574964064138907,0.004879302448696559
