,gb,gb_ipw,wrangler_23,wrangler_16
0,0.014012809982873445,0.01659920341090152,0.004739940614628612,0.0010580765573601975
