,gb,gb_ipw,wrangler_23,wrangler_16
0,0.03197108225155902,0.04700026524964199,0.005080815284482895,0.0034231011585522733
