,gb,gb_ipw,wrangler_23,wrangler_16
0,0.013245402240831927,0.026906465256867115,0.004183343708301884,0.0036805449784245016
