,gb,gb_ipw,wrangler_23,wrangler_16
0,0.012170838089604315,0.014823150768473905,0.005549603999392259,0.001157663013071835
