,gb,gb_ipw,wrangler_23,wrangler_16
0,0.021944966232567503,0.038386088365699816,0.005161553098444353,0.004260860688505117
