,gb,gb_ipw,wrangler_23,wrangler_16
0,0.0063843911334617864,0.012252529997709947,0.0030135422918246015,0.0015457578318031223
