,gb,gb_ipw,wrangler_23,wrangler_16
0,0.008339645245990132,0.012755416156084203,0.005071874460886846,0.001352906171148484
