,gb,gb_ipw,wrangler_23,wrangler_16
0,0.014558663045553335,0.016982931839792353,0.005280236552532454,0.0009481888964660187
