,gb,gb_ipw,wrangler_23,wrangler_16
0,0.03199627002080281,0.05587165554364522,0.005730986595153809,0.004974504311879475
