,gb,gb_ipw,wrangler_23,wrangler_16
0,0.015627810640638912,0.026509812769509724,0.007567602486552083,0.0025537613659620383
