,gb,gb_ipw,wrangler_23,wrangler_16
0,0.006257399975165782,0.007818647883841059,0.008334703769274084,0.0014235637952945998
