,gb,gb_ipw,wrangler_23,wrangler_16
0,0.025654832522074383,0.04562459610126637,0.005336823286833586,0.003993511199951172
