,gb,gb_ipw,wrangler_23,wrangler_16
0,0.029369322041409553,0.043597796919049144,0.004603759880137489,0.003178914388020833
