,gb,gb_ipw,wrangler_23,wrangler_16
0,0.029199393754152907,0.048686302814287,0.0056414260077722305,0.0041037490687419464
