,gb,gb_ipw,wrangler_23,wrangler_16
0,0.026892456743452284,0.04659372347372549,0.00578689354437369,0.003985508724495217
