,gb,gb_ipw,wrangler_23,wrangler_16
0,0.007713888552020925,0.009831693091077396,0.0026549822018470293,0.0007678047850587355
