,gb,gb_ipw,wrangler_23,wrangler_16
0,0.015476631052290305,0.02411623492238207,0.0032863174378028608,0.002057119217307539
