,gb,gb_ipw,wrangler_23,wrangler_16
0,0.028148959182791693,0.046622985280529605,0.005705113536576908,0.003958076136218723
