,gb,gb_ipw,wrangler_23,wrangler_16
0,0.012735525767008463,0.023786734411681908,0.004767345777456311,0.0025367607241091523
