,gb,gb_ipw,wrangler_23,wrangler_16
0,0.019852912172358086,0.029467775466594286,0.004305230810287152,0.002329653881965799
