,gb,gb_ipw,wrangler_23,wrangler_16
0,0.02867905135007249,0.04397225134151497,0.005238654277578661,0.0037240271988876355
