,gb,gb_ipw,wrangler_23,wrangler_16
0,0.015107395804836114,0.025770125988554604,0.005699939306399692,0.002740067698782547
