,gb,gb_ipw,wrangler_23,wrangler_16
0,0.01970773439455923,0.030845428970349878,0.008939052275769377,0.0029997125343879747
