,gb,gb_ipw,wrangler_23,wrangler_16
0,0.03134521345297495,0.048889468113581344,0.005532987415790557,0.004069879651069641
