,gb,gb_ipw,wrangler_23,wrangler_16
0,0.019349259872959084,0.02532169971291878,0.003457953940787816,0.0015729910706820552
