,gb,gb_ipw,wrangler_23,wrangler_16
0,0.02585855023614292,0.042827787070438786,0.00485222915123249,0.003432816472546808
