,gb,gb_ipw,wrangler_23,wrangler_16
0,0.01648437588247466,0.019144560636406065,0.004986107161368482,0.0010637830860607254
