,gb,gb_ipw,wrangler_23,wrangler_16
0,0.02335529021226643,0.042343278074525086,0.0061908217727160856,0.004685397356585727
