,gb,gb_ipw,wrangler_23,wrangler_16
0,0.028961539817845213,0.04394112094756096,0.004918481897099228,0.003409275810839394
