,gb,gb_ipw,wrangler_23,wrangler_16
0,0.013561798380566883,0.021890579880057992,0.0041659389223371234,0.0018024599397337283
