,gb,gb_ipw,wrangler_23,wrangler_16
0,0.031968785656823054,0.053979870345857404,0.005664717819955614,0.004193849033779568
