,gb,gb_ipw,wrangler_23,wrangler_16
0,0.007210080192391442,0.009367066130238279,0.00968767826153461,0.0015384276873191363
