,gb,gb_ipw,wrangler_23,wrangler_16
0,0.03418357101912351,0.05011951800474186,0.00751004869039389,0.0038474695789035653
