,gb,gb_ipw,wrangler_23,wrangler_16
0,0.010724240690131845,0.019300056062497975,0.0047681012661819275,0.0029541467593100063
