,gb,gb_ipw,wrangler_23,wrangler_16
0,0.028948485851287842,0.048385560512542725,0.005946308374404907,0.0043009718259175616
