,gb,gb_ipw,wrangler_23,wrangler_16
0,0.016773154276498357,0.027701721428343967,0.006126691095577263,0.002398624183228297
