,gb,gb_ipw,wrangler_23,wrangler_16
0,0.007979034148540693,0.009919503300460344,0.006159986417318128,0.0010090390431512263
