,gb,gb_ipw,wrangler_23,wrangler_16
0,0.01741164052758713,0.031781701953015114,0.006351298340706228,0.0035481262797770296
