,gb,gb_ipw,wrangler_23,wrangler_16
0,0.028246530780085814,0.049655912099061186,0.006180670526292589,0.005182292726304796
