,gb,gb_ipw,wrangler_23,wrangler_16
0,0.010928028304198381,0.021686398886083588,0.0042891369755573144,0.0031286699934091437
