,gb,gb_ipw,wrangler_23,wrangler_16
0,0.02659582028723067,0.04611349409552896,0.010888667622948909,0.0035386935920472358
