,gb,gb_ipw,wrangler_23,wrangler_16
0,0.024952327262904635,0.033521263050459514,0.005163790024432939,0.0022145890697990492
