,gb,gb_ipw,wrangler_23,wrangler_16
0,0.023377720023348567,0.04350319760771552,0.005536063020581642,0.004107599815552177
