,gb,gb_ipw,wrangler_23,wrangler_16
0,0.008884870289453393,0.013121718265971203,0.0044644096075728504,0.001454364189467578
