,gb,gb_ipw,wrangler_23,wrangler_16
0,0.022954898660067082,0.042562807782584686,0.005626186882097698,0.004221308038231199
