,gb,gb_ipw,wrangler_23,wrangler_16
0,0.005738518289799104,0.008156718499340639,0.005947739052807526,0.001463300673943099
