,gb,gb_ipw,wrangler_23,wrangler_16
0,0.024098940569945056,0.041162124787918246,0.0055510588366575915,0.00416088585901742
