,gb,gb_ipw,wrangler_23,wrangler_16
0,0.03074194814054609,0.04491609266176487,0.005676896818559373,0.003527213973046923
