,gb,gb_ipw,wrangler_23,wrangler_16
0,0.017079214255015056,0.0222060949571671,0.003171944490043066,0.0014298705644505
