,gb,gb_ipw,wrangler_23,wrangler_16
0,0.012171895880448192,0.02165451792503556,0.009050571260464513,0.0023090487420176354
