,gb,gb_ipw,wrangler_23,wrangler_16
0,0.01672127064385797,0.026471399190228315,0.0033678697830962657,0.0021996790664547384
