,gb,gb_ipw,wrangler_23,wrangler_16
0,0.023687524454934255,0.045144486994970416,0.0060754162924630305,0.004142168022337414
