,gb,gb_ipw,wrangler_23,wrangler_16
0,0.028929249806837597,0.04794696966807048,0.004979019815271552,0.003813794164946585
