,gb,gb_ipw,wrangler_23,wrangler_16
0,0.015387150104067548,0.018097553479175455,0.005603079692034328,0.0013518182329318184
