,gb,gb_ipw,wrangler_23,wrangler_16
0,0.01651716756296682,0.02645267235053765,0.004286643786308093,0.002420428908351577
