,gb,gb_ipw,wrangler_23,wrangler_16
0,0.008195376702464056,0.015887264090936302,0.007454758429812074,0.0018758604003686155
