,gb,gb_ipw,wrangler_23,wrangler_16
0,0.037062967483920885,0.0653868166420272,0.007206079911212532,0.0053988253757487935
