,gb,gb_ipw,wrangler_23,wrangler_16
0,0.02068242860343941,0.03916621755524663,0.007020431007126037,0.0040148024826119864
