,gb,gb_ipw,wrangler_23,wrangler_16
0,0.021542422473430634,0.042133964598178864,0.0057835131883621224,0.004579313099384308
