,gb,gb_ipw,wrangler_23,wrangler_16
0,0.017911209644544606,0.03148338881255518,0.00522673873897416,0.003164296419109009
