,gb,gb_ipw,wrangler_23,wrangler_16
0,0.013543698552438156,0.01600589800599903,0.0038991527497581556,0.0008328456739148624
