,gb,gb_ipw,wrangler_23,wrangler_16
0,0.01514553400263128,0.01821501733867693,0.006334333988413152,0.0012480813589056167
