,gb,gb_ipw,wrangler_23,wrangler_16
0,0.014346058123579648,0.023973879413069964,0.0033827028541921454,0.002257734815651011
