,gb,gb_ipw,wrangler_23,wrangler_16
0,0.03151593773065178,0.06736038077590813,0.008023993290678776,0.005664842906015696
