,gb,gb_ipw,wrangler_23,wrangler_16
0,0.01653911928928441,0.026611555689358076,0.0056627219662748664,0.002389332188916169
