,gb,gb_ipw,wrangler_23,wrangler_16
0,0.030391694356997807,0.05421042442321778,0.006687982628742854,0.004885873446861903
