,gb,gb_ipw,wrangler_23,wrangler_16
0,0.022366433469849206,0.032773169827662346,0.003314174662825094,0.0022132483842558356
