,gb,gb_ipw,wrangler_23,wrangler_16
0,0.014567777277931336,0.02477026332623114,0.00698036617702908,0.003051702623014097
