,gb,gb_ipw,wrangler_23,wrangler_16
0,0.015968613748711065,0.020173570828634968,0.005960966507472087,0.001227508825328412
