,gb,gb_ipw,wrangler_23,wrangler_16
0,0.018995399622954143,0.02622003703154335,0.004408664481584416,0.0018745429756105408
