,gb,gb_ipw,wrangler_23,wrangler_16
0,0.01446340093968815,0.016790103849872125,0.006170636260579784,0.0012966711257164799
