,gb,gb_ipw,wrangler_23,wrangler_16
0,0.012866281506070706,0.015759426469786213,0.006238203398220202,0.0010905673574610737
