,gb,gb_ipw,wrangler_23,wrangler_16
0,0.012456336863486869,0.014796027818319069,0.005512277409823586,0.0011324757941713402
