,gb,gb_ipw,wrangler_23,wrangler_16
0,0.01480954416682211,0.017288537264113772,0.004569137425174266,0.0009959272515177118
