,gb,gb_ipw,wrangler_23,wrangler_16
0,0.03478275814689995,0.05153104884791074,0.005609664174153086,0.004362267999987696
