,gb,gb_ipw,wrangler_23,wrangler_16
0,0.027756206691265106,0.045955181121826165,0.005500391125679016,0.0041120996077855425
