,gb,gb_ipw,wrangler_23,wrangler_16
0,0.013985045968669734,0.027780119142575898,0.0068079935361261236,0.0032208281564930254
