,gb,gb_ipw,wrangler_23,wrangler_16
0,0.022061169147491455,0.04081392572039649,0.005306587332770938,0.003785249732789539
