,gb,gb_ipw,wrangler_23,wrangler_16
0,0.014986310686383932,0.02498991491425773,0.004298991302464438,0.0023975880188349436
