,gb,gb_ipw,wrangler_23,wrangler_16
0,0.030678179528978135,0.05548005854641949,0.005940044367754901,0.00453298842465436
