,gb,gb_ipw,wrangler_23,wrangler_16
0,0.01461472357777289,0.01701951328181602,0.005075884656504791,0.001213443422039817
