,gb,gb_ipw,wrangler_23,wrangler_16
0,0.01150037569184704,0.017949384377743408,0.0023229489132860453,0.0013922384260283876
