,gb,gb_ipw,wrangler_23,wrangler_16
0,0.02034583561856982,0.033955506875481406,0.004234112484354368,0.0031353722155933648
