,gb,gb_ipw,wrangler_23,wrangler_16
0,0.013984541526534713,0.016268674448692937,0.006191847812408178,0.0010130751694721366
