,gb,gb_ipw,wrangler_23,wrangler_16
0,0.02044904316570742,0.036397724286884287,0.0072797984941631345,0.0032490872322244848
