,gb,gb_ipw,wrangler_23,wrangler_16
0,0.008435874065758093,0.016061438221928185,0.004915907831475286,0.001821632855588334
