,gb,gb_ipw,wrangler_23,wrangler_16
0,0.01748211789822233,0.03512136746143948,0.006229700385660364,0.0037341338136921763
