,gb,gb_ipw,wrangler_23,wrangler_16
0,0.013045165925295192,0.02296287939631005,0.003916644007781815,0.002191692102150839
