,gb,gb_ipw,wrangler_23,wrangler_16
0,0.015119663227558769,0.01778378786106439,0.005873430096855314,0.0012332572709243417
