,gb,gb_ipw,wrangler_23,wrangler_16
0,0.03058656498237892,0.05165984233220418,0.006145625202744095,0.005175118093137388
