,gb,gb_ipw,wrangler_23,wrangler_16
0,0.007373682024206962,0.009732190952744597,0.0037001084911730867,0.0009003403706936081
