,gb,gb_ipw,wrangler_23,wrangler_16
0,0.015061061490074102,0.017659766727671607,0.007871535959970642,0.0014639780703109536
