,gb,gb_ipw,wrangler_23,wrangler_16
0,0.04632918389288933,0.07496201075040376,0.006525071112664191,0.005366383018074455
