,gb,gb_ipw,wrangler_23,wrangler_16
0,0.030510595154063964,0.04342481609738948,0.005706084822012292,0.0025078841333109965
