,gb,gb_ipw,wrangler_23,wrangler_16
0,0.0109961210099388,0.019748707307724996,0.0037704018819429194,0.002046487063399528
