,gb,gb_ipw,wrangler_23,wrangler_16
0,0.02140044212919976,0.04299444096559084,0.009968536341007793,0.0039613055022126985
