,gb,gb_ipw,wrangler_23,wrangler_16
0,0.015130147829160586,0.024759463774852265,0.00294625977456788,0.002088564219492259
