,gb,gb_ipw,wrangler_23,wrangler_16
0,0.013766286860132856,0.01732099229180186,0.005906536813070369,0.0014896783059935035
