,gb,gb_ipw,wrangler_23,wrangler_16
0,0.019032325086049035,0.025245582914922345,0.003431771064342889,0.0016711464282842586
