,gb,gb_ipw,wrangler_23,wrangler_16
0,0.009482633071446997,0.015866724307325008,0.0038467006220650477,0.0014427215905202368
