,gb,gb_ipw,wrangler_23,wrangler_16
0,0.020318197919330153,0.036834352367591784,0.004916104633478083,0.00327880906615833
