,gb,gb_ipw,wrangler_23,wrangler_16
0,0.041751088676871835,0.06515016922583947,0.005032662506941911,0.004605277554019466
