,gb,gb_ipw,wrangler_23,wrangler_16
0,0.013866062124857859,0.01611468381858702,0.006522856182741405,0.0010846155094960687
