,gb,gb_ipw,wrangler_23,wrangler_16
0,0.013337422007485686,0.019508584424734746,0.002774488177581976,0.0015104059409926573
