,gb,gb_ipw,wrangler_23,wrangler_16
0,0.019948818496249233,0.02666163681430007,0.0038992314050083454,0.0015226375335169573
