,gb,gb_ipw,wrangler_23,wrangler_16
0,0.01754346000441541,0.024669603657328582,0.003232552775836199,0.0014411696423826225
