,gb,gb_ipw,wrangler_23,wrangler_16
0,0.02655393069552392,0.05159451789462689,0.005459293876726603,0.004256140325487275
