,gb,gb_ipw,wrangler_23,wrangler_16
0,0.033277826210887165,0.05658139887544297,0.006052773159940354,0.004638647841970263
