,gb,gb_ipw,wrangler_23,wrangler_16
0,0.019673627443523377,0.021661477645641653,0.004505808583370925,0.0009486517930393897
