,gb,gb_ipw,wrangler_23,wrangler_16
0,0.02055893773617952,0.02991194310395614,0.003785413244496221,0.0021973381871762485
