,gb,gb_ipw,wrangler_23,wrangler_16
0,0.02202192942301432,0.04115154345830282,0.0058785080909729,0.00438392162322998
