,gb,gb_ipw,wrangler_23,wrangler_16
0,0.02468980493999663,0.0446421049890064,0.005841255187988282,0.004327368168603806
