,gb,gb_ipw,wrangler_23,wrangler_16
0,0.018103595687310223,0.026349660999540055,0.002953430258149882,0.0019732435383455634
