,gb,gb_ipw,wrangler_23,wrangler_16
0,0.014358353016624312,0.023237864176432293,0.003260950888356855,0.002062705255323841
