,gb,gb_ipw,wrangler_23,wrangler_16
0,0.02975049683236151,0.043046852898976154,0.004377840267497605,0.0032612255641392305
