,gb,gb_ipw,wrangler_23,wrangler_16
0,0.008930921494037737,0.015846613832079758,0.0042929669125406755,0.0017063563433134927
