,gb,gb_ipw,wrangler_23,wrangler_16
0,0.008042363800246428,0.012311215123920164,0.0053237960417933765,0.0012937645437559112
