,gb,gb_ipw,wrangler_23,wrangler_16
0,0.012446856994424228,0.021804986105598435,0.006428666757625832,0.0024722935288325003
