,gb,gb_ipw,wrangler_23,wrangler_16
0,0.02544149756431579,0.039594565276746395,0.006614404696005361,0.0030581873876077146
