,gb,gb_ipw,wrangler_23,wrangler_16
0,0.022414493875535013,0.041883770782168546,0.006310617176219575,0.004612573302618348
