,gb,gb_ipw,wrangler_23,wrangler_16
0,0.015200915969249981,0.0178269120382313,0.005887043122654013,0.001139253797414025
