,gb,gb_ipw,wrangler_23,wrangler_16
0,0.030278891358520372,0.04377041499535154,0.005851580402043862,0.0035754741243892363
