,gb,gb_ipw,wrangler_23,wrangler_16
0,0.014683966605253862,0.017131738600967613,0.009174556458779487,0.0011379938211641075
