,gb,gb_ipw,wrangler_23,wrangler_16
0,0.018413874515026882,0.03356166002227037,0.00619470911620432,0.0038032738496940614
