,gb,gb_ipw,wrangler_23,wrangler_16
0,0.008525733317632277,0.012885441178890301,0.004782755461980917,0.0013480310763739234
