,gb,gb_ipw,wrangler_23,wrangler_16
0,0.012570584066867662,0.015543545917841246,0.007830374791586226,0.0013851760104794776
