,gb,gb_ipw,wrangler_23,wrangler_16
0,0.005929554310960346,0.0067725930885115405,0.028426997317589634,0.004898300249367085
