,gb,gb_ipw,wrangler_23,wrangler_16
0,0.023448218901952107,0.04174777617057165,0.005433335900306702,0.003767820696036021
