,gb,gb_ipw,wrangler_23,wrangler_16
0,0.015993424014197018,0.017954324369223437,0.0050141128413802956,0.0008419602955262934
