,gb,gb_ipw,wrangler_23,wrangler_16
0,0.030682732661565144,0.05210737387339274,0.00575035810470581,0.004468113183975221
