,gb,gb_ipw,wrangler_23,wrangler_16
0,0.01637667475320018,0.025719153780897123,0.003533511294344586,0.0022233649847502855
