,gb,gb_ipw,wrangler_23,wrangler_16
0,0.012487260550572938,0.014987081851599351,0.006796179077660262,0.0012125858970658083
