,gb,gb_ipw,wrangler_23,wrangler_16
0,0.011632360261062095,0.02093798127667657,0.008191002739800345,0.002439097426403528
