,gb,gb_ipw,wrangler_23,wrangler_16
0,0.021948264195368838,0.03938109446794559,0.008233846762241462,0.005456117483285758
