,gb,gb_ipw,wrangler_23,wrangler_16
0,0.01093125621544006,0.020590019271498092,0.005374382892998379,0.002105794199366432
