,gb,gb_ipw,wrangler_23,wrangler_16
0,0.01669630326859938,0.026269362923877486,0.0037477641809182094,0.002138357344872313
