,gb,gb_ipw,wrangler_23,wrangler_16
0,0.02688980998007904,0.040389935548689825,0.004110761651410743,0.002993477715386285
