,gb,gb_ipw,wrangler_23,wrangler_16
0,0.025338803728421525,0.04458613693714142,0.00601510206858317,0.004514430960019429
