,gb,gb_ipw,wrangler_23,wrangler_16
0,0.029463607531327467,0.04992691370157096,0.005745925964453282,0.004661962007864928
