,gb,gb_ipw,wrangler_23,wrangler_16
0,0.037958248609889916,0.06561343604623791,0.013247588214474982,0.004667110873113315
