,gb,gb_ipw,wrangler_23,wrangler_16
0,0.014115934786589247,0.02372354568047667,0.003490260612207113,0.0020922426395990376
