,gb,gb_ipw,wrangler_23,wrangler_16
0,0.032406761259428866,0.04643838911832498,0.00622049225140031,0.0037554943854268136
