,gb,gb_ipw,wrangler_23,wrangler_16
0,0.01478001835408569,0.017381051143615517,0.00597476222637959,0.0012699610400670784
