,gb,gb_ipw,wrangler_23,wrangler_16
0,0.013196769386830955,0.016808871066931522,0.004722193034008296,0.0012311670515272352
