,gb,gb_ipw,wrangler_23,wrangler_16
0,0.018052593037322328,0.02852082252502441,0.00501072013771141,0.002323025530511207
