,gb,gb_ipw,wrangler_23,wrangler_16
0,0.020307012791135,0.029609024261339777,0.004924625289984409,0.0024619615130642204
