,gb,gb_ipw,wrangler_23,wrangler_16
0,0.006040941407637323,0.008397247052129417,0.006468427818072107,0.0012457625214253327
