,gb,gb_ipw,wrangler_23,wrangler_16
0,0.007138364308807931,0.008545656428324647,0.013478462129597878,0.0018358023089881145
