,gb,gb_ipw,wrangler_23,wrangler_16
0,0.02448870144349193,0.04899583731320306,0.0061382542770752795,0.004794589432654103
