,gb,gb_ipw,wrangler_23,wrangler_16
0,0.015251112706733473,0.01738188844738585,0.005935177658543443,0.001078347365061442
