,gb,gb_ipw,wrangler_23,wrangler_16
0,0.02222078517183067,0.044891708909935574,0.008457745279307434,0.003979519840889541
