,gb,gb_ipw,wrangler_23,wrangler_16
0,0.014992205651251827,0.02563158795822359,0.005214143211089275,0.002391390748076386
