,gb,gb_ipw,wrangler_23,wrangler_16
0,0.010827337632156873,0.01969807584520797,0.004783562571310021,0.0021523233230764795
