,gb,gb_ipw,wrangler_23,wrangler_16
0,0.011828637892200101,0.018320203254727052,0.0031846825794507095,0.0015048570530388945
