,gb,gb_ipw,wrangler_23,wrangler_16
0,0.012993065167370262,0.015811175263662946,0.005037059604561067,0.0011272253536754517
