,gb,gb_ipw,wrangler_23,wrangler_16
0,0.02704929445207733,0.04569295140885816,0.006213323357178994,0.004590018508360557
