,gb,gb_ipw,wrangler_23,wrangler_16
0,0.014886790758942902,0.029344101474709706,0.006005535387013056,0.003114138564018354
