,gb,gb_ipw,wrangler_23,wrangler_16
0,0.026488055785497032,0.04371379812558492,0.005261662105719248,0.0038348759214083352
