,gb,gb_ipw,wrangler_23,wrangler_16
0,0.027544960301583977,0.0449809728492617,0.006461767626058369,0.0037809941156996484
