,gb,gb_ipw,wrangler_23,wrangler_16
0,0.025899759654341076,0.04299601604198588,0.008005006559963883,0.003697543308652681
