,gb,gb_ipw,wrangler_23,wrangler_16
0,0.028821711356823265,0.04952089799629462,0.007236069375342066,0.00422726293186565
