,gb,gb_ipw,wrangler_23,wrangler_16
0,0.024217937569933665,0.03521198941563366,0.005483474192438635,0.002713408620218168
