,gb,gb_ipw,wrangler_23,wrangler_16
0,0.027633172854814942,0.04224884672229793,0.004234970832357601,0.003318025681977909
