,gb,gb_ipw,wrangler_23,wrangler_16
0,0.015232508716329156,0.02488707799382818,0.006356462676175737,0.0026729366120525734
