,gb,gb_ipw,wrangler_23,wrangler_16
0,0.01250805497980442,0.023576182482914772,0.003908632023264222,0.002327239252091896
