,gb,gb_ipw,wrangler_23,wrangler_16
0,0.015000519063245012,0.024960288936972923,0.005607169659986199,0.002450793855591336
