,gb,gb_ipw,wrangler_23,wrangler_16
0,0.030556824447081705,0.044850289708522964,0.004790878838787042,0.0033946372073786987
