,gb,gb_ipw,wrangler_23,wrangler_16
0,0.024102552972658717,0.04094237028950393,0.005625113092287622,0.004119945294929274
