,gb,gb_ipw,wrangler_23,wrangler_16
0,0.02029372586144341,0.0387744771109687,0.0051102704472012,0.003860642512639364
