,gb,gb_ipw,wrangler_23,wrangler_16
0,0.011864594032587718,0.01639331030753869,0.004755410476508366,0.001355571648280546
