,gb,gb_ipw,wrangler_23,wrangler_16
0,0.00785785735995335,0.010408953470688586,0.003180992109843069,0.0008701325848038507
