,gb,gb_ipw,wrangler_23,wrangler_16
0,0.022183924305195706,0.04069853802116551,0.005902173567791379,0.004132523828623247
