,gb,gb_ipw,wrangler_23,wrangler_16
0,0.01057178489440981,0.012154629602028736,0.010760822040254732,0.001653822828987681
