,gb,gb_ipw,wrangler_23,wrangler_16
0,0.02162246533992431,0.03156728056476154,0.0031539296093858857,0.002441958345260413
