,gb,gb_ipw,wrangler_23,wrangler_16
0,0.020025133275661338,0.03852365779227951,0.0055983763973729145,0.0039768867752179
