,gb,gb_ipw,wrangler_23,wrangler_16
0,0.031726152607888886,0.052138711466933746,0.00555903622598359,0.004421129371180678
