,gb,gb_ipw,wrangler_23,wrangler_16
0,0.010569587471039314,0.012734738307270578,0.00549973995704961,0.000981235407232269
