,gb,gb_ipw,wrangler_23,wrangler_16
0,0.013322642480228467,0.016343867355697088,0.005448892014864982,0.0012139935583062862
