,gb,gb_ipw,wrangler_23,wrangler_16
0,0.010380831750878268,0.019480037372518785,0.004123961626561963,0.0021201453366722417
