,gb,gb_ipw,wrangler_23,wrangler_16
0,0.015604874820197822,0.024069582772783708,0.004227608886233861,0.0023072383846521613
