,gb,gb_ipw,wrangler_23,wrangler_16
0,0.014634093729521938,0.0173519346005747,0.005991887846751193,0.0011853904903683203
