,gb,gb_ipw,wrangler_23,wrangler_16
0,0.004258487678355068,0.006783124774687482,0.008174975738409817,0.002004812123365082
