,gb,gb_ipw,wrangler_23,wrangler_16
0,0.01363233033462092,0.024110842973758012,0.004866184332431891,0.0020254317887238005
