,gb,gb_ipw,wrangler_23,wrangler_16
0,0.01129951765036057,0.019254612451923298,0.0050589874923298445,0.0021286819316230442
