,gb,gb_ipw,wrangler_23,wrangler_16
0,0.01690318369466595,0.01942239552797078,0.005740169017765286,0.001204931118302519
