,gb,gb_ipw,wrangler_23,wrangler_16
0,0.027246418453398202,0.0476652667635963,0.005988492852165585,0.004773693425314767
