,gb,gb_ipw,wrangler_23,wrangler_16
0,0.023792863162466735,0.035539979026431134,0.0037150520856688626,0.0027378602903716425
