,gb,gb_ipw,wrangler_23,wrangler_16
0,0.015543345010505532,0.023545577840984995,0.004903522302519602,0.002170087031598361
