,gb,gb_ipw,wrangler_23,wrangler_16
0,0.014741032101143865,0.01758639092480252,0.007055333913805094,0.0014018925255244305
