,gb,gb_ipw,wrangler_23,wrangler_16
0,0.015442537300752634,0.024822518065735537,0.005230100163609989,0.0021782550182971325
