,gb,gb_ipw,wrangler_23,wrangler_16
0,0.014883631239593773,0.01723494136560291,0.004821857544690868,0.0009619352373405887
