,gb,gb_ipw,wrangler_23,wrangler_16
0,0.03449249267578125,0.05886383056640625,0.008370590209960938,0.004720306396484375
