,gb,gb_ipw,wrangler_23,wrangler_16
0,0.012063163266923091,0.01917937520201169,0.0052005825375453976,0.002184698047005454
