,gb,gb_ipw,wrangler_23,wrangler_16
0,0.02843721045388116,0.05041669916223597,0.005993854116510462,0.004742432523656774
