,gb,gb_ipw,wrangler_23,wrangler_16
0,0.031842043002446495,0.05937318007151286,0.005690505107243856,0.004533678293228149
