,gb,gb_ipw,wrangler_23,wrangler_16
0,0.010709916550201553,0.019969282780372848,0.004073181991026763,0.0022740949951577244
