,gb,gb_ipw,wrangler_23,wrangler_16
0,0.03555168708165486,0.0639411084579699,0.006065224156235205,0.005245434515403979
