,gb,gb_ipw,wrangler_23,wrangler_16
0,0.026667283640967477,0.044753981961144336,0.004936837487750583,0.004086229536268446
