,gb,gb_ipw,wrangler_23,wrangler_16
0,0.019803513651308807,0.03313603608504585,0.004258622293886931,0.002830184024313222
