,gb,gb_ipw,wrangler_23,wrangler_16
0,0.029834683664648736,0.04301886456621512,0.004529595419758932,0.00633431768256446
