,gb,gb_ipw,wrangler_23,wrangler_16
0,0.015720379305344617,0.024326858239856627,0.0031789143880208335,0.002003485156643775
