,gb,gb_ipw,wrangler_23,wrangler_16
0,0.014737863986184508,0.01688354166130306,0.00548812206647087,0.0010088289824444663
