,gb,gb_ipw,wrangler_23,wrangler_16
0,0.029913336038589484,0.04780193169911702,0.005960712830225626,0.003997733195622763
