,gb,gb_ipw,wrangler_23,wrangler_16
0,0.02072791694473697,0.03896297705958256,0.006828487479948325,0.003371791779808116
