,gb,gb_ipw,wrangler_23,wrangler_16
0,0.012601368408096383,0.01516726601578298,0.005626228148389339,0.0011261295880334032
