,gb,gb_ipw,wrangler_23,wrangler_16
0,0.010017271182894047,0.011978880975691537,0.004352571342877231,0.0009101552134741256
