,gb,gb_ipw,wrangler_23,wrangler_16
0,0.030387015569777714,0.04463739135638385,0.00795715249855232,0.0038595696966123682
