,gb,gb_ipw,wrangler_23,wrangler_16
0,0.015308144058611932,0.02684842151810367,0.00766151444935459,0.0025303357706839436
