,gb,gb_ipw,wrangler_23,wrangler_16
0,0.02134254883780067,0.02738258832524552,0.004442410277012789,0.001599365763921664
