,gb,gb_ipw,wrangler_23,wrangler_16
0,0.016788765788078308,0.02954527735710144,0.005637605985005696,0.0026562561591466265
