,gb,gb_ipw,wrangler_23,wrangler_16
0,0.01587685975399646,0.0255378884273571,0.00339795599926959,0.0021782713931995435
