,gb,gb_ipw,wrangler_23,wrangler_16
0,0.01880401543960403,0.03195861580619223,0.004403112213606339,0.0028799701210678805
