,gb,gb_ipw,wrangler_23,wrangler_16
0,0.029601432659007887,0.049589684715977425,0.005934249471735072,0.004127897598125316
