,gb,gb_ipw,wrangler_23,wrangler_16
0,0.025484021063204167,0.04285794717294198,0.0052923957506815595,0.003813317528477421
