,gb,gb_ipw,wrangler_23,wrangler_16
0,0.011170024363327796,0.013103397559352085,0.003483963444439218,0.0008218724962691186
