,gb,gb_ipw,wrangler_23,wrangler_16
0,0.005097893229141892,0.00622072955440991,0.01518769440589006,0.0029431564517480237
