,gb,gb_ipw,wrangler_23,wrangler_16
0,0.029496955752298194,0.044655248177953626,0.006379747182000346,0.00378830571559312
