,gb,gb_ipw,wrangler_23,wrangler_16
0,0.029309829225235985,0.04418616446947739,0.005113996514087173,0.004116336280961123
