,gb,gb_ipw,wrangler_23,wrangler_16
0,0.021138704988611007,0.04116101935883308,0.008125318612491961,0.004534904959233215
