,gb,gb_ipw,wrangler_23,wrangler_16
0,0.030247821021325807,0.0510668426854504,0.005833676590542613,0.0046192575566137775
