,gb,gb_ipw,wrangler_23,wrangler_16
0,0.00565258384335275,0.009766513226079005,0.004368103748443079,0.0014099712465323654
