,gb,gb_ipw,wrangler_23,wrangler_16
0,0.013122635502969066,0.024106645364365818,0.006516329782271244,0.0026074972020865587
