,gb,gb_ipw,wrangler_23,wrangler_16
0,0.026835335625542536,0.04233118475672187,0.005721366643226385,0.005448306048357929
