,gb,gb_ipw,wrangler_23,wrangler_16
0,0.016528248555751177,0.0260285431135063,0.0033587429241434402,0.0020993010182494723
