,gb,gb_ipw,wrangler_23,wrangler_16
0,0.022611684269375272,0.042445957660675056,0.005873816984671132,0.004108857225488733
