,gb,gb_ipw,wrangler_23,wrangler_16
0,0.01824516133270412,0.02531720319920309,0.0022789943090796585,0.001350922765259145
