,gb,gb_ipw,wrangler_23,wrangler_16
0,0.009282880170135416,0.017601307871812175,0.006249955760169095,0.0021739477792497306
