,gb,gb_ipw,wrangler_23,wrangler_16
0,0.011390973056971863,0.014603199545016958,0.007675493715880002,0.001670407854821071
