,gb,gb_ipw,wrangler_23,wrangler_16
0,0.015587472868297165,0.02417308689939467,0.003538337696154992,0.002378681091945008
