,gb,gb_ipw,wrangler_23,wrangler_16
0,0.015046236372534126,0.025122564336544206,0.006410729875743177,0.0027346346321375464
