,gb,gb_ipw,wrangler_23,wrangler_16
0,0.014012178507200018,0.024296580220477135,0.004352606742142091,0.002677976985368721
