,gb,gb_ipw,wrangler_23,wrangler_16
0,0.020466395600795963,0.032597039578229015,0.0058078852685191276,0.002703940157571271
