,gb,gb_ipw,wrangler_23,wrangler_16
0,0.009129187930086406,0.011676017763860388,0.011506798924022359,0.0015609390116773445
