,gb,gb_ipw,wrangler_23,wrangler_16
0,0.014419990984545052,0.02423888631322478,0.004167286702766322,0.002341963734953261
