,gb,gb_ipw,wrangler_23,wrangler_16
0,0.01872194992316948,0.02849960065149999,0.005807260890583416,0.0026453982342730512
