,gb,gb_ipw,wrangler_23,wrangler_16
0,0.03484700553605647,0.05923636590492274,0.009943939156548674,0.005217966754821568
