,gb,gb_ipw,wrangler_23,wrangler_16
0,0.011345422030245769,0.01371299607556114,0.004927834333677982,0.0010111649664351473
