,gb,gb_ipw,wrangler_23,wrangler_16
0,0.01071528432915895,0.016239796530074926,0.0023582307819226805,0.0012584734054888835
