,gb,gb_ipw,wrangler_23,wrangler_16
0,0.014845443808514141,0.02421857654184535,0.0038385391235351562,0.0021802342456320057
