,gb,gb_ipw,wrangler_23,wrangler_16
0,0.032468885183334344,0.05422780911127726,0.007596115271250407,0.004576643308003743
