,gb,gb_ipw,wrangler_23,wrangler_16
0,0.015731391153837506,0.01907844292490106,0.006170084601954411,0.0012565600244622483
