,gb,gb_ipw,wrangler_23,wrangler_16
0,0.0016955739188429843,0.003380485332328332,0.009836905088142004,0.0018647730009542182
