,gb,gb_ipw,wrangler_23,wrangler_16
0,0.017063763792638194,0.030505777752732756,0.005359241183778486,0.0030927281755080143
