,gb,gb_ipw,wrangler_23,wrangler_16
0,0.01729233885940524,0.0266068185830594,0.0038713271066356447,0.002220636725642859
