,gb,gb_ipw,wrangler_23,wrangler_16
0,0.0159374304225229,0.02662583933264815,0.006199342942203095,0.0027133248185742427
