,gb,gb_ipw,wrangler_23,wrangler_16
0,0.014926688859129619,0.01720245183356132,0.006219205118108964,0.0011004319307599925
