,gb,gb_ipw,wrangler_23,wrangler_16
0,0.00586802391309712,0.006842473650109997,0.014084832070615996,0.00236647270270944
