,gb,gb_ipw,wrangler_23,wrangler_16
0,0.034189969301223755,0.05747427543004354,0.005720555782318115,0.004939238230387369
