,gb,gb_ipw,wrangler_23,wrangler_16
0,0.020119570946508597,0.02764500388803408,0.004007026206615359,0.0019277944121249885
