,gb,gb_ipw,wrangler_23,wrangler_16
0,0.010721204669904508,0.013267844291910465,0.005158919170810588,0.0010918373842119672
