,gb,gb_ipw,wrangler_23,wrangler_16
0,0.009650836988232051,0.017437143683509314,0.00347132954614651,0.0019830448896760123
