,gb,gb_ipw,wrangler_23,wrangler_16
0,0.009024814170623835,0.013297675549096475,0.0062648954669800175,0.001573257321328759
