,gb,gb_ipw,wrangler_23,wrangler_16
0,0.015001726640261413,0.0175445798843626,0.005196400828499532,0.0011615949073314222
