,gb,gb_ipw,wrangler_23,wrangler_16
0,0.011988749449280488,0.015194607877183233,0.0053047202099328755,0.0012386365868579383
