,gb,gb_ipw,wrangler_23,wrangler_16
0,0.015553405502240051,0.02851162983890294,0.007438276756693858,0.0029382809299762715
