,gb,gb_ipw,wrangler_23,wrangler_16
0,0.028273959954579674,0.04843448599179585,0.005473941564559936,0.003967930873235067
