,gb,gb_ipw,wrangler_23,wrangler_16
0,0.017811177851079586,0.029025759015764506,0.006163775265871824,0.002360605931544042
