,gb,gb_ipw,wrangler_23,wrangler_16
0,0.014266760452933933,0.028624297669215232,0.006230277304323564,0.0032396790403757037
