,gb,gb_ipw,wrangler_23,wrangler_16
0,0.01715335153764294,0.023466925467214274,0.0031651027740970733,0.0015763505812614194
