,gb,gb_ipw,wrangler_23,wrangler_16
0,0.012998325215529192,0.01623836935840905,0.006104117312265872,0.0015623812670462016
