,gb,gb_ipw,wrangler_23,wrangler_16
0,0.0265271023467735,0.047659984341374154,0.0056679602022524245,0.004505393681702791
