,gb,gb_ipw,wrangler_23,wrangler_16
0,0.01205021367412232,0.014204260694431961,0.00459030582316251,0.0009747229859419946
