,gb,gb_ipw,wrangler_23,wrangler_16
0,0.017335382381354916,0.0379941202271038,0.00571114952812901,0.003918805644229159
