,gb,gb_ipw,wrangler_23,wrangler_16
0,0.013732086352216523,0.022532857530485326,0.005269882478688144,0.002110351714984511
