,gb,gb_ipw,wrangler_23,wrangler_16
0,0.01995994689616751,0.02985989793818048,0.004227617953686004,0.0023646557584721993
