,gb,gb_ipw,wrangler_23,wrangler_16
0,0.021501384490207835,0.033641151088452045,0.004552567604996002,0.002690172388486051
