,gb,gb_ipw,wrangler_23,wrangler_16
0,0.013252787341517809,0.016262832326712245,0.00579313783221997,0.0013204753378047189
