,gb,gb_ipw,wrangler_23,wrangler_16
0,0.01628302829169528,0.025870249821589544,0.0034574187282240877,0.0021063801133152328
