,gb,gb_ipw,wrangler_23,wrangler_16
0,0.031918860398806065,0.055023301870394975,0.006058086187411577,0.004819761484097212
