,gb,gb_ipw,wrangler_23,wrangler_16
0,0.018908099813775704,0.02866380817287571,0.004963036421891097,0.0022757839370559857
