,gb,gb_ipw,wrangler_23,wrangler_16
0,0.015153418113921197,0.03170599346654652,0.005775337171344562,0.003615486923330588
