,gb,gb_ipw,wrangler_23,wrangler_16
0,0.011451908799468493,0.023776716221877135,0.0069106645705704255,0.0025565941259943505
