,gb,gb_ipw,wrangler_23,wrangler_16
0,0.011880014356148749,0.01799439055793262,0.003030679296611775,0.0015282995081761883
