,gb,gb_ipw,wrangler_23,wrangler_16
0,0.018831149365296108,0.025332250325829482,0.004036035710530496,0.0016896271575014647
