,gb,gb_ipw,wrangler_23,wrangler_16
0,0.013949654319069601,0.027023020015421135,0.0060192262283479325,0.0027810684358230745
