,gb,gb_ipw,wrangler_23,wrangler_16
0,0.01509563049608878,0.01984922141149109,0.0026479528563648834,0.0011861663480189147
