,gb,gb_ipw,wrangler_23,wrangler_16
0,0.020539949810694135,0.032764069181076626,0.006047215071644393,0.0025920378856169875
