,gb,gb_ipw,wrangler_23,wrangler_16
0,0.006539287767436126,0.011425441115852296,0.008924798106113423,0.0017567762352909823
