,gb,gb_ipw,wrangler_23,wrangler_16
0,0.008824061713741466,0.012207004847056578,0.0041059217315707625,0.0011899146526754892
