,gb,gb_ipw,wrangler_23,wrangler_16
0,0.009473122033790115,0.018324170793805803,0.004408494481500589,0.002585331384705083
