,gb,gb_ipw,wrangler_23,wrangler_16
0,0.02980877955754598,0.049504637718200684,0.007243206103642781,0.004017353057861328
