,gb,gb_ipw,wrangler_23,wrangler_16
0,0.03024861216545105,0.050302594900131226,0.005418310562769571,0.003935396671295166
