,gb,gb_ipw,wrangler_23,wrangler_16
0,0.02787496979438988,0.03987547033321784,0.004453775058375135,0.0027396787521014802
