,gb,gb_ipw,wrangler_23,wrangler_16
0,0.016604606389452974,0.026286877777122925,0.006268459754285237,0.002293390021968926
