,gb,gb_ipw,wrangler_23,wrangler_16
0,0.008766329671975931,0.010823118286863899,0.00440242109357454,0.0008050502774488592
