,gb,gb_ipw,wrangler_23,wrangler_16
0,0.012711014663963988,0.015960325274551126,0.005935284129360265,0.0012539980704324286
