,gb,gb_ipw,wrangler_23,wrangler_16
0,0.009972778164411717,0.02009110432475006,0.0046487055519074776,0.0021086189786440872
