,gb,gb_ipw,wrangler_23,wrangler_16
0,0.01993976545109292,0.03026596605309886,0.004899277230446904,0.0023442310291332197
