,gb,gb_ipw,wrangler_23,wrangler_16
0,0.010263791781535844,0.012501960649972811,0.005211172546682801,0.0009844266781770597
