,gb,gb_ipw,wrangler_23,wrangler_16
0,0.010659987378595758,0.01290682605531258,0.006368703131660709,0.0011536657247313172
