,gb,gb_ipw,wrangler_23,wrangler_16
0,0.021063619189792205,0.04102413853009542,0.005542818042967054,0.0040568411350250235
