,gb,gb_ipw,wrangler_23,wrangler_16
0,0.019087170396682705,0.03177230194967577,0.0037673293360021725,0.0027747080552393763
