,gb,gb_ipw,wrangler_23,wrangler_16
0,0.013917744761765605,0.01876131452695288,0.007240820412683969,0.0016875339276862867
