,gb,gb_ipw,wrangler_23,wrangler_16
0,0.023654473373313355,0.028752089659818195,0.012757007926563367,0.003268293528552372
