,gb,gb_ipw,wrangler_23,wrangler_16
0,0.028392936190613557,0.03999896268151102,0.0044908386626250196,0.0047162817053465755
