,gb,gb_ipw,wrangler_23,wrangler_16
0,0.01490645740312164,0.01718571762050723,0.005431806497281403,0.0010455109418642191
