,gb,gb_ipw,wrangler_23,wrangler_16
0,0.02464235671086813,0.04052741561242886,0.007806337048157792,0.003958889977711149
