,gb,gb_ipw,wrangler_23,wrangler_16
0,0.029198825359344482,0.04983569184939067,0.005716333786646525,0.004422167936960856
