,gb,gb_ipw,wrangler_23,wrangler_16
0,0.019534603580013736,0.029694840647299707,0.004257848910297292,0.0023883652899166726
