,gb,gb_ipw,wrangler_23,wrangler_16
0,0.00877184672159953,0.010997802764923126,0.004549284239073058,0.0009570155177149806
