,gb,gb_ipw,wrangler_23,wrangler_16
0,0.03251839767802845,0.05626362381559429,0.005849157318924412,0.004892999475652521
