,gb,gb_ipw,wrangler_23,wrangler_16
0,0.01777331034342448,0.023842387729220916,0.0026450157165527344,0.0013334486219618053
