,gb,gb_ipw,wrangler_23,wrangler_16
0,0.015731096048498313,0.02503643509364735,0.005411509900527098,0.0024325563393960215
