,gb,gb_ipw,wrangler_23,wrangler_16
0,0.019726603945186962,0.025149427853306868,0.00378592687104961,0.001208406005834065
