,gb,gb_ipw,wrangler_23,wrangler_16
0,0.025033950805664062,0.0466465139064659,0.005755294747904045,0.005224935051535262
