,gb,gb_ipw,wrangler_23,wrangler_16
0,0.005178756087763627,0.012291612067097633,0.003408921179828818,0.0019256834327918049
