,gb,gb_ipw,wrangler_23,wrangler_16
0,0.015538979090770299,0.023910834354424627,0.0033683050674890897,0.0022337014677282505
