,gb,gb_ipw,wrangler_23,wrangler_16
0,0.02471076816130512,0.03799368485962263,0.0045831269993674125,0.0036485743664092115
