,gb,gb_ipw,wrangler_23,wrangler_16
0,0.011011244108279547,0.017851146144999396,0.004901488622029622,0.0019320907692114517
