,gb,gb_ipw,wrangler_23,wrangler_16
0,0.012333335435227516,0.015101514696615269,0.005670818913162612,0.0012102270811597715
