,gb,gb_ipw,wrangler_23,wrangler_16
0,0.01318337159291895,0.016303477732607354,0.00694971394814074,0.001448924493939779
