,gb,gb_ipw,wrangler_23,wrangler_16
0,0.015122099065564724,0.017874307033424106,0.0060661099561343385,0.0013588585671434057
