,gb,gb_ipw,wrangler_23,wrangler_16
0,0.016211328052339102,0.02589042370135968,0.005311581678006239,0.0022328380263332043
