,gb,gb_ipw,wrangler_23,wrangler_16
0,0.03439629519427265,0.06333076291614109,0.005980608639893709,0.0048351508599740484
