,gb,gb_ipw,wrangler_23,wrangler_16
0,0.01455623726422921,0.019643325907934765,0.0029299757755473855,0.0012912475391623163
