,gb,gb_ipw,wrangler_23,wrangler_16
0,0.013257276400288264,0.01554663936505718,0.0043026461306555535,0.0008248356129348613
