,gb,gb_ipw,wrangler_23,wrangler_16
0,0.026920327433833366,0.04580754924703527,0.0055904189745585135,0.003982473302770545
