,gb,gb_ipw,wrangler_23,wrangler_16
0,0.041250316869644886,0.0627005384081886,0.006404660996936615,0.004844651335761661
