,gb,gb_ipw,wrangler_23,wrangler_16
0,0.009781300301621542,0.0178277378846185,0.003502047599991339,0.002061469394742849
