,gb,gb_ipw,wrangler_23,wrangler_16
0,0.024558167043244893,0.04627602792102213,0.005769448708715424,0.004832277592924451
