,gb,gb_ipw,wrangler_23,wrangler_16
0,0.014344213693112187,0.025803180089396378,0.005576699812782002,0.0026077297707079988
