,gb,gb_ipw,wrangler_23,wrangler_16
0,0.024167950113092532,0.043599437071875975,0.006601018708821308,0.0037434251700586797
