,gb,gb_ipw,wrangler_23,wrangler_16
0,0.015000761419102763,0.024487661278766133,0.0037441219108692108,0.002147322115690812
