,gb,gb_ipw,wrangler_23,wrangler_16
0,0.02753020574649175,0.04653508464495341,0.005617116888364157,0.004080124199390411
