,gb,gb_ipw,wrangler_23,wrangler_16
0,0.02846943921056287,0.04390190387594289,0.005176355098855906,0.004901283088771777
