,gb,gb_ipw,wrangler_23,wrangler_16
0,0.0551157797815578,0.09503413219841159,0.013997495309565884,0.007589117469701096
