,gb,gb_ipw,wrangler_23,wrangler_16
0,0.033497978659237135,0.05076318628647748,0.007977990543141085,0.004105736227596507
