,gb,gb_ipw,wrangler_23,wrangler_16
0,0.013271073947126781,0.025141125974030808,0.004154929275932103,0.0025955573848817776
