,gb,gb_ipw,wrangler_23,wrangler_16
0,0.023145778115479652,0.04021672836994875,0.004787824433578154,0.003699918518775293
