,gb,gb_ipw,wrangler_23,wrangler_16
0,0.013452651805447456,0.016172810604697777,0.007833502346411685,0.0012476641432683272
