,gb,gb_ipw,wrangler_23,wrangler_16
0,0.01545412106778266,0.024903667429105835,0.0032291665475504367,0.0020770892605569383
