,gb,gb_ipw,wrangler_23,wrangler_16
0,0.011011098719994927,0.019360147962821893,0.009585394071577115,0.002379466361663908
