,gb,gb_ipw,wrangler_23,wrangler_16
0,0.017510840307661903,0.028275308154878158,0.00421756353133764,0.002321480831383786
