,gb,gb_ipw,wrangler_23,wrangler_16
0,0.03456441260968151,0.05805260263903991,0.0059648341193095375,0.004689718030162693
