,gb,gb_ipw,wrangler_23,wrangler_16
0,0.011979643698666392,0.018758142816932364,0.006756129812635979,0.0018470226997064942
