,gb,gb_ipw,wrangler_23,wrangler_16
0,0.005689990140643773,0.00977496086966758,0.004407040336552787,0.0012747797311521045
