,gb,gb_ipw,wrangler_23,wrangler_16
0,0.012003224621270741,0.0213688622841201,0.003653145878692794,0.0021661782742415183
