,gb,gb_ipw,wrangler_23,wrangler_16
0,0.017531517103975047,0.030034868588001272,0.006903803407265048,0.003120112301680842
