,gb,gb_ipw,wrangler_23,wrangler_16
0,0.030567829005360467,0.05079763178699751,0.005539067149298843,0.003990848449497288
