,gb,gb_ipw,wrangler_23,wrangler_16
0,0.013073535073698087,0.015928067045894178,0.005595596672976828,0.0013797487055860057
