,gb,gb_ipw,wrangler_23,wrangler_16
0,0.017891333961610106,0.02762742711408106,0.003839124767103731,0.002290636936772155
