,gb,gb_ipw,wrangler_23,wrangler_16
0,0.01184246139397358,0.014713594184085558,0.006760808791379898,0.0016249863587854808
