,gb,gb_ipw,wrangler_23,wrangler_16
0,0.018453485295000367,0.029194862284558882,0.005660186704450748,0.002355581197896466
