,gb,gb_ipw,wrangler_23,wrangler_16
0,0.014033923379851368,0.023227402624744705,0.006146115651819227,0.0020132051949237196
