,gb,gb_ipw,wrangler_23,wrangler_16
0,0.028588188191254933,0.04872369269529979,0.005795309940973918,0.0045495107769966125
