,gb,gb_ipw,wrangler_23,wrangler_16
0,0.02710352238920546,0.044146317014542275,0.005329225034275787,0.0037771580704150072
