,gb,gb_ipw,wrangler_23,wrangler_16
0,0.012795881730835644,0.015595463477596848,0.007139409289640539,0.0014044657474806329
