,gb,gb_ipw,wrangler_23,wrangler_16
0,0.016713169989762484,0.030899075446305452,0.007662508222791885,0.00311116929407473
