,gb,gb_ipw,wrangler_23,wrangler_16
0,0.030603148108857434,0.044594681452191066,0.005842726907612365,0.0035406420470545535
