,gb,gb_ipw,wrangler_23,wrangler_16
0,0.021119053299362596,0.031201903884475298,0.004533497062889305,0.0021022719305914804
