,gb,gb_ipw,wrangler_23,wrangler_16
0,0.018059573671532988,0.0340948259927393,0.0067072558805598105,0.003539897114728077
