,gb,gb_ipw,wrangler_23,wrangler_16
0,0.01364225869650369,0.023783109798737732,0.0054704266287770595,0.0023148569734239618
