,gb,gb_ipw,wrangler_23,wrangler_16
0,0.05061048822304637,0.0903741600587196,0.012404525402894953,0.007202330323838696
