,gb,gb_ipw,wrangler_23,wrangler_16
0,0.005371270181563674,0.0074237132903523335,0.005866628245756608,0.001412327665963449
