,gb,gb_ipw,wrangler_23,wrangler_16
0,0.011345146835663386,0.014209547172938665,0.005960151756422717,0.0015572260709524404
