,gb,gb_ipw,wrangler_23,wrangler_16
0,0.009674338053526644,0.015368838564303669,0.004603196091883092,0.0015915230247244873
