,gb,gb_ipw,wrangler_23,wrangler_16
0,0.02473982695107148,0.039616106455199813,0.005225154841057608,0.0040271200494974195
