,gb,gb_ipw,wrangler_23,wrangler_16
0,0.02887053190222109,0.05187734889523418,0.0062000348372159945,0.004089396932850713
