,gb,gb_ipw,wrangler_23,wrangler_16
0,0.015692790146069148,0.024726857309756076,0.0033220824073342714,0.0020431740509579558
