,gb,gb_ipw,wrangler_23,wrangler_16
0,0.01210501622258818,0.024474870956189082,0.006192065009695808,0.002434468887233649
