,gb,gb_ipw,wrangler_23,wrangler_16
0,0.008174070105741027,0.013198763488014477,0.004911591350411914,0.0014951634955811535
