,gb,gb_ipw,wrangler_23,wrangler_16
0,0.02723660169235085,0.041514814772757855,0.006255766731413349,0.0034614845558449078
