,gb,gb_ipw,wrangler_23,wrangler_16
0,0.01708958502654191,0.026908959006215188,0.003955439551846012,0.002133322286081838
