,gb,gb_ipw,wrangler_23,wrangler_16
0,0.03262502806527274,0.05381731759934198,0.005637073800677345,0.005032157614117577
