,gb,gb_ipw,wrangler_23,wrangler_16
0,0.01459772789465793,0.017247507729785515,0.005794503381094677,0.0011800531325285232
