,gb,gb_ipw,wrangler_23,wrangler_16
0,0.01522965457926945,0.017981736265978557,0.005257396804852312,0.0016039548690468212
