,gb,gb_ipw,wrangler_23,wrangler_16
0,0.014821509260556101,0.01723826853778066,0.005702813394760538,0.0010676367497397593
