,gb,gb_ipw,wrangler_23,wrangler_16
0,0.016664681227310844,0.026266730349996815,0.0036726827206818953,0.0021680541660474696
