,gb,gb_ipw,wrangler_23,wrangler_16
0,0.012282242158233932,0.014713008571749106,0.0067068826011553425,0.0012791119163344709
