,gb,gb_ipw,wrangler_23,wrangler_16
0,0.014580943266178464,0.02392942695111432,0.003324366471992629,0.0021855967013190074
