,gb,gb_ipw,wrangler_23,wrangler_16
0,0.010425355645429082,0.013623329775743301,0.006599622728380764,0.0014676810038538456
