,gb,gb_ipw,wrangler_23,wrangler_16
0,0.014656783462857079,0.0169751166877335,0.005463623470263554,0.0011174328603872615
