,gb,gb_ipw,wrangler_23,wrangler_16
0,0.02880773208136904,0.047235630438809934,0.00543010478117028,0.003958013814101636
