,gb,gb_ipw,wrangler_23,wrangler_16
0,0.013024970314320159,0.023831311857098688,0.00605027750205957,0.002453913274138015
