,gb,gb_ipw,wrangler_23,wrangler_16
0,0.02348367814664487,0.04415655577624286,0.006207161479526096,0.004762024791152389
