,gb,gb_ipw,wrangler_23,wrangler_16
0,0.02096735295795259,0.04032112303234282,0.005589709395454044,0.0041205258596511115
