,gb,gb_ipw,wrangler_23,wrangler_16
0,0.02279422349399991,0.047299183077282377,0.0057729581991831464,0.0044198499785529245
