,gb,gb_ipw,wrangler_23,wrangler_16
0,0.0107251834769314,0.013037768641148634,0.005460611045172933,0.0011457601349101113
