,gb,gb_ipw,wrangler_23,wrangler_16
0,0.021754520341059645,0.03979891859075078,0.007117101307471959,0.004286586444803954
