,gb,gb_ipw,wrangler_23,wrangler_16
0,0.02259489881443678,0.032725194508061745,0.004877676453621744,0.0023060905242208514
