,gb,gb_ipw,wrangler_23,wrangler_16
0,0.018657292223142833,0.024983368776493466,0.004193647121026264,0.0014322652310952172
