,gb,gb_ipw,wrangler_23,wrangler_16
0,0.028097558589208694,0.04891235203970046,0.00599204074768793,0.004575011276063465
