,gb,gb_ipw,wrangler_23,wrangler_16
0,0.017260399542455035,0.033354479230624005,0.004841383233626038,0.003677576071381103
