,gb,gb_ipw,wrangler_23,wrangler_16
0,0.014145982907583338,0.023924215616051986,0.0040271522289696,0.0021751740311943485
