,gb,gb_ipw,wrangler_23,wrangler_16
0,0.014627286735265884,0.024769970071994194,0.0045800273657491215,0.0024360369860641352
