,gb,gb_ipw,wrangler_23,wrangler_16
0,0.00937924197868587,0.01905060866731569,0.0040285822546697585,0.0021568772053050314
