,gb,gb_ipw,wrangler_23,wrangler_16
0,0.02509081821745539,0.037645779710678486,0.0036606301519506532,0.0026534401376111104
