,gb,gb_ipw,wrangler_23,wrangler_16
0,0.005807349901146095,0.006626410201266343,0.02913088561015167,0.004910004864080913
