,gb,gb_ipw,wrangler_23,wrangler_16
0,0.01955454141784695,0.035624438711416934,0.004818670415393233,0.0032101622306894588
