,gb,gb_ipw,wrangler_23,wrangler_16
0,0.014635458924716575,0.016980852399553572,0.005322936782263276,0.0010087794827339344
