,gb,gb_ipw,wrangler_23,wrangler_16
0,0.031190839680758396,0.05231797695159912,0.005703758109699596,0.004605813459916549
