,gb,gb_ipw,wrangler_23,wrangler_16
0,0.018499226405702788,0.03408892401333513,0.007020193954993939,0.0033103186508704877
