,gb,gb_ipw,wrangler_23,wrangler_16
0,0.01397493944607332,0.02346133739105153,0.0038557365292408432,0.0022508314491528074
