,gb,gb_ipw,wrangler_23,wrangler_16
0,0.027670210306313985,0.047446935856874865,0.005621271035105912,0.0041678189412015405
