,gb,gb_ipw,wrangler_23,wrangler_16
0,0.010697945434673981,0.0173267795086805,0.004202586326377984,0.0025374504759529733
