,gb,gb_ipw,wrangler_23,wrangler_16
0,0.010510434478109334,0.012712510225410286,0.003674852957923292,0.0009049193650346747
