,gb,gb_ipw,wrangler_23,wrangler_16
0,0.011363738414013025,0.013670731674541126,0.006021897901188244,0.001150053558927594
