,gb,gb_ipw,wrangler_23,wrangler_16
0,0.027299120032317766,0.03859826496669225,0.004765690949858813,0.002542325568717763
