,gb,gb_ipw,wrangler_23,wrangler_16
0,0.02669878432021518,0.05471255771073278,0.005971115479354596,0.004345199086821776
