,gb,gb_ipw,wrangler_23,wrangler_16
0,0.015775969586139596,0.02079518407574311,0.002787405232820514,0.001229508689293143
