,gb,gb_ipw,wrangler_23,wrangler_16
0,0.02497954974098811,0.03657028788612003,0.005617974296448724,0.0027562417681255037
