,gb,gb_ipw,wrangler_23,wrangler_16
0,0.013288445596245506,0.015813161829737014,0.007602318604285784,0.0011642420682769447
