,gb,gb_ipw,wrangler_23,wrangler_16
0,0.029982378085454304,0.04831527670224508,0.0055181483427683515,0.004032005866368612
