,gb,gb_ipw,wrangler_23,wrangler_16
0,0.011587030835286203,0.014696375329666379,0.008387438555869936,0.0016233390401523314
