,gb,gb_ipw,wrangler_23,wrangler_16
0,0.022849654411606888,0.04709622285099436,0.005924709396510257,0.003679845128124116
