,gb,gb_ipw,wrangler_23,wrangler_16
0,0.014973431825637817,0.028793389598528542,0.0036497910817464194,0.002515253921349843
