,gb,gb_ipw,wrangler_23,wrangler_16
0,0.010615192096329091,0.017353633538681586,0.004262093847650551,0.0017014872126218654
