,gb,gb_ipw,wrangler_23,wrangler_16
0,0.010753100966515376,0.01324504665831146,0.005381638026487836,0.0011130217122202282
