,gb,gb_ipw,wrangler_23,wrangler_16
0,0.006021400772108363,0.01218725891386003,0.0034426875791984334,0.0014539485109821828
