,gb,gb_ipw,wrangler_23,wrangler_16
0,0.025768740566541368,0.04466667941130185,0.00581337716096908,0.004564234567477661
