,gb,gb_ipw,wrangler_23,wrangler_16
0,0.015329091976850461,0.024709946069961946,0.005032466008112981,0.0022749324421306237
