,gb,gb_ipw,wrangler_23,wrangler_16
0,0.017398813480356448,0.033681301896481344,0.005188892308185521,0.003107963093696126
