,gb,gb_ipw,wrangler_23,wrangler_16
0,0.018199459537044986,0.029052220858060397,0.005592356671343793,0.002634394299852979
