,gb,gb_ipw,wrangler_23,wrangler_16
0,0.05898224392570855,0.09362476388203728,0.010172252939056013,0.00981448851909834
