,gb,gb_ipw,wrangler_23,wrangler_16
0,0.015200963660852234,0.028716094458281105,0.004052226223162751,0.0029588813212380483
