,gb,gb_ipw,wrangler_23,wrangler_16
0,0.015243261802096326,0.01762791716751932,0.007262969968699608,0.0012687274387904576
