,gb,gb_ipw,wrangler_23,wrangler_16
0,0.011030643705337767,0.0184356442797863,0.005194675577343566,0.0019218741344804522
