,gb,gb_ipw,wrangler_23,wrangler_16
0,0.01804491849267769,0.02070780508615397,0.005389644339522591,0.001139323981629611
