,gb,gb_ipw,wrangler_23,wrangler_16
0,0.01083245087001059,0.017256713989708163,0.0037566862172550624,0.0017698336806562214
