,gb,gb_ipw,wrangler_23,wrangler_16
0,0.015450015446338373,0.01815885367622455,0.00531451936056818,0.001138056743120102
