,gb,gb_ipw,wrangler_23,wrangler_16
0,0.012677189306164465,0.022743610625571394,0.005653986694119501,0.0023858767029241467
