,gb,gb_ipw,wrangler_23,wrangler_16
0,0.01626707367844634,0.025886018852611166,0.003538534536466494,0.0021944006720742023
