,gb,gb_ipw,wrangler_23,wrangler_16
0,0.01373840509668199,0.01938090786763851,0.0029289718929237933,0.0014404894994347276
