,gb,gb_ipw,wrangler_23,wrangler_16
0,0.015268792225327246,0.023208245344013615,0.0035461310873123168,0.0021291347340770374
