,gb,gb_ipw,wrangler_23,wrangler_16
0,0.01054644432408904,0.020896185708076404,0.004166387506828454,0.0021256706267024366
