,gb,gb_ipw,wrangler_23,wrangler_16
0,0.00868027484485092,0.01554209704484704,0.004090827549462502,0.0017209395803442174
