,gb,gb_ipw,wrangler_23,wrangler_16
0,0.03308798744864721,0.05469568754055581,0.0055240194658503945,0.004615458455940808
