,gb,gb_ipw,wrangler_23,wrangler_16
0,0.008440564978939519,0.01621677349262135,0.006180268532830177,0.0019394924509003274
