,gb,gb_ipw,wrangler_23,wrangler_16
0,0.014017940479014326,0.02080254476935328,0.005424396776519084,0.002059805383696399
