,gb,gb_ipw,wrangler_23,wrangler_16
0,0.00651643565766879,0.008224043273186498,0.009508704338270871,0.0015376304163181199
