,gb,gb_ipw,wrangler_23,wrangler_16
0,0.02053556307940416,0.03422078951983385,0.003920474522550341,0.002957733584121919
