,gb,gb_ipw,wrangler_23,wrangler_16
0,0.01676858814538868,0.031555727089479534,0.00415741239486967,0.0027778450610939625
