,gb,gb_ipw,wrangler_23,wrangler_16
0,0.029392668471713245,0.05180811144641995,0.009492500541136437,0.0046635001795398414
