,gb,gb_ipw,wrangler_23,wrangler_16
0,0.012055858150943295,0.020358807001358423,0.004129750388009208,0.0017027715186933023
