,gb,gb_ipw,wrangler_23,wrangler_16
0,0.012486998797857272,0.0253650877210829,0.004891066523323282,0.002650489584047195
