,gb,gb_ipw,wrangler_23,wrangler_16
0,0.008230973260082868,0.011191981453641944,0.0047254269343863405,0.0015216299122888975
