,gb,gb_ipw,wrangler_23,wrangler_16
0,0.01571206847629339,0.02450834082988902,0.005271193287460191,0.0025764951166116963
