,gb,gb_ipw,wrangler_23,wrangler_16
0,0.011083248263379282,0.017913090700359013,0.003558362839538927,0.0013678060101635881
