,gb,gb_ipw,wrangler_23,wrangler_16
0,0.027531201077490734,0.05389120160918874,0.0057264701607301054,0.005073645680221085
