,gb,gb_ipw,wrangler_23,wrangler_16
0,0.010957109167220744,0.0220672458621627,0.004584484911979513,0.0025257996633543185
