,gb,gb_ipw,wrangler_23,wrangler_16
0,0.010713454215757309,0.016191313343663367,0.0031107032353976907,0.0013946205057123655
