,gb,gb_ipw,wrangler_23,wrangler_16
0,0.012315569969112395,0.016300440847909884,0.005412722401135462,0.0012923115734338906
