,gb,gb_ipw,wrangler_23,wrangler_16
0,0.006056255764431424,0.011958652072482638,0.0029888153076171875,0.0014909108479817708
