,gb,gb_ipw,wrangler_23,wrangler_16
0,0.029342869917551678,0.05027999480565389,0.0053887565930684405,0.004459172487258911
