,gb,gb_ipw,wrangler_23,wrangler_16
0,0.01238804765759695,0.01472578827086552,0.005463715785712989,0.0009862650445382486
