,gb,gb_ipw,wrangler_23,wrangler_16
0,0.02561627384723257,0.03482939041766924,0.0035403315553960116,0.002717951319062013
