,gb,gb_ipw,wrangler_23,wrangler_16
0,0.015462512400612902,0.03164294940322193,0.00674955880464013,0.0035575966336833897
