,gb,gb_ipw,wrangler_23,wrangler_16
0,0.03821089006753047,0.06302079818244326,0.006215028285095555,0.0043656255407103365
