,gb,gb_ipw,wrangler_23,wrangler_16
0,0.017494290739625364,0.028759475031303276,0.004017184630293674,0.0027095317092009205
