,gb,gb_ipw,wrangler_23,wrangler_16
0,0.03152726976959794,0.05832480059729682,0.006403360101911757,0.005727564847027814
