,gb,gb_ipw,wrangler_23,wrangler_16
0,0.014515322444533275,0.016875824704009806,0.004938513549215139,0.001009939059841666
