,gb,gb_ipw,wrangler_23,wrangler_16
0,0.016774624695271363,0.02719159528012677,0.004958058451558208,0.002475099249200507
