,gb,gb_ipw,wrangler_23,wrangler_16
0,0.02401731747053402,0.04686593665361061,0.00541929214719742,0.004818257143315127
