,gb,gb_ipw,wrangler_23,wrangler_16
0,0.011209375835790967,0.013514956047002067,0.006625184482442368,0.0011187910658365032
