,gb,gb_ipw,wrangler_23,wrangler_16
0,0.013390972908657433,0.018947206741389572,0.0036807015372505546,0.0014556654165162979
