,gb,gb_ipw,wrangler_23,wrangler_16
0,0.0142425787253458,0.02362986824458507,0.0051059916464264365,0.002170241874796073
