,gb,gb_ipw,wrangler_23,wrangler_16
0,0.017613281697144,0.028712583548856745,0.006159757956480369,0.0024232235583630237
