,gb,gb_ipw,wrangler_23,wrangler_16
0,0.02282526757982042,0.04165909356541104,0.005195538202921549,0.0039045181539323595
