,gb,gb_ipw,wrangler_23,wrangler_16
0,0.02431834027880714,0.047355535484495614,0.006104509035746257,0.004634261131286621
