,gb,gb_ipw,wrangler_23,wrangler_16
0,0.02925625979789777,0.04804952688694885,0.0053907369638418225,0.004196874728229359
