,gb,gb_ipw,wrangler_23,wrangler_16
0,0.021369236966838005,0.030933190946993615,0.005112523617951767,0.0022976294807765794
