,gb,gb_ipw,wrangler_23,wrangler_16
0,0.012261544101116817,0.016108222880630376,0.006541001093369569,0.0012223911718232908
