,gb,gb_ipw,wrangler_23,wrangler_16
0,0.022166098157564797,0.04750490188598633,0.006454065442085266,0.004782651861508687
