,gb,gb_ipw,wrangler_23,wrangler_16
0,0.02297345134947035,0.04156513346566094,0.005290740066104465,0.0038267009788089325
