,gb,gb_ipw,wrangler_23,wrangler_16
0,0.025228126761839564,0.043453629483881685,0.009018612891128383,0.005309606335826755
