,gb,gb_ipw,wrangler_23,wrangler_16
0,0.017466644446055096,0.032114485899607345,0.00778971998779862,0.0032550758785671653
