,gb,gb_ipw,wrangler_23,wrangler_16
0,0.022385402199922314,0.03986674744759297,0.011150951755277956,0.003403466220495475
