,gb,gb_ipw,wrangler_23,wrangler_16
0,0.013045938859074752,0.026064037536241997,0.006490908794521544,0.0027524758569942493
