,gb,gb_ipw,wrangler_23,wrangler_16
0,0.015694301438599553,0.0184067927344955,0.008532269199067698,0.0010823722842007327
