,gb,gb_ipw,wrangler_23,wrangler_16
0,0.021032989025115967,0.043762847781181335,0.006183981895446777,0.0042101989189783735
