,gb,gb_ipw,wrangler_23,wrangler_16
0,0.02871227264404297,0.042533465794154575,0.005587032863071987,0.0033933094569614957
