,gb,gb_ipw,wrangler_23,wrangler_16
0,0.019756262086044,0.024839445801329633,0.0026498093652168268,0.0012816605220907782
