,gb,gb_ipw,wrangler_23,wrangler_16
0,0.015414380407952644,0.026115155839300776,0.004827395662084803,0.002248333646105481
