,gb,gb_ipw,wrangler_23,wrangler_16
0,0.010553382461040166,0.012786793841011203,0.003987121053191519,0.000906299090429507
