,gb,gb_ipw,wrangler_23,wrangler_16
0,0.016351099632510475,0.020034709612146862,0.007830640705836778,0.0014422105855586864
