,gb,gb_ipw,wrangler_23,wrangler_16
0,0.02619091763144224,0.0361337279103584,0.0029235826926617674,0.002150900553414013
