,gb,gb_ipw,wrangler_23,wrangler_16
0,0.012461436132569129,0.015636639563342665,0.005533662697951165,0.0012022250596773962
