,gb,gb_ipw,wrangler_23,wrangler_16
0,0.01879951947758927,0.023411703395761787,0.004135653210585202,0.0013343881314497475
