,gb,gb_ipw,wrangler_23,wrangler_16
0,0.010445754161742177,0.017722179947516344,0.0036570903747229562,0.0015351007569510981
