,gb,gb_ipw,wrangler_23,wrangler_16
0,0.024569955298571082,0.04214290680924082,0.00437028039761675,0.0032852820264614698
