,gb,gb_ipw,wrangler_23,wrangler_16
0,0.011686079410582945,0.02259068159027348,0.005329770124522211,0.002462951911190129
