,gb,gb_ipw,wrangler_23,wrangler_16
0,0.012329586321661187,0.0209225576730447,0.0061993044397779555,0.0020518830489168406
