,gb,gb_ipw,wrangler_23,wrangler_16
0,0.01611205633024131,0.025788352192026152,0.0035281942672088368,0.0021126321152709878
