,gb,gb_ipw,wrangler_23,wrangler_16
0,0.01580787806951699,0.018530752228087737,0.0067470329148428786,0.0011008702406362324
