,gb,gb_ipw,wrangler_23,wrangler_16
0,0.0075766343435077375,0.015335920572467125,0.005685435702606259,0.0018907729409499538
