,gb,gb_ipw,wrangler_23,wrangler_16
0,0.030816104105955658,0.05450959281599622,0.006026381516747086,0.0045842507674298556
