,gb,gb_ipw,wrangler_23,wrangler_16
0,0.012714443798352003,0.019007075325887007,0.006407751400667921,0.0016597428716214977
