,gb,gb_ipw,wrangler_23,wrangler_16
0,0.009518846673897385,0.018041327301781943,0.005766366245247231,0.0018940452091417016
