,gb,gb_ipw,wrangler_23,wrangler_16
0,0.016219831723514246,0.030368632301852664,0.003932590779352925,0.002946811532868981
