,gb,gb_ipw,wrangler_23,wrangler_16
0,0.018266232117362644,0.03016124600949495,0.002856487813203231,0.002244892327681832
