,gb,gb_ipw,wrangler_23,wrangler_16
0,0.012659898368261193,0.019707560111972167,0.0030306505046010443,0.0015883890104122914
