,gb,gb_ipw,wrangler_23,wrangler_16
0,0.02545929038899204,0.04008276806745235,0.0073304152232006444,0.003941843363511067
