,gb,gb_ipw,wrangler_23,wrangler_16
0,0.02965469051290441,0.04764204775845563,0.005285773012373183,0.004031040050365306
