,gb,gb_ipw,wrangler_23,wrangler_16
0,0.02701749506684923,0.047276683689392716,0.005601853439488361,0.004664647210504591
