,gb,gb_ipw,wrangler_23,wrangler_16
0,0.014886422001797218,0.025716002868569416,0.005585343941398289,0.00235324968462405
