,gb,gb_ipw,wrangler_23,wrangler_16
0,0.022784372170766197,0.04443277915318807,0.00551144282023112,0.004033247629801433
