,gb,gb_ipw,wrangler_23,wrangler_16
0,0.016410242997258746,0.019851467962896784,0.009260769271449462,0.0017212267052362645
