,gb,gb_ipw,wrangler_23,wrangler_16
0,0.012408934141460217,0.014944076538085938,0.006109162380820827,0.001292688804760314
