,gb,gb_ipw,wrangler_23,wrangler_16
0,0.030742647747198742,0.04860293120145798,0.00533399482568105,0.004021761318047841
