,gb,gb_ipw,wrangler_23,wrangler_16
0,0.011750167190716596,0.01925302382924931,0.003355517792587545,0.0018456263934627309
