,gb,gb_ipw,wrangler_23,wrangler_16
0,0.01913809613175049,0.024516874641989518,0.003328072241226123,0.0013273928438803974
