,gb,gb_ipw,wrangler_23,wrangler_16
0,0.024044955218279804,0.043733942287939566,0.005933559603161283,0.004472601928828674
