,gb,gb_ipw,wrangler_23,wrangler_16
0,0.010931725824559865,0.019917616044478295,0.006729637878712179,0.002124177985951744
