,gb,gb_ipw,wrangler_23,wrangler_16
0,0.028465113608665715,0.049604017750110495,0.00855161084069146,0.0040062697105158395
