,gb,gb_ipw,wrangler_23,wrangler_16
0,0.029012836791850904,0.04739755833590472,0.005330752443384241,0.003966192404429118
