,gb,gb_ipw,wrangler_23,wrangler_16
0,0.011417313159081496,0.02046820504872748,0.005074515901299922,0.002390035377068996
