,gb,gb_ipw,wrangler_23,wrangler_16
0,0.015554774891246449,0.020798827662612453,0.002499667080965909,0.0012752648555871212
