,gb,gb_ipw,wrangler_23,wrangler_16
0,0.026227194676971394,0.034644189832292775,0.0038452738464041427,0.002751634815009858
