,gb,gb_ipw,wrangler_23,wrangler_16
0,0.010270944443772575,0.01235513864286913,0.01266355731046852,0.001885327515341303
