,gb,gb_ipw,wrangler_23,wrangler_16
0,0.009542186510617329,0.015995164984437427,0.0026522161753754644,0.0015885862585616438
