,gb,gb_ipw,wrangler_23,wrangler_16
0,0.012386720933703814,0.01621215561848459,0.003703670983730195,0.001233141296637085
