,gb,gb_ipw,wrangler_23,wrangler_16
0,0.012516848738438155,0.016693969024769377,0.0042678210398031866,0.0013540695129051737
