,gb,gb_ipw,wrangler_23,wrangler_16
0,0.031325717767079674,0.0483026107152303,0.005548447370529174,0.004303455352783203
