,gb,gb_ipw,wrangler_23,wrangler_16
0,0.027631995854554354,0.04830266590471622,0.006050699286990696,0.004409363976231328
