,gb,gb_ipw,wrangler_23,wrangler_16
0,0.017656401559140222,0.03133739906006949,0.005088520503909302,0.0035288597226450164
