,gb,gb_ipw,wrangler_23,wrangler_16
0,0.02923088543342822,0.04844322349085952,0.005628123427882339,0.003997800928173643
