,gb,gb_ipw,wrangler_23,wrangler_16
0,0.01326680308762158,0.015741066476398714,0.00575935050892153,0.001143481578485948
