,gb,gb_ipw,wrangler_23,wrangler_16
0,0.02888010949203649,0.04864206019136095,0.0054388931117106964,0.003980361309248148
