,gb,gb_ipw,wrangler_23,wrangler_16
0,0.02047847603071673,0.026450699907008223,0.0029502522331589284,0.0013200571220418622
