,gb,gb_ipw,wrangler_23,wrangler_16
0,0.014608230445674445,0.027424847843644448,0.005304339186867298,0.002764773846407344
