,gb,gb_ipw,wrangler_23,wrangler_16
0,0.02312687812028108,0.04337645239300198,0.005958256898102936,0.005026106481198911
