,gb,gb_ipw,wrangler_23,wrangler_16
0,0.01408526448070073,0.01702209909995492,0.005952629293141817,0.0011647591928617151
