,gb,gb_ipw,wrangler_23,wrangler_16
0,0.025505584383767748,0.03689456553686233,0.00498124531337193,0.0029085647492181686
