,gb,gb_ipw,wrangler_23,wrangler_16
0,0.009241776588635566,0.013138986567639406,0.004469071955504837,0.0011768768323445256
