,gb,gb_ipw,wrangler_23,wrangler_16
0,0.011574984347332437,0.01430731630275282,0.0066488011811487585,0.0013221848799074057
