,gb,gb_ipw,wrangler_23,wrangler_16
0,0.018260269253342242,0.03361067286244145,0.009553024062403926,0.003130899535285102
