,gb,gb_ipw,wrangler_23,wrangler_16
0,0.031202783187230427,0.051637987295786544,0.005537768205006917,0.004045665264129639
