,gb,gb_ipw,wrangler_23,wrangler_16
0,0.0158093331874102,0.020501772562662758,0.005738828374051501,0.001568015964551903
