,gb,gb_ipw,wrangler_23,wrangler_16
0,0.01033328730484535,0.018045614505636277,0.007878044099186575,0.0018772265920237112
