,gb,gb_ipw,wrangler_23,wrangler_16
0,0.010284395415548216,0.012975869401131268,0.004252467130749955,0.0009169850324719682
