,gb,gb_ipw,wrangler_23,wrangler_16
0,0.01618054605299427,0.030799834958968625,0.005621679367557649,0.004567830793319209
