,gb,gb_ipw,wrangler_23,wrangler_16
0,0.020205586906371073,0.02606499808913647,0.003523684452542767,0.001367482389537946
