,gb,gb_ipw,wrangler_23,wrangler_16
0,0.01730935852166952,0.027490052826473238,0.005666998907731327,0.002716657776818375
