,gb,gb_ipw,wrangler_23,wrangler_16
0,0.037476420402526855,0.07268254246030535,0.011829393250601632,0.006931878271557035
