,gb,gb_ipw,wrangler_23,wrangler_16
0,0.030461836744237827,0.04666822927969474,0.0049832426471474725,0.003974930739697115
