,gb,gb_ipw,wrangler_23,wrangler_16
0,0.011914009154629267,0.016931808089203443,0.003272751075925802,0.0012905427837120198
