,gb,gb_ipw,wrangler_23,wrangler_16
0,0.02442177372797094,0.04238264002028865,0.005290059760065362,0.003928791965195054
