,gb,gb_ipw,wrangler_23,wrangler_16
0,0.006453086640320571,0.011571379853229896,0.004183822402767107,0.0014284589126998298
