,gb,gb_ipw,wrangler_23,wrangler_16
0,0.027263134939794802,0.040918070980100425,0.004700780210660646,0.003386224174026224
