,gb,gb_ipw,wrangler_23,wrangler_16
0,0.018540596215209492,0.02411515590705609,0.00347022886400099,0.0014494082871241091
