,gb,gb_ipw,wrangler_23,wrangler_16
0,0.030633476045396592,0.04648500018649631,0.0053122639656066895,0.003807522632457592
