,gb,gb_ipw,wrangler_23,wrangler_16
0,0.013429016059315596,0.01880176082108529,0.0037002310512552847,0.001286954399129124
