,gb,gb_ipw,wrangler_23,wrangler_16
0,0.021402670502062827,0.024735308194207408,0.004449419577829531,0.0011244622916732978
