,gb,gb_ipw,wrangler_23,wrangler_16
0,0.008900317480063605,0.014940054110395442,0.003718623291240087,0.0017219191266618864
