,gb,gb_ipw,wrangler_23,wrangler_16
0,0.02845737970236576,0.04998459057374434,0.0058640584801182595,0.004576236912698457
