,gb,gb_ipw,wrangler_23,wrangler_16
0,0.020987664659818012,0.03866230448087057,0.007355585694313049,0.003511086106300354
