,gb,gb_ipw,wrangler_23,wrangler_16
0,0.008447364402505068,0.015818157967609856,0.005190471151413826,0.0017599556415986556
