,gb,gb_ipw,wrangler_23,wrangler_16
0,0.012301649722753395,0.01502057852753378,0.006082253514368081,0.0012192218507563674
