,gb,gb_ipw,wrangler_23,wrangler_16
0,0.014465004587517788,0.016872265831507256,0.006000617431811235,0.0011026789862710281
