,gb,gb_ipw,wrangler_23,wrangler_16
0,0.02366095474085857,0.04685342926340005,0.006073037373650935,0.004711347756926546
