,gb,gb_ipw,wrangler_23,wrangler_16
0,0.026666287123038368,0.03709542207999139,0.008268985927264749,0.0027847194160277337
