,gb,gb_ipw,wrangler_23,wrangler_16
0,0.023922882974147797,0.04233461287286546,0.006155317856205835,0.004152767360210419
