,gb,gb_ipw,wrangler_23,wrangler_16
0,0.01589621139247953,0.018189902658815735,0.003423874544422092,0.0006879207095808974
