,gb,gb_ipw,wrangler_23,wrangler_16
0,0.011113437962436032,0.01843538466181746,0.004031168871959937,0.0019288698904656163
