,gb,gb_ipw,wrangler_23,wrangler_16
0,0.012659583641611146,0.015715904249210672,0.005922566536556743,0.0013105500759762545
