,gb,gb_ipw,wrangler_23,wrangler_16
0,0.014638553966175423,0.01937143730394768,0.00232176347212358,0.001171747843424479
