,gb,gb_ipw,wrangler_23,wrangler_16
0,0.008034214531023478,0.009990045704792457,0.005640381390286475,0.001083759917426355
