,gb,gb_ipw,wrangler_23,wrangler_16
0,0.010750785706535218,0.019945568508572046,0.004937535240536644,0.0020630397493877108
