,gb,gb_ipw,wrangler_23,wrangler_16
0,0.015756407299557247,0.02490370660214811,0.0030911452061421164,0.002011173480265849
