,gb,gb_ipw,wrangler_23,wrangler_16
0,0.015504673841864307,0.01833473861342456,0.00711953739949992,0.0011206485440396164
