,gb,gb_ipw,wrangler_23,wrangler_16
0,0.0071178362207505305,0.014185546272208872,0.005055293349359813,0.0019084927014322265
