,gb,gb_ipw,wrangler_23,wrangler_16
0,0.024149105662391302,0.04624433460689726,0.005848705768585205,0.004670094876062303
