,Correlation,Corr-Oracle,Wrangler,Wrangler16,Wrangler23,Sherlock
0,55.55555555555555,16.666666666666668,16.666666666666668,11.111111111111109,11.111111111111109,16.666666666666668
