,Correlation,Corr-Oracle,Wrangler,Wrangler16,Wrangler23,Sherlock
0,38.888888888888886,66.66666666666667,66.66666666666667,55.55555555555555,100.0,66.66666666666667
