,gb,gb_ipw,wrangler_23,wrangler_16
0,0.014262667894199133,0.02486419625168614,0.004774679473334473,0.0025183927492118327
