,gb,gb_ipw,wrangler_23,wrangler_16
0,0.028847544281571005,0.050920855115961144,0.005761506380858244,0.004577967855665419
