,gb,gb_ipw,wrangler_23,wrangler_16
0,0.012367542139473242,0.014714184088024232,0.00954099341037925,0.0015344063845744021
