,gb,gb_ipw,wrangler_23,wrangler_16
0,0.01047419852950946,0.01992295388461781,0.0035032934072066328,0.0021323865773726484
