,gb,gb_ipw,wrangler_23,wrangler_16
0,0.029196341832478843,0.04767739411556359,0.00572023969708067,0.004158552848931515
