,gb,gb_ipw,wrangler_23,wrangler_16
0,0.01734439083324965,0.030658143456630437,0.006379963066171388,0.0034452812279790585
