,gb,gb_ipw,wrangler_23,wrangler_16
0,0.027573209224511442,0.053524859284505524,0.006535842023168418,0.0047357482338130415
