,gb,gb_ipw,wrangler_23,wrangler_16
0,0.026125378078884546,0.04329000200544084,0.005086263020833333,0.004022083585224455
