,gb,gb_ipw,wrangler_23,wrangler_16
0,0.017167533588632766,0.028548065709658288,0.00532393712349742,0.0024693352835518973
