,gb,gb_ipw,wrangler_23,wrangler_16
0,0.01958904103336171,0.03751832195836255,0.0051575848180004675,0.005131093864766961
