,gb,gb_ipw,wrangler_23,wrangler_16
0,0.03220482418934504,0.05955280115207036,0.005718631048997244,0.004439304272333781
