,gb,gb_ipw,wrangler_23,wrangler_16
0,0.02087760217411002,0.04426167183315631,0.0055026762264291035,0.004111491527754007
