,gb,gb_ipw,wrangler_23,wrangler_16
0,0.018481070459899256,0.021273996365272392,0.006403300469204531,0.0012750911005472733
