,gb,gb_ipw,wrangler_23,wrangler_16
0,0.012447233082818202,0.01805116895769463,0.006616604132730452,0.0020051833058966967
