,gb,gb_ipw,wrangler_23,wrangler_16
0,0.05668490476488112,0.0954561899890878,0.008881296898491193,0.0072058123821245445
