,gb,gb_ipw,wrangler_23,wrangler_16
0,0.01534313240599451,0.025673428533042976,0.004445408122174739,0.0026718802302949833
