,gb,gb_ipw,wrangler_23,wrangler_16
0,0.009988042736102265,0.018655064365023247,0.007956957449737623,0.002132645989299342
