,gb,gb_ipw,wrangler_23,wrangler_16
0,0.01414170626502938,0.01671464902335707,0.0057100499950864785,0.0011510711902985137
