,gb,gb_ipw,wrangler_23,wrangler_16
0,0.0161264405582414,0.027298927307128906,0.0037574214958591493,0.0026993844680879286
