,gb,gb_ipw,wrangler_23,wrangler_16
0,0.01786649227142334,0.03195802370707194,0.007036990589565702,0.0032318962944878475
