,gb,gb_ipw,wrangler_23,wrangler_16
0,0.02388159434000651,0.039708142900197516,0.02035246057025457,0.004489543074268405
