,gb,gb_ipw,wrangler_23,wrangler_16
0,0.0026694752953269263,0.006623769348317926,0.004923750053752552,0.001548433845693415
