,gb,gb_ipw,wrangler_23,wrangler_16
0,0.026662562920795226,0.04365386032476658,0.006077153895928608,0.0033956233078871315
