,gb,gb_ipw,wrangler_23,wrangler_16
0,0.05185781490235102,0.09157898880186535,0.009642470450628372,0.007802886622292655
