,gb,gb_ipw,wrangler_23,wrangler_16
0,0.028908375612239252,0.05145294150126349,0.006136697592194548,0.004664155625805411
