,gb,gb_ipw,wrangler_23,wrangler_16
0,0.01745911836966013,0.020005326689959094,0.005439526377689677,0.0011133949360739445
