,gb,gb_ipw,wrangler_23,wrangler_16
0,0.020137882886062178,0.025024220884503227,0.0030091734276238313,0.0019254590700096695
