,gb,gb_ipw,wrangler_23,wrangler_16
0,0.022474220653199935,0.02656678587410393,0.004264147610780572,0.001230201636400167
