,gb,gb_ipw,wrangler_23,wrangler_16
0,0.020869480547054797,0.027253761772037477,0.015060222426126169,0.002226164174634357
