,gb,gb_ipw,wrangler_23,wrangler_16
0,0.07023006585722454,0.10181962524704952,0.009929722753064384,0.008560276379062572
