,gb,gb_ipw,wrangler_23,wrangler_16
0,0.02739429473876953,0.05499770243962606,0.006226698557535807,0.005236764748891195
