,gb,gb_ipw,wrangler_23,wrangler_16
0,0.020490697592743173,0.02846934578635476,0.007137533061760516,0.0023799986878702464
