,gb,gb_ipw,wrangler_23,wrangler_16
0,0.02399121207752447,0.03888620727363674,0.004640940962166622,0.0036214960032495956
