,gb,gb_ipw,wrangler_23,wrangler_16
0,0.02709199265195288,0.03723205319890665,0.005160329875330409,0.00227975899025944
