,gb,gb_ipw,wrangler_23,wrangler_16
0,0.013111146291097003,0.01763387918472291,0.005073873202006023,0.0013034860293070466
