,gb,gb_ipw,wrangler_23,wrangler_16
0,0.026240944862365723,0.05028479629092746,0.00552708903948466,0.00405394368701511
