,gb,gb_ipw,wrangler_23,wrangler_16
0,0.005708491459252342,0.009676772687170246,0.005030636453912376,0.0014298092869539103
