,gb,gb_ipw,wrangler_23,wrangler_16
0,0.04492948452631633,0.07766430024747496,0.009396009975009494,0.0063349251393918634
