,gb,gb_ipw,wrangler_23,wrangler_16
0,0.017231773762475873,0.030216087119370558,0.005800591727372505,0.003626361237509825
