,gb,gb_ipw,wrangler_23,wrangler_16
0,0.0072461168437262455,0.012719105725050672,0.005724805870563127,0.0021380894712736825
