,gb,gb_ipw,wrangler_23,wrangler_16
0,0.027776345974061544,0.04463157033532616,0.005320029530098768,0.003506885311467861
