,gb,gb_ipw,wrangler_23,wrangler_16
0,0.006382143418669588,0.01234418384526787,0.0028556196953014343,0.0013809816470339794
