,gb,gb_ipw,wrangler_23,wrangler_16
0,0.022593688370654147,0.03828623584497755,0.007763458560931719,0.0037738467302649193
