,gb,gb_ipw,wrangler_23,wrangler_16
0,0.017715702735835503,0.03173665093003039,0.008303997045662401,0.0036245150975776617
