,gb,gb_ipw,wrangler_23,wrangler_16
0,0.009003871149246577,0.012715909961347357,0.007741356069076732,0.001842335218093789
