,gb,gb_ipw,wrangler_23,wrangler_16
0,0.0199100674962151,0.033456369264591376,0.0062024981312497835,0.0030282862793059033
