,gb,gb_ipw,wrangler_23,wrangler_16
0,0.025666629274686176,0.047304046650727585,0.005964810649553935,0.004626500109831492
