,gb,gb_ipw,wrangler_23,wrangler_16
0,0.013281806137068891,0.02376629871918721,0.005826560101119124,0.0026458436959917076
