,gb,gb_ipw,wrangler_23,wrangler_16
0,0.016862462510899772,0.034285250237353855,0.005171041552189281,0.002933391188447434
