,gb,gb_ipw,wrangler_23,wrangler_16
0,0.03145957730480076,0.05579240543326152,0.006464338794197004,0.005642163384820997
