,gb,gb_ipw,wrangler_23,wrangler_16
0,0.027224230460631545,0.04640813821401351,0.0058290285941882,0.004482001830369999
