,gb,gb_ipw,wrangler_23,wrangler_16
0,0.01631086691009975,0.02778031090882492,0.006036829316546706,0.0026291543310815162
