,gb,gb_ipw,wrangler_23,wrangler_16
0,0.01769353488831673,0.020403093872708757,0.006788378812611684,0.0012864461337505858
