,gb,gb_ipw,wrangler_23,wrangler_16
0,0.017622188359749418,0.021096725924676207,0.005705850798876679,0.0014935179250914843
