,gb,gb_ipw,wrangler_23,wrangler_16
0,0.020985750807929283,0.04490257538471025,0.007235512291033243,0.0040463565551128585
