,gb,gb_ipw,wrangler_23,wrangler_16
0,0.026022704939047497,0.04878081381320954,0.005206403632958731,0.0039193158348401385
