,gb,gb_ipw,wrangler_23,wrangler_16
0,0.013961441871357986,0.024199953021908475,0.004072771204461745,0.0026653415389867137
