,gb,gb_ipw,wrangler_23,wrangler_16
0,0.015148961406439572,0.017705450846722915,0.0058696957520602555,0.0012744693233916109
