,gb,gb_ipw,wrangler_23,wrangler_16
0,0.018402137260684844,0.03347010805510331,0.006762878231141997,0.0032731022374859935
