,gb,gb_ipw,wrangler_23,wrangler_16
0,0.018139045340076727,0.020750819292283593,0.009716341370030452,0.001199338071627127
