,gb,gb_ipw,wrangler_23,wrangler_16
0,0.01817325452216586,0.020933031737057486,0.0069639213700641075,0.0018046837402764418
