,gb,gb_ipw,wrangler_23,wrangler_16
0,0.02417036078192971,0.026859650927141678,0.011290585206559869,0.0015546467678606017
