,gb,gb_ipw,wrangler_23,wrangler_16
0,0.014295546585087577,0.017031183782613504,0.0060740328363473985,0.0012105151756540249
