,gb,gb_ipw,wrangler_23,wrangler_16
0,0.014137827364125647,0.01707941069638819,0.006385996825712964,0.0013256431522225974
