,gb,gb_ipw,wrangler_23,wrangler_16
0,0.023712641360657902,0.0433117721849759,0.0055840510507395415,0.003991316625401268
