,gb,gb_ipw,wrangler_23,wrangler_16
0,0.020062800535221692,0.0379048671919046,0.005709756280958038,0.004344379778989812
