,gb,gb_ipw,wrangler_23,wrangler_16
0,0.031905758694957896,0.05290379912036664,0.005581398053950324,0.004322668121442762
