,gb,gb_ipw,wrangler_23,wrangler_16
0,0.02681239833676718,0.04828945408022501,0.0064479626291166475,0.004028886314330063
