,gb,gb_ipw,wrangler_23,wrangler_16
0,0.029760350783665974,0.05023802320162455,0.005336850881576538,0.003936638434727987
