,gb,gb_ipw,wrangler_23,wrangler_16
0,0.023680841122414958,0.044150780381808155,0.007897343385626764,0.005328060249557763
