,gb,gb_ipw,wrangler_23,wrangler_16
0,0.03052006165186564,0.05406105802172706,0.005694017523810976,0.004977342628297352
