,gb,gb_ipw,wrangler_23,wrangler_16
0,0.012360041654562648,0.023642169775339117,0.005717518963391267,0.0028625319275674944
