,gb,gb_ipw,wrangler_23,wrangler_16
0,0.016430904577066613,0.026968117889758288,0.0058990767878344934,0.002646875614357228
