,gb,gb_ipw,wrangler_23,wrangler_16
0,0.01695968375221036,0.020008326579594338,0.0055558297912405115,0.0012211431088131684
