,gb,gb_ipw,wrangler_23,wrangler_16
0,0.01881184665308394,0.030590230266751294,0.0040813950011677315,0.002627355881497547
