,gb,gb_ipw,wrangler_23,wrangler_16
0,0.017418324961125865,0.020608915195478306,0.006692931073233503,0.0018684933989117948
