,gb,gb_ipw,wrangler_23,wrangler_16
0,0.022422936227586534,0.041324231359693736,0.005869401825798883,0.004165702395968966
