,gb,gb_ipw,wrangler_23,wrangler_16
0,0.021409358700333617,0.03133136066582685,0.004689821562914684,0.0021971748609143312
