,gb,gb_ipw,wrangler_23,wrangler_16
0,0.012281810098688969,0.026350132903160406,0.006160540887486865,0.0026128445452416847
