,gb,gb_ipw,wrangler_23,wrangler_16
0,0.017504635871502392,0.0219027920250307,0.0039107378637581545,0.0013399215643866026
