,gb,gb_ipw,wrangler_23,wrangler_16
0,0.017289139036636623,0.028686871665352994,0.007823002808410208,0.00291592758616239
