,gb,gb_ipw,wrangler_23,wrangler_16
0,0.012941455667983815,0.01896293107048353,0.012807534524187203,0.0026573286731533044
