,gb,gb_ipw,wrangler_23,wrangler_16
0,0.02372973341042373,0.04522929819979409,0.005529832470324612,0.004138133322545725
