,gb,gb_ipw,wrangler_23,wrangler_16
0,0.027507543563842773,0.04841821889082591,0.0053693850835164385,0.00422261655330658
