,gb,gb_ipw,wrangler_23,wrangler_16
0,0.029134785845166166,0.050104622329984395,0.005735173111870176,0.0041937899021875285
