,gb,gb_ipw,wrangler_23,wrangler_16
0,0.01478412973198858,0.01786343527968396,0.006079745171276457,0.0012857751883443653
