,gb,gb_ipw,wrangler_23,wrangler_16
0,0.020576203646867172,0.024693005758783092,0.011928249960360321,0.0027481628500896954
