,gb,gb_ipw,wrangler_23,wrangler_16
0,0.01861057450286055,0.025662067717155523,0.004756345158129667,0.0025080368582126315
