,gb,gb_ipw,wrangler_23,wrangler_16
0,0.029543123182673936,0.05243018953847125,0.005795560155723736,0.004476995923972733
