,gb,gb_ipw,wrangler_23,wrangler_16
0,0.01915365631817377,0.034851637500071385,0.004404469540244655,0.0034354583561769006
