,gb,gb_ipw,wrangler_23,wrangler_16
0,0.032603167570554294,0.052826717877999335,0.005681927387530986,0.004058082898457845
