,gb,gb_ipw,wrangler_23,wrangler_16
0,0.03250688314437866,0.05559449394543966,0.005930413802464803,0.0045833488305409755
