,gb,gb_ipw,wrangler_23,wrangler_16
0,0.022001067797342937,0.044329464435577386,0.00587006409962972,0.004579126834869385
