,gb,gb_ipw,wrangler_23,wrangler_16
0,0.017670044874699687,0.030862316109733393,0.005221895633205289,0.003428506729760679
