,gb,gb_ipw,wrangler_23,wrangler_16
0,0.0174954495788729,0.028696588208286414,0.00495801814410612,0.0024073625759663264
