,gb,gb_ipw,wrangler_23,wrangler_16
0,0.008632354995831332,0.015707750709689397,0.007317517890411173,0.001990606184719372
