,gb,gb_ipw,wrangler_23,wrangler_16
0,0.006365712142821611,0.01290259987675153,0.0038132910434426313,0.0014801127661329173
