,gb,gb_ipw,wrangler_23,wrangler_16
0,0.016922115260719232,0.027790465488829748,0.00463191406194107,0.002436512701386206
