,gb,gb_ipw,wrangler_23,wrangler_16
0,0.01999775674891344,0.025477718541966402,0.0031105177925232264,0.0013890750905409216
