,gb,gb_ipw,wrangler_23,wrangler_16
0,0.021510693245047688,0.022486038588712634,0.0239210191393004,0.0025980197403600584
