,gb,gb_ipw,wrangler_23,wrangler_16
0,0.013420831745554742,0.0286096087074687,0.005683222022123873,0.002784654013112221
