,gb,gb_ipw,wrangler_23,wrangler_16
0,0.016485844338147215,0.02064950916240799,0.004910266625228794,0.0014042687455870105
