,gb,gb_ipw,wrangler_23,wrangler_16
0,0.0176067492393982,0.020159437507130375,0.006294634092850635,0.0012183281123617307
