,gb,gb_ipw,wrangler_23,wrangler_16
0,0.014357145614317168,0.01695140825553177,0.0058186137692221186,0.0012372336692361137
