,gb,gb_ipw,wrangler_23,wrangler_16
0,0.025408963362375896,0.045025928152932056,0.005001409186257257,0.003798140419854058
