,gb,gb_ipw,wrangler_23,wrangler_16
0,0.02954910541402882,0.04995321405344996,0.005792338272620892,0.003878412575557314
