,gb,gb_ipw,wrangler_23,wrangler_16
0,0.021861659155951608,0.03344009792993939,0.004555734377058726,0.0026741671183752634
