,gb,gb_ipw,wrangler_23,wrangler_16
0,0.019802790571623343,0.02496167814374295,0.00265752262250604,0.001275571880288605
