,gb,gb_ipw,wrangler_23,wrangler_16
0,0.010831882072970873,0.019803982311850505,0.005220943314237285,0.0020120407158971446
