,gb,gb_ipw,wrangler_23,wrangler_16
0,0.02765366525361032,0.04744529724121094,0.0054836273193359375,0.0043970165830669984
