,gb,gb_ipw,wrangler_23,wrangler_16
0,0.01256749532479779,0.01719582922839764,0.009937911228619544,0.0016189640782579612
