,gb,gb_ipw,wrangler_23,wrangler_16
0,0.03125456472237905,0.056916071722904846,0.005610597630341847,0.004448617498079936
