,gb,gb_ipw,wrangler_23,wrangler_16
0,0.013616278530330489,0.023973557541293242,0.006063081205472864,0.0023442044525068114
