,gb,gb_ipw,wrangler_23,wrangler_16
0,0.025670743629928695,0.04732633285064313,0.008626237002998482,0.004807060388454412
