,gb,gb_ipw,wrangler_23,wrangler_16
0,0.01968277825249566,0.034840697916145,0.005162679232083835,0.003904358953492254
