,gb,gb_ipw,wrangler_23,wrangler_16
0,0.01445067221115623,0.01680454111140181,0.005442598308871451,0.0011634590129275526
