,gb,gb_ipw,wrangler_23,wrangler_16
0,0.023738046487172444,0.04343688488006592,0.005270540714263916,0.003965695699055989
