,gb,gb_ipw,wrangler_23,wrangler_16
0,0.031219381425115798,0.0504116631216473,0.005473486251301236,0.003961018390125698
