,gb,gb_ipw,wrangler_23,wrangler_16
0,0.019888208097381913,0.025867166259253796,0.003430114316526163,0.001341898879022361
