,gb,gb_ipw,wrangler_23,wrangler_16
0,0.011727429818415987,0.017524341454252527,0.0021054548917761175,0.0012595872372244867
