,gb,gb_ipw,wrangler_23,wrangler_16
0,0.028611609229335082,0.04918376604715982,0.005646436302750199,0.004118791332951299
