,gb,gb_ipw,wrangler_23,wrangler_16
0,0.013238640626271565,0.017982312043507895,0.00393598477045695,0.0013958175977071123
