,gb,gb_ipw,wrangler_23,wrangler_16
0,0.01685312402393171,0.0195441458389344,0.005805115950734992,0.0012372476369263189
