,gb,gb_ipw,wrangler_23,wrangler_16
0,0.0067512655735884435,0.011500348430296545,0.010860059240693824,0.0016464161362587213
