,gb,gb_ipw,wrangler_23,wrangler_16
0,0.021361831625738546,0.02466225617261466,0.006387152540357378,0.001469789246822329
