,gb,gb_ipw,wrangler_23,wrangler_16
0,0.015982639994653377,0.0191585823235979,0.005814417494529205,0.0013160990884077575
