,gb,gb_ipw,wrangler_23,wrangler_16
0,0.026702415198087692,0.046169074873129524,0.005770009011030197,0.004036041597525279
