,gb,gb_ipw,wrangler_23,wrangler_16
0,0.012588400378005918,0.025510787963867188,0.006395050241977354,0.0029988429717373744
