,gb,gb_ipw,wrangler_23,wrangler_16
0,0.03605402178234524,0.056635340054829925,0.005331304338243272,0.004038214683532715
