,gb,gb_ipw,wrangler_23,wrangler_16
0,0.024824270180293494,0.04820028940836589,0.005347742920830136,0.0042127711432320735
