,gb,gb_ipw,wrangler_23,wrangler_16
0,0.019049569730848356,0.02208981768090897,0.003852291166969227,0.0009520300503434803
