,gb,gb_ipw,wrangler_23,wrangler_16
0,0.019809527799186284,0.039900940976744965,0.0062758917229080256,0.003795091198937436
