,gb,gb_ipw,wrangler_23,wrangler_16
0,0.017845164733434303,0.023103306556969,0.0025204249790736605,0.001295155913360678
