,gb,gb_ipw,wrangler_23,wrangler_16
0,0.017308781289646764,0.03328110022672117,0.005766107381876901,0.0032019744093206453
