,gb,gb_ipw,wrangler_23,wrangler_16
0,0.013037286978151492,0.026527195457869353,0.006701073519778885,0.0030451594523694453
