,gb,gb_ipw,wrangler_23,wrangler_16
0,0.01730968526086758,0.028431725819170167,0.004066905236230413,0.0027869049698855575
