,gb,gb_ipw,wrangler_23,wrangler_16
0,0.02066943851219216,0.030288357420016065,0.004759415757232511,0.0025187652123155936
