,gb,gb_ipw,wrangler_23,wrangler_16
0,0.014351287103617664,0.016811727790496982,0.005099424131356986,0.0011469329311011012
