,gb,gb_ipw,wrangler_23,wrangler_16
0,0.016162342597571495,0.026458561209688154,0.004574172713679158,0.002548572757319981
