,gb,gb_ipw,wrangler_23,wrangler_16
0,0.012912216429328835,0.017605948305354453,0.004014896948622188,0.0012907389651826162
