,gb,gb_ipw,wrangler_23,wrangler_16
0,0.01576877910004565,0.025980672086585103,0.0038110695949370643,0.0023877126930733406
