,gb,gb_ipw,wrangler_23,wrangler_16
0,0.012859779432846757,0.013457990912175161,0.02749222927927706,0.0031866348611592718
