,gb,gb_ipw,wrangler_23,wrangler_16
0,0.026605405458589887,0.03454084318827806,0.005299531347383328,0.002093431426257622
