,gb,gb_ipw,wrangler_23,wrangler_16
0,0.020592574595658806,0.026917196402154245,0.0033849468440143903,0.0015037906748214987
