,gb,gb_ipw,wrangler_23,wrangler_16
0,0.02818009288040633,0.04511567735180413,0.005156723494382249,0.003865330489640383
