,gb,gb_ipw,wrangler_23,wrangler_16
0,0.01326904218864831,0.02637995126382299,0.005338820943071799,0.0027573344328814652
