,gb,gb_ipw,wrangler_23,wrangler_16
0,0.015888162838515418,0.028286890317034977,0.004951832115009267,0.0030052811441455695
