,gb,gb_ipw,wrangler_23,wrangler_16
0,0.02839709241190083,0.04727341816246246,0.005347563697241894,0.004059962917322263
