,gb,gb_ipw,wrangler_23,wrangler_16
0,0.016674107196284278,0.019394132603450312,0.006971301651802385,0.0012352520010384526
