,gb,gb_ipw,wrangler_23,wrangler_16
0,0.020841064998568755,0.026714031206982666,0.002859176394837862,0.0014787349524794857
