,gb,gb_ipw,wrangler_23,wrangler_16
0,0.032417227824529014,0.0573145846525828,0.006210058927536011,0.0054103632767995204
