,gb,gb_ipw,wrangler_23,wrangler_16
0,0.01737016076255443,0.03061045668885699,0.006608104193082418,0.003201933744560433
