,gb,gb_ipw,wrangler_23,wrangler_16
0,0.005017730625262415,0.00802276823515829,0.010335165121965148,0.0027453674020027096
