,gb,gb_ipw,wrangler_23,wrangler_16
0,0.035750369230906166,0.060450624335895896,0.006138149536017216,0.0049896312482429275
