,gb,gb_ipw,wrangler_23,wrangler_16
0,0.02066228852603898,0.031552399180019876,0.004431485256432614,0.002480106330471016
