,gb,gb_ipw,wrangler_23,wrangler_16
0,0.016564269060034748,0.027271999689831114,0.004495238209818746,0.002756369128477588
