,gb,gb_ipw,wrangler_23,wrangler_16
0,0.03475509583950043,0.051225535571575165,0.005198642611503601,0.003902862469355265
