,gb,gb_ipw,wrangler_23,wrangler_16
0,0.017555803768089125,0.022353918494970745,0.0035322300152571544,0.0013636151280601151
