,gb,gb_ipw,wrangler_23,wrangler_16
0,0.03072777480790109,0.05148960785432295,0.006012618541717529,0.0041129462646715565
