,gb,gb_ipw,wrangler_23,wrangler_16
0,0.023016223201045283,0.04331551818333892,0.006012911213233683,0.0037360271620830703
