,gb,gb_ipw,wrangler_23,wrangler_16
0,0.030715266863505043,0.052288174629211426,0.005624443292617798,0.0045354167620340995
