,gb,gb_ipw,wrangler_23,wrangler_16
0,0.008243861840523893,0.01493379243425449,0.003312860366787605,0.0015468260573498725
