,gb,gb_ipw,wrangler_23,wrangler_16
0,0.026477856582470156,0.05144483587715063,0.00601832786302888,0.00467461146665423
