,gb,gb_ipw,wrangler_23,wrangler_16
0,0.04796356796691625,0.07403792267519878,0.00923160951864386,0.005709054017102069
