,gb,gb_ipw,wrangler_23,wrangler_16
0,0.023064257084638218,0.03693364132409808,0.004832086891963564,0.003204263489821861
