,gb,gb_ipw,wrangler_23,wrangler_16
0,0.013003614213731553,0.016780845702640594,0.009230469900464253,0.001834763420952691
