,gb,gb_ipw,wrangler_23,wrangler_16
0,0.017472045463428162,0.020172386838678728,0.007377402824268006,0.001222982741238778
