,gb,gb_ipw,wrangler_23,wrangler_16
0,0.01993940754778878,0.037593561873833975,0.005308835690074534,0.003353073410245628
