,gb,gb_ipw,wrangler_23,wrangler_16
0,0.024402264467219714,0.04844110738897534,0.005814744727425442,0.004696389536794402
