,gb,gb_ipw,wrangler_23,wrangler_16
0,0.029168091714382175,0.05269329994916916,0.0057530899842580165,0.005016724268595378
