,gb,gb_ipw,wrangler_23,wrangler_16
0,0.015492193581052633,0.0181397542979929,0.006070158447639035,0.0012430311924480659
