,gb,gb_ipw,wrangler_23,wrangler_16
0,0.017962390429353062,0.030701221085341242,0.005338056680041049,0.0031169846566455935
