,gb,gb_ipw,wrangler_23,wrangler_16
0,0.020113780344132897,0.023022515596531564,0.002410200288255723,0.0007845800843456092
