,gb,gb_ipw,wrangler_23,wrangler_16
0,0.017261476475178558,0.02012726278191879,0.006185721147699687,0.001320399123483079
