,gb,gb_ipw,wrangler_23,wrangler_16
0,0.018137711304444096,0.020515480887452017,0.0066866800894663445,0.001151998479803045
