,gb,gb_ipw,wrangler_23,wrangler_16
0,0.014471843521835634,0.01736064269964693,0.005620330634606959,0.0013066252108354275
