,gb,gb_ipw,wrangler_23,wrangler_16
0,0.030873811732955846,0.05886429234554893,0.005169221532275105,0.004432354754174662
