,gb,gb_ipw,wrangler_23,wrangler_16
0,0.042592262735172186,0.0676734106881278,0.007937149125702527,0.005330601517035037
