,gb,gb_ipw,wrangler_23,wrangler_16
0,0.014554016422807126,0.02236261702420419,0.006012827680822004,0.0017887667605751443
