,gb,gb_ipw,wrangler_23,wrangler_16
0,0.017463566980266906,0.027472012604750535,0.005679052384173284,0.0023693947959122492
