,gb,gb_ipw,wrangler_23,wrangler_16
0,0.02007083555238437,0.028105119688321002,0.007300672277940058,0.00209808349609375
