,gb,gb_ipw,wrangler_23,wrangler_16
0,0.024596686215744807,0.04528797778886619,0.005967838248026739,0.004353474095924613
