,gb,gb_ipw,wrangler_23,wrangler_16
0,0.009108802110063558,0.014184436704095544,0.004850205127483626,0.0014695482442028632
