,gb,gb_ipw,wrangler_23,wrangler_16
0,0.01363864477215652,0.016097353168646675,0.0032310824517870437,0.0007877624021441988
