,gb,gb_ipw,wrangler_23,wrangler_16
0,0.015531641079430404,0.018029839303627,0.00629822602654577,0.0012573435778928533
