,gb,gb_ipw,wrangler_23,wrangler_16
0,0.04402810129626044,0.06665813511815565,0.009429454803466795,0.004974315906393116
