,gb,gb_ipw,wrangler_23,wrangler_16
0,0.0282059010771132,0.04897699323306789,0.005486085242831829,0.0042440145695742055
