,gb,gb_ipw,wrangler_23,wrangler_16
0,0.021267629680304177,0.03460484733761199,0.004097374866671241,0.00269951962601259
