,gb,gb_ipw,wrangler_23,wrangler_16
0,0.031618844895135785,0.05891966441320995,0.005780325995551215,0.00503933618939112
