,gb,gb_ipw,wrangler_23,wrangler_16
0,0.026613473892211918,0.04686947379793439,0.005688340890975225,0.004129395598456973
