,gb,gb_ipw,wrangler_23,wrangler_16
0,0.011054258192739178,0.016430853515542965,0.0024492381721414546,0.0011819985605055286
