,gb,gb_ipw,wrangler_23,wrangler_16
0,0.024974346160888672,0.047824567272549585,0.005956207002912249,0.006453267165592739
