,gb,gb_ipw,wrangler_23,wrangler_16
0,0.02392875813992224,0.03992879873495607,0.006191455686575156,0.0039038257064106306
