,gb,gb_ipw,wrangler_23,wrangler_16
0,0.023526941391236005,0.03415811508097113,0.003821327087075952,0.001927110600598993
