,gb,gb_ipw,wrangler_23,wrangler_16
0,0.01030847988026665,0.016748458943902488,0.0032099810513583097,0.001497064682251629
