,gb,gb_ipw,wrangler_23,wrangler_16
0,0.022782641611281476,0.03492148818483778,0.004453264224301478,0.0026601894645933892
