,gb,gb_ipw,wrangler_23,wrangler_16
0,0.02100070317586263,0.04083191355069478,0.0066377222537994385,0.003999968369801839
