,gb,gb_ipw,wrangler_23,wrangler_16
0,0.016690446780278135,0.026531561591921472,0.0039030461621707715,0.002378807265377609
