,gb,gb_ipw,wrangler_23,wrangler_16
0,0.0065170441234654415,0.008262009279587056,0.009359159407590047,0.001979103390362292
