,gb,gb_ipw,wrangler_23,wrangler_16
0,0.023301260811941966,0.03943770272391183,0.010250908987862723,0.003452845982142857
