,gb,gb_ipw,wrangler_23,wrangler_16
0,0.02163850506205271,0.0416396819439131,0.005117747850375955,0.0037125178745814726
