,gb,gb_ipw,wrangler_23,wrangler_16
0,0.016072163697171536,0.018703762038398367,0.005767454484283736,0.00124690284488329
