,gb,gb_ipw,wrangler_23,wrangler_16
0,0.030671763751241896,0.05248085492187076,0.005630569325553046,0.004257385929425557
