,gb,gb_ipw,wrangler_23,wrangler_16
0,0.030468472943396427,0.047696638236523974,0.006561356831372268,0.003991411307316808
