,gb,gb_ipw,wrangler_23,wrangler_16
0,0.018544869851949183,0.02142616213654843,0.0036264442482132632,0.0009117305647437916
