,gb,gb_ipw,wrangler_23,wrangler_16
0,0.026946773334425318,0.04692603738940492,0.005899947516772213,0.004472781200798191
