,gb,gb_ipw,wrangler_23,wrangler_16
0,0.03163787451657382,0.05762053258491284,0.0057877464727921915,0.005101615732366388
