,gb,gb_ipw,wrangler_23,wrangler_16
0,0.028805075791134605,0.04835696341059648,0.0051839841004276,0.004015353201926033
