,gb,gb_ipw,wrangler_23,wrangler_16
0,0.021477845998910755,0.029648165417532638,0.004356437259250217,0.0018422420208270732
