,gb,gb_ipw,wrangler_23,wrangler_16
0,0.05803974462818762,0.08056360966089166,0.008175397808223602,0.00510940305786304
