,gb,gb_ipw,wrangler_23,wrangler_16
0,0.017249856365325788,0.029091203593772298,0.005926661295433565,0.0030272627530032637
