,gb,gb_ipw,wrangler_23,wrangler_16
0,0.01346017896514578,0.020076515748328767,0.0041106312545304445,0.001958473441527062
