,gb,gb_ipw,wrangler_23,wrangler_16
0,0.017508438655308316,0.028307883294074087,0.009392120025970124,0.003863035977541744
