,gb,gb_ipw,wrangler_23,wrangler_16
0,0.028517984208606538,0.04998594522476196,0.005816774708884103,0.004457221144721622
