,gb,gb_ipw,wrangler_23,wrangler_16
0,0.020117344132223755,0.026312442766973882,0.0027545593069784303,0.0013289747212453672
