,gb,gb_ipw,wrangler_23,wrangler_16
0,0.025032295121086966,0.04728800720638699,0.005743155876795451,0.00410071677631802
