,gb,gb_ipw,wrangler_23,wrangler_16
0,0.01330392771079892,0.01923214705263982,0.00547678744206663,0.0023082142970601064
