,gb,gb_ipw,wrangler_23,wrangler_16
0,0.00813097193621207,0.0136733573416005,0.004176989845607592,0.001597162606059641
