,gb,gb_ipw,wrangler_23,wrangler_16
0,0.0228783121620443,0.02663584913741151,0.009461532255828567,0.001829191964006073
