,gb,gb_ipw,wrangler_23,wrangler_16
0,0.03828554071931757,0.06621515648996729,0.008403745471921742,0.006160165509607038
