,gb,gb_ipw,wrangler_23,wrangler_16
0,0.024182358007321412,0.04037426806044305,0.005626815488968772,0.003777701279212689
