,gb,gb_ipw,wrangler_23,wrangler_16
0,0.009625427163836128,0.01697977276825198,0.003119363296385403,0.0015355827352107375
