,gb,gb_ipw,wrangler_23,wrangler_16
0,0.034233385866338555,0.057371728348009514,0.00607583558920658,0.004601072181354869
