,gb,gb_ipw,wrangler_23,wrangler_16
0,0.01705668784759857,0.027135047283801405,0.006018890129340873,0.002362898417881557
