,gb,gb_ipw,wrangler_23,wrangler_16
0,0.013362094759941096,0.024143358071645096,0.005108391245206198,0.002887944380442301
