,gb,gb_ipw,wrangler_23,wrangler_16
0,0.020419274057660787,0.03644568579537527,0.006726384162902832,0.003306354795183454
