,gb,gb_ipw,wrangler_23,wrangler_16
0,0.008218662767875489,0.01247889869581393,0.004557998684363638,0.001338148504737916
