,gb,gb_ipw,wrangler_23,wrangler_16
0,0.00977273489429743,0.019001886557741276,0.006230385718998574,0.0020504554277633725
