,gb,gb_ipw,wrangler_23,wrangler_16
0,0.012857494530854401,0.02525802011843081,0.004630397867273401,0.0024868382347954642
