,gb,gb_ipw,wrangler_23,wrangler_16
0,0.02086535096168518,0.040706661012437605,0.005393392509884305,0.0038031074735853407
