,gb,gb_ipw,wrangler_23,wrangler_16
0,0.021595221299391527,0.034886547642895296,0.004692974253597423,0.003287934849404881
