,gb,gb_ipw,wrangler_23,wrangler_16
0,0.018514347599495638,0.021347421959298177,0.003981261955062682,0.0008639299907098923
