,gb,gb_ipw,wrangler_23,wrangler_16
0,0.02709847121011643,0.047456650506882435,0.006423819632757279,0.003997413885025751
