,gb,gb_ipw,wrangler_23,wrangler_16
0,0.029658038040687295,0.04513921408817686,0.008121441150533742,0.0038722465778219294
