,gb,gb_ipw,wrangler_23,wrangler_16
0,0.029083938917092936,0.042229517627913965,0.004589664274976591,0.003169246848737049
