,gb,gb_ipw,wrangler_23,wrangler_16
0,0.016364524057465284,0.01711843602966504,0.02345804893647713,0.0027813449486365307
