,gb,gb_ipw,wrangler_23,wrangler_16
0,0.02634572087130962,0.03359965794153967,0.004222705847481099,0.0021191648585408016
