,gb,gb_ipw,wrangler_23,wrangler_16
0,0.021828131543265447,0.04432309004995558,0.006251864963107639,0.0052555567688412136
