,gb,gb_ipw,wrangler_23,wrangler_16
0,0.019843665119331916,0.027413911746379513,0.003423727335144277,0.0019004975242176273
