,gb,gb_ipw,wrangler_23,wrangler_16
0,0.01767342002151134,0.028286783867332146,0.004482091004594085,0.0026396783494661348
