,gb,gb_ipw,wrangler_23,wrangler_16
0,0.017703559733828436,0.023311392381905875,0.0034839468229986943,0.0013054207718340724
