,gb,gb_ipw,wrangler_23,wrangler_16
0,0.014214336423945607,0.017585646837277518,0.006018724656642827,0.0014861544272057096
