,gb,gb_ipw,wrangler_23,wrangler_16
0,0.013305397290477309,0.0163049419691247,0.006606423685420513,0.0013163130766612517
