,gb,gb_ipw,wrangler_23,wrangler_16
0,0.01940131187438965,0.03283492156437465,0.004117403711591448,0.002938508987426758
