,gb,gb_ipw,wrangler_23,wrangler_16
0,0.016548640125400416,0.027380965568207127,0.0041662664203853395,0.0024341292433686305
