,gb,gb_ipw,wrangler_23,wrangler_16
0,0.03105983501527368,0.047915350130903034,0.008013190292730565,0.0037468545805147994
