,gb,gb_ipw,wrangler_23,wrangler_16
0,0.027773603855671142,0.04056460092723416,0.006305034748675599,0.0030346232384936465
