,gb,gb_ipw,wrangler_23,wrangler_16
0,0.016023763020833335,0.02105058034261068,0.003279876708984375,0.0012621561686197917
