,gb,gb_ipw,wrangler_23,wrangler_16
0,0.01114406168260157,0.019490819186072556,0.006429073385116628,0.002201057042337026
