,gb,gb_ipw,wrangler_23,wrangler_16
0,0.015639858411166933,0.027443300132159083,0.006895540594925478,0.0030499324337073122
