,gb,gb_ipw,wrangler_23,wrangler_16
0,0.01946209514208433,0.03914779188942775,0.004746146121267544,0.003708284453483625
