,gb,gb_ipw,wrangler_23,wrangler_16
0,0.0147708400881668,0.026007845236859013,0.009032796873303484,0.002598901217262747
