,gb,gb_ipw,wrangler_23,wrangler_16
0,0.025709406022102598,0.03613767123991443,0.003145875469330819,0.0022029203753317554
