,gb,gb_ipw,wrangler_23,wrangler_16
0,0.024055234068221507,0.03076617939442,0.004006916260623549,0.0018100330481236094
