,gb,gb_ipw,wrangler_23,wrangler_16
0,0.012727190620604838,0.021581273735455722,0.00980621626397141,0.0020425398271162426
