,gb,gb_ipw,wrangler_23,wrangler_16
0,0.017283430436799765,0.022816217213964922,0.0072117787082095625,0.001655993354282195
