,gb,gb_ipw,wrangler_23,wrangler_16
0,0.013133615313554751,0.015591185462175772,0.005632007696866023,0.0012951676545065048
