,gb,gb_ipw,wrangler_23,wrangler_16
0,0.020414244296938874,0.02653931462487509,0.0047986359559288325,0.002213226732357528
