,gb,gb_ipw,wrangler_23,wrangler_16
0,0.019668242632052604,0.030084863885656576,0.004070726307955655,0.002632796506345014
