,gb,gb_ipw,wrangler_23,wrangler_16
0,0.0105140231860999,0.013218919007634762,0.004804270537347684,0.001000019201160915
