,gb,gb_ipw,wrangler_23,wrangler_16
0,0.012173380093447692,0.014495094010029802,0.0077933326034675425,0.0018589430497606124
