,gb,gb_ipw,wrangler_23,wrangler_16
0,0.019473246085164677,0.025068191771811625,0.0029059025694574306,0.0014268478321409113
