,gb,gb_ipw,wrangler_23,wrangler_16
0,0.015570611967036248,0.018292058628140803,0.00571173770324622,0.0011362568382217073
