,gb,gb_ipw,wrangler_23,wrangler_16
0,0.025449648756808725,0.028022641851164667,0.004569327625412394,0.0010594842572414335
