,gb,gb_ipw,wrangler_23,wrangler_16
0,0.01672343311146793,0.02695396269634093,0.005450295295761909,0.002502303420405685
