,gb,gb_ipw,wrangler_23,wrangler_16
0,0.015990492479559554,0.027127536661895643,0.0037978856991498894,0.002743778647957268
