,gb,gb_ipw,wrangler_23,wrangler_16
0,0.026650726795196533,0.04782196548249987,0.006045732233259413,0.004202127456665039
