,gb,gb_ipw,wrangler_23,wrangler_16
0,0.02452933340331458,0.030196316555795695,0.011040142782048044,0.002157681919089937
