,gb,gb_ipw,wrangler_23,wrangler_16
0,0.011101500489733424,0.015710071192467288,0.0054266380385768745,0.001826614412264867
