,gb,gb_ipw,wrangler_23,wrangler_16
0,0.012202450622290048,0.02495596626892274,0.006540991123832947,0.0026405763181394913
