,gb,gb_ipw,wrangler_23,wrangler_16
0,0.014790561464097764,0.02827578120761447,0.0054329633712768555,0.0031017594867282445
