,gb,gb_ipw,wrangler_23,wrangler_16
0,0.04764050245285035,0.07822811603546143,0.009016692638397217,0.005908558766047159
