,gb,gb_ipw,wrangler_23,wrangler_16
0,0.006890786929173512,0.011290730656804266,0.0075229049265921645,0.0014742752453228373
