,gb,gb_ipw,wrangler_23,wrangler_16
0,0.02082092163366673,0.03222650263732645,0.004401003127490286,0.0028775367901954815
