,gb,gb_ipw,wrangler_23,wrangler_16
0,0.021532463219801352,0.042417439164399044,0.005986097108281941,0.004199186726768168
