,gb,gb_ipw,wrangler_23,wrangler_16
0,0.017574443120390314,0.03014982563175568,0.007524501243138423,0.003359089158985713
