,gb,gb_ipw,wrangler_23,wrangler_16
0,0.014042034493223792,0.01682497334184614,0.003500613714689064,0.0009215200632776994
