,gb,gb_ipw,wrangler_23,wrangler_16
0,0.016064905422545617,0.026821766055223184,0.006021394093628028,0.0030684429188833117
