,gb,gb_ipw,wrangler_23,wrangler_16
0,0.016971280978571986,0.026901763293050947,0.005237637988982661,0.0026414110775916807
