,gb,gb_ipw,wrangler_23,wrangler_16
0,0.018143322732713484,0.03327296839820014,0.007179710600111219,0.0032209687762790257
