,gb,gb_ipw,wrangler_23,wrangler_16
0,0.010349081196916212,0.01409406399508135,0.004607279366309489,0.0012323222029099771
