,gb,gb_ipw,wrangler_23,wrangler_16
0,0.016339496919520916,0.01874100371841999,0.0049433118392336545,0.0010537362986852076
