,gb,gb_ipw,wrangler_23,wrangler_16
0,0.029333780721290826,0.05032936322320368,0.005944795215252749,0.00441043647294192
