,gb,gb_ipw,wrangler_23,wrangler_16
0,0.023770315220949894,0.03277151514451793,0.0030438162316885767,0.0021719538900206946
