,gb,gb_ipw,wrangler_23,wrangler_16
0,0.011595468847946678,0.022101042824394207,0.0052117631994433745,0.002334364558281386
