,gb,gb_ipw,wrangler_23,wrangler_16
0,0.026352427623890066,0.04772317630273324,0.005494941163946081,0.004108857225488733
