,gb,gb_ipw,wrangler_23,wrangler_16
0,0.020090646326138335,0.03860267725427712,0.00862148368424189,0.003815525232765732
