,gb,gb_ipw,wrangler_23,wrangler_16
0,0.03031737456084235,0.05844620265010751,0.0060647656752522905,0.0044139817101183886
