,gb,gb_ipw,wrangler_23,wrangler_16
0,0.023367398145192033,0.033944493442422057,0.0037630981286948997,0.002661127844233313
