,gb,gb_ipw,wrangler_23,wrangler_16
0,0.01647119244484052,0.029684644039363082,0.0061514238788656994,0.0034051704896639464
