,gb,gb_ipw,wrangler_23,wrangler_16
0,0.01954292203043843,0.03142749870216453,0.0063562786186134425,0.002708212359920963
