,gb,gb_ipw,wrangler_23,wrangler_16
0,0.022832631502049703,0.04247447234167072,0.007954274712524982,0.004331308575556063
