,gb,gb_ipw,wrangler_23,wrangler_16
0,0.02163986972325754,0.02735176461232281,0.0052191805110748165,0.0015890233901910905
