,gb,gb_ipw,wrangler_23,wrangler_16
0,0.019038426872497904,0.025122349188691235,0.0033252929705779467,0.0014020926083373108
