,gb,gb_ipw,wrangler_23,wrangler_16
0,0.01631382729828718,0.019447546346638714,0.005608683461535537,0.0012381195412409242
