,gb,gb_ipw,wrangler_23,wrangler_16
0,0.016602834065755207,0.021873191550925927,0.0028972625732421875,0.0013564780906394674
