,gb,gb_ipw,wrangler_23,wrangler_16
0,0.01396793979817271,0.014648727349125073,0.027594334819389322,0.003469264268698384
