,gb,gb_ipw,wrangler_23,wrangler_16
0,0.011248437185136097,0.014271168481735957,0.006411756787981306,0.0012647159515865266
