,gb,gb_ipw,wrangler_23,wrangler_16
0,0.013918046866460055,0.014619371288347633,0.026985192139825614,0.0036545998083387507
