,gb,gb_ipw,wrangler_23,wrangler_16
0,0.01695081960945422,0.019496583501659066,0.0059507049668277535,0.0012242724198164732
