,gb,gb_ipw,wrangler_23,wrangler_16
0,0.03073463837305705,0.05271260937054952,0.005729496479034424,0.004927317301432291
