,gb,gb_ipw,wrangler_23,wrangler_16
0,0.015708011744728828,0.018779067949633854,0.006023175184061972,0.0013284422046288468
