,gb,gb_ipw,wrangler_23,wrangler_16
0,0.04900930173129039,0.06804025103005167,0.00572737973712892,0.003910104801315934
