,gb,gb_ipw,wrangler_23,wrangler_16
0,0.01838219741410677,0.023443413836335174,0.005036111646074002,0.0013951232348077343
