,gb,gb_ipw,wrangler_23,wrangler_16
0,0.011409578492437887,0.02192747043790437,0.00596408116765302,0.0023831401342772987
