,gb,gb_ipw,wrangler_23,wrangler_16
0,0.01781656111122228,0.023968235280311962,0.0028748112316562585,0.0013538997596089111
