,gb,gb_ipw,wrangler_23,wrangler_16
0,0.026694476493877912,0.03971770433415287,0.00636918204171317,0.002652904319409315
