,gb,gb_ipw,wrangler_23,wrangler_16
0,0.03039050348026236,0.05347286303018787,0.005582927428569991,0.0050960127840337065
