,gb,gb_ipw,wrangler_23,wrangler_16
0,0.02730971780316583,0.04718683916946937,0.0047745375797666354,0.0037139859692803747
