,gb,gb_ipw,wrangler_23,wrangler_16
0,0.009951416456924796,0.01499322683315256,0.0047725352880289085,0.001434980165441257
