,gb,gb_ipw,wrangler_23,wrangler_16
0,0.013050393545779594,0.014086656665975712,0.016484751564557434,0.0024651297671764503
