,gb,gb_ipw,wrangler_23,wrangler_16
0,0.015553207440991144,0.018353650850141488,0.006043716001166006,0.0012290028847411086
