,gb,gb_ipw,wrangler_23,wrangler_16
0,0.02245667080084483,0.04159348706404368,0.005480833351612091,0.004356416563193003
