,gb,gb_ipw,wrangler_23,wrangler_16
0,0.019388648019989678,0.029338513567148016,0.004031650107446016,0.002244596458988949
