,gb,gb_ipw,wrangler_23,wrangler_16
0,0.02614555195865468,0.04009762380877112,0.004944128867907403,0.003326142955030131
