,gb,gb_ipw,wrangler_23,wrangler_16
0,0.016205494986197642,0.018864102718642625,0.0065676271708043155,0.001260325074112905
