,gb,gb_ipw,wrangler_23,wrangler_16
0,0.02553159372222447,0.03559919195785472,0.0044925026378865845,0.002651886548545951
