,gb,gb_ipw,wrangler_23,wrangler_16
0,0.016227535104900444,0.018934222752957804,0.0053385748782176085,0.0011900047688611548
