,gb,gb_ipw,wrangler_23,wrangler_16
0,0.017701769821820715,0.02039386519402504,0.0058077968649231405,0.0012179693250612942
