,gb,gb_ipw,wrangler_23,wrangler_16
0,0.03379850971455477,0.05462656215745576,0.011797340548768336,0.007003667403240594
