,gb,gb_ipw,wrangler_23,wrangler_16
0,0.02518792947133382,0.04752021696832445,0.0053164031770494245,0.004064705636766222
