,gb,gb_ipw,wrangler_23,wrangler_16
0,0.024235125669499036,0.05143591160275624,0.005637423103793205,0.004548562995112873
