,gb,gb_ipw,wrangler_23,wrangler_16
0,0.01595396744577508,0.0183956455766109,0.0058179989195706544,0.0012128604085821853
