,gb,gb_ipw,wrangler_23,wrangler_16
0,0.02349744214411185,0.027763437441437746,0.004528078718594882,0.001202333376371258
