,gb,gb_ipw,wrangler_23,wrangler_16
0,0.030645366870995724,0.049932888059905076,0.005913729017431086,0.004446190415006696
