,gb,gb_ipw,wrangler_23,wrangler_16
0,0.03612627455262259,0.05040982874428354,0.007432099056661394,0.0034246987443629323
