,gb,gb_ipw,wrangler_23,wrangler_16
0,0.01763360241725878,0.020764420393706427,0.006462217659700712,0.0013946609416845344
