,gb,gb_ipw,wrangler_23,wrangler_16
0,0.03714417969738995,0.06147860376923172,0.006296292499259667,0.0049212464579829465
