,gb,gb_ipw,wrangler_23,wrangler_16
0,0.03297023464197262,0.05259534922896148,0.005338960965006271,0.003991316625401269
