,gb,gb_ipw,wrangler_23,wrangler_16
0,0.004006121342203785,0.0067107160866783765,0.00891450650353106,0.0013898150575799146
