,gb,gb_ipw,wrangler_23,wrangler_16
0,0.02214258545558729,0.04189385983779124,0.006062418364224033,0.00412474401251394
