,gb,gb_ipw,wrangler_23,wrangler_16
0,0.011833019686618403,0.02260234342377487,0.005724658292332497,0.0023169542844027275
