,gb,gb_ipw,wrangler_23,wrangler_16
0,0.008508653902425998,0.013044761206076396,0.004308046848793338,0.001409244004303847
