,gb,gb_ipw,wrangler_23,wrangler_16
0,0.017657440780552352,0.036588493365546516,0.008030527867814281,0.0035917855859771983
