,gb,gb_ipw,wrangler_23,wrangler_16
0,0.010193181116588833,0.01811115655175137,0.004493713728621804,0.0019463419171100048
