,gb,gb_ipw,wrangler_23,wrangler_16
0,0.0059777767293983045,0.010332231602025408,0.004847161471843717,0.0014738785842108347
