,gb,gb_ipw,wrangler_23,wrangler_16
0,0.020006072412861658,0.024799020505485287,0.0018526989296887989,0.0012257072196728742
