,gb,gb_ipw,wrangler_23,wrangler_16
0,0.03506071453577129,0.05805280125912038,0.0061010130119860005,0.0056009373043671646
