,gb,gb_ipw,wrangler_23,wrangler_16
0,0.007016409498117565,0.013742881549906796,0.0035025159411392003,0.0015804658946019395
