,gb,gb_ipw,wrangler_23,wrangler_16
0,0.014311883727834804,0.017254594080163183,0.005870629226037423,0.0012878196681544443
