,gb,gb_ipw,wrangler_23,wrangler_16
0,0.03283750265836716,0.05029328167438507,0.005873541037241618,0.0040835390488306676
