,gb,gb_ipw,wrangler_23,wrangler_16
0,0.028616852230495878,0.048957765102386475,0.005644228723314074,0.004683655721169931
