,gb,gb_ipw,wrangler_23,wrangler_16
0,0.020754337310791016,0.04094491402308146,0.005558629830678304,0.004015862941741943
