,gb,gb_ipw,wrangler_23,wrangler_16
0,0.029454123502397265,0.05226014024120266,0.0064197906666556325,0.005044506094550009
