,gb,gb_ipw,wrangler_23,wrangler_16
0,0.008974174350899929,0.016557896592422655,0.003134472328319884,0.001575740129216906
