,gb,gb_ipw,wrangler_23,wrangler_16
0,0.015047543189104865,0.017307823946496017,0.0064845303861366934,0.0011151661725939154
