,gb,gb_ipw,wrangler_23,wrangler_16
0,0.02253020481465743,0.02677016097377944,0.003870848506068017,0.0014172715679996093
