,gb,gb_ipw,wrangler_23,wrangler_16
0,0.0140415671235473,0.01628188462122882,0.0056177332504684365,0.0010902750734347157
