,gb,gb_ipw,wrangler_23,wrangler_16
0,0.020796226130591497,0.038784411218431264,0.0054836273193359375,0.004077123271094429
