,gb,gb_ipw,wrangler_23,wrangler_16
0,0.01639283292896145,0.026694202161097264,0.004718346255166189,0.002393765108925956
