,gb,gb_ipw,wrangler_23,wrangler_16
0,0.015528916509865914,0.028572232367347527,0.004391209980186523,0.0027066261813830585
