,gb,gb_ipw,wrangler_23,wrangler_16
0,0.023455847447039414,0.043823182479167166,0.010211833761540102,0.0048769927321548456
