,gb,gb_ipw,wrangler_23,wrangler_16
0,0.016342007051311856,0.031694179842989,0.005896212479508028,0.003303966658622335
