,gb,gb_ipw,wrangler_23,wrangler_16
0,0.016934810128945158,0.03287741364587169,0.007177576606656297,0.00314667034898409
