,gb,gb_ipw,wrangler_23,wrangler_16
0,0.028613257029699902,0.05296298435756138,0.005434429834759425,0.0044012826586526535
