,gb,gb_ipw,wrangler_23,wrangler_16
0,0.010161318330683261,0.0144766373002631,0.004746290480988658,0.0013422029904830149
