,gb,gb_ipw,wrangler_23,wrangler_16
0,0.014858089742206393,0.01813237156186785,0.008643702382133122,0.0017185651120685398
