,gb,gb_ipw,wrangler_23,wrangler_16
0,0.029265654809547192,0.04696349302927652,0.004904288234132709,0.003806117809180057
