,gb,gb_ipw,wrangler_23,wrangler_16
0,0.02784419942785192,0.04795690377553305,0.005259558006569191,0.003978334091327808
