,gb,gb_ipw,wrangler_23,wrangler_16
0,0.015019115648771588,0.018089516718584792,0.007843290056501116,0.0012587066879846099
