,gb,gb_ipw,wrangler_23,wrangler_16
0,0.0326652079820633,0.049929755429426834,0.006081536412239075,0.004154319564501445
