,gb,gb_ipw,wrangler_23,wrangler_16
0,0.0327653491619936,0.056937306197648196,0.009466200759730387,0.004872587538257088
