,gb,gb_ipw,wrangler_23,wrangler_16
0,0.0304689352539764,0.052358227214593996,0.007496483024509473,0.005193140314913344
