,gb,gb_ipw,wrangler_23,wrangler_16
0,0.015637319948938157,0.029428965515560575,0.007783994078636169,0.0033968438704808555
