,gb,gb_ipw,wrangler_23,wrangler_16
0,0.016901255989608982,0.0275381806851769,0.0044761919507793355,0.0026802054974211366
