,gb,gb_ipw,wrangler_23,wrangler_16
0,0.017097266782231692,0.028898402088496533,0.006164155420468968,0.002845746128499007
