,gb,gb_ipw,wrangler_23,wrangler_16
0,0.022327288603171326,0.03418672070252881,0.0041183243449936565,0.002699602800120073
