,gb,gb_ipw,wrangler_23,wrangler_16
0,0.01848365411332587,0.02042140544760636,0.007568820202049395,0.0012024747083326575
