,gb,gb_ipw,wrangler_23,wrangler_16
0,0.025139914618598092,0.042881227101541124,0.005967689282966382,0.004508278586647727
