,gb,gb_ipw,wrangler_23,wrangler_16
0,0.0254316698937189,0.047429331711360385,0.005820322604406447,0.004666546980539958
