,gb,gb_ipw,wrangler_23,wrangler_16
0,0.03124457417112408,0.06144877636071408,0.0071886814001834755,0.005964076880252723
