,gb,gb_ipw,wrangler_23,wrangler_16
0,0.023540185422313453,0.036905064411367226,0.004784822232289958,0.002991701354090743
