,gb,gb_ipw,wrangler_23,wrangler_16
0,0.02410703775834064,0.04503313375979054,0.005655548199504412,0.00424936515133397
