,gb,gb_ipw,wrangler_23,wrangler_16
0,0.008751389381606415,0.01671081999777895,0.0026030024851508393,0.0016388880343603384
