,gb,gb_ipw,wrangler_23,wrangler_16
0,0.010053630417328664,0.018303487756842974,0.005246001157614023,0.0022779688447519876
