,gb,gb_ipw,wrangler_23,wrangler_16
0,0.017577930102272644,0.03304338407894922,0.010268910536690365,0.0031848866788167798
