,gb,gb_ipw,wrangler_23,wrangler_16
0,0.010882516922610734,0.021400494014307974,0.004081499008905321,0.0023514495612426125
