,gb,gb_ipw,wrangler_23,wrangler_16
0,0.013628092251325908,0.020311132334826287,0.004941042055163468,0.0023781730417619675
