,gb,gb_ipw,wrangler_23,wrangler_16
0,0.029682864745457966,0.049648682276407875,0.00540142258008321,0.004114210605621338
