,gb,gb_ipw,wrangler_23,wrangler_16
0,0.008909213811831367,0.016068045358012494,0.005070764319340985,0.0021650378865406927
