,gb,gb_ipw,wrangler_23,wrangler_16
0,0.020926052698425488,0.040596742846047605,0.0057181879926267954,0.004477485483904101
