,gb,gb_ipw,wrangler_23,wrangler_16
0,0.018857952603911023,0.032365426135104784,0.005255194858730776,0.002589317308462519
