,gb,gb_ipw,wrangler_23,wrangler_16
0,0.010550352243276743,0.01971721649169922,0.003490007840670072,0.0020803304818960335
