,gb,gb_ipw,wrangler_23,wrangler_16
0,0.018875549902758287,0.02530587369358039,0.0033249164714250746,0.0013630767290457963
