,gb,gb_ipw,wrangler_23,wrangler_16
0,0.018568943035347382,0.03508471567696388,0.0052072950823955945,0.003941562197623997
