,gb,gb_ipw,wrangler_23,wrangler_16
0,0.012405865592489127,0.021478149481877207,0.005797942591909553,0.0024268073948077173
