,gb,gb_ipw,wrangler_23,wrangler_16
0,0.01908213227659791,0.03331703144115407,0.005021112742441478,0.0028237318381285053
