,gb,gb_ipw,wrangler_23,wrangler_16
0,0.012862155715145741,0.021862217700146288,0.006433341049634441,0.0020907107127239428
