,gb,gb_ipw,wrangler_23,wrangler_16
0,0.028053919474283855,0.046423357776087575,0.00772720728165064,0.003899264539408888
