,gb,gb_ipw,wrangler_23,wrangler_16
0,0.021076959276956225,0.037812429761129716,0.00549195304749504,0.004065982879154266
