,gb,gb_ipw,wrangler_23,wrangler_16
0,0.010021075262118307,0.02023111385627995,0.008336246851144105,0.0024217172701263973
