,gb,gb_ipw,wrangler_23,wrangler_16
0,0.033222187578288556,0.05479848462771746,0.0059273507859971784,0.004208555408552582
