,gb,gb_ipw,wrangler_23,wrangler_16
0,0.01994219232112803,0.03675662033946801,0.006250455869850537,0.003532737704879003
