,gb,gb_ipw,wrangler_23,wrangler_16
0,0.029263397057851154,0.05001624425252278,0.005319962898890177,0.004261980454126993
