,gb,gb_ipw,wrangler_23,wrangler_16
0,0.01639381871617727,0.01797180358515324,0.01808640336652875,0.002011378098565832
