,gb,gb_ipw,wrangler_23,wrangler_16
0,0.018242500527846282,0.024523877877793553,0.0034258479163760225,0.0014064315643544936
