,gb,gb_ipw,wrangler_23,wrangler_16
0,0.04521970238004412,0.07978542929603939,0.00766913096110026,0.0060821572939554844
