,gb,gb_ipw,wrangler_23,wrangler_16
0,0.018772853995269203,0.027380934301412328,0.0041901540456327985,0.0022367861285899414
