,gb,gb_ipw,wrangler_23,wrangler_16
0,0.02004852359413798,0.031974390212096915,0.004554842854594137,0.0027878649236787105
