,gb,gb_ipw,wrangler_23,wrangler_16
0,0.022626226874673444,0.037741888860228716,0.006735324859619141,0.0029760561171610646
