,gb,gb_ipw,wrangler_23,wrangler_16
0,0.019694402566407167,0.02314679571253516,0.0049835633776580835,0.0010179528715604231
