,gb,gb_ipw,wrangler_23,wrangler_16
0,0.01143716887779344,0.017818074050773645,0.003472097196930191,0.0014507736767993096
