,gb,gb_ipw,wrangler_23,wrangler_16
0,0.020148778202557803,0.04020664427015516,0.005694350810966107,0.0044914207073173135
