,gb,gb_ipw,wrangler_23,wrangler_16
0,0.030195486900929196,0.04513907669467116,0.007225784398245186,0.0036539208705940016
