,gb,gb_ipw,wrangler_23,wrangler_16
0,0.02317658151790474,0.030760842610180857,0.004144807989168219,0.0022515979999753258
