,gb,gb_ipw,wrangler_23,wrangler_16
0,0.027142465114593506,0.04762100676695506,0.006044904390970866,0.004413227240244548
