,gb,gb_ipw,wrangler_23,wrangler_16
0,0.03452918359211513,0.055218470238503965,0.006075327595074972,0.004779370058150518
