,gb,gb_ipw,wrangler_23,wrangler_16
0,0.01636673257036029,0.024965658502758673,0.003411522451436745,0.00220140758550392
