,gb,gb_ipw,wrangler_23,wrangler_16
0,0.02583696916129288,0.03610961244224398,0.004265224842404916,0.0024977778889121813
