,gb,gb_ipw,wrangler_23,wrangler_16
0,0.018698647177431006,0.029687415918654942,0.004168586618096165,0.0026854537647856766
