,gb,gb_ipw,wrangler_23,wrangler_16
0,0.03039663036664327,0.05185380578041077,0.006238122781117758,0.004570186138153075
