,gb,gb_ipw,wrangler_23,wrangler_16
0,0.03943076500525841,0.07063315843042167,0.0073883289576144,0.006055567209726284
