,gb,gb_ipw,wrangler_23,wrangler_16
0,0.018965172826218665,0.02565337047530041,0.003482610060483291,0.0015188493658342289
