,gb,gb_ipw,wrangler_23,wrangler_16
0,0.003490703559694996,0.004698057866426047,0.013927340800618946,0.002212000338401266
