,gb,gb_ipw,wrangler_23,wrangler_16
0,0.02175321181615194,0.04049763083457947,0.005776683489481608,0.00474850336710612
