,gb,gb_ipw,wrangler_23,wrangler_16
0,0.007481257379867654,0.009904193256335209,0.009419759774109141,0.0016973897699922515
