,gb,gb_ipw,wrangler_23,wrangler_16
0,0.017641126263632664,0.019220498739620853,0.0072556657748223995,0.0010817056710681276
