,gb,gb_ipw,wrangler_23,wrangler_16
0,0.015560029237673386,0.018728969053435473,0.0050981596709107025,0.0012793552284732774
