,gb,gb_ipw,wrangler_23,wrangler_16
0,0.027138118942578636,0.04680609951416652,0.00624793271223704,0.004690450926621755
