,gb,gb_ipw,wrangler_23,wrangler_16
0,0.02079766372154499,0.03456477461190059,0.012349095837823277,0.0032589353364089434
