,gb,gb_ipw,wrangler_23,wrangler_16
0,0.020292028784751892,0.02191030979156494,0.006352081894874573,0.0009398758411407471
