,gb,gb_ipw,wrangler_23,wrangler_16
0,0.027023255825042725,0.04658599694569905,0.005313328334263393,0.004248959677559988
