,gb,gb_ipw,wrangler_23,wrangler_16
0,0.01522673792018122,0.027614024095919548,0.007605814671778417,0.0034728766360999025
