,gb,gb_ipw,wrangler_23,wrangler_16
0,0.012996066131709536,0.024174374562722662,0.005039535922768675,0.0025465348620473606
