,gb,gb_ipw,wrangler_23,wrangler_16
0,0.030532339500441562,0.04686229746367053,0.007686650775386961,0.0035883561755210777
