,gb,gb_ipw,wrangler_23,wrangler_16
0,0.02351331461162467,0.032370127932563504,0.003623837575862545,0.0024644492184304444
