,gb,gb_ipw,wrangler_23,wrangler_16
0,0.009433140880183172,0.017166725899043837,0.005544212303663556,0.0020518898963928227
