,gb,gb_ipw,wrangler_23,wrangler_16
0,0.025033122963375513,0.050185041295157544,0.006213784217834473,0.005164494117101034
