,gb,gb_ipw,wrangler_23,wrangler_16
0,0.019613434286678538,0.03651711119323218,0.0051430293491908485,0.004221411312327665
