,gb,gb_ipw,wrangler_23,wrangler_16
0,0.007984387358135085,0.01674495261923388,0.0038317723362768365,0.0018000497320497279
