,gb,gb_ipw,wrangler_23,wrangler_16
0,0.025580455730487773,0.049526041204279114,0.006433431204263266,0.0046104579776912544
