,gb,gb_ipw,wrangler_23,wrangler_16
0,0.028546103115739498,0.047318277687861995,0.004708766937255859,0.0034171959449504985
