,gb,gb_ipw,wrangler_23,wrangler_16
0,0.036915687665547404,0.060504974295559545,0.0070730845133463545,0.005197851625207353
