,gb,gb_ipw,wrangler_23,wrangler_16
0,0.008217940116600653,0.011014484043583222,0.008083184875633661,0.0016892557344819021
