,gb,gb_ipw,wrangler_23,wrangler_16
0,0.012712764122725304,0.020384981408474126,0.003584573184016453,0.001752839505093769
