,gb,gb_ipw,wrangler_23,wrangler_16
0,0.017679388376340078,0.027504716785296507,0.004947116289127719,0.0021275373747586005
