,gb,gb_ipw,wrangler_23,wrangler_16
0,0.02019999482485083,0.040025772786063285,0.008859294903702719,0.004244467972937525
