,gb,gb_ipw,wrangler_23,wrangler_16
0,0.007136922445880457,0.011444358940414711,0.007608487034220807,0.001987716657707501
