,gb,gb_ipw,wrangler_23,wrangler_16
0,0.012304499566316287,0.019682636778780127,0.005082814599017223,0.001759384810579688
