,gb,gb_ipw,wrangler_23,wrangler_16
0,0.02137841849491514,0.036276126730030986,0.005894036128603179,0.003144823271652748
