,gb,gb_ipw,wrangler_23,wrangler_16
0,0.028843831534337516,0.04571555840848673,0.005573335320058495,0.004287922021114465
