,gb,gb_ipw,wrangler_23,wrangler_16
0,0.01715509762317676,0.031275819675088516,0.004815820402699738,0.003123165938654557
