,gb,gb_ipw,wrangler_23,wrangler_16
0,0.0179230220734127,0.029161493614237144,0.0037318604753551455,0.00274622881854022
