,gb,gb_ipw,wrangler_23,wrangler_16
0,0.026788739931015743,0.05247905140831356,0.005726303373064312,0.0049063847178504585
