,gb,gb_ipw,wrangler_23,wrangler_16
0,0.007331426040747497,0.016123357445302636,0.004543964746788733,0.001782337605570083
