,gb,gb_ipw,wrangler_23,wrangler_16
0,0.023303231643756646,0.03223007262065149,0.00447615278953033,0.0024783049578441995
