,gb,gb_ipw,wrangler_23,wrangler_16
0,0.02103831670055651,0.03481172535517445,0.005612308031892124,0.003118710975124411
