,gb,gb_ipw,wrangler_23,wrangler_16
0,0.026500688460147834,0.03086931167458814,0.004530758251439941,0.001085820098328303
