,gb,gb_ipw,wrangler_23,wrangler_16
0,0.007054712536580061,0.011327743755236418,0.004953122430022907,0.0013952204069945303
