,gb,gb_ipw,wrangler_23,wrangler_16
0,0.030794094518287896,0.0480720677326635,0.005561051909456548,0.004178060289101093
