,gb,gb_ipw,wrangler_23,wrangler_16
0,0.01588550491557475,0.023339534359221443,0.004609023172429044,0.0019599971291129597
