,gb,gb_ipw,wrangler_23,wrangler_16
0,0.023718246004798195,0.03272276183571477,0.004561636785064081,0.002342455013833865
