,gb,gb_ipw,wrangler_23,wrangler_16
0,0.02423723246106694,0.04435042042795443,0.00573714457134084,0.004128960341171242
