,gb,gb_ipw,wrangler_23,wrangler_16
0,0.011759232252072066,0.022644568712283403,0.0043612260084885815,0.0019718439151079226
