,gb,gb_ipw,wrangler_23,wrangler_16
0,0.011735360953355308,0.017972404490786978,0.0026759615025506818,0.0015262503799568156
