,gb,gb_ipw,wrangler_23,wrangler_16
0,0.02470454483321219,0.035678346951802574,0.004209803812431566,0.0027117855621106696
