,gb,gb_ipw,wrangler_23,wrangler_16
0,0.019961768027614287,0.023710005423877283,0.007997774500192843,0.001453195269998038
