,gb,gb_ipw,wrangler_23,wrangler_16
0,0.015442026779055595,0.02385512925684452,0.0052729155868291855,0.002017943188548088
