,gb,gb_ipw,wrangler_23,wrangler_16
0,0.01202440924114652,0.021150962070182525,0.005344483587476941,0.002330420193848786
