,gb,gb_ipw,wrangler_23,wrangler_16
0,0.020255946149729722,0.039572667593907825,0.005775027804904514,0.004501053781220407
