,gb,gb_ipw,wrangler_23,wrangler_16
0,0.021303693453470874,0.04298488299051922,0.006037075882372649,0.00454193871954213
