,gb,gb_ipw,wrangler_23,wrangler_16
0,0.017025167979891336,0.027362389151138845,0.004212134341471652,0.0024777046781174284
