,gb,gb_ipw,wrangler_23,wrangler_16
0,0.02081093598729794,0.0319920673271535,0.004121058963123381,0.002762443661072093
