,gb,gb_ipw,wrangler_23,wrangler_16
0,0.030896315972010296,0.05221077137523227,0.005912449624803332,0.004767543739742703
