,gb,gb_ipw,wrangler_23,wrangler_16
0,0.01878102208666233,0.029084904823896182,0.003181590935109193,0.0022696089868100813
