,gb,gb_ipw,wrangler_23,wrangler_16
0,0.03461478297243413,0.05403299307085803,0.006458808466331248,0.004963469259517709
