,gb,gb_ipw,wrangler_23,wrangler_16
0,0.02211663212977366,0.030980032519178864,0.004196855247153078,0.002351626036874812
