,gb,gb_ipw,wrangler_23,wrangler_16
0,0.03832410284354862,0.06524923831056066,0.007071737515724311,0.005360377036919029
