,gb,gb_ipw,wrangler_23,wrangler_16
0,0.029997279246648155,0.05084723234176636,0.005774945020675659,0.004163632790247599
