,gb,gb_ipw,wrangler_23,wrangler_16
0,0.0166213992751125,0.02665331948807824,0.005299500638894255,0.0023832396855429988
