,gb,gb_ipw,wrangler_23,wrangler_16
0,0.03275815095746991,0.06388494297752324,0.006600577982255039,0.005186920840188926
