,gb,gb_ipw,wrangler_23,wrangler_16
0,0.016730967481770175,0.026321282431825133,0.0034252963407158687,0.001982075643603779
