,gb,gb_ipw,wrangler_23,wrangler_16
0,0.01914865972626945,0.030416305651628454,0.004341011821266361,0.0027805088136726185
