,gb,gb_ipw,wrangler_23,wrangler_16
0,0.019278064329772783,0.027370485186899902,0.004043424032567962,0.0019759989689359173
