,gb,gb_ipw,wrangler_23,wrangler_16
0,0.017262209812408596,0.03184520552311038,0.0051232981564376156,0.0031248102047173256
