,gb,gb_ipw,wrangler_23,wrangler_16
0,0.02339722096234902,0.03847240031450644,0.0048478444417317705,0.0036708239851326774
