,gb,gb_ipw,wrangler_23,wrangler_16
0,0.020347278954974266,0.021816633905954123,0.00772772414313775,0.0010936089459815804
