,gb,gb_ipw,wrangler_23,wrangler_16
0,0.024102983020600818,0.04579304229645502,0.005712466580527169,0.004533500898452032
