,gb,gb_ipw,wrangler_23,wrangler_16
0,0.017281101048108087,0.03486897102677909,0.00972277980602115,0.003516235602626585
