,gb,gb_ipw,wrangler_23,wrangler_16
0,0.033110876878102616,0.05678832530975342,0.005726267894109091,0.004621346791585286
