,gb,gb_ipw,wrangler_23,wrangler_16
0,0.029904484748840332,0.04411721229553223,0.007768988609313965,0.003687143325805664
