,gb,gb_ipw,wrangler_23,wrangler_16
0,0.02007270312268088,0.02994496175868112,0.003722953466965539,0.002343090498797428
