,gb,gb_ipw,wrangler_23,wrangler_16
0,0.029104096548897878,0.05379141796202886,0.006044549601418632,0.004754889579046341
