,gb,gb_ipw,wrangler_23,wrangler_16
0,0.03280919609647809,0.05718162565520315,0.005931791030999387,0.004535145831830574
