,gb,gb_ipw,wrangler_23,wrangler_16
0,0.02421669124327984,0.04300751636937721,0.00574007067074071,0.004323897083190709
