,gb,gb_ipw,wrangler_23,wrangler_16
0,0.0180054092524638,0.02358047072063339,0.0030728771929448844,0.001319117383173188
