,gb,gb_ipw,wrangler_23,wrangler_16
0,0.03300320488327565,0.047936995178057246,0.006637276026614636,0.003530727169378017
