,gb,gb_ipw,wrangler_23,wrangler_16
0,0.011786730201156052,0.020560235888869672,0.006590838785524721,0.0023453765445285374
