,gb,gb_ipw,wrangler_23,wrangler_16
0,0.03364805639142821,0.053449283690142214,0.007146702715631066,0.00434302719387077
