,gb,gb_ipw,wrangler_23,wrangler_16
0,0.03062272744794046,0.045183805688734986,0.007546236438135946,0.0035238842810353926
