,gb,gb_ipw,wrangler_23,wrangler_16
0,0.0175307844811546,0.027984703592236624,0.003749224806078975,0.002416304356075939
