,gb,gb_ipw,wrangler_23,wrangler_16
0,0.01077470440549899,0.013491102886684049,0.004891292294471599,0.001169864699723555
