,gb,gb_ipw,wrangler_23,wrangler_16
0,0.036230793705692994,0.053396931401005494,0.005291367219353364,0.004201224355986625
