,gb,gb_ipw,wrangler_23,wrangler_16
0,0.030330320199330647,0.04975497722625733,0.0056172410647074384,0.00453790028889974
