,gb,gb_ipw,wrangler_23,wrangler_16
0,0.01663809598488839,0.018131006551812864,0.029061277333335914,0.0023054778450272697
