,gb,gb_ipw,wrangler_23,wrangler_16
0,0.012365867513421128,0.020439614231693177,0.003887172760895421,0.0016152966235539702
