,gb,gb_ipw,wrangler_23,wrangler_16
0,0.014219912200914151,0.02355998921617169,0.005427391517411671,0.001873235783154666
