,gb,gb_ipw,wrangler_23,wrangler_16
0,0.027066096663475037,0.04767936964829763,0.006159767508506775,0.004905586441357931
