,gb,gb_ipw,wrangler_23,wrangler_16
0,0.02439884718327101,0.04148754978451633,0.005216680021367521,0.004150249339916087
