,gb,gb_ipw,wrangler_23,wrangler_16
0,0.006117483671288593,0.010358193113043252,0.0038728312801320614,0.0012272997841316184
