,gb,gb_ipw,wrangler_23,wrangler_16
0,0.025969688539151794,0.046056729775887956,0.006695174508624606,0.004944977936921296
