,gb,gb_ipw,wrangler_23,wrangler_16
0,0.03109512657954775,0.0451653461738173,0.005058760713473916,0.0034553076833339744
