,gb,gb_ipw,wrangler_23,wrangler_16
0,0.05441790996851314,0.08294177464568732,0.007778756125294203,0.005632127418966045
