,gb,gb_ipw,wrangler_23,wrangler_16
0,0.03248317675157027,0.05820258097215132,0.0061275381030458384,0.00538089961716623
