,gb,gb_ipw,wrangler_23,wrangler_16
0,0.013076381765918814,0.019349577106954733,0.00478651960518797,0.0017446184915209573
