,gb,gb_ipw,wrangler_23,wrangler_16
0,0.02700610038561698,0.045263665354149975,0.006331745375934829,0.003532670501969818
