,gb,gb_ipw,wrangler_23,wrangler_16
0,0.03347891133006026,0.04928024803719869,0.007589367347034979,0.003532859368052909
