,gb,gb_ipw,wrangler_23,wrangler_16
0,0.01947743905022972,0.03199132612949826,0.004945950186932025,0.0026398989820727416
