,gb,gb_ipw,wrangler_23,wrangler_16
0,0.009102063936429783,0.012900346602910841,0.004827063201944947,0.0016152997672696774
