,gb,gb_ipw,wrangler_23,wrangler_16
0,0.017178452326222317,0.031033236127112142,0.011080695736792781,0.0028540644960652482
