,gb,gb_ipw,wrangler_23,wrangler_16
0,0.016489813696414623,0.0272768940890345,0.00622080131881454,0.0029215664006781634
