,gb,gb_ipw,wrangler_23,wrangler_16
0,0.029732954324589014,0.05091096937041921,0.005553814690274199,0.007934996352572622
