,gb,gb_ipw,wrangler_23,wrangler_16
0,0.06599467376182819,0.11893716351739289,0.009401091213884025,0.005829745325548895
