,gb,gb_ipw,wrangler_23,wrangler_16
0,0.009246329043773895,0.01531347949454125,0.0027399113837708816,0.0013777233184652125
