,gb,gb_ipw,wrangler_23,wrangler_16
0,0.01165714528825548,0.020219838177716287,0.006468229823642304,0.00222676330142551
