,gb,gb_ipw,wrangler_23,wrangler_16
0,0.019703822813945494,0.028545539695899805,0.003575834083112525,0.0026176025817444275
