,gb,gb_ipw,wrangler_23,wrangler_16
0,0.012578333125394935,0.018053832538625136,0.002807793132761583,0.0014459704332810673
