,gb,gb_ipw,wrangler_23,wrangler_16
0,0.008770389076632974,0.0132110438850246,0.004167748422814339,0.0014015752026158518
