,gb,gb_ipw,wrangler_23,wrangler_16
0,0.0143457086714726,0.016910116517644343,0.015023312955364562,0.00223679232102006
