,gb,gb_ipw,wrangler_23,wrangler_16
0,0.02855040880157926,0.040626218613721746,0.0054943816007935985,0.002783342469761173
