,gb,gb_ipw,wrangler_23,wrangler_16
0,0.025215917411619014,0.02816070583213833,0.0074216754743488145,0.0011440062042021271
