,gb,gb_ipw,wrangler_23,wrangler_16
0,0.01022452630367376,0.012633804540747112,0.0045722309506282385,0.0010137428890428367
