,gb,gb_ipw,wrangler_23,wrangler_16
0,0.00861226947843464,0.012880110746169095,0.0036892369923070614,0.0013240630039030915
