,gb,gb_ipw,wrangler_23,wrangler_16
0,0.016965391315939108,0.02871550522841416,0.004904301135570972,0.002696297385475852
