,gb,gb_ipw,wrangler_23,wrangler_16
0,0.01234192031997818,0.022521196952044117,0.0036318176348083576,0.0019966405330937805
