,gb,gb_ipw,wrangler_23,wrangler_16
0,0.012442509761717763,0.01835252718141458,0.002789368847952377,0.0014134012463921809
