,gb,gb_ipw,wrangler_23,wrangler_16
0,0.02980876773122758,0.04145375319889614,0.00405432212920416,0.002947260463048541
