,gb,gb_ipw,wrangler_23,wrangler_16
0,0.019358173352942622,0.0321429614062723,0.003912677503611944,0.0028920500245812816
