,gb,gb_ipw,wrangler_23,wrangler_16
0,0.020198470008546025,0.04008460951888043,0.00615639315135237,0.004447618688362231
