,gb,gb_ipw,wrangler_23,wrangler_16
0,0.009604738225012855,0.014715318923894403,0.005624861451345998,0.0014954963375489062
