,gb_opt,gb_ipw_opt,wrangler
0,0.08721303939819336,0.09319591522216797,0.0033422428018906537
