,gb_opt,gb_ipw_opt,wrangler
0,0.059438228607177734,0.06597495079040527,0.009701575761959878
