,gb_opt,gb_ipw_opt,wrangler
0,0.057044029235839844,0.06174516677856445,0.004038666233871922
