,gb_opt,gb_ipw_opt,wrangler
0,0.05239558219909668,0.05904221534729004,0.00722805658976237
