,gb_opt,gb_ipw_opt,wrangler
0,0.24734807014465332,0.2584700584411621,0.0019031710857443874
