,gb_opt,gb_ipw_opt,wrangler
0,0.10292291641235352,0.10807013511657715,0.0022746840983337998
