,gb_opt,gb_ipw_opt,wrangler
0,0.03747892379760742,0.04130721092224121,0.005940596262613933
