,gb_opt,gb_ipw_opt,wrangler
0,0.09219646453857422,0.09942913055419922,0.004500699189542993
