,gb_opt,gb_ipw_opt,wrangler
0,0.03944969177246094,0.04430747032165527,0.005886878496334877
