,gb_opt,gb_ipw_opt,wrangler
0,0.044570207595825195,0.04854011535644531,0.004955865804431508
