,gb_opt,gb_ipw_opt,wrangler
0,0.07634687423706055,0.08289575576782227,0.004900418795072116
