,gb_opt,gb_ipw_opt,wrangler
0,0.0436396598815918,0.04893326759338379,0.007787346839904785
