,gb_opt,gb_ipw_opt,wrangler
0,0.038286447525024414,0.04170846939086914,0.005762751509503621
