,gb_opt,gb_ipw_opt,wrangler
0,0.037390708923339844,0.04079294204711914,0.006148844589421778
