,gb_opt,gb_ipw_opt,wrangler
0,0.05726337432861328,0.0661158561706543,0.011786818504333496
