,gb_opt,gb_ipw_opt,wrangler
0,0.044034719467163086,0.04840540885925293,0.004639319323618478
