,gb_opt,gb_ipw_opt,wrangler
0,0.046111106872558594,0.05247974395751953,0.0055366092258029515
