,gb_opt,gb_ipw_opt,wrangler
0,0.2546534538269043,0.26515674591064453,0.002350253558783942
