,gb_opt,gb_ipw_opt,wrangler
0,0.03822445869445801,0.0423734188079834,0.006184165860399788
