,gb_opt,gb_ipw_opt,wrangler
0,0.2561838626861572,0.26821351051330566,0.0018537646592265426
