,gb_opt,gb_ipw_opt,wrangler
0,0.060950279235839844,0.06929445266723633,0.012689828872680664
