,gb_opt,gb_ipw_opt,wrangler
0,0.03833746910095215,0.04221749305725098,0.006045824215735919
