,gb_opt,gb_ipw_opt,wrangler
0,0.044960975646972656,0.0502324104309082,0.006373112018291767
