,gb_opt,gb_ipw_opt,wrangler
0,0.039591073989868164,0.04363560676574707,0.006059805552164714
