,gb_opt,gb_ipw_opt,wrangler
0,0.05705547332763672,0.06236910820007324,0.009354948997497559
