,gb_opt,gb_ipw_opt,wrangler
0,0.3980278968811035,0.41022443771362305,0.001986321033698786
