,gb_opt,gb_ipw_opt,wrangler
0,0.03774380683898926,0.040747642517089844,0.004415418587478937
