,gb_opt,gb_ipw_opt,wrangler
0,0.04056692123413086,0.04478645324707031,0.00546587274429646
