,gb_opt,gb_ipw_opt,wrangler
0,0.269834041595459,0.2845141887664795,0.0021758705678612293
