,gb_opt,gb_ipw_opt,wrangler
0,0.06111717224121094,0.06926417350769043,0.005468044405669168
