,gb_opt,gb_ipw_opt,wrangler
0,0.04834175109863281,0.05539727210998535,0.006843496251989293
