,gb_opt,gb_ipw_opt,wrangler
0,0.03861284255981445,0.04275083541870117,0.006006424685558641
