,gb_opt,gb_ipw_opt,wrangler
0,0.07157731056213379,0.07855081558227539,0.010696053504943848
