,gb_opt,gb_ipw_opt,wrangler
0,0.0999755859375,0.10550618171691895,0.0024599099309189514
