,gb_opt,gb_ipw_opt,wrangler
0,0.044812917709350586,0.049504995346069336,0.005832424870243779
