,gb_opt,gb_ipw_opt,wrangler
0,0.24784064292907715,0.2589559555053711,0.0020794898458996658
