,gb_opt,gb_ipw_opt,wrangler
0,0.11292910575866699,0.1232459545135498,0.006480472078048643
