,gb_opt,gb_ipw_opt,wrangler
0,0.246567964553833,0.25476574897766113,0.0011038780212402344
