,gb_opt,gb_ipw_opt,wrangler
0,0.1433713436126709,0.1502690315246582,0.002874397649997618
