,gb_opt,gb_ipw_opt,wrangler
0,0.06047487258911133,0.0675513744354248,0.007352163625317951
