,gb_opt,gb_ipw_opt,wrangler
0,0.14233088493347168,0.1522538661956787,0.003910759120311552
