,gb_opt,gb_ipw_opt,wrangler
0,0.03611612319946289,0.039817094802856445,0.005608797073364258
