,gb_opt,gb_ipw_opt,wrangler
0,0.32369136810302734,0.3316035270690918,0.0031122238763840325
