,gb_opt,gb_ipw_opt,wrangler
0,0.06915879249572754,0.07539868354797363,0.006463792588975694
