,gb_opt,gb_ipw_opt,wrangler
0,0.2696535587310791,0.28559279441833496,0.00242352781461427
