,gb_opt,gb_ipw_opt,wrangler
0,0.045899391174316406,0.04946279525756836,0.006113159522581636
