,gb_opt,gb_ipw_opt,wrangler
0,0.11485695838928223,0.1226191520690918,0.003466652137290243
