,gb_opt,gb_ipw_opt,wrangler
0,0.04345417022705078,0.0479886531829834,0.00676696683153694
