,gb_opt,gb_ipw_opt,wrangler
0,0.2658054828643799,0.2744157314300537,0.0024063008561673585
