,gb_opt,gb_ipw_opt,wrangler
0,0.048697471618652344,0.05299687385559082,0.0038255344737659802
