,gb_opt,gb_ipw_opt,wrangler
0,0.039075374603271484,0.04327797889709473,0.006262078342667545
