,gb_opt,gb_ipw_opt,wrangler
0,0.16052889823913574,0.1795201301574707,0.013540188471476236
