,gb_opt,gb_ipw_opt,wrangler
0,0.05753803253173828,0.0628211498260498,0.0035012209856951676
