,gb_opt,gb_ipw_opt,wrangler
0,0.10533404350280762,0.11287260055541992,0.0033646917803111186
