,gb_opt,gb_ipw_opt,wrangler
0,0.06366324424743652,0.07285881042480469,0.01264810562133789
