,gb_opt,gb_ipw_opt,wrangler
0,0.10362768173217773,0.10939526557922363,0.0024766952081433607
