,gb_opt,gb_ipw_opt,wrangler
0,0.038100242614746094,0.04234719276428223,0.006127357482910156
