,gb_opt,gb_ipw_opt,wrangler
0,0.08040189743041992,0.08941364288330078,0.0038986474695340014
