,gb_opt,gb_ipw_opt,wrangler
0,0.2079319953918457,0.23436260223388672,0.004767179489135742
