,gb_opt,gb_ipw_opt,wrangler
0,0.05812335014343262,0.06733584403991699,0.00675201416015625
