,gb_opt,gb_ipw_opt,wrangler
0,0.14603066444396973,0.15466785430908203,0.003073014408709055
