,gb_opt,gb_ipw_opt,wrangler
0,0.042654991149902344,0.04653310775756836,0.004376471042633057
