,gb_opt,gb_ipw_opt,wrangler
0,0.2787182331085205,0.28989529609680176,0.0018023732882827075
