,gb_opt,gb_ipw_opt,wrangler
0,0.24924874305725098,0.2588803768157959,0.0030248242423421426
