,gb_opt,gb_ipw_opt,wrangler
0,0.04495525360107422,0.05126333236694336,0.0072550355342396525
