,gb_opt,gb_ipw_opt,wrangler
0,0.3950989246368408,0.40837717056274414,0.0019841526278215854
