,gb_opt,gb_ipw_opt,wrangler
0,0.059197187423706055,0.06356620788574219,0.0043253744802167335
