,gb_opt,gb_ipw_opt,wrangler
0,0.05038094520568848,0.05696892738342285,0.0067778996058872765
