,gb_opt,gb_ipw_opt,wrangler
0,0.05827164649963379,0.06230664253234863,0.0033348229280702624
