,gb_opt,gb_ipw_opt,wrangler
0,0.06646609306335449,0.07187128067016602,0.005671852513363487
