,gb_opt,gb_ipw_opt,wrangler
0,0.2514832019805908,0.26095008850097656,0.0022806272916267253
