,gb_opt,gb_ipw_opt,wrangler
0,0.26662135124206543,0.2800569534301758,0.0018707375401414736
