,gb_opt,gb_ipw_opt,wrangler
0,0.03586697578430176,0.03925037384033203,0.005315331851734834
