,gb_opt,gb_ipw_opt,wrangler
0,0.041524410247802734,0.045885562896728516,0.005928866834525603
