,gb_opt,gb_ipw_opt,wrangler
0,0.025748014450073242,0.03169894218444824,0.005861887565025916
