,gb_opt,gb_ipw_opt,wrangler
0,0.03734111785888672,0.04105663299560547,0.00556497012867647
