,gb_opt,gb_ipw_opt,wrangler
0,0.26994943618774414,0.2880868911743164,0.0025354438091642296
