,gb_opt,gb_ipw_opt,wrangler
0,0.27993202209472656,0.29430127143859863,0.0024183304194050144
