,gb_opt,gb_ipw_opt,wrangler
0,0.06368207931518555,0.06857872009277344,0.003641173684385401
