,gb_opt,gb_ipw_opt,wrangler
0,0.24886798858642578,0.2564387321472168,0.0015235308444861212
