,gb_opt,gb_ipw_opt,wrangler
0,0.037564992904663086,0.04140901565551758,0.005757808685302734
