,gb_opt,gb_ipw_opt,wrangler
0,0.11600947380065918,0.12681365013122559,0.005372441731966459
