,gb_opt,gb_ipw_opt,wrangler
0,0.05851459503173828,0.06559896469116211,0.004780837912964665
