,gb_opt,gb_ipw_opt,wrangler
0,0.26372194290161133,0.27457523345947266,0.002022654343612248
