,gb_opt,gb_ipw_opt,wrangler
0,0.04439187049865723,0.049111366271972656,0.006386377279040883
