,gb_opt,gb_ipw_opt,wrangler
0,0.058927059173583984,0.0666813850402832,0.0059363004323598504
