,gb_opt,gb_ipw_opt,wrangler
0,0.04346728324890137,0.048479557037353516,0.00629425048828125
