,gb_opt,gb_ipw_opt,wrangler
0,0.03960013389587402,0.04446125030517578,0.006842613220214844
