,gb_opt,gb_ipw_opt,wrangler
0,0.24921226501464844,0.25875043869018555,0.0020772218704223633
