,gb_opt,gb_ipw_opt,wrangler
0,0.3991987705230713,0.4191720485687256,0.0031534791141191723
