,gb_opt,gb_ipw_opt,wrangler
0,0.07016468048095703,0.07712340354919434,0.009423494338989258
