,gb_opt,gb_ipw_opt,wrangler
0,0.05403280258178711,0.05976438522338867,0.006573259337874483
