,gb_opt,gb_ipw_opt,wrangler
0,0.17546772956848145,0.19103050231933594,0.005487352609634399
