,gb_opt,gb_ipw_opt,wrangler
0,0.038125038146972656,0.04186272621154785,0.006031990051269531
