,gb_opt,gb_ipw_opt,wrangler
0,0.1805727481842041,0.19370627403259277,0.005595386028289795
