,gb_opt,gb_ipw_opt,wrangler
0,0.044055938720703125,0.04877495765686035,0.006762146949768066
