,gb_opt,gb_ipw_opt,wrangler
0,0.06265997886657715,0.07008171081542969,0.0054898200097022115
