,gb_opt,gb_ipw_opt,wrangler
0,0.05612063407897949,0.061649322509765625,0.013388120211087741
