,gb_opt,gb_ipw_opt,wrangler
0,0.2530333995819092,0.26056981086730957,0.0014010807522514515
