,gb_opt,gb_ipw_opt,wrangler
0,0.038661956787109375,0.04280495643615723,0.006030245525080983
