,gb_opt,gb_ipw_opt,wrangler
0,0.04327750205993652,0.04831361770629883,0.00644613195348669
