,gb_opt,gb_ipw_opt,wrangler
0,0.2579078674316406,0.2684488296508789,0.0018211308440599055
