,gb_opt,gb_ipw_opt,wrangler
0,0.25386929512023926,0.26879072189331055,0.0021338908194307965
