,gb_opt,gb_ipw_opt,wrangler
0,0.07691216468811035,0.0828561782836914,0.004202127456665039
