,gb_opt,gb_ipw_opt,wrangler
0,0.2696220874786377,0.2800312042236328,0.0038344656402741245
