,gb_opt,gb_ipw_opt,wrangler
0,0.10738229751586914,0.11479973793029785,0.0026693826989282535
