,gb_opt,gb_ipw_opt,wrangler
0,0.24967217445373535,0.25714111328125,0.0019522939579614835
