,gb_opt,gb_ipw_opt,wrangler
0,0.2932116985321045,0.3023967742919922,0.0017866454925154682
