,gb_opt,gb_ipw_opt,wrangler
0,0.05290794372558594,0.056851863861083984,0.006186962127685547
