,gb_opt,gb_ipw_opt,wrangler
0,0.24502277374267578,0.2534360885620117,0.0019022310623014818
