,gb_opt,gb_ipw_opt,wrangler
0,0.2695198059082031,0.28270483016967773,0.0024625740335242033
