,gb_opt,gb_ipw_opt,wrangler
0,0.10643577575683594,0.11504507064819336,0.0030270105675805972
