,gb_opt,gb_ipw_opt,wrangler
0,0.2576878070831299,0.27116847038269043,0.00221949265782078
