,gb_opt,gb_ipw_opt,wrangler
0,0.24998044967651367,0.2572751045227051,0.0015483978497261772
