,gb_opt,gb_ipw_opt,wrangler
0,0.268176794052124,0.28248071670532227,0.0025170359445448537
