,gb_opt,gb_ipw_opt,wrangler
0,0.03559064865112305,0.03872394561767578,0.00490231460399842
