,gb_opt,gb_ipw_opt,wrangler
0,0.2557358741760254,0.266160249710083,0.0024865796644081097
