,gb_opt,gb_ipw_opt,wrangler
0,0.043380022048950195,0.04798102378845215,0.007114292662820698
