,gb_opt,gb_ipw_opt,wrangler
0,0.08878159523010254,0.0978553295135498,0.005780196771389101
