,gb_opt,gb_ipw_opt,wrangler
0,0.07037210464477539,0.08051466941833496,0.013310232280213155
