,gb_opt,gb_ipw_opt,wrangler
0,0.0573277473449707,0.06328511238098145,0.010401010513305664
