,gb_opt,gb_ipw_opt,wrangler
0,0.09882569313049316,0.10374879837036133,0.002352653011198967
