,gb_opt,gb_ipw_opt,wrangler
0,0.1135404109954834,0.11979293823242188,0.0025945104611147744
