,gb_opt,gb_ipw_opt,wrangler
0,0.03621172904968262,0.039876461029052734,0.005658282790073129
