,gb_opt,gb_ipw_opt,wrangler
0,0.03608131408691406,0.039380550384521484,0.005308404026261295
