,gb_opt,gb_ipw_opt,wrangler
0,0.07892251014709473,0.08356833457946777,0.0028483533628896815
