,gb_opt,gb_ipw_opt,wrangler
0,0.24432039260864258,0.25405263900756836,0.001775194900204437
