,gb_opt,gb_ipw_opt,wrangler
0,0.036972761154174805,0.04207420349121094,0.0062253740098741316
