,gb_opt,gb_ipw_opt,wrangler
0,0.05086255073547363,0.05559682846069336,0.004934482887142995
