,gb_opt,gb_ipw_opt,wrangler
0,0.07652068138122559,0.08348727226257324,0.0040195520641734305
