,gb_opt,gb_ipw_opt,wrangler
0,0.07846212387084961,0.08546280860900879,0.0036290058722862834
