,gb_opt,gb_ipw_opt,wrangler
0,0.25089192390441895,0.2614448070526123,0.0025092430834500294
