,gb_opt,gb_ipw_opt,wrangler
0,0.07735228538513184,0.08315253257751465,0.0034114732170983943
