,gb_opt,gb_ipw_opt,wrangler
0,0.04499030113220215,0.04971575736999512,0.00527501106262207
