,gb_opt,gb_ipw_opt,wrangler
0,0.2746617794036865,0.2821950912475586,0.0036410240582374982
