,gb_opt,gb_ipw_opt,wrangler
0,0.044989585876464844,0.049004554748535156,0.005374834375474059
