,gb_opt,gb_ipw_opt,wrangler
0,0.06815290451049805,0.07460141181945801,0.00402370056548676
