,gb_opt,gb_ipw_opt,wrangler
0,0.09577441215515137,0.10247564315795898,0.0029341147763885717
