,gb_opt,gb_ipw_opt,wrangler
0,0.05723118782043457,0.06199955940246582,0.0036552252358948156
