,gb_opt,gb_ipw_opt,wrangler
0,0.25421142578125,0.2640528678894043,0.001820869349712689
