,gb_opt,gb_ipw_opt,wrangler
0,0.25610876083374023,0.26945924758911133,0.0020208670266309574
