,gb_opt,gb_ipw_opt,wrangler
0,0.0401155948638916,0.04410576820373535,0.006631016731262207
