,gb_opt,gb_ipw_opt,wrangler
0,0.08841562271118164,0.09529685974121094,0.0033806828619206996
