,gb_opt,gb_ipw_opt,wrangler
0,0.1371757984161377,0.14515447616577148,0.004575310683831936
