,gb_opt,gb_ipw_opt,wrangler
0,0.11430621147155762,0.1233820915222168,0.0035099227065793132
