,gb_opt,gb_ipw_opt,wrangler
0,0.07896542549133301,0.08618998527526855,0.004260132952434261
