,gb_opt,gb_ipw_opt,wrangler
0,0.428861141204834,0.4459564685821533,0.005108633159119406
