,gb_opt,gb_ipw_opt,wrangler
0,0.04677557945251465,0.053305625915527344,0.005582593521981869
