,gb_opt,gb_ipw_opt,wrangler
0,0.2681303024291992,0.28338074684143066,0.002028059298805986
