,gb_opt,gb_ipw_opt,wrangler
0,0.040799856185913086,0.04660987854003906,0.006888426986395144
