,gb_opt,gb_ipw_opt,wrangler
0,0.04406476020812988,0.04938769340515137,0.006552095766420718
