,gb_opt,gb_ipw_opt,wrangler
0,0.2563796043395996,0.26543211936950684,0.0026006289202757556
