,gb_opt,gb_ipw_opt,wrangler
0,0.06289458274841309,0.07079291343688965,0.005550873585236378
