,gb_opt,gb_ipw_opt,wrangler
0,0.041481733322143555,0.04469013214111328,0.004094943665621574
