,gb_opt,gb_ipw_opt,wrangler
0,0.09424281120300293,0.09929013252258301,0.0037497583530292436
