,gb_opt,gb_ipw_opt,wrangler
0,0.06504583358764648,0.07071065902709961,0.003779769703081459
