,gb_opt,gb_ipw_opt,wrangler
0,0.05960679054260254,0.06410002708435059,0.0061338598077947445
