,gb_opt,gb_ipw_opt,wrangler
0,0.1024012565612793,0.10813760757446289,0.0022952579608684185
