,gb_opt,gb_ipw_opt,wrangler
0,0.08289098739624023,0.08852815628051758,0.005755313607149346
