,gb_opt,gb_ipw_opt,wrangler
0,0.07140994071960449,0.07904720306396484,0.0095367431640625
