,gb_opt,gb_ipw_opt,wrangler
0,0.09148454666137695,0.0963897705078125,0.002303777956495098
