,gb_opt,gb_ipw_opt,wrangler
0,0.08434081077575684,0.09229016304016113,0.004322783460894835
