,gb_opt,gb_ipw_opt,wrangler
0,0.036463022232055664,0.0402522087097168,0.006052851676940918
