,gb_opt,gb_ipw_opt,wrangler
0,0.04511213302612305,0.050635337829589844,0.0070966320273316945
