,gb_opt,gb_ipw_opt,wrangler
0,0.08064007759094238,0.08804774284362793,0.0033772107466910647
