,gb_opt,gb_ipw_opt,wrangler
0,0.03859066963195801,0.04251241683959961,0.005862292121438419
