,gb_opt,gb_ipw_opt,wrangler
0,0.262556791305542,0.27255964279174805,0.001854100819663092
