,gb_opt,gb_ipw_opt,wrangler
0,0.04042983055114746,0.04731273651123047,0.009351968765258789
