,gb_opt,gb_ipw_opt,wrangler
0,0.09186410903930664,0.10154128074645996,0.00707705815633138
