,gb_opt,gb_ipw_opt,wrangler
0,0.2982184886932373,0.304276704788208,0.0005934153428911556
