,gb_opt,gb_ipw_opt,wrangler
0,0.24770689010620117,0.26036500930786133,0.0018164515495300293
