,gb_opt,gb_ipw_opt,wrangler
0,0.25420355796813965,0.26282787322998047,0.0016399493492336799
