,gb_opt,gb_ipw_opt,wrangler
0,0.24813008308410645,0.25856447219848633,0.0020449209694910534
