,gb_opt,gb_ipw_opt,wrangler
0,0.05566716194152832,0.0606081485748291,0.004232769281091824
