,gb_opt,gb_ipw_opt,wrangler
0,0.08029007911682129,0.08790373802185059,0.005362673503596608
