,gb_opt,gb_ipw_opt,wrangler
0,0.37417006492614746,0.3830447196960449,0.0015398235864651098
