,gb_opt,gb_ipw_opt,wrangler
0,0.051351308822631836,0.056409358978271484,0.005110546394630715
