,gb_opt,gb_ipw_opt,wrangler
0,0.24943971633911133,0.2609901428222656,0.002005451040672245
