,gb_opt,gb_ipw_opt,wrangler
0,0.03910493850708008,0.04345846176147461,0.007766485214233399
