,gb_opt,gb_ipw_opt,wrangler
0,1.668196201324463,1.7136292457580566,0.031361571233127467
