,gb_opt,gb_ipw_opt,wrangler
0,0.2763347625732422,0.2904665470123291,0.002306980767261893
