,gb_opt,gb_ipw_opt,wrangler
0,0.2581005096435547,0.2683827877044678,0.0016797142681690765
