,gb_opt,gb_ipw_opt,wrangler
0,0.14657163619995117,0.15700459480285645,0.0030672693827066074
