,gb_opt,gb_ipw_opt,wrangler
0,0.03867840766906738,0.04266023635864258,0.00589595121495864
