,gb_opt,gb_ipw_opt,wrangler
0,0.06563448905944824,0.07175469398498535,0.004285260250693874
