,gb_opt,gb_ipw_opt,wrangler
0,0.03795313835144043,0.0416569709777832,0.00603795051574707
