,gb_opt,gb_ipw_opt,wrangler
0,0.4006075859069824,0.4113748073577881,0.0009735425313313801
