,gb_opt,gb_ipw_opt,wrangler
0,0.038483381271362305,0.04303479194641113,0.006221863160650414
