,gb_opt,gb_ipw_opt,wrangler
0,0.24834370613098145,0.25829148292541504,0.003177052508447085
