,gb_opt,gb_ipw_opt,wrangler
0,0.2505016326904297,0.26183080673217773,0.00289632206130656
