,gb_opt,gb_ipw_opt,wrangler
0,0.2850925922393799,0.29363012313842773,0.00187384439083085
