,gb_opt,gb_ipw_opt,wrangler
0,0.028505802154541016,0.03341031074523926,0.006230672200520833
