,gb_opt,gb_ipw_opt,wrangler
0,0.08382987976074219,0.09449052810668945,0.012536650722466626
