,gb_opt,gb_ipw_opt,wrangler
0,0.05389285087585449,0.060919761657714844,0.00663002332051595
