,gb_opt,gb_ipw_opt,wrangler
0,0.09909772872924805,0.10699772834777832,0.00378571304620481
