,gb_opt,gb_ipw_opt,wrangler
0,0.0502018928527832,0.057270050048828125,0.007809944523190989
