,gb_opt,gb_ipw_opt,wrangler
0,0.05540800094604492,0.06023144721984863,0.004548039929620151
