,gb_opt,gb_ipw_opt,wrangler
0,0.09140753746032715,0.09636664390563965,0.005414611414859169
