,gb_opt,gb_ipw_opt,wrangler
0,0.07465314865112305,0.08814287185668945,0.014770030975341797
