,gb_opt,gb_ipw_opt,wrangler
0,0.05603361129760742,0.06129312515258789,0.00788271427154541
