,gb_opt,gb_ipw_opt,wrangler
0,0.09868741035461426,0.10698199272155762,0.005274061944074692
