,gb_opt,gb_ipw_opt,wrangler
0,0.2995021343231201,0.3116598129272461,0.002484617483644326
