,gb_opt,gb_ipw_opt,wrangler
0,0.038698434829711914,0.04245567321777344,0.005943434579031808
