,gb_opt,gb_ipw_opt,wrangler
0,0.26628828048706055,0.2758598327636719,0.0019291588537077556
