,gb_opt,gb_ipw_opt,wrangler
0,0.05589127540588379,0.05990743637084961,0.0039969171796526235
