,gb_opt,gb_ipw_opt,wrangler
0,0.2554309368133545,0.26909852027893066,0.002176222139901488
