,gb_opt,gb_ipw_opt,wrangler
0,0.2617518901824951,0.2686293125152588,0.002340561552908096
