,gb_opt,gb_ipw_opt,wrangler
0,0.044913530349731445,0.05212116241455078,0.008970499038696289
