,gb_opt,gb_ipw_opt,wrangler
0,0.05870866775512695,0.064666748046875,0.0046625832058736025
