,gb_opt,gb_ipw_opt,wrangler
0,0.24746131896972656,0.25463056564331055,0.0010479675216579318
