,gb_opt,gb_ipw_opt,wrangler
0,0.24724197387695312,0.2557051181793213,0.002078505547280876
