,gb_opt,gb_ipw_opt,wrangler
0,0.038410186767578125,0.04203367233276367,0.0059840119915244025
