,gb_opt,gb_ipw_opt,wrangler
0,0.2558715343475342,0.2680320739746094,0.002044185361169036
