,gb_opt,gb_ipw_opt,wrangler
0,0.04113197326660156,0.045311689376831055,0.005782368671463197
