,gb_opt,gb_ipw_opt,wrangler
0,0.03712129592895508,0.04082012176513672,0.006085488854385004
