,gb_opt,gb_ipw_opt,wrangler
0,0.24359560012817383,0.25359392166137695,0.0014419507498692984
