,gb_opt,gb_ipw_opt,wrangler
0,0.06003260612487793,0.0652923583984375,0.004696540343455779
