,gb_opt,gb_ipw_opt,wrangler
0,0.0393223762512207,0.04386734962463379,0.006826912484517911
