,gb_opt,gb_ipw_opt,wrangler
0,0.05587935447692871,0.06104111671447754,0.0036286480854012377
