,gb_opt,gb_ipw_opt,wrangler
0,0.10799837112426758,0.11825370788574219,0.0036414413206830288
