,gb_opt,gb_ipw_opt,wrangler
0,0.25286006927490234,0.26235175132751465,0.0018153485253659955
