,gb_opt,gb_ipw_opt,wrangler
0,0.26444196701049805,0.2737431526184082,0.0012864419563331797
