,gb_opt,gb_ipw_opt,wrangler
0,0.0792086124420166,0.08465194702148438,0.0041636867799620695
