,gb_opt,gb_ipw_opt,wrangler
0,0.05827784538269043,0.06443285942077637,0.008106231689453125
