,gb_opt,gb_ipw_opt,wrangler
0,0.3602714538574219,0.38274168968200684,0.001827975991093947
