,gb_opt,gb_ipw_opt,wrangler
0,0.25057101249694824,0.26277828216552734,0.0021622408574549995
