,gb_opt,gb_ipw_opt,wrangler
0,0.023749113082885742,0.028311491012573242,0.0061071836031400244
