,gb_opt,gb_ipw_opt,wrangler
0,0.2555084228515625,0.27161359786987305,0.002608756826381491
