,gb_opt,gb_ipw_opt,wrangler
0,0.21141672134399414,0.21941423416137695,0.004420877424237165
