,gb_opt,gb_ipw_opt,wrangler
0,0.03633379936218262,0.04010510444641113,0.006105841659918064
