,gb_opt,gb_ipw_opt,wrangler
0,0.2599344253540039,0.2773277759552002,0.0024625699814051797
