,gb_opt,gb_ipw_opt,wrangler
0,0.13700366020202637,0.14627289772033691,0.0030300954042048996
