,gb_opt,gb_ipw_opt,wrangler
0,0.0870511531829834,0.0921776294708252,0.004487879136029412
