,gb_opt,gb_ipw_opt,wrangler
0,0.04313516616821289,0.04732799530029297,0.006207713374385127
