,gb_opt,gb_ipw_opt,wrangler
0,0.3588573932647705,0.36988401412963867,0.0021442900212133094
