,gb_opt,gb_ipw_opt,wrangler
0,0.2531867027282715,0.2624635696411133,0.0020495057106018066
