,gb_opt,gb_ipw_opt,wrangler
0,0.09835505485534668,0.10431337356567383,0.0024381673560952243
