,gb_opt,gb_ipw_opt,wrangler
0,0.1108856201171875,0.11986660957336426,0.003294842687950951
