,gb_opt,gb_ipw_opt,wrangler
0,0.09101486206054688,0.10050129890441895,0.0049399868877613605
