,gb_opt,gb_ipw_opt,wrangler
0,0.07405352592468262,0.08136177062988281,0.010031461715698242
