,gb_opt,gb_ipw_opt,wrangler
0,2.98793625831604,3.5649776458740234,0.0013748407363891602
