,gb_opt,gb_ipw_opt,wrangler
0,0.03822922706604004,0.04199504852294922,0.006192922592163086
