,gb_opt,gb_ipw_opt,wrangler
0,0.6012063026428223,0.62912917137146,0.010077171417900288
