,gb_opt,gb_ipw_opt,wrangler
0,0.05810737609863281,0.06612467765808105,0.005330914765401603
