,gb_opt,gb_ipw_opt,wrangler
0,0.05451154708862305,0.062294721603393555,0.006329083273596797
