,gb_opt,gb_ipw_opt,wrangler
0,0.039443254470825195,0.04326272010803223,0.00642240047454834
