,gb_opt,gb_ipw_opt,wrangler
0,0.05190300941467285,0.05909585952758789,0.0059565877526756225
