,gb_opt,gb_ipw_opt,wrangler
0,0.25880861282348633,0.2709507942199707,0.0025281145528781635
