,gb_opt,gb_ipw_opt,wrangler
0,0.03725886344909668,0.041097164154052734,0.005893590973644722
