,gb_opt,gb_ipw_opt,wrangler
0,0.039429664611816406,0.043445587158203125,0.00623166561126709
