,gb_opt,gb_ipw_opt,wrangler
0,0.10384631156921387,0.11315321922302246,0.002884147159231945
