,gb_opt,gb_ipw_opt,wrangler
0,0.25759148597717285,0.26837635040283203,0.0024487267907971357
