,gb_opt,gb_ipw_opt,wrangler
0,0.037580013275146484,0.04118514060974121,0.006330013275146484
