,gb_opt,gb_ipw_opt,wrangler
0,0.0709376335144043,0.07994365692138672,0.008956149772361473
