,gb_opt,gb_ipw_opt,wrangler
0,0.12595176696777344,0.13521099090576172,0.00785680917593149
