,gb_opt,gb_ipw_opt,wrangler
0,0.25084853172302246,0.2619442939758301,0.001789188984804933
