,gb_opt,gb_ipw_opt,wrangler
0,0.0388033390045166,0.04380464553833008,0.005654614381115846
