,gb_opt,gb_ipw_opt,wrangler
0,0.10400581359863281,0.11269855499267578,0.0025998255249800955
