,gb_opt,gb_ipw_opt,wrangler
0,0.06511569023132324,0.07027077674865723,0.003799011832789371
