,gb_opt,gb_ipw_opt,wrangler
0,0.25517845153808594,0.26582813262939453,0.0018907216833359277
