,gb_opt,gb_ipw_opt,wrangler
0,0.2573237419128418,0.2689945697784424,0.002088593906171537
