,gb_opt,gb_ipw_opt,wrangler
0,0.03886580467224121,0.043088674545288086,0.005984306335449219
