,gb_opt,gb_ipw_opt,wrangler
0,0.27182769775390625,0.28316450119018555,0.00204461089362191
