,gb_opt,gb_ipw_opt,wrangler
0,0.05778861045837402,0.06415462493896484,0.008568351651415413
