,gb_opt,gb_ipw_opt,wrangler
0,0.04415106773376465,0.04966998100280762,0.007218122482299805
