,gb_opt,gb_ipw_opt,wrangler
0,0.2532172203063965,0.2618143558502197,0.0014126746731803305
