,gb_opt,gb_ipw_opt,wrangler
0,0.2571086883544922,0.2668163776397705,0.0017015778239647947
