,gb_opt,gb_ipw_opt,wrangler
0,0.0449063777923584,0.0523684024810791,0.009304285049438477
