,gb_opt,gb_ipw_opt,wrangler
0,0.03749680519104004,0.04131484031677246,0.005972385406494141
