,gb_opt,gb_ipw_opt,wrangler
0,0.050909996032714844,0.05661177635192871,0.005920728047688802
