,gb_opt,gb_ipw_opt,wrangler
0,0.04187893867492676,0.04881596565246582,0.008744001388549805
