,gb_opt,gb_ipw_opt,wrangler
0,0.10659956932067871,0.11500263214111328,0.004020813972719254
