,gb_opt,gb_ipw_opt,wrangler
0,0.2554054260253906,0.26418042182922363,0.0022926926612854004
