,gb_opt,gb_ipw_opt,wrangler
0,0.044623613357543945,0.048686981201171875,0.005650288850358389
