,gb_opt,gb_ipw_opt,wrangler
0,0.2538156509399414,0.26470017433166504,0.00170192813635467
