,gb_opt,gb_ipw_opt,wrangler
0,0.06258368492126465,0.07005071640014648,0.00879720405296043
