,gb_opt,gb_ipw_opt,wrangler
0,0.03807878494262695,0.04185795783996582,0.00602940478956843
