,gb_opt,gb_ipw_opt,wrangler
0,0.06487131118774414,0.0706489086151123,0.003568685738144407
