,gb_opt,gb_ipw_opt,wrangler
0,1.661637544631958,1.7118847370147705,0.016096859968542786
