,gb_opt,gb_ipw_opt,wrangler
0,0.09318828582763672,0.10208559036254883,0.0038747945107704355
