,gb_opt,gb_ipw_opt,wrangler
0,0.0759134292602539,0.08556532859802246,0.010566946900921104
