,gb_opt,gb_ipw_opt,wrangler
0,0.058078765869140625,0.06498980522155762,0.0049495697021484375
