,gb_opt,gb_ipw_opt,wrangler
0,0.03821563720703125,0.042334556579589844,0.006687641143798828
