,gb_opt,gb_ipw_opt,wrangler
0,0.037752628326416016,0.0413966178894043,0.006116466757691936
