,gb_opt,gb_ipw_opt,wrangler
0,0.28792738914489746,0.29991674423217773,0.0018191337585449219
