,gb_opt,gb_ipw_opt,wrangler
0,0.0715796947479248,0.07929611206054688,0.00977810518241223
