,gb_opt,gb_ipw_opt,wrangler
0,0.13888192176818848,0.14632534980773926,0.0019573871000313466
