,gb_opt,gb_ipw_opt,wrangler
0,0.0312960147857666,0.03645777702331543,0.0039300108267590885
