,gb_opt,gb_ipw_opt,wrangler
0,0.04130983352661133,0.048475027084350586,0.009154698934899756
