,gb_opt,gb_ipw_opt,wrangler
0,0.05358624458312988,0.0583949089050293,0.0039484049822833085
