,gb_opt,gb_ipw_opt,wrangler
0,0.2546403408050537,0.26480650901794434,0.0017385939206524521
