,gb_opt,gb_ipw_opt,wrangler
0,0.1807260513305664,0.19286274909973145,0.004856288433074951
