,gb_opt,gb_ipw_opt,wrangler
0,0.25083136558532715,0.2632021903991699,0.002644414591012443
