,gb_opt,gb_ipw_opt,wrangler
0,0.057462215423583984,0.0618283748626709,0.007370114326477051
