,gb_opt,gb_ipw_opt,wrangler
0,0.09251976013183594,0.10060238838195801,0.0046698515080223395
