,gb_opt,gb_ipw_opt,wrangler
0,0.2672555446624756,0.2782626152038574,0.0038050884563916878
