,gb_opt,gb_ipw_opt,wrangler
0,0.11409330368041992,0.12302851676940918,0.003137649633945563
