,gb_opt,gb_ipw_opt,wrangler
0,0.0704953670501709,0.07745003700256348,0.008758902549743652
