,gb_opt,gb_ipw_opt,wrangler
0,0.2564811706542969,0.2666137218475342,0.001926768692513755
