,gb_opt,gb_ipw_opt,wrangler
0,0.03849291801452637,0.04188728332519531,0.006189942359924316
