,gb_opt,gb_ipw_opt,wrangler
0,0.038559675216674805,0.04224109649658203,0.0059633720211866425
