,Correlation,Causal,Wrangler_23,Wrangler_16,GB_23,GB_16
0,0.0,0.0,0.0,0.0,0.0,0.0
1,0.0,0.0,100.0,100.0,0.0,100.0
2,0.0,0.0,100.0,100.0,0.0,100.0
3,0.0,0.0,100.0,100.0,0.0,100.0
4,0.0,0.0,100.0,100.0,0.0,100.0
5,0.0,0.0,100.0,100.0,0.0,100.0
6,0.0,0.0,100.0,100.0,0.0,100.0
7,0.0,100.0,100.0,100.0,0.0,100.0
8,78.57142857142857,100.0,100.0,100.0,0.0,100.0
9,78.57142857142857,100.0,100.0,100.0,0.0,100.0
10,79.16666666666666,100.0,100.0,100.0,0.0,100.0
11,79.16666666666666,100.0,100.0,100.0,0.0,100.0
12,79.16666666666666,100.0,100.0,100.0,0.0,100.0
13,79.16666666666666,100.0,100.0,100.0,0.0,100.0
14,79.16666666666666,100.0,100.0,100.0,0.0,100.0
15,79.16666666666666,100.0,100.0,100.0,0.0,100.0
16,79.16666666666666,100.0,100.0,100.0,0.0,100.0
17,79.16666666666666,100.0,100.0,100.0,0.0,100.0
18,79.16666666666666,100.0,100.0,100.0,0.0,100.0
19,79.16666666666666,100.0,100.0,100.0,0.0,100.0
20,79.16666666666666,100.0,100.0,100.0,0.0,100.0
21,79.16666666666666,100.0,100.0,100.0,0.0,100.0
22,79.16666666666666,100.0,100.0,100.0,0.0,100.0
23,79.16666666666666,100.0,100.0,100.0,0.0,100.0
24,79.16666666666666,100.0,100.0,100.0,0.0,100.0
25,79.16666666666666,100.0,100.0,100.0,0.0,100.0
26,79.16666666666666,100.0,100.0,100.0,0.0,100.0
27,100.0,100.0,100.0,100.0,100.0,100.0
