,Correlation,Causal,Wrangler_23,Wrangler_16,GB_23,GB_16
0,0.0,0.0,0.0,0.0,0.0,0.0
1,0.0,23.809523809523807,0.0,23.809523809523807,0.0,23.809523809523807
2,0.0,76.19047619047619,0.0,76.19047619047619,0.0,61.904761904761905
3,0.0,90.47619047619048,0.0,90.47619047619048,4.761904761904762,71.42857142857143
4,0.0,95.23809523809523,0.0,95.23809523809523,4.761904761904762,76.19047619047619
5,0.0,95.23809523809523,0.0,95.23809523809523,4.761904761904762,76.19047619047619
6,0.0,95.23809523809523,0.0,95.23809523809523,4.761904761904762,76.19047619047619
7,0.0,95.23809523809523,0.0,95.23809523809523,9.523809523809524,85.71428571428571
8,0.0,95.23809523809523,0.0,95.23809523809523,9.523809523809524,85.71428571428571
9,0.0,95.23809523809523,0.0,95.23809523809523,9.523809523809524,85.71428571428571
10,100.0,100.0,100.0,100.0,100.0,100.0
