,Correlation,Causal,Wrangler_23,Wrangler_16,GB_23,GB_16
0,0.0,0.0,0.0,0.0,0.0,0.0
1,0.0,0.0,83.33333333333334,66.66666666666666,0.0,0.0
2,0.0,0.0,83.33333333333334,66.66666666666666,0.0,0.0
3,0.0,22.22222222222222,88.88888888888889,72.22222222222221,0.0,0.0
4,0.0,22.22222222222222,88.88888888888889,72.22222222222221,0.0,0.0
5,0.0,22.22222222222222,88.88888888888889,72.22222222222221,0.0,0.0
6,100.0,100.0,100.0,100.0,100.0,100.0
