,Correlation,Causal,Wrangler_23,Wrangler_16,GB_23,GB_16
0,0.0,0.0,0.0,0.0,0.0,0.0
1,0.0,95.31531531531532,98.73873873873875,94.23423423423424,98.55855855855856,95.13513513513514
2,0.0,95.31531531531532,99.63963963963964,94.95495495495496,99.63963963963964,95.13513513513514
3,0.0,97.11711711711712,99.63963963963964,97.11711711711712,99.63963963963964,97.65765765765767
4,0.0,98.55855855855856,99.81981981981983,98.91891891891892,99.63963963963964,99.09909909909909
5,92.7927927927928,99.27927927927928,99.81981981981983,99.09909909909909,99.63963963963964,99.27927927927928
6,93.15315315315316,99.27927927927928,99.81981981981983,99.09909909909909,99.63963963963964,99.27927927927928
7,93.15315315315316,99.27927927927928,99.81981981981983,99.09909909909909,99.63963963963964,99.27927927927928
8,93.15315315315316,99.27927927927928,99.81981981981983,99.09909909909909,99.63963963963964,99.27927927927928
9,93.15315315315316,99.27927927927928,99.81981981981983,99.09909909909909,99.63963963963964,99.27927927927928
10,93.15315315315316,99.27927927927928,99.81981981981983,99.09909909909909,99.63963963963964,99.27927927927928
11,93.15315315315316,99.27927927927928,99.81981981981983,99.09909909909909,99.63963963963964,99.27927927927928
12,100.0,100.0,100.0,100.0,100.0,100.0
