,Correlation,Causal,Wrangler_23,Wrangler_16,GB_23,GB_16
0,0.0,0.0,0.0,0.0,0.0,0.0
1,0.0,0.0,97.43589743589743,97.43589743589743,94.87179487179486,87.17948717948718
2,0.0,0.0,100.0,100.0,97.43589743589743,87.17948717948718
3,0.0,0.0,100.0,100.0,97.43589743589743,87.17948717948718
4,0.0,100.0,100.0,100.0,97.43589743589743,87.17948717948718
5,100.0,100.0,100.0,100.0,100.0,100.0
