,Correlation,Causal,Wrangler_23,Wrangler_16,GB_23,GB_16
0,0.0,0.0,0.0,0.0,0.0,0.0
1,0.0,0.0,100.0,100.0,0.0,90.9090909090909
2,0.0,0.0,100.0,100.0,9.090909090909092,90.9090909090909
3,0.0,0.0,100.0,100.0,27.27272727272727,90.9090909090909
4,0.0,0.0,100.0,100.0,27.27272727272727,90.9090909090909
5,0.0,0.0,100.0,100.0,27.27272727272727,90.9090909090909
6,72.72727272727273,72.72727272727273,100.0,100.0,27.27272727272727,90.9090909090909
7,72.72727272727273,72.72727272727273,100.0,100.0,27.27272727272727,90.9090909090909
8,100.0,100.0,100.0,100.0,100.0,100.0
