,Correlation,Causal,Wrangler_23,Wrangler_16,GB_23,GB_16
0,0.0,0.0,0.0,0.0,0.0,0.0
1,0.0,0.0,100.0,97.43589743589743,64.1025641025641,5.128205128205128
2,0.0,0.0,100.0,97.43589743589743,64.1025641025641,5.128205128205128
3,0.0,0.0,100.0,100.0,69.23076923076923,5.128205128205128
4,0.0,15.384615384615385,100.0,100.0,69.23076923076923,5.128205128205128
5,0.0,15.384615384615385,100.0,100.0,69.23076923076923,5.128205128205128
6,0.0,15.384615384615385,100.0,100.0,69.23076923076923,5.128205128205128
7,0.0,15.384615384615385,100.0,100.0,69.23076923076923,5.128205128205128
8,100.0,100.0,100.0,100.0,100.0,100.0
