,Correlation,Causal,Wrangler_23,Wrangler_16,GB_23,GB_16
0,0.0,0.0,0.0,0.0,0.0,0.0
1,0.0,18.91891891891892,0.0,0.0,5.405405405405405,0.0
2,0.0,21.62162162162162,0.0,0.0,13.513513513513514,0.0
3,100.0,100.0,100.0,100.0,100.0,100.0
