,Correlation,Causal,Wrangler_23,Wrangler_16,GB_23,GB_16
0,0.0,0.0,0.0,0.0,0.0,0.0
1,0.0,13.153153153153152,98.73873873873875,94.77477477477477,95.13513513513514,98.1981981981982
2,0.0,42.88288288288288,99.63963963963964,94.95495495495496,95.31531531531532,98.91891891891892
3,0.0,63.96396396396396,99.63963963963964,97.65765765765767,97.83783783783784,98.91891891891892
4,0.0,78.91891891891892,99.63963963963964,98.91891891891892,99.09909909909909,98.91891891891892
5,92.7927927927928,98.1981981981982,99.63963963963964,99.09909909909909,99.27927927927928,98.91891891891892
6,93.15315315315316,98.1981981981982,99.63963963963964,99.09909909909909,99.27927927927928,98.91891891891892
7,93.15315315315316,98.1981981981982,99.63963963963964,99.09909909909909,99.27927927927928,98.91891891891892
8,93.15315315315316,98.1981981981982,99.63963963963964,99.09909909909909,99.27927927927928,98.91891891891892
9,93.15315315315316,98.1981981981982,99.63963963963964,99.09909909909909,99.27927927927928,98.91891891891892
10,93.15315315315316,98.1981981981982,99.63963963963964,99.09909909909909,99.27927927927928,98.91891891891892
11,93.15315315315316,98.1981981981982,99.63963963963964,99.09909909909909,99.27927927927928,98.91891891891892
12,100.0,100.0,100.0,100.0,100.0,100.0
