,Correlation,Causal
0,0.0,0.0
1,0.0,3.7037037037037037
2,0.0,5.185185185185185
3,0.0,5.925925925925926
4,55.55555555555556,98.51851851851852
5,55.55555555555556,98.51851851851852
6,57.777777777777786,100.0
7,58.51851851851852,100.0
8,58.51851851851852,100.0
9,100.0,100.0
