,Correlation,Causal,Wrangler_23,Wrangler_16,GB_23,GB_16
0,0.0,0.0,0.0,0.0,0.0,0.0
1,0.0,2.6785714285714284,0.0,0.0,14.285714285714285,13.392857142857142
2,0.0,67.85714285714286,0.0,0.0,59.82142857142857,58.92857142857143
3,0.0,67.85714285714286,0.0,0.0,60.71428571428571,59.82142857142857
4,0.0,67.85714285714286,0.0,0.0,60.71428571428571,59.82142857142857
5,0.0,67.85714285714286,0.0,0.0,60.71428571428571,59.82142857142857
6,100.0,100.0,100.0,100.0,100.0,100.0
