,Correlation,Causal,Wrangler_23,Wrangler_16,GB_23,GB_16
0,0.0,0.0,0.0,0.0,0.0,0.0
1,0.0,1.3986013986013985,0.0,0.0,0.0,0.6993006993006993
2,0.0,21.678321678321677,16.083916083916083,0.0,15.384615384615385,19.58041958041958
3,0.0,21.678321678321677,16.083916083916083,0.0,16.083916083916083,19.58041958041958
4,0.0,21.678321678321677,16.083916083916083,0.0,16.083916083916083,19.58041958041958
5,0.0,21.678321678321677,16.083916083916083,0.0,16.083916083916083,19.58041958041958
6,100.0,100.0,100.0,100.0,100.0,100.0
