,Correlation,Causal,Wrangler_23,Wrangler_16,GB_23,GB_16
0,0.0,0.0,0.0,0.0,0.0,0.0
1,0.0,0.0,87.75510204081633,1.0204081632653061,87.75510204081633,87.75510204081633
2,0.0,0.0,92.85714285714286,2.0408163265306123,92.85714285714286,92.85714285714286
3,90.81632653061224,90.81632653061224,92.85714285714286,3.061224489795918,92.85714285714286,92.85714285714286
4,90.81632653061224,90.81632653061224,92.85714285714286,4.081632653061225,92.85714285714286,92.85714285714286
5,90.81632653061224,90.81632653061224,92.85714285714286,4.081632653061225,92.85714285714286,92.85714285714286
6,90.81632653061224,90.81632653061224,92.85714285714286,4.081632653061225,92.85714285714286,92.85714285714286
7,90.81632653061224,90.81632653061224,92.85714285714286,4.081632653061225,92.85714285714286,92.85714285714286
8,100.0,100.0,100.0,100.0,100.0,100.0
