,Correlation,Causal,Wrangler_23,Wrangler_16,GB_23,GB_16
0,0.0,0.0,0.0,0.0,0.0,0.0
1,0.0,0.0,0.0,0.0,57.14285714285714,0.0
2,0.0,0.0,0.0,0.0,57.14285714285714,0.0
3,0.0,7.142857142857142,0.0,0.0,57.14285714285714,0.0
4,0.0,7.142857142857142,0.0,0.0,57.14285714285714,0.0
5,57.14285714285714,57.14285714285714,0.0,0.0,57.14285714285714,0.0
6,57.14285714285714,57.14285714285714,0.0,0.0,57.14285714285714,0.0
7,100.0,100.0,100.0,100.0,100.0,100.0
