,Correlation,Causal,Wrangler_23,Wrangler_16,GB_23,GB_16
0,0.0,0.0,0.0,0.0,0.0,0.0
1,0.0,0.0,84.21052631578947,84.21052631578947,0.0,36.84210526315789
2,0.0,0.0,100.0,100.0,0.0,47.368421052631575
3,0.0,0.0,100.0,100.0,0.0,52.63157894736842
4,0.0,0.0,100.0,100.0,0.0,63.1578947368421
5,0.0,0.0,100.0,100.0,0.0,89.47368421052632
6,0.0,0.0,100.0,100.0,0.0,89.47368421052632
7,0.0,0.0,100.0,100.0,0.0,89.47368421052632
8,0.0,0.0,100.0,100.0,0.0,89.47368421052632
9,0.0,100.0,100.0,100.0,0.0,89.47368421052632
10,0.0,100.0,100.0,100.0,0.0,94.73684210526315
11,0.0,100.0,100.0,100.0,0.0,94.73684210526315
12,47.368421052631575,100.0,100.0,100.0,0.0,94.73684210526315
13,47.368421052631575,100.0,100.0,100.0,0.0,94.73684210526315
14,47.368421052631575,100.0,100.0,100.0,0.0,94.73684210526315
15,100.0,100.0,100.0,100.0,100.0,100.0
