,Correlation,Causal,Wrangler_23,Wrangler_16,GB_23,GB_16
0,0.0,0.0,0.0,0.0,0.0,0.0
1,0.0,97.24770642201835,97.24770642201835,97.24770642201835,33.02752293577982,19.26605504587156
2,0.0,97.24770642201835,97.24770642201835,97.24770642201835,43.11926605504588,19.26605504587156
3,0.0,97.24770642201835,97.24770642201835,97.24770642201835,58.71559633027523,22.93577981651376
4,100.0,100.0,100.0,100.0,100.0,100.0
