,Correlation,Causal,Wrangler_23,Wrangler_16,GB_23,GB_16
0,0.0,0.0,0.0,0.0,0.0,0.0
1,0.0,0.0,0.0,0.0,0.0,0.0
2,0.0,0.0,0.0,0.0,0.0,0.0
3,0.0,85.85858585858585,0.0,0.0,0.0,0.0
4,0.0,97.97979797979798,0.0,0.0,0.0,0.0
5,0.0,97.97979797979798,0.0,0.0,0.0,0.0
6,12.121212121212121,98.98989898989899,0.0,0.0,0.0,0.0
7,28.28282828282828,98.98989898989899,0.0,0.0,0.0,0.0
8,28.28282828282828,98.98989898989899,0.0,0.0,0.0,0.0
9,100.0,100.0,100.0,100.0,100.0,100.0
