,Correlation,Causal,Wrangler_23,Wrangler_16,GB_23,GB_16
0,0.0,0.0,0.0,0.0,0.0,0.0
1,0.0,0.0,81.52173913043478,82.6086956521739,70.65217391304348,82.6086956521739
2,0.0,0.0,97.82608695652173,98.91304347826086,86.95652173913044,98.91304347826086
3,0.0,0.0,98.91304347826086,100.0,88.04347826086956,100.0
4,100.0,100.0,98.91304347826086,100.0,88.04347826086956,100.0
5,100.0,100.0,98.91304347826086,100.0,88.04347826086956,100.0
6,100.0,100.0,98.91304347826086,100.0,88.04347826086956,100.0
7,100.0,100.0,98.91304347826086,100.0,88.04347826086956,100.0
8,100.0,100.0,100.0,100.0,100.0,100.0
