,Correlation,Causal,Wrangler_23,Wrangler_16,GB_23,GB_16
0,0.0,0.0,0.0,0.0,0.0,0.0
1,0.0,96.36363636363636,0.0,0.0,80.9090909090909,20.0
2,0.0,96.36363636363636,0.0,0.0,83.63636363636363,23.636363636363637
3,0.0,96.36363636363636,0.0,0.0,83.63636363636363,26.36363636363636
4,100.0,100.0,100.0,100.0,100.0,100.0
