,Correlation,Causal,Wrangler_23,Wrangler_16,GB_23,GB_16
0,0.0,0.0,0.0,0.0,0.0,0.0
1,0.0,14.606741573033707,0.0,10.674157303370785,0.0,15.730337078651685
2,0.0,24.15730337078652,0.0,13.48314606741573,0.0,20.786516853932586
3,0.0,84.26966292134831,0.0,14.04494382022472,0.0,21.910112359550563
4,100.0,100.0,100.0,100.0,100.0,100.0
