,Correlation,Causal,Wrangler_23,Wrangler_16,GB_23,GB_16
0,0.0,0.0,0.0,0.0,0.0,0.0
1,0.0,77.68595041322314,100.0,100.0,100.0,100.0
2,0.0,78.51239669421489,100.0,100.0,100.0,100.0
3,0.0,100.0,100.0,100.0,100.0,100.0
4,100.0,100.0,100.0,100.0,100.0,100.0
