,Correlation,Causal,Wrangler_23,Wrangler_16,GB_23,GB_16
0,0.0,0.0,0.0,0.0,0.0,0.0
1,0.0,0.0,55.660377358490564,69.81132075471697,99.05660377358491,99.05660377358491
2,0.0,0.0,55.660377358490564,69.81132075471697,99.05660377358491,99.05660377358491
3,0.0,0.0,55.660377358490564,69.81132075471697,99.05660377358491,99.05660377358491
4,100.0,100.0,100.0,100.0,100.0,100.0
