,Correlation,Causal,Wrangler_23,Wrangler_16,GB_23,GB_16
0,0.0,0.0,0.0,0.0,0.0,0.0
1,0.0,0.0,12.82051282051282,0.0,17.94871794871795,0.0
2,0.0,0.0,43.58974358974359,30.76923076923077,23.076923076923077,30.76923076923077
3,0.0,0.0,43.58974358974359,38.46153846153847,23.076923076923077,74.35897435897436
4,0.0,0.0,46.15384615384615,38.46153846153847,25.64102564102564,97.43589743589743
5,0.0,0.0,46.15384615384615,41.02564102564102,25.64102564102564,100.0
6,0.0,94.87179487179486,51.28205128205128,43.58974358974359,25.64102564102564,100.0
7,0.0,94.87179487179486,94.87179487179486,51.28205128205128,25.64102564102564,100.0
8,0.0,94.87179487179486,94.87179487179486,94.87179487179486,25.64102564102564,100.0
9,0.0,94.87179487179486,94.87179487179486,94.87179487179486,25.64102564102564,100.0
10,0.0,94.87179487179486,94.87179487179486,94.87179487179486,25.64102564102564,100.0
11,0.0,97.43589743589743,100.0,97.43589743589743,25.64102564102564,100.0
12,0.0,97.43589743589743,100.0,100.0,25.64102564102564,100.0
13,0.0,97.43589743589743,100.0,100.0,25.64102564102564,100.0
14,0.0,97.43589743589743,100.0,100.0,25.64102564102564,100.0
15,100.0,100.0,100.0,100.0,100.0,100.0
