,Correlation,Causal,Wrangler_23,Wrangler_16,GB_23,GB_16
0,0.0,0.0,0.0,0.0,0.0,0.0
1,0.0,0.0,5.555555555555555,0.0,100.0,100.0
2,44.44444444444444,44.44444444444444,5.555555555555555,0.0,100.0,100.0
3,100.0,100.0,100.0,100.0,100.0,100.0
