,Correlation,Causal,Wrangler_23,Wrangler_16,GB_23,GB_16
0,0.0,0.0,0.0,0.0,0.0,0.0
1,0.0,0.0,0.0,72.22222222222221,0.0,44.44444444444444
2,0.0,0.0,0.0,97.22222222222221,0.0,72.22222222222221
3,0.0,0.0,0.0,97.22222222222221,0.0,72.22222222222221
4,0.0,0.0,0.0,97.22222222222221,0.0,72.22222222222221
5,0.0,0.0,0.0,100.0,0.0,72.22222222222221
6,8.333333333333332,8.333333333333332,0.0,100.0,0.0,72.22222222222221
7,8.333333333333332,8.333333333333332,0.0,100.0,0.0,72.22222222222221
8,100.0,100.0,100.0,100.0,100.0,100.0
