,Correlation,Causal,Wrangler_23,Wrangler_16,GB_23,GB_16
0,0.0,0.0,0.0,0.0,0.0,0.0
1,0.0,0.0,100.0,2.727272727272727,28.18181818181818,0.9090909090909091
2,0.0,0.0,100.0,2.727272727272727,30.909090909090907,0.9090909090909091
3,0.0,100.0,100.0,4.545454545454546,31.818181818181817,0.9090909090909091
4,0.0,100.0,100.0,6.363636363636363,31.818181818181817,0.9090909090909091
5,100.0,100.0,100.0,100.0,100.0,100.0
