,Correlation,Causal,Wrangler_23,Wrangler_16,GB_23,GB_16
0,0.0,0.0,0.0,0.0,0.0,0.0
1,0.0,0.0,99.01960784313727,99.01960784313727,99.01960784313727,99.01960784313727
2,0.0,0.0,99.01960784313727,99.01960784313727,99.01960784313727,99.01960784313727
3,0.0,0.0,99.01960784313727,99.01960784313727,99.01960784313727,99.01960784313727
4,0.0,99.01960784313727,99.01960784313727,99.01960784313727,99.01960784313727,99.01960784313727
5,14.705882352941178,99.01960784313727,99.01960784313727,99.01960784313727,99.01960784313727,99.01960784313727
6,100.0,100.0,100.0,100.0,100.0,100.0
