,Correlation,Causal,Wrangler_23,Wrangler_16,GB_23,GB_16
0,0.0,0.0,0.0,0.0,0.0,0.0
1,0.0,0.0,9.090909090909092,0.0,17.272727272727273,91.81818181818183
2,0.0,0.0,23.636363636363637,0.0,24.545454545454547,91.81818181818183
3,0.0,100.0,34.54545454545455,0.0,29.09090909090909,91.81818181818183
4,0.0,100.0,35.45454545454545,0.0,29.09090909090909,91.81818181818183
5,100.0,100.0,100.0,100.0,100.0,100.0
