,Correlation,Causal,Wrangler_23,Wrangler_16,GB_23,GB_16
0,0.0,0.0,0.0,0.0,0.0,0.0
1,0.0,83.60655737704919,84.42622950819673,84.42622950819673,11.475409836065573,84.42622950819673
2,0.0,89.34426229508196,96.72131147540983,96.72131147540983,23.770491803278688,96.72131147540983
3,0.0,90.98360655737704,97.54098360655738,97.54098360655738,23.770491803278688,97.54098360655738
4,0.0,91.80327868852459,97.54098360655738,97.54098360655738,23.770491803278688,97.54098360655738
5,30.327868852459016,97.54098360655738,97.54098360655738,97.54098360655738,23.770491803278688,97.54098360655738
6,30.327868852459016,97.54098360655738,97.54098360655738,97.54098360655738,23.770491803278688,97.54098360655738
7,30.327868852459016,97.54098360655738,97.54098360655738,97.54098360655738,23.770491803278688,97.54098360655738
8,30.327868852459016,97.54098360655738,97.54098360655738,97.54098360655738,23.770491803278688,97.54098360655738
9,30.327868852459016,97.54098360655738,97.54098360655738,97.54098360655738,23.770491803278688,97.54098360655738
10,100.0,100.0,100.0,100.0,100.0,100.0
