,Correlation,Causal,Wrangler_23,Wrangler_16,GB_23,GB_16
0,0.0,0.0,0.0,0.0,0.0,0.0
1,0.0,0.0,1.3986013986013985,0.0,0.6993006993006993,0.0
2,0.0,21.678321678321677,20.97902097902098,0.0,14.685314685314685,16.083916083916083
3,0.0,21.678321678321677,20.97902097902098,0.0,15.384615384615385,16.083916083916083
4,0.0,21.678321678321677,20.97902097902098,0.0,15.384615384615385,16.083916083916083
5,0.0,21.678321678321677,20.97902097902098,0.0,15.384615384615385,16.083916083916083
6,100.0,100.0,100.0,100.0,100.0,100.0
