,Correlation,Causal,Wrangler_23,Wrangler_16,GB_23,GB_16
0,0.0,0.0,0.0,0.0,0.0,0.0
1,0.0,93.67088607594937,19.62025316455696,16.455696202531644,30.37974683544304,24.68354430379747
2,0.0,93.67088607594937,25.949367088607595,20.88607594936709,39.24050632911392,32.278481012658226
3,0.0,93.67088607594937,25.949367088607595,20.88607594936709,41.139240506329116,34.177215189873415
4,100.0,100.0,100.0,100.0,100.0,100.0
