,Correlation,Causal,Wrangler_23,Wrangler_16,GB_23,GB_16
0,0.0,0.0,0.0,0.0,0.0,0.0
1,0.0,0.0,100.0,94.5945945945946,100.0,51.35135135135135
2,0.0,0.0,100.0,100.0,100.0,51.35135135135135
3,0.0,100.0,100.0,100.0,100.0,51.35135135135135
4,0.0,100.0,100.0,100.0,100.0,51.35135135135135
5,0.0,100.0,100.0,100.0,100.0,51.35135135135135
6,0.0,100.0,100.0,100.0,100.0,51.35135135135135
7,0.0,100.0,100.0,100.0,100.0,51.35135135135135
8,100.0,100.0,100.0,100.0,100.0,100.0
