,Correlation,Causal,Wrangler_23,Wrangler_16,GB_23,GB_16
0,0.0,0.0,0.0,0.0,0.0,0.0
1,0.0,0.0,66.66666666666666,16.666666666666664,0.0,0.0
2,100.0,100.0,75.0,50.0,0.0,0.0
3,100.0,100.0,75.0,75.0,0.0,0.0
4,100.0,100.0,75.0,75.0,0.0,0.0
5,100.0,100.0,75.0,75.0,0.0,0.0
6,100.0,100.0,100.0,100.0,100.0,100.0
