,Correlation,Causal,Wrangler_23,Wrangler_16,GB_23,GB_16
0,0.0,0.0,0.0,0.0,0.0,0.0
1,0.0,0.0,0.0,0.0,0.0,12.82051282051282
2,0.0,0.0,25.64102564102564,0.0,0.0,12.82051282051282
3,0.0,0.0,30.76923076923077,0.0,0.0,12.82051282051282
4,0.0,100.0,33.33333333333333,0.0,0.0,12.82051282051282
5,0.0,100.0,33.33333333333333,0.0,0.0,12.82051282051282
6,0.0,100.0,33.33333333333333,0.0,0.0,12.82051282051282
7,0.0,100.0,33.33333333333333,0.0,0.0,12.82051282051282
8,0.0,100.0,33.33333333333333,0.0,0.0,12.82051282051282
9,0.0,100.0,33.33333333333333,0.0,0.0,12.82051282051282
10,100.0,100.0,100.0,100.0,100.0,100.0
