,Correlation,Causal,Wrangler_23,Wrangler_16,GB_23,GB_16
0,0.0,0.0,0.0,0.0,0.0,0.0
1,0.0,0.0,46.666666666666664,20.0,0.0,33.33333333333333
2,0.0,0.0,93.33333333333333,46.666666666666664,0.0,33.33333333333333
3,100.0,100.0,100.0,100.0,100.0,100.0
