,Correlation,Causal,Wrangler_23,Wrangler_16,GB_23,GB_16
0,0.0,0.0,0.0,0.0,0.0,0.0
1,0.0,0.9433962264150944,8.49056603773585,8.49056603773585,3.7735849056603774,8.49056603773585
2,0.0,0.9433962264150944,11.320754716981133,11.320754716981133,6.60377358490566,11.320754716981133
3,1.8867924528301887,4.716981132075472,13.20754716981132,13.20754716981132,8.49056603773585,13.20754716981132
4,2.8301886792452833,30.18867924528302,30.18867924528302,30.18867924528302,25.471698113207548,30.18867924528302
5,3.7735849056603774,50.943396226415096,50.943396226415096,50.943396226415096,46.22641509433962,50.943396226415096
6,3.7735849056603774,50.943396226415096,50.943396226415096,50.943396226415096,46.22641509433962,50.943396226415096
7,3.7735849056603774,50.943396226415096,50.943396226415096,50.943396226415096,46.22641509433962,50.943396226415096
8,3.7735849056603774,50.943396226415096,50.943396226415096,50.943396226415096,46.22641509433962,50.943396226415096
9,3.7735849056603774,50.943396226415096,50.943396226415096,50.943396226415096,46.22641509433962,50.943396226415096
10,3.7735849056603774,50.943396226415096,50.943396226415096,50.943396226415096,46.22641509433962,50.943396226415096
11,3.7735849056603774,50.943396226415096,50.943396226415096,50.943396226415096,46.22641509433962,50.943396226415096
12,100.0,100.0,100.0,100.0,100.0,100.0
