,Correlation,Causal,Wrangler_23,Wrangler_16,GB_23,GB_16
0,0.0,0.0,0.0,0.0,0.0,0.0
1,0.0,0.0,0.0,65.85365853658537,96.7479674796748,95.9349593495935
2,0.0,0.0,0.0,80.48780487804879,96.7479674796748,95.9349593495935
3,0.0,88.6178861788618,0.0,81.30081300813008,96.7479674796748,95.9349593495935
4,100.0,100.0,100.0,100.0,100.0,100.0
