,Correlation,Causal,Wrangler_23,Wrangler_16,GB_23,GB_16
0,0.0,0.0,0.0,0.0,0.0,0.0
1,0.0,97.3913043478261,97.3913043478261,97.3913043478261,92.17391304347827,76.52173913043478
2,0.0,97.3913043478261,97.3913043478261,97.3913043478261,96.52173913043478,87.82608695652175
3,0.0,97.3913043478261,97.3913043478261,97.3913043478261,96.52173913043478,92.17391304347827
4,0.0,97.3913043478261,97.3913043478261,97.3913043478261,96.52173913043478,93.04347826086956
5,0.0,97.3913043478261,97.3913043478261,97.3913043478261,96.52173913043478,93.04347826086956
6,100.0,100.0,100.0,100.0,100.0,100.0
