,Correlation,Causal,Wrangler_23,Wrangler_16,GB_23,GB_16
0,0.0,0.0,0.0,0.0,0.0,0.0
1,0.0,0.0,18.181818181818183,8.080808080808081,0.0,0.0
2,0.0,0.0,77.77777777777779,74.74747474747475,0.0,0.0
3,0.0,0.0,87.87878787878788,83.83838383838383,0.0,0.0
4,0.0,0.0,90.9090909090909,85.85858585858585,0.0,0.0
5,0.0,0.0,90.9090909090909,85.85858585858585,0.0,0.0
6,0.0,0.0,90.9090909090909,85.85858585858585,0.0,0.0
7,100.0,100.0,100.0,100.0,100.0,100.0
