,Correlation,Causal,Wrangler_23,Wrangler_16,GB_23,GB_16
0,0.0,0.0,0.0,0.0,0.0,0.0
1,0.0,0.0,14.414414414414415,11.711711711711711,0.0,0.0
2,0.0,0.0,66.66666666666666,59.45945945945946,0.0,0.0
3,0.0,0.0,95.4954954954955,95.4954954954955,0.0,0.0
4,0.0,0.0,100.0,100.0,0.0,0.0
5,0.0,0.0,100.0,100.0,0.0,0.0
6,0.0,0.0,100.0,100.0,0.0,0.0
7,0.0,6.306306306306306,100.0,100.0,0.0,0.0
8,22.52252252252252,100.0,100.0,100.0,0.0,0.0
9,22.52252252252252,100.0,100.0,100.0,0.0,0.0
10,22.52252252252252,100.0,100.0,100.0,0.0,0.0
11,34.234234234234236,100.0,100.0,100.0,0.0,0.0
12,34.234234234234236,100.0,100.0,100.0,0.0,0.0
13,34.234234234234236,100.0,100.0,100.0,0.0,0.0
14,34.234234234234236,100.0,100.0,100.0,0.0,0.0
15,34.234234234234236,100.0,100.0,100.0,0.0,0.0
16,34.234234234234236,100.0,100.0,100.0,0.0,0.0
17,100.0,100.0,100.0,100.0,100.0,100.0
