,Correlation,Causal,Wrangler_23,Wrangler_16,GB_23,GB_16
0,0.0,0.0,0.0,0.0,0.0,0.0
1,0.0,14.285714285714285,0.0,0.0,12.5,10.714285714285714
2,0.0,67.85714285714286,0.0,0.0,57.14285714285714,30.357142857142854
3,0.0,67.85714285714286,0.0,0.0,57.14285714285714,31.25
4,0.0,67.85714285714286,0.0,0.0,57.14285714285714,31.25
5,0.0,67.85714285714286,0.0,0.0,57.14285714285714,31.25
6,100.0,100.0,100.0,100.0,100.0,100.0
