,Correlation,Causal,Wrangler_23,Wrangler_16,GB_23,GB_16
0,0.0,0.0,0.0,0.0,0.0,0.0
1,0.0,97.24770642201835,97.24770642201835,1.834862385321101,62.38532110091744,87.1559633027523
2,0.0,97.24770642201835,97.24770642201835,1.834862385321101,71.55963302752293,91.74311926605505
3,0.0,97.24770642201835,97.24770642201835,1.834862385321101,72.47706422018348,92.66055045871559
4,0.0,97.24770642201835,97.24770642201835,1.834862385321101,74.31192660550458,92.66055045871559
5,100.0,100.0,100.0,100.0,100.0,100.0
