,Correlation,Causal,Wrangler_23,Wrangler_16,GB_23,GB_16
0,0.0,0.0,0.0,0.0,0.0,0.0
1,0.0,0.0,0.0,0.0,0.8547008547008548,1.7094017094017095
2,0.0,15.384615384615385,0.0,0.0,14.529914529914532,15.384615384615385
3,0.0,59.82905982905983,0.0,0.0,58.97435897435898,59.82905982905983
4,0.0,59.82905982905983,0.0,0.0,58.97435897435898,59.82905982905983
5,0.0,59.82905982905983,0.0,0.0,58.97435897435898,59.82905982905983
6,0.0,59.82905982905983,0.0,0.0,58.97435897435898,59.82905982905983
7,0.0,59.82905982905983,0.0,0.0,58.97435897435898,59.82905982905983
8,100.0,100.0,100.0,100.0,100.0,100.0
