,Correlation,Causal,Wrangler_23,Wrangler_16,GB_23,GB_16
0,0.0,0.0,0.0,0.0,0.0,0.0
1,0.0,8.0,8.0,8.0,8.0,8.0
2,0.0,28.000000000000004,28.999999999999996,28.999999999999996,26.0,28.000000000000004
3,0.0,61.0,61.0,61.0,33.0,37.0
4,0.0,68.0,68.0,68.0,42.0,44.0
5,0.0,68.0,68.0,68.0,46.0,44.0
6,0.0,68.0,68.0,68.0,47.0,44.0
7,0.0,68.0,68.0,68.0,47.0,44.0
8,100.0,100.0,100.0,100.0,100.0,100.0
