,Correlation,Causal,Wrangler_23,Wrangler_16,GB_23,GB_16
0,0.0,0.0,0.0,0.0,0.0,0.0
1,0.0,0.0,100.0,100.0,100.0,3.8461538461538463
2,0.0,0.0,100.0,100.0,100.0,50.0
3,0.0,0.0,100.0,100.0,100.0,73.07692307692307
4,0.0,0.0,100.0,100.0,100.0,73.07692307692307
5,0.0,100.0,100.0,100.0,100.0,73.07692307692307
6,100.0,100.0,100.0,100.0,100.0,100.0
