,Correlation,Causal,Wrangler_23,Wrangler_16,GB_23,GB_16
0,0.0,0.0,0.0,0.0,0.0,0.0
1,0.0,97.24770642201835,97.24770642201835,97.24770642201835,30.275229357798167,60.550458715596335
2,0.0,97.24770642201835,97.24770642201835,97.24770642201835,41.284403669724774,76.14678899082568
3,0.0,97.24770642201835,97.24770642201835,97.24770642201835,45.87155963302752,76.14678899082568
4,0.0,97.24770642201835,97.24770642201835,97.24770642201835,45.87155963302752,77.98165137614679
5,100.0,100.0,100.0,100.0,100.0,100.0
