,Correlation,Causal,Wrangler_23,Wrangler_16,GB_23,GB_16
0,0.0,0.0,0.0,0.0,0.0,0.0
1,0.0,38.8086642599278,98.91696750902527,0.0,98.91696750902527,98.55595667870037
2,0.0,53.61010830324909,99.81949458483754,0.0,99.81949458483754,99.45848375451264
3,0.0,53.61010830324909,100.0,0.0,100.0,99.81949458483754
4,0.0,53.61010830324909,100.0,0.0,100.0,99.81949458483754
5,100.0,100.0,100.0,0.0,100.0,99.81949458483754
6,100.0,100.0,100.0,0.0,100.0,99.81949458483754
7,100.0,100.0,100.0,0.0,100.0,99.81949458483754
8,100.0,100.0,100.0,0.0,100.0,99.81949458483754
9,100.0,100.0,100.0,0.0,100.0,99.81949458483754
10,100.0,100.0,100.0,0.0,100.0,99.81949458483754
11,100.0,100.0,100.0,100.0,100.0,100.0
