,Correlation,Causal,Wrangler_23,Wrangler_16,GB_23,GB_16
0,0.0,0.0,0.0,0.0,0.0,0.0
1,0.0,99.18032786885246,99.18032786885246,99.18032786885246,70.49180327868852,81.9672131147541
2,0.0,99.18032786885246,99.18032786885246,99.18032786885246,81.9672131147541,82.78688524590164
3,0.0,99.18032786885246,99.18032786885246,99.18032786885246,82.78688524590164,82.78688524590164
4,100.0,100.0,100.0,100.0,100.0,100.0
