,Correlation,Causal,Wrangler_23,Wrangler_16,GB_23,GB_16
0,0.0,0.0,0.0,0.0,0.0,0.0
1,0.0,0.0,100.0,100.0,0.0,76.92307692307693
2,0.0,0.0,100.0,100.0,0.0,76.92307692307693
3,0.0,0.0,100.0,100.0,0.0,76.92307692307693
4,0.0,46.15384615384615,100.0,100.0,0.0,76.92307692307693
5,0.0,46.15384615384615,100.0,100.0,0.0,76.92307692307693
6,0.0,46.15384615384615,100.0,100.0,0.0,76.92307692307693
7,0.0,46.15384615384615,100.0,100.0,0.0,76.92307692307693
8,100.0,100.0,100.0,100.0,100.0,100.0
