,Correlation,Causal,Wrangler_23,Wrangler_16,GB_23,GB_16
0,0.0,0.0,0.0,0.0,0.0,0.0
1,0.0,100.0,76.47058823529412,0.0,70.58823529411765,100.0
2,0.0,100.0,94.11764705882352,0.0,94.11764705882352,100.0
3,0.0,100.0,100.0,0.0,100.0,100.0
4,0.0,100.0,100.0,0.0,100.0,100.0
5,0.0,100.0,100.0,0.0,100.0,100.0
6,11.76470588235294,100.0,100.0,0.0,100.0,100.0
7,11.76470588235294,100.0,100.0,0.0,100.0,100.0
8,100.0,100.0,100.0,100.0,100.0,100.0
