,Correlation,Causal,Wrangler_23,Wrangler_16,GB_23,GB_16
0,0.0,0.0,0.0,0.0,0.0,0.0
1,0.0,0.0,0.0,0.0,0.0,100.0
2,0.0,0.0,0.0,0.0,0.0,100.0
3,0.0,94.4954128440367,0.0,0.0,0.0,100.0
4,0.0,98.1651376146789,0.0,0.0,0.0,100.0
5,0.0,99.08256880733946,0.0,0.0,0.0,100.0
6,100.0,100.0,100.0,100.0,100.0,100.0
