,Correlation,Causal,Wrangler_23,Wrangler_16,GB_23,GB_16
0,0.0,0.0,0.0,0.0,0.0,0.0
1,0.0,0.0,100.0,74.35897435897436,100.0,100.0
2,0.0,0.0,100.0,79.48717948717949,100.0,100.0
3,100.0,100.0,100.0,100.0,100.0,100.0
