,Correlation,Causal,Wrangler_23,Wrangler_16,GB_23,GB_16
0,0.0,0.0,0.0,0.0,0.0,0.0
1,0.0,98.33333333333333,0.0,0.0,0.0,32.5
2,0.0,100.0,0.0,0.0,0.0,33.33333333333333
3,0.0,100.0,0.0,0.0,0.0,33.33333333333333
4,0.0,100.0,0.0,0.0,0.0,33.33333333333333
5,100.0,100.0,100.0,100.0,100.0,100.0
