,Correlation,Causal,Wrangler_23,Wrangler_16,GB_23,GB_16
0,0.0,0.0,0.0,0.0,0.0,0.0
1,0.0,0.0,100.0,100.0,100.0,100.0
2,0.0,0.0,100.0,100.0,100.0,100.0
3,0.0,0.0,100.0,100.0,100.0,100.0
4,85.71428571428571,85.71428571428571,100.0,100.0,100.0,100.0
5,85.71428571428571,85.71428571428571,100.0,100.0,100.0,100.0
6,85.71428571428571,85.71428571428571,100.0,100.0,100.0,100.0
7,85.71428571428571,85.71428571428571,100.0,100.0,100.0,100.0
8,100.0,100.0,100.0,100.0,100.0,100.0
