,Correlation,Causal,Wrangler_23,Wrangler_16,GB_23,GB_16
0,0.0,0.0,0.0,0.0,0.0,0.0
1,0.0,64.65517241379311,12.068965517241379,6.896551724137931,0.0,0.0
2,0.0,73.27586206896551,41.37931034482759,6.896551724137931,0.0,0.0
3,0.0,93.10344827586206,62.93103448275862,23.275862068965516,0.0,0.0
4,0.0,100.0,75.0,60.3448275862069,0.0,0.0
5,0.0,100.0,91.37931034482759,71.55172413793103,0.0,0.0
6,0.0,100.0,99.13793103448276,87.93103448275862,0.0,0.0
7,0.0,100.0,100.0,95.6896551724138,0.0,0.0
8,0.0,100.0,100.0,100.0,0.0,0.0
9,0.0,100.0,100.0,100.0,0.0,0.0
10,0.0,100.0,100.0,100.0,0.0,0.0
11,0.0,100.0,100.0,100.0,0.0,0.0
12,0.0,100.0,100.0,100.0,0.0,0.0
13,0.0,100.0,100.0,100.0,0.0,0.0
14,0.0,100.0,100.0,100.0,0.0,0.0
15,0.0,100.0,100.0,100.0,0.0,0.0
16,0.0,100.0,100.0,100.0,0.0,0.0
17,0.0,100.0,100.0,100.0,0.0,0.0
18,0.0,100.0,100.0,100.0,0.0,0.0
19,0.0,100.0,100.0,100.0,0.0,0.0
20,0.0,100.0,100.0,100.0,0.0,0.0
21,100.0,100.0,100.0,100.0,100.0,100.0
