,Correlation,Causal,Wrangler_23,Wrangler_16,GB_23,GB_16
0,0.0,0.0,0.0,0.0,0.0,0.0
1,0.0,0.0,0.0,0.0,94.94949494949495,0.0
2,0.0,0.0,0.0,0.0,94.94949494949495,0.0
3,0.0,0.0,0.0,0.0,96.96969696969697,0.0
4,0.0,93.93939393939394,0.0,0.0,97.97979797979798,0.0
5,1.0101010101010102,96.96969696969697,0.0,0.0,100.0,0.0
6,47.474747474747474,96.96969696969697,0.0,0.0,100.0,0.0
7,47.474747474747474,96.96969696969697,0.0,0.0,100.0,0.0
8,100.0,100.0,100.0,100.0,100.0,100.0
