,Correlation,Causal,Wrangler_23,Wrangler_16,GB_23,GB_16
0,0.0,0.0,0.0,0.0,0.0,0.0
1,0.0,0.0,0.0,82.6923076923077,98.07692307692307,57.692307692307686
2,0.0,1.9230769230769231,0.0,88.46153846153845,98.07692307692307,57.692307692307686
3,0.0,63.46153846153846,0.0,90.38461538461539,98.07692307692307,57.692307692307686
4,100.0,100.0,100.0,100.0,100.0,100.0
