,Correlation,Causal,Wrangler_23,Wrangler_16,GB_23,GB_16
0,0.0,0.0,0.0,0.0,0.0,0.0
1,0.0,0.0,100.0,0.0,97.43589743589743,0.0
2,0.0,0.0,100.0,0.0,97.43589743589743,2.564102564102564
3,0.0,0.0,100.0,0.0,97.43589743589743,33.33333333333333
4,0.0,0.0,100.0,15.384615384615385,97.43589743589743,56.41025641025641
5,0.0,0.0,100.0,17.94871794871795,97.43589743589743,58.97435897435898
6,0.0,100.0,100.0,17.94871794871795,97.43589743589743,58.97435897435898
7,0.0,100.0,100.0,17.94871794871795,100.0,58.97435897435898
8,0.0,100.0,100.0,23.076923076923077,100.0,58.97435897435898
9,0.0,100.0,100.0,48.717948717948715,100.0,58.97435897435898
10,0.0,100.0,100.0,53.84615384615385,100.0,58.97435897435898
11,0.0,100.0,100.0,53.84615384615385,100.0,58.97435897435898
12,0.0,100.0,100.0,53.84615384615385,100.0,58.97435897435898
13,0.0,100.0,100.0,58.97435897435898,100.0,58.97435897435898
14,0.0,100.0,100.0,58.97435897435898,100.0,58.97435897435898
15,100.0,100.0,100.0,100.0,100.0,100.0
