,Correlation,Causal,Wrangler_23,Wrangler_16,GB_23,GB_16
0,0.0,0.0,0.0,0.0,0.0,0.0
1,0.0,98.4126984126984,0.0,0.0,44.44444444444444,0.0
2,0.0,98.4126984126984,0.0,0.0,49.2063492063492,0.0
3,0.0,98.4126984126984,0.0,0.0,53.96825396825397,0.0
4,100.0,100.0,100.0,100.0,100.0,100.0
