,Correlation,Causal,Wrangler_23,Wrangler_16,GB_23,GB_16
0,0.0,0.0,0.0,0.0,0.0,0.0
1,0.0,0.0,51.9607843137255,50.0,51.9607843137255,51.9607843137255
2,0.0,0.0,51.9607843137255,50.0,51.9607843137255,51.9607843137255
3,0.0,0.0,51.9607843137255,50.0,51.9607843137255,51.9607843137255
4,100.0,100.0,100.0,100.0,100.0,100.0
