,Correlation,Causal,Wrangler_23,Wrangler_16,GB_23,GB_16
0,0.0,0.0,0.0,0.0,0.0,0.0
1,0.0,0.0,0.0,19.607843137254903,60.78431372549019,56.86274509803921
2,0.0,0.0,0.0,19.607843137254903,60.78431372549019,56.86274509803921
3,0.0,80.3921568627451,0.0,19.607843137254903,60.78431372549019,56.86274509803921
4,100.0,100.0,100.0,100.0,100.0,100.0
