,Correlation,Causal,Wrangler_23,Wrangler_16,GB_23,GB_16
0,0.0,0.0,0.0,0.0,0.0,0.0
1,0.0,99.17355371900827,99.17355371900827,99.17355371900827,66.11570247933885,12.396694214876034
2,0.0,99.17355371900827,99.17355371900827,99.17355371900827,74.3801652892562,12.396694214876034
3,41.32231404958678,99.17355371900827,99.17355371900827,99.17355371900827,74.3801652892562,12.396694214876034
4,100.0,100.0,100.0,100.0,100.0,100.0
