,Correlation,Causal,Wrangler_23,Wrangler_16,GB_23,GB_16
0,0.0,0.0,0.0,0.0,0.0,0.0
1,0.0,99.0909090909091,0.0,0.0,44.54545454545455,10.909090909090908
2,0.0,99.0909090909091,0.0,0.0,51.81818181818182,10.909090909090908
3,0.0,99.0909090909091,0.0,0.0,56.36363636363636,10.909090909090908
4,100.0,100.0,100.0,100.0,100.0,100.0
