,Correlation,Causal,Wrangler_23,Wrangler_16,GB_23,GB_16
0,0.0,0.0,0.0,0.0,0.0,0.0
1,0.0,0.0,0.0,0.0,0.0,0.8771929824561403
2,0.0,0.0,0.0,0.0,0.0,0.8771929824561403
3,0.0,46.49122807017544,0.0,0.0,21.929824561403507,32.45614035087719
4,0.0,46.49122807017544,0.0,0.0,22.807017543859647,32.45614035087719
5,0.0,46.49122807017544,0.0,0.0,22.807017543859647,32.45614035087719
6,100.0,100.0,100.0,100.0,100.0,100.0
