,Correlation,Causal,Wrangler_23,Wrangler_16,GB_23,GB_16
0,0.0,0.0,0.0,0.0,0.0,0.0
1,0.0,0.0,76.66666666666667,0.0,0.0,76.66666666666667
2,0.0,0.0,76.66666666666667,0.0,0.0,76.66666666666667
3,0.0,0.0,76.66666666666667,0.0,0.0,76.66666666666667
4,0.0,3.3333333333333335,76.66666666666667,0.0,0.0,76.66666666666667
5,0.0,3.3333333333333335,76.66666666666667,0.0,0.0,76.66666666666667
6,0.0,30.0,90.0,0.0,6.666666666666667,93.33333333333333
7,0.0,36.666666666666664,90.0,0.0,6.666666666666667,93.33333333333333
8,0.0,40.0,90.0,0.0,6.666666666666667,93.33333333333333
9,0.0,43.333333333333336,90.0,0.0,6.666666666666667,93.33333333333333
10,0.0,43.333333333333336,90.0,0.0,6.666666666666667,93.33333333333333
11,0.0,50.0,90.0,0.0,10.0,93.33333333333333
12,0.0,53.333333333333336,90.0,0.0,20.0,93.33333333333333
13,0.0,53.333333333333336,90.0,0.0,20.0,93.33333333333333
14,0.0,53.333333333333336,90.0,0.0,20.0,93.33333333333333
15,0.0,93.33333333333333,90.0,0.0,20.0,93.33333333333333
16,0.0,93.33333333333333,90.0,0.0,20.0,93.33333333333333
17,0.0,93.33333333333333,90.0,0.0,20.0,93.33333333333333
18,0.0,93.33333333333333,90.0,0.0,20.0,93.33333333333333
19,0.0,93.33333333333333,93.33333333333333,0.0,20.0,96.66666666666667
20,0.0,93.33333333333333,96.66666666666667,0.0,20.0,100.0
21,0.0,93.33333333333333,96.66666666666667,0.0,20.0,100.0
22,0.0,93.33333333333333,96.66666666666667,0.0,20.0,100.0
23,0.0,93.33333333333333,96.66666666666667,0.0,20.0,100.0
24,0.0,93.33333333333333,96.66666666666667,0.0,20.0,100.0
25,0.0,93.33333333333333,96.66666666666667,0.0,20.0,100.0
26,100.0,100.0,100.0,100.0,100.0,100.0
