,Correlation,Causal,Wrangler_23,Wrangler_16,GB_23,GB_16
0,0.0,0.0,0.0,0.0,0.0,0.0
1,0.0,0.0,68.46846846846847,68.46846846846847,68.46846846846847,56.75675675675676
2,0.0,0.0,97.2972972972973,97.2972972972973,97.2972972972973,84.68468468468468
3,0.0,0.0,100.0,100.0,100.0,87.38738738738738
4,100.0,100.0,100.0,100.0,100.0,87.38738738738738
5,100.0,100.0,100.0,100.0,100.0,87.38738738738738
6,100.0,100.0,100.0,100.0,100.0,87.38738738738738
7,100.0,100.0,100.0,100.0,100.0,100.0
