,gb,gb_ipw,wrangler_23,wrangler_16
0,0.02194862616689582,0.04437147525318882,0.006486841461114716,0.004156901125322308
