,gb,gb_ipw,wrangler_23,wrangler_16
0,0.013482757887915166,0.0161011538223803,0.006883181826606471,0.0012625306956163518
