,gb,gb_ipw,wrangler_23,wrangler_16
0,0.025586121612124976,0.048615866237216525,0.005849119689729478,0.004370593362384372
