,gb,gb_ipw,wrangler_23,wrangler_16
0,0.01864372820094012,0.0301737716232521,0.0051279430804045305,0.0031167182369508605
