,gb,gb_ipw,wrangler_23,wrangler_16
0,0.02912147757933312,0.04732786311862942,0.00574170928640464,0.004223531873775101
