,gb,gb_ipw,wrangler_23,wrangler_16
0,0.014366154895402997,0.025034574938070087,0.0037873602662411034,0.0024017863248655307
