,gb,gb_ipw,wrangler_23,wrangler_16
0,0.01542600020883222,0.026310444626740793,0.006078176633155141,0.0027803648584865887
