,gb,gb_ipw,wrangler_23,wrangler_16
0,0.023702228510821308,0.04547503259446886,0.005874092932100648,0.00449573552166974
