,gb,gb_ipw,wrangler_23,wrangler_16
0,0.032800442847462724,0.05575280555471659,0.005548625740671759,0.004872969881912004
