,gb,gb_ipw,wrangler_23,wrangler_16
0,0.0076282728453224416,0.01402162082014118,0.006450990310917658,0.0017926697223512918
