,gb,gb_ipw,wrangler_23,wrangler_16
0,0.02103204929134401,0.028509545719760925,0.006331828701574089,0.002027003425781099
