,gb,gb_ipw,wrangler_23,wrangler_16
0,0.029118085394100268,0.04744590545187191,0.005411250250680106,0.004312213586301219
