,gb,gb_ipw,wrangler_23,wrangler_16
0,0.03144034632930049,0.0577144048832081,0.00587657645896629,0.004749883104253698
