,gb,gb_ipw,wrangler_23,wrangler_16
0,0.027674306845473805,0.0475559037985261,0.005805888399908495,0.004029902122820912
