,gb,gb_ipw,wrangler_23,wrangler_16
0,0.01738305076065524,0.028976194811638354,0.005392379842491009,0.002709973422774512
