,gb,gb_ipw,wrangler_23,wrangler_16
0,0.013757755881861638,0.016753763184511574,0.006149514277178543,0.0012066489771792764
