,gb,gb_ipw,wrangler_23,wrangler_16
0,0.02921575650199699,0.046885066250111455,0.005862498669631351,0.004416888522118637
