,gb,gb_ipw,wrangler_23,wrangler_16
0,0.02386752102110121,0.045911305480533175,0.0059852997461954755,0.00456182493103875
