,gb,gb_ipw,wrangler_23,wrangler_16
0,0.0281423373311801,0.046458595242851224,0.0055868388254405104,0.004316305185293223
