,gb,gb_ipw,wrangler_23,wrangler_16
0,0.030208344705059603,0.04463363792191999,0.005022555508910802,0.003531308678107533
