,gb,gb_ipw,wrangler_23,wrangler_16
0,0.036017184362471484,0.053295455638717536,0.005386488617591137,0.00443899968885026
