,gb,gb_ipw,wrangler_23,wrangler_16
0,0.028903717143768416,0.05622767438792218,0.007314360904372503,0.006774780324813891
