,gb,gb_ipw,wrangler_23,wrangler_16
0,0.016323999426830774,0.031377529275828396,0.004285505448264637,0.0029906459238337375
