,gb,gb_ipw,wrangler_23,wrangler_16
0,0.016569945193540523,0.021874159757076187,0.0025921667127508773,0.001360989762006861
