,gb,gb_ipw,wrangler_23,wrangler_16
0,0.011031881526664452,0.020739712097026675,0.004482057727413413,0.002305044068230523
