,gb,gb_ipw,wrangler_23,wrangler_16
0,0.01325054228492665,0.016272254872097863,0.006782639030794033,0.001396671150337732
