,gb,gb_ipw,wrangler_23,wrangler_16
0,0.01776079550438884,0.03089443329841859,0.0059145325828196755,0.003036632332750546
