,gb,gb_ipw,wrangler_23,wrangler_16
0,0.01785277954639833,0.024125802736340855,0.0028502356055324063,0.0014666216505085762
