,gb,gb_ipw,wrangler_23,wrangler_16
0,0.010031014680862427,0.012706965208053589,0.0032947460810343423,0.0008671979109446207
