,gb,gb_ipw,wrangler_23,wrangler_16
0,0.007610541343388216,0.010014275803771991,0.006239803684731457,0.001214066351749513
