,gb,gb_ipw,wrangler_23,wrangler_16
0,0.01401751853772465,0.016927683376654783,0.006893409851376147,0.001317181342045883
