,gb,gb_ipw,wrangler_23,wrangler_16
0,0.012811816739857665,0.024847212554402427,0.004723298229436734,0.0028940172918553823
