,gb,gb_ipw,wrangler_23,wrangler_16
0,0.009156866320248307,0.013169355091007274,0.006628824376511848,0.001462437640661481
