,gb,gb_ipw,wrangler_23,wrangler_16
0,0.016985402081182106,0.03172589130088929,0.006289397432504456,0.003457101967816794
