,gb,gb_ipw,wrangler_23,wrangler_16
0,0.013340443065761185,0.01598176786767527,0.004993087943943067,0.0010506219517955105
