,gb,gb_ipw,wrangler_23,wrangler_16
0,0.01773018164922727,0.03113842650547924,0.0048889143088253284,0.00294609624534112
