,gb,gb_ipw,wrangler_23,wrangler_16
0,0.013258861226527965,0.01625662424317261,0.006871981447150393,0.001199856525709649
