,gb,gb_ipw,wrangler_23,wrangler_16
0,0.027420178993598564,0.04117588896851439,0.005870765739387566,0.003303764583347561
