,gb,gb_ipw,wrangler_23,wrangler_16
0,0.025298676373046124,0.046449219003135776,0.007388032512900271,0.0042676189799367645
