,gb,gb_ipw,wrangler_23,wrangler_16
0,0.012927978229122002,0.01616979471775664,0.007920843713423786,0.0012746440763233087
