,gb,gb_ipw,wrangler_23,wrangler_16
0,0.008689011677657024,0.01586674857060901,0.00413095203563325,0.001819440633943765
