,gb,gb_ipw,wrangler_23,wrangler_16
0,0.021234876008917616,0.03421433278774005,0.005350765962386778,0.003170375981606728
