,gb,gb_ipw,wrangler_23,wrangler_16
0,0.01796061749535085,0.026643062960056585,0.006473768162599403,0.00230101651923601
