,gb,gb_ipw,wrangler_23,wrangler_16
0,0.0164520214585697,0.018786094268830884,0.005958899229514499,0.0010745114639025776
