,gb,gb_ipw,wrangler_23,wrangler_16
0,0.011548480690333256,0.020816801040153193,0.005505716574547414,0.0022772931794163985
