,gb,gb_ipw,wrangler_23,wrangler_16
0,0.018139898558676024,0.028551570952884735,0.004362055670210729,0.0025523742331107747
