,gb,gb_ipw,wrangler_23,wrangler_16
0,0.015462076084481344,0.017754361033439636,0.00527140994866689,0.0010951629115475549
