,gb,gb_ipw,wrangler_23,wrangler_16
0,0.013734862537919867,0.0163356273101606,0.006919518531758273,0.0013830557741665655
