,gb,gb_ipw,wrangler_23,wrangler_16
0,0.025283798408537568,0.03303631552707785,0.004376712652195595,0.002037145769985601
