,gb,gb_ipw,wrangler_23,wrangler_16
0,0.016279010756248224,0.027646948491015035,0.012029544149008774,0.0024666140262580715
