,gb,gb_ipw,wrangler_23,wrangler_16
0,0.010494676956729143,0.013810791316926899,0.0050598094314266715,0.0013225673788525322
