,gb,gb_ipw,wrangler_23,wrangler_16
0,0.014191353192893408,0.020173608615834226,0.004097338645688949,0.0014671501720250719
