,gb,gb_ipw,wrangler_23,wrangler_16
0,0.017396783654069724,0.028376788883418828,0.004130842048169929,0.0023640992440583505
