,gb,gb_ipw,wrangler_23,wrangler_16
0,0.028740007852770616,0.05004430554576757,0.0056298737673415354,0.0044611311450447
