,gb,gb_ipw,wrangler_23,wrangler_16
0,0.028745868267157137,0.055002669493357345,0.0059719269092266365,0.004500723802126371
