,gb,gb_ipw,wrangler_23,wrangler_16
0,0.03222263220584754,0.04992611480481697,0.005282913193558202,0.004196483077424946
