,gb,gb_ipw,wrangler_23,wrangler_16
0,0.02716523077752855,0.04807114601135254,0.005755573511123657,0.004430611928304036
