,gb,gb_ipw,wrangler_23,wrangler_16
0,0.023799172292153038,0.049448106437921524,0.006494267533222834,0.004552925626436869
