,gb,gb_ipw,wrangler_23,wrangler_16
0,0.0159116286151814,0.024971534621040774,0.004143085119859228,0.0021491410597315372
