,gb,gb_ipw,wrangler_23,wrangler_16
0,0.01597885759720891,0.026110721671062966,0.0038348739932042475,0.0022970001149621804
