,gb,gb_ipw,wrangler_23,wrangler_16
0,0.017939170983018317,0.031551024071256026,0.006636903077760414,0.0029196968100676304
