,gb,gb_ipw,wrangler_23,wrangler_16
0,0.01696516706057244,0.026711306646856336,0.003638535894024434,0.002204591691181922
