,gb,gb_ipw,wrangler_23,wrangler_16
0,0.013530978307067624,0.023970650826802213,0.0037920826635586863,0.0021245315489981337
