,gb,gb_ipw,wrangler_23,wrangler_16
0,0.021614631017049152,0.04383077224095663,0.005700190862019857,0.004468361536661783
