,gb,gb_ipw,wrangler_23,wrangler_16
0,0.014250463838551702,0.019779953176789884,0.0022240682197959428,0.0012823787515348786
