,gb,gb_ipw,wrangler_23,wrangler_16
0,0.041076154620559135,0.0704278548558553,0.008544988102383085,0.0066045257780287
