,gb,gb_ipw,wrangler_23,wrangler_16
0,0.0177110899941193,0.022274960284452555,0.008983280369427414,0.0018124550456282483
