,gb,gb_ipw,wrangler_23,wrangler_16
0,0.02788356196722331,0.044646600209209464,0.006087925367397482,0.0042651995292292775
