,gb,gb_ipw,wrangler_23,wrangler_16
0,0.029015541076660156,0.048178931077321366,0.005818406740824381,0.004175305366516113
