,gb,gb_ipw,wrangler_23,wrangler_16
0,0.012602278758437885,0.017680738098832766,0.004491221255190084,0.0014838208536387728
