,gb,gb_ipw,wrangler_23,wrangler_16
0,0.024789461383113155,0.04610170920689901,0.005488318425637705,0.004300640689002143
