,gb,gb_ipw,wrangler_23,wrangler_16
0,0.020817361724659363,0.03472148096582116,0.009237306527556402,0.0030349071760822958
