,gb,gb_ipw,wrangler_23,wrangler_16
0,0.01365947239290034,0.015944732627287735,0.005638780932741117,0.0010384641928116076
