,gb,gb_ipw,wrangler_23,wrangler_16
0,0.026459495226542156,0.04892506533198887,0.00579199857181973,0.0046607520845201285
