,gb,gb_ipw,wrangler_23,wrangler_16
0,0.02998784184455871,0.050283223390579224,0.005798290173212687,0.004834185043970743
