,gb,gb_ipw,wrangler_23,wrangler_16
0,0.02850552195126248,0.04848008303298164,0.005479694641742509,0.0042696589047146825
