,gb,gb_ipw,wrangler_23,wrangler_16
0,0.027702362449080857,0.04856398812046757,0.005534953541225856,0.004335961959980153
