,gb,gb_ipw,wrangler_23,wrangler_16
0,0.024087451122425226,0.044561922550201416,0.011500109125066686,0.004564722379048665
