,gb,gb_ipw,wrangler_23,wrangler_16
0,0.035917696853478745,0.06294064223766327,0.006365279356638591,0.005293947954972584
