,gb,gb_ipw,wrangler_23,wrangler_16
0,0.029258067899319142,0.05259148677775365,0.009349940978374677,0.005169013111861712
