,gb,gb_ipw,wrangler_23,wrangler_16
0,0.008551310036928599,0.013062608151035455,0.004937266575471135,0.0015121379881414749
