,gb,gb_ipw,wrangler_23,wrangler_16
0,0.03462623466144909,0.059588388963179154,0.006208591388933585,0.004725925850145744
