,gb,gb_ipw,wrangler_23,wrangler_16
0,0.028732017828867987,0.04302810591000777,0.007020452847847572,0.0034731168013352612
