,gb,gb_ipw,wrangler_23,wrangler_16
0,0.009144360070441409,0.012760714814420664,0.0060081255515190045,0.0014237189224982193
