,gb,gb_ipw,wrangler_23,wrangler_16
0,0.01136194864908854,0.016902033487955728,0.003111521402994792,0.001376978556315104
