,gb,gb_ipw,wrangler_23,wrangler_16
0,0.010694944437229214,0.013291711866731703,0.004981035832638387,0.0010985759753612536
