,gb,gb_ipw,wrangler_23,wrangler_16
0,0.015007746443352177,0.02208360078826986,0.003129962941596719,0.0013780977387210958
