,gb,gb_ipw,wrangler_23,wrangler_16
0,0.01351761095451586,0.016492777525112214,0.007612910348752035,0.0011685084731933423
