,gb,gb_ipw,wrangler_23,wrangler_16
0,0.028804358508851793,0.04847202863958147,0.005575931734508938,0.004182052281167771
