,gb,gb_ipw,wrangler_23,wrangler_16
0,0.040064052659638076,0.058539918347710176,0.006478230635515925,0.0046928103516797335
