,gb,gb_ipw,wrangler_23,wrangler_16
0,0.007317412084866064,0.009902091841623575,0.00879647200589353,0.0017964778168831465
