,gb,gb_ipw,wrangler_23,wrangler_16
0,0.017284268167763274,0.025851154758919415,0.004449041720429157,0.0021889198959143454
