,gb,gb_ipw,wrangler_23,wrangler_16
0,0.018621739508662215,0.03610315605274092,0.006786257376228911,0.004074969607703935
