,gb,gb_ipw,wrangler_23,wrangler_16
0,0.03309189169495194,0.05676293814623797,0.009328126907348633,0.005513429641723633
