,gb,gb_ipw,wrangler_23,wrangler_16
0,0.030311321218808484,0.058189406991004944,0.006214777628580729,0.005227327346801759
