,gb,gb_ipw,wrangler_23,wrangler_16
0,0.023941966620358555,0.04290712602210768,0.006569831660299592,0.004537809978831898
