,gb,gb_ipw,wrangler_23,wrangler_16
0,0.014830998687340738,0.02780239548969962,0.004315210822711145,0.0028744960414283883
