,gb,gb_ipw,wrangler_23,wrangler_16
0,0.016789171225124605,0.031480255869028896,0.005358083236620619,0.003165396391892942
