,gb,gb_ipw,wrangler_23,wrangler_16
0,0.011565973656231396,0.01917086082799909,0.005513817850974052,0.0017871991902470954
