,gb,gb_ipw,wrangler_23,wrangler_16
0,0.02373896894000825,0.04539496841884795,0.008135932643397327,0.005022857059426859
