,gb,gb_ipw,wrangler_23,wrangler_16
0,0.019415588947937396,0.027581664658249346,0.0033768442124384812,0.001965414431337235
