,gb,gb_ipw,wrangler_23,wrangler_16
0,0.011914499825046908,0.020713815765996135,0.006496846195190183,0.002043742325998121
