,gb,gb_ipw,wrangler_23,wrangler_16
0,0.03972525397936503,0.06647681196530661,0.006161133448282877,0.0047331055005391445
