,gb,gb_ipw,wrangler_23,wrangler_16
0,0.013628664224648429,0.016370880947088575,0.006581292336423789,0.0015183791589442285
