,gb,gb_ipw,wrangler_23,wrangler_16
0,0.014705174102141404,0.017955037446929577,0.008175143684122465,0.0017737865949404102
