,gb,gb_ipw,wrangler_23,wrangler_16
0,0.013894268444606235,0.026322546459379648,0.004628584498450869,0.0028099332536969867
