,gb,gb_ipw,wrangler_23,wrangler_16
0,0.0165923961303519,0.026850580419384457,0.006014633478608522,0.0025920523037700535
