,gb,gb_ipw,wrangler_23,wrangler_16
0,0.013676935753214017,0.02304835574617111,0.007800604580851739,0.0028855516096201453
