,gb,gb_ipw,wrangler_23,wrangler_16
0,0.018178822717571597,0.02808733332850702,0.004232753629816265,0.002455381824440681
