,gb,gb_ipw,wrangler_23,wrangler_16
0,0.032504841133400235,0.06392559519520512,0.008715247666394267,0.004703965451982287
