,gb,gb_ipw,wrangler_23,wrangler_16
0,0.012920404735364412,0.02345003579792224,0.009944956553609748,0.002613951239669532
