,gb,gb_ipw,wrangler_23,wrangler_16
0,0.022152753976675182,0.031094062022673775,0.0035858561850001668,0.002391929300422342
