,gb,gb_ipw,wrangler_23,wrangler_16
0,0.015162659534049876,0.017641580773986056,0.004178118309211334,0.0008701224832673579
