,gb,gb_ipw,wrangler_23,wrangler_16
0,0.029491854237986132,0.050103364971406425,0.008839733746587013,0.004167272307247718
