,gb,gb_ipw,wrangler_23,wrangler_16
0,0.016263221107595514,0.026767614391712522,0.0057512589796975076,0.0026319658347936908
