,gb,gb_ipw,wrangler_23,wrangler_16
0,0.011936427919529298,0.021390288711980104,0.005799462640267923,0.0024086640043931716
