,gb,gb_ipw,wrangler_23,wrangler_16
0,0.01901851965054885,0.026254634246983637,0.003016031932535555,0.0018511517252100262
