,gb,gb_ipw,wrangler_23,wrangler_16
0,0.009543436472533178,0.011802257084455647,0.0048691132029549025,0.001133074525926934
