,gb,gb_ipw,wrangler_23,wrangler_16
0,0.028603122163271197,0.042962672587655744,0.007357216139795981,0.0036444444320389243
