,gb,gb_ipw,wrangler_23,wrangler_16
0,0.014425594604874853,0.0183252954433206,0.005880642834128257,0.001315960938903107
