,gb,gb_ipw,wrangler_23,wrangler_16
0,0.010755838471801891,0.01790025184387946,0.005324943886600573,0.001734554177463645
