,gb,gb_ipw,wrangler_23,wrangler_16
0,0.03533995881372569,0.05860547630154357,0.005374879253153898,0.003995700758330676
