,gb,gb_ipw,wrangler_23,wrangler_16
0,0.009752639004441557,0.012051863748519147,0.004805502344350346,0.0010266167218567893
