,gb,gb_ipw,wrangler_23,wrangler_16
0,0.008492184278268838,0.013740569622633685,0.0037545824389741103,0.001473102035140499
