,gb,gb_ipw,wrangler_23,wrangler_16
0,0.01246650978433631,0.017573695251907124,0.005432262606819647,0.001396737272166105
