,gb,gb_ipw,wrangler_23,wrangler_16
0,0.010629823083906729,0.01467286102471204,0.006566839966691355,0.0013421272850749528
