,gb,gb_ipw,wrangler_23,wrangler_16
0,0.01851774511798735,0.034134186083270665,0.005473472899006256,0.003952364767751386
