,gb,gb_ipw,wrangler_23,wrangler_16
0,0.029648403156856525,0.04348741297708277,0.0070445557944795,0.0032797158613503833
