,gb,gb_ipw,wrangler_23,wrangler_16
0,0.02038516846311045,0.03706611010182902,0.010519103699946308,0.0033806044741930713
