,gb,gb_ipw,wrangler_23,wrangler_16
0,0.020522595400334343,0.042809075439995875,0.009495031768095423,0.0031305444551599343
