,gb,gb_ipw,wrangler_23,wrangler_16
0,0.018347627069108252,0.027465675719022104,0.003400822534072752,0.0021902698712207547
