,gb,gb_ipw,wrangler_23,wrangler_16
0,0.02593059861470782,0.03714857120362539,0.004159339836665562,0.0026950760493202803
