,gb,gb_ipw,wrangler_23,wrangler_16
0,0.0406078113022671,0.060859290502404656,0.009480086706017936,0.0035965314475438926
