,gb,gb_ipw,wrangler_23,wrangler_16
0,0.013662695216865433,0.016942244617878886,0.0073600466511830566,0.0013170622977889887
