,gb,gb_ipw,wrangler_23,wrangler_16
0,0.03018056352933248,0.050027420123418175,0.005711118380228678,0.0045925378799438485
