,gb,gb_ipw,wrangler_23,wrangler_16
0,0.018483736910238073,0.03240097943240703,0.005925101846758972,0.0031917566065672877
