,gb,gb_ipw,wrangler_23,wrangler_16
0,0.026976778393700006,0.04843728882925851,0.0066306619417099725,0.004657677241734096
