,gb,gb_ipw,wrangler_23,wrangler_16
0,0.027686523066626653,0.048502451843685575,0.005810956160227458,0.00430113739437527
