,gb,gb_ipw,wrangler_23,wrangler_16
0,0.034074673707457794,0.060794545316148085,0.01395104945391074,0.0049993909638503505
