,gb,gb_ipw,wrangler_23,wrangler_16
0,0.024020876671440414,0.04495050489288016,0.0054139861536189856,0.0040662247700379885
