,gb,gb_ipw,wrangler_23,wrangler_16
0,0.014300451797692956,0.022997526354800547,0.003779218310401553,0.0018809928375036536
