,gb,gb_ipw,wrangler_23,wrangler_16
0,0.03080001587943709,0.049284717806500594,0.005412794433136129,0.004001722898903357
