,gb,gb_ipw,wrangler_23,wrangler_16
0,0.024457772572835285,0.04509051640828451,0.005861123402913411,0.004432996114095052
