,gb,gb_ipw,wrangler_23,wrangler_16
0,0.010468706240509789,0.014179481197853618,0.0046657292647625855,0.0013799275259885747
