,gb,gb_ipw,wrangler_23,wrangler_16
0,0.023622163303235442,0.02899687951772001,0.0037182688088941325,0.0014111633700225992
