,gb,gb_ipw,wrangler_23,wrangler_16
0,0.013185380440619255,0.023593194782733914,0.005441743673549759,0.002829021670752102
