,gb,gb_ipw,wrangler_23,wrangler_16
0,0.012329512951420804,0.021121782415053428,0.004561274659399893,0.002031700283873315
