,gb,gb_ipw,wrangler_23,wrangler_16
0,0.028944973434720713,0.059069799525397156,0.0062068658215659,0.005035882904416039
