,gb,gb_ipw,wrangler_23,wrangler_16
0,0.0164480421663735,0.019267191097129984,0.006232051822929356,0.0011886438394865062
