,gb,gb_ipw,wrangler_23,wrangler_16
0,0.012414464690805874,0.02001997097920815,0.0036402899003678255,0.0019045655365583962
