,gb,gb_ipw,wrangler_23,wrangler_16
0,0.014692414752257769,0.020743357718631783,0.004347003195234524,0.0014533839559042327
