,gb,gb_ipw,wrangler_23,wrangler_16
0,0.03787250453254201,0.0703801813813829,0.006319730961855334,0.005095275406984939
