,gb,gb_ipw,wrangler_23,wrangler_16
0,0.0158754474551495,0.02589455262862425,0.004300459183473638,0.0024271096350249976
