,gb,gb_ipw,wrangler_23,wrangler_16
0,0.029044897377896468,0.05701691114983592,0.011933093168297592,0.005818548656645275
