,gb,gb_ipw,wrangler_23,wrangler_16
0,0.01696134004060014,0.028181081792063332,0.003784119738319707,0.0023261028447821882
