,gb,gb_ipw,wrangler_23,wrangler_16
0,0.014006335231008273,0.017013882928720993,0.005433658714311516,0.001295695893532092
