,gb,gb_ipw,wrangler_23,wrangler_16
0,0.030200183391571038,0.0498284896214803,0.0056043267250061035,0.0043069322903951015
