,gb,gb_ipw,wrangler_23,wrangler_16
0,0.02412100632985433,0.04534870386123657,0.006126860777537027,0.00438814361890157
