,gb,gb_ipw,wrangler_23,wrangler_16
0,0.030007499914902907,0.05101106869868743,0.005837434377425756,0.004565868622217423
