,gb,gb_ipw,wrangler_23,wrangler_16
0,0.018884408293396368,0.029380037022371925,0.004961171937121884,0.00257421420541115
