,gb,gb_ipw,wrangler_23,wrangler_16
0,0.018052534248096826,0.035316953735966834,0.006987790053036049,0.0036564992747426463
