,gb,gb_ipw,wrangler_23,wrangler_16
0,0.003034114304072641,0.0045609892148306365,0.010444405629358288,0.0019333336789943264
