,gb,gb_ipw,wrangler_23,wrangler_16
0,0.011880157722367182,0.021398093344436753,0.004513732468088469,0.002534853087531196
