,gb,gb_ipw,wrangler_23,wrangler_16
0,0.017772926466333105,0.03185282518583224,0.006666977251427952,0.0037349533062836786
