,gb,gb_ipw,wrangler_23,wrangler_16
0,0.028493428471112494,0.047911899258392024,0.006269926976675939,0.004346322531651969
