,gb,gb_ipw,wrangler_23,wrangler_16
0,0.017993974123029235,0.03338677693257291,0.0056038036458963495,0.0033288578719867707
