,gb,gb_ipw,wrangler_23,wrangler_16
0,0.01594777460451479,0.02891884909735785,0.006119851712827329,0.00322825378841824
