,gb,gb_ipw,wrangler_23,wrangler_16
0,0.019568730803096995,0.0322871348437141,0.005142828997443704,0.0029402620652142692
