,gb,gb_ipw,wrangler_23,wrangler_16
0,0.011209951998140405,0.01907700397929207,0.007194213768446412,0.0017932409660069459
