,gb,gb_ipw,wrangler_23,wrangler_16
0,0.030922202995293427,0.053031073294707395,0.007330781162375271,0.004868052437110166
