,gb,gb_ipw,wrangler_23,wrangler_16
0,0.011710409356766389,0.014650220630549582,0.0068482731570716675,0.0013045403135924778
