,gb,gb_ipw,wrangler_23,wrangler_16
0,0.01793652325421124,0.033790284806901626,0.005039724859747442,0.0036070654700110266
