,gb,gb_ipw,wrangler_23,wrangler_16
0,0.04655470450719197,0.07964198788007101,0.011392434438069662,0.00614201029141744
