,gb,gb_ipw,wrangler_23,wrangler_16
0,0.013217366310579357,0.01593385162938143,0.005517550687348123,0.0013543188426603386
