,gb,gb_ipw,wrangler_23,wrangler_16
0,0.02450464612843535,0.0429747559877661,0.005380235443609047,0.004138761353724212
