,gb,gb_ipw,wrangler_23,wrangler_16
0,0.023875137170155842,0.04524985949198405,0.005376835664113362,0.003981590270996094
