,gb,gb_ipw,wrangler_23,wrangler_16
0,0.012841020086810928,0.020806246464795404,0.007655297962352386,0.002484935345035969
