,gb,gb_ipw,wrangler_23,wrangler_16
0,0.03648673706924134,0.05367814305840734,0.006254446132909878,0.0037823647175758996
