,gb,gb_ipw,wrangler_23,wrangler_16
0,0.026464462280273438,0.0485082467397054,0.009199604392051697,0.004495183626810709
