,gb,gb_ipw,wrangler_23,wrangler_16
0,0.013129819523204456,0.023138207016569195,0.00637252673958287,0.0024301084605130277
