,gb,gb_ipw,wrangler_23,wrangler_16
0,0.00929807803007045,0.012067957854772264,0.009085712084397082,0.00181727391282101
