,gb,gb_ipw,wrangler_23,wrangler_16
0,0.014055886987534972,0.016755896689738384,0.004731700171188152,0.001022483086306701
