,gb,gb_ipw,wrangler_23,wrangler_16
0,0.019058999088075426,0.033715532885657415,0.0064418547683291975,0.0033130248387654624
