,gb,gb_ipw,wrangler_23,wrangler_16
0,0.041417415859629804,0.07078167304251959,0.006551881438320124,0.003443470278989921
