,gb,gb_ipw,wrangler_23,wrangler_16
0,0.029914649491457602,0.05085124182946903,0.008678682071646463,0.004513484915507208
