,gb,gb_ipw,wrangler_23,wrangler_16
0,0.01787594732294228,0.03176746029539157,0.007358601855747591,0.0030864313774302526
