,gb,gb_ipw,wrangler_23,wrangler_16
0,0.0417811529976981,0.06188460758754185,0.00980581556047712,0.0048503875732421875
