,gb,gb_ipw,wrangler_23,wrangler_16
0,0.016733081855134103,0.027190887424696244,0.003972861586174157,0.0024247955489944627
