,gb,gb_ipw,wrangler_23,wrangler_16
0,0.01830478290935139,0.029702238984160367,0.0043014903644939045,0.0023839237925770518
