,gb,gb_ipw,wrangler_23,wrangler_16
0,0.03262857596079509,0.05544101198514303,0.005831072727839152,0.004718701044718424
