,gb,gb_ipw,wrangler_23,wrangler_16
0,0.028110419710477192,0.054827580849329635,0.006103888154029846,0.004687656958897908
