,gb,gb_ipw,wrangler_23,wrangler_16
0,0.01693286021764709,0.022618998735741462,0.002133557096003201,0.0012386841272729427
