,gb,gb_ipw,wrangler_23,wrangler_16
0,0.027690614972795763,0.04643980337648975,0.00540042410091478,0.004696602724036393
