,gb,gb_ipw,wrangler_23,wrangler_16
0,0.008903627778276985,0.01708740069542402,0.007465937671262092,0.00280702123703396
