,gb,gb_ipw,wrangler_23,wrangler_16
0,0.012985807805021931,0.015865836918518235,0.00604248243915148,0.0014785400106887188
