,gb,gb_ipw,wrangler_23,wrangler_16
0,0.026923609466383756,0.04223414829799107,0.005872806705377691,0.0035696779506679127
