,gb,gb_ipw,wrangler_23,wrangler_16
0,0.015400331186561339,0.019722010488206904,0.006039794976541508,0.001451794398971628
