,gb,gb_ipw,wrangler_23,wrangler_16
0,0.025867174069086712,0.05139989985360039,0.0056876904434627965,0.0046520597404903835
