,gb,gb_ipw,wrangler_23,wrangler_16
0,0.013073908248789758,0.01618035659271846,0.006321767031710475,0.0012635312733107102
