,gb,gb_ipw,wrangler_23,wrangler_16
0,0.015231233146322432,0.02576877523706586,0.004266374674274694,0.002261581932080651
