,gb,gb_ipw,wrangler_23,wrangler_16
0,0.029082836643342047,0.043949965507753444,0.006899910588418284,0.0035224422331779233
