,gb,gb_ipw,wrangler_23,wrangler_16
0,0.017357694691625136,0.031504959895693026,0.006085702742653332,0.003121913164511494
