,gb,gb_ipw,wrangler_23,wrangler_16
0,0.016721544646415388,0.01977600094650974,0.005859432935046882,0.001192823344585942
