,gb,gb_ipw,wrangler_23,wrangler_16
0,0.013084732383554577,0.022518415756962153,0.005933140267912971,0.0020796470796531023
