,gb,gb_ipw,wrangler_23,wrangler_16
0,0.023010147340369946,0.04163032228296454,0.008163533427498556,0.004032750924428305
