,gb,gb_ipw,wrangler_23,wrangler_16
0,0.02926648879537777,0.04779653889792306,0.005298731278400032,0.003975568985452457
