,gb,gb_ipw,wrangler_23,wrangler_16
0,0.016757585469958848,0.02901096945827447,0.006337188979954395,0.002397495566062557
