,gb,gb_ipw,wrangler_23,wrangler_16
0,0.015169656426337972,0.019404928055767233,0.006089150656217311,0.0014582937232620048
