,gb,gb_ipw,wrangler_23,wrangler_16
0,0.02242423392630912,0.033642794634844805,0.006708475920531127,0.002971640578261367
