,gb,gb_ipw,wrangler_23,wrangler_16
0,0.014258737433446597,0.02902403269728569,0.007566360578145066,0.0031500646512802335
