,gb,gb_ipw,wrangler_23,wrangler_16
0,0.007985641773830696,0.012322947152060663,0.007160054812641264,0.0015368745414405026
