,gb,gb_ipw,wrangler_23,wrangler_16
0,0.018101934471204346,0.031470327741034816,0.005069515669661795,0.002354133028943999
