,gb,gb_ipw,wrangler_23,wrangler_16
0,0.015534161408297045,0.018227083676335524,0.006361807984353002,0.0010224617495924152
