,gb,gb_ipw,wrangler_23,wrangler_16
0,0.025418945229970492,0.044523380123651965,0.006368240484824547,0.004516436885564754
