,gb,gb_ipw,wrangler_23,wrangler_16
0,0.01369353631760705,0.0165538816373564,0.008578396770788293,0.0013111416938684731
