,gb,gb_ipw,wrangler_23,wrangler_16
0,0.009104658668190728,0.01635505365122607,0.005301989119663265,0.0018469571280400748
