,gb,gb_ipw,wrangler_23,wrangler_16
0,0.014706170406932171,0.02732737251101079,0.006290515698153247,0.002684706112943277
