,gb,gb_ipw,wrangler_23,wrangler_16
0,0.016929981885132964,0.019861279446401717,0.00573469348895697,0.0011835385251928263
