,gb,gb_ipw,wrangler_23,wrangler_16
0,0.03218500301091358,0.04902301412640196,0.005336722942313762,0.003787303211713078
