,gb,gb_ipw,wrangler_23,wrangler_16
0,0.013222710953818427,0.025018299412396222,0.004390694407953157,0.0028310395363304354
