,gb,gb_ipw,wrangler_23,wrangler_16
0,0.015590456279075465,0.01806044238677414,0.005129651297284937,0.0011187667083046022
