,gb,gb_ipw,wrangler_23,wrangler_16
0,0.03792966405550639,0.07111910316679212,0.008101678556866117,0.0056388477484385175
