,gb,gb_ipw,wrangler_23,wrangler_16
0,0.021440717909071177,0.04337590150158815,0.005961331454190341,0.004321396952927715
