,gb,gb_ipw,wrangler_23,wrangler_16
0,0.012187195535813877,0.01901115333183815,0.004524205503820911,0.001727191904795736
