,gb,gb_ipw,wrangler_23,wrangler_16
0,0.01584464503872779,0.02206198630794402,0.0040786881600656825,0.00142006463901971
