,gb,gb_ipw,wrangler_23,wrangler_16
0,0.011101270863464963,0.02040777964535983,0.006064166867636084,0.0020899316052003496
