,gb,gb_ipw,wrangler_23,wrangler_16
0,0.016857571072048612,0.026775572035047747,0.0073557959662543405,0.0023087395562065975
