,gb,gb_ipw,wrangler_23,wrangler_16
0,0.01591373057592483,0.028909671874273395,0.006446171374548048,0.0031492303288172163
