,gb,gb_ipw,wrangler_23,wrangler_16
0,0.010886657760437742,0.01944474490040327,0.00556807119057948,0.0020127847375147846
