,gb,gb_ipw,wrangler_23,wrangler_16
0,0.016794918657659173,0.02753095967429025,0.00587073001232776,0.0026059019696581492
