,gb,gb_ipw,wrangler_23,wrangler_16
0,0.02554608952431452,0.05359007489113581,0.005771539040974208,0.004369055940991356
