,gb,gb_ipw,wrangler_23,wrangler_16
0,0.010546802738566455,0.01953106235574793,0.00479211225921725,0.0020468124636897336
