,gb,gb_ipw,wrangler_23,wrangler_16
0,0.02509521113501655,0.05033612251281738,0.005917830599678888,0.005315989255905151
