,gb,gb_ipw,wrangler_23,wrangler_16
0,0.008690984625565383,0.015500266301004508,0.006632480704993534,0.002320712072807447
