,gb,gb_ipw,wrangler_23,wrangler_16
0,0.006235894103000262,0.00861370148097696,0.008610979483055888,0.001476561991677045
