,gb,gb_ipw,wrangler_23,wrangler_16
0,0.016690271409740966,0.01955215427471914,0.006192558514926238,0.0015581396168369828
