,gb,gb_ipw,wrangler_23,wrangler_16
0,0.01792606276533274,0.02308894515128606,0.002577206485593838,0.0013181778927446775
