,gb,gb_ipw,wrangler_23,wrangler_16
0,0.033118079106012985,0.06108830372492472,0.006104260683059692,0.005087008078893026
