,gb,gb_ipw,wrangler_23,wrangler_16
0,0.021125994572023143,0.04201762530268455,0.005607702294174506,0.004693764407618517
