,gb,gb_ipw,wrangler_23,wrangler_16
0,0.016197390939997534,0.03192424774169922,0.006921812035571569,0.0029810543718009155
