,gb,gb_ipw,wrangler_23,wrangler_16
0,0.028357654809951782,0.04950587948163351,0.006319085756937663,0.00501324733098348
