,gb,gb_ipw,wrangler_23,wrangler_16
0,0.028043654229905866,0.04950761795043945,0.006138285001118978,0.004867215951283773
