,gb,gb_ipw,wrangler_23,wrangler_16
0,0.009399329266099455,0.017208432910418268,0.007096359160654978,0.002186089865011716
