,gb,gb_ipw,wrangler_23,wrangler_16
0,0.029375510556357242,0.05298249778293428,0.006005345355896723,0.004296501477559407
