,gb,gb_ipw,wrangler_23,wrangler_16
0,0.010523791197584367,0.017643788846616004,0.006338510006459294,0.0016820624757304156
