,gb,gb_ipw,wrangler_23,wrangler_16
0,0.015984427544378465,0.024969090697585895,0.005429919048022198,0.0021861445519231982
