,gb,gb_ipw,wrangler_23,wrangler_16
0,0.025752754438491093,0.04559542451586042,0.00685276020140875,0.004463962146214077
