,gb,gb_ipw,wrangler_23,wrangler_16
0,0.032589496905908864,0.04606788418665739,0.007827647698651661,0.005358142184207045
