,gb,gb_ipw,wrangler_23,wrangler_16
0,0.03544185228305642,0.07034296139701651,0.011793468065219704,0.006933451049984467
