,gb,gb_ipw,wrangler_23,wrangler_16
0,0.016512907702197578,0.030791938630609562,0.0053167451709128875,0.0034155578561167895
