,gb,gb_ipw,wrangler_23,wrangler_16
0,0.0072684312731490855,0.009856137586998817,0.012288871824432532,0.0015182816302838102
