,gb,gb_ipw,wrangler_23,wrangler_16
0,0.025490298867225647,0.042506804068883255,0.006448477506637573,0.004521260658899943
