,gb,gb_ipw,wrangler_23,wrangler_16
0,0.012074363414504055,0.024493432824631216,0.006882093857791147,0.002649773436486342
