,gb,gb_ipw,wrangler_23,wrangler_16
0,0.015060856657208136,0.01766989423186881,0.005279982579115016,0.0010322546237741055
