,gb,gb_ipw,wrangler_23,wrangler_16
0,0.013540522391054811,0.016746985144307967,0.0064077497530384215,0.0012681013395806318
