,gb,gb_ipw,wrangler_23,wrangler_16
0,0.012194480208704258,0.016306724202418126,0.006094580262191767,0.0016195451768083822
