,gb,gb_ipw,wrangler_23,wrangler_16
0,0.014227710358084063,0.028277096683031893,0.005041083244428243,0.0030092997093723243
