,gb,gb_ipw,wrangler_23,wrangler_16
0,0.035459345037286934,0.056564130566336905,0.009189726728381533,0.005106131235758464
