,gb,gb_ipw,wrangler_23,wrangler_16
0,0.011803378137699206,0.019535914849115252,0.005782807248326387,0.0018511084682074168
