,gb,gb_ipw,wrangler_23,wrangler_16
0,0.0355075459060429,0.05211601467252526,0.005215781289826399,0.00399463581589033
