,gb,gb_ipw,wrangler_23,wrangler_16
0,0.029055194722281564,0.0520156075557073,0.005770474672317505,0.004616255561510722
