,gb,gb_ipw,wrangler_23,wrangler_16
0,0.013615013683673094,0.019784702628586996,0.003291681999879293,0.00131768265916239
