,gb,gb_ipw,wrangler_23,wrangler_16
0,0.02567522272083512,0.0474404910504227,0.009541706934876574,0.004624264648397159
