,gb,gb_ipw,wrangler_23,wrangler_16
0,0.013377068757343026,0.01643765039470683,0.005964304552692659,0.001344610663021312
