,gb,gb_ipw,wrangler_23,wrangler_16
0,0.01032170343460259,0.019426905909919006,0.0050743522937857916,0.0018907705330675258
