,gb,gb_ipw,wrangler_23,wrangler_16
0,0.013167883760185652,0.01917898014027585,0.002738993654968918,0.0013514231610041792
