,gb,gb_ipw,wrangler_23,wrangler_16
0,0.02047481636206309,0.0387243926525116,0.005990266799926758,0.00490496555964152
