,gb,gb_ipw,wrangler_23,wrangler_16
0,0.009608623000169047,0.01301354497538279,0.004769717779060352,0.0015970856438419973
