,gb,gb_ipw,wrangler_23,wrangler_16
0,0.014897346496582031,0.019087088735480057,0.008462152983012953,0.001759278146844161
