,gb,gb_ipw,wrangler_23,wrangler_16
0,0.01454789216826562,0.026677133274727125,0.006983576177739773,0.002204256803811002
