,gb,gb_ipw,wrangler_23,wrangler_16
0,0.020009903680710563,0.030059587387811573,0.0036730085100446434,0.0026323681785946802
