,gb,gb_ipw,wrangler_23,wrangler_16
0,0.013377235717132311,0.016392612991546717,0.006522033728805243,0.0011533999643405948
