,gb,gb_ipw,wrangler_23,wrangler_16
0,0.013324771895142884,0.016218981657619858,0.006425769296479652,0.0013808722751749802
