,gb,gb_ipw,wrangler_23,wrangler_16
0,0.031901006939030495,0.05167572438216009,0.006303065965155593,0.004991763780097
