,gb,gb_ipw,wrangler_23,wrangler_16
0,0.011398915260557146,0.017833654527310974,0.005517647695289087,0.0020018014958295876
