,gb,gb_ipw,wrangler_23,wrangler_16
0,0.017919942088749096,0.031587222348088806,0.0061613062153691835,0.0028474175411721935
