,gb,gb_ipw,wrangler_23,wrangler_16
0,0.009260523593288729,0.013435143848945353,0.006075391824218048,0.001279444530092437
