,gb,gb_ipw,wrangler_23,wrangler_16
0,0.03658645173423311,0.05465559130720263,0.008404696429217302,0.004089252221957911
