,gb,gb_ipw,wrangler_23,wrangler_16
0,0.02481333083576626,0.046737078163358904,0.005791584650675456,0.004317611455917359
