,gb,gb_ipw,wrangler_23,wrangler_16
0,0.00994210778937589,0.013151940567474874,0.00564758981825645,0.001319656117474277
