,gb,gb_ipw,wrangler_23,wrangler_16
0,0.017907314442794895,0.03173312987668447,0.011176606121927724,0.004158988466771663
