,gb,gb_ipw,wrangler_23,wrangler_16
0,0.016172740818665012,0.01865671844659953,0.005654861512331162,0.001181593601477569
