,gb,gb_ipw,wrangler_23,wrangler_16
0,0.016767293382760094,0.02238651725247455,0.0029250530307417377,0.0013004065553103845
