,gb,gb_ipw,wrangler_23,wrangler_16
0,0.015814830364056395,0.027279478961496368,0.005442614486836219,0.0025865292004982696
