,gb,gb_ipw,wrangler_23,wrangler_16
0,0.028915063403630276,0.040896353746546654,0.004169578944519784,0.0027047161287036096
