,gb,gb_ipw,wrangler_23,wrangler_16
0,0.015787169155234024,0.01837913902642215,0.00575326292094552,0.0013819851800409286
