,gb,gb_ipw,wrangler_23,wrangler_16
0,0.011909572828200553,0.02124346792697906,0.008239440860286837,0.0021643936634063725
