,gb,gb_ipw,wrangler_23,wrangler_16
0,0.01792573210434276,0.03827348753707035,0.00691799270380838,0.0036714945809315836
