,gb,gb_ipw,wrangler_23,wrangler_16
0,0.013500952920993839,0.01673963891357935,0.008296524109292764,0.0013735364465152517
