,gb,gb_ipw,wrangler_23,wrangler_16
0,0.028427158083234517,0.049656142993849156,0.005790773703127491,0.004650378713802416
