,gb,gb_ipw,wrangler_23,wrangler_16
0,0.01841383248167306,0.029827357794047858,0.006057403899811126,0.002569113022241837
