,gb,gb_ipw,wrangler_23,wrangler_16
0,0.02815450231234233,0.04900619387626648,0.005933145682017009,0.004054668049017589
