,gb,gb_ipw,wrangler_23,wrangler_16
0,0.008912947812781876,0.012582351819540977,0.004298305156288645,0.0014127521763522752
