,gb,gb_ipw,wrangler_23,wrangler_16
0,0.009029878866329668,0.016156132633761384,0.004859773801329674,0.0017910057618223455
