,gb,gb_ipw,wrangler_23,wrangler_16
0,0.027113354083189024,0.045833346323086596,0.005900357075684967,0.005021761149698703
