,gb,gb_ipw,wrangler_23,wrangler_16
0,0.029683113098144524,0.048897912104924515,0.005438427130381266,0.004129856824874878
