,gb,gb_ipw,wrangler_23,wrangler_16
0,0.01154698045263261,0.019021365935157034,0.005059311967747476,0.0025517231709248312
