,gb,gb_ipw,wrangler_23,wrangler_16
0,0.013550325315825793,0.01639453302912352,0.006692857444644117,0.0015204550982380258
