,gb,gb_ipw,wrangler_23,wrangler_16
0,0.02396278656446016,0.04176900554925969,0.006285663216541976,0.004299223805085207
