,gb,gb_ipw,wrangler_23,wrangler_16
0,0.016990215161054333,0.028189989458207103,0.004857970147994026,0.0025178636929549005
