,gb,gb_ipw,wrangler_23,wrangler_16
0,0.03415891288050299,0.04835694865845392,0.00733249047393152,0.003344358493890423
