,gb,gb_ipw,wrangler_23,wrangler_16
0,0.013586331895918314,0.01618973309596142,0.009209006686304687,0.0015580932038028442
