,gb,gb_ipw,wrangler_23,wrangler_16
0,0.01993163266165891,0.03783871429135101,0.006370993977042558,0.004703926317619555
