,gb,gb_ipw,wrangler_23,wrangler_16
0,0.007892317242092555,0.010432489216327667,0.0064572940270106,0.0012837143407927619
