,gb,gb_ipw,wrangler_23,wrangler_16
0,0.022355311860640843,0.044678803533315666,0.00628456473350525,0.004777063926060994
