,gb,gb_ipw,wrangler_23,wrangler_16
0,0.020584310401020066,0.034931747971806405,0.005648283261116138,0.0028518530038686898
