,gb,gb_ipw,wrangler_23,wrangler_16
0,0.021629863315158416,0.04104359282387627,0.005816419919331868,0.0049827827347649475
