,gb,gb_ipw,wrangler_23,wrangler_16
0,0.024566945341444508,0.04948439057340327,0.006147758247926063,0.004918796499979864
