,gb,gb_ipw,wrangler_23,wrangler_16
0,0.021622825458248264,0.035507661359021225,0.006118797098697478,0.0028946667152829047
