,gb,gb_ipw,wrangler_23,wrangler_16
0,0.02888314149997853,0.04997932248645358,0.00583684002911603,0.004645299028467249
