,gb,gb_ipw,wrangler_23,wrangler_16
0,0.030275314084945184,0.044725769775703854,0.0076460873276607035,0.0033765769074739255
