,gb,gb_ipw,wrangler_23,wrangler_16
0,0.008038789527850915,0.010668858199707929,0.010209935365680392,0.001927370524538156
