,gb,gb_ipw,wrangler_23,wrangler_16
0,0.030951201915740967,0.05082860589027405,0.005752593278884888,0.004537403583526611
