,gb,gb_ipw,wrangler_23,wrangler_16
0,0.014856044372931634,0.019494501929020847,0.008042900002949889,0.0018280999560730527
