,gb,gb_ipw,wrangler_23,wrangler_16
0,0.01815688595006198,0.02297745869222995,0.005187789347922306,0.0014928853617305249
