,gb,gb_ipw,wrangler_23,wrangler_16
0,0.01725488794813126,0.021075089105403934,0.011289857742293559,0.00197089356365384
