,gb,gb_ipw,wrangler_23,wrangler_16
0,0.01378743176532881,0.023997374597539756,0.003454648903783808,0.002322160653051386
