,gb,gb_ipw,wrangler_23,wrangler_16
0,0.021446863998220128,0.043441666646559456,0.006896074644027485,0.004581862352378327
