,gb,gb_ipw,wrangler_23,wrangler_16
0,0.011686970587490367,0.026019657550214913,0.006660717685206406,0.002732082289092395
