,gb,gb_ipw,wrangler_23,wrangler_16
0,0.013042402400465024,0.01593825707375754,0.005713691272496179,0.00138919556323787
