,gb,gb_ipw,wrangler_23,wrangler_16
0,0.025871963728041875,0.05473409380231586,0.005815355550675165,0.00448808783576602
