,gb,gb_ipw,wrangler_23,wrangler_16
0,0.014104336373935445,0.020806955565936206,0.0030951266753292558,0.001447679081190812
