,gb,gb_ipw,wrangler_23,wrangler_16
0,0.0120939636668185,0.021295648707238272,0.005204172840216894,0.0018691168526295471
