,gb,gb_ipw,wrangler_23,wrangler_16
0,0.01784536864731338,0.028118327423766423,0.005018006969284225,0.002390408253931737
