,gb,gb_ipw,wrangler_23,wrangler_16
0,0.026233080360624522,0.048569920990202166,0.005604078372319539,0.004401223527060615
