,gb,gb_ipw,wrangler_23,wrangler_16
0,0.01680827157382216,0.019559656782286175,0.005178549739690468,0.0010835428307526304
