,TPR,FPR
gb,0.0,0.0
gb_ipw,100.0,100.0
wrangler_23,0.0,0.0
wrangler_16,100.0,75.31645569620254
gb_23,100.0,24.68354430379747
gb_16,100.0,100.0
