,TPR,FPR
gb,0.0,0.0
gb_ipw,0.0,0.0
wrangler_23,100.0,100.0
wrangler_16,100.0,100.0
gb_23,38.46153846153846,50.498338870431894
gb_16,41.02564102564103,50.498338870431894
