,TPR,FPR
gb,0.0,0.0
gb_ipw,100.0,10.843373493975903
wrangler_23,100.0,90.36144578313252
wrangler_16,100.0,100.0
gb_23,0.0,0.0
gb_16,0.0,0.0
