,TPR,FPR
gb,0.0,0.0
gb_ipw,70.0,0.0
wrangler_23,100.0,100.0
wrangler_16,100.0,98.85057471264368
gb_23,100.0,20.689655172413794
gb_16,80.0,0.0
