,TPR,FPR
gb,78.94736842105263,47.0
gb_ipw,100.0,47.0
wrangler_23,0.0,0.0
wrangler_16,0.0,0.0
gb_23,78.94736842105263,99.0
gb_16,0.0,0.0
