,TPR,FPR
gb,0.0,0.0
gb_ipw,74.71264367816092,47.35576923076923
wrangler_23,0.0,0.0
wrangler_16,13.793103448275861,2.4038461538461537
gb_23,0.0,0.0
gb_16,0.0,0.0
