,TPR,FPR
gb,0.0,0.0
gb_ipw,100.0,50.86705202312139
wrangler_23,60.0,1.7341040462427746
wrangler_16,10.0,0.5780346820809249
gb_23,100.0,100.0
gb_16,0.0,0.0
