,TPR,FPR
gb,0.0,0.0
gb_ipw,0.0,0.0
wrangler_23,63.63636363636363,16.470588235294116
wrangler_16,0.0,16.470588235294116
gb_23,0.0,0.0
gb_16,100.0,100.0
