,TPR,FPR
gb,0.0,0.0
gb_ipw,100.0,99.88412514484357
wrangler_23,4.9504950495049505,15.758980301274624
wrangler_16,63.366336633663366,15.758980301274624
gb_23,74.25742574257426,0.5793742757821553
gb_16,99.00990099009901,84.24101969872538
