,TPR,FPR
gb,0.0,0.0
gb_ipw,0.0,0.0
wrangler_23,6.796116504854369,3.7897310513447433
wrangler_16,59.22330097087379,59.04645476772616
gb_23,97.0873786407767,100.0
gb_16,97.0873786407767,100.0
