,TPR,FPR
gb,0.0,0.0
gb_ipw,100.0,90.41916167664671
wrangler_23,100.0,100.0
wrangler_16,62.5,28.143712574850298
gb_23,100.0,100.0
gb_16,0.0,0.0
