,TPR,FPR
gb,0.0,0.0
gb_ipw,100.0,66.66666666666667
wrangler_23,100.0,100.0
wrangler_16,100.0,21.839080459770116
gb_23,100.0,100.0
gb_16,20.0,0.0
