,TPR,FPR
gb,92.3076923076923,24.09090909090909
gb_ipw,100.0,98.18181818181819
wrangler_23,23.076923076923077,1.8181818181818181
wrangler_16,0.0,0.0
gb_23,100.0,77.72727272727273
gb_16,0.0,0.0
