,TPR,FPR
gb,100.0,48.24120603015076
gb_ipw,100.0,48.24120603015076
wrangler_23,0.0,0.0
wrangler_16,0.0,0.0
gb_23,22.857142857142858,11.557788944723619
gb_16,0.0,0.0
