,TPR,FPR
gb,0.0,0.0
gb_ipw,100.0,99.32885906040268
wrangler_23,100.0,65.77181208053692
wrangler_16,0.0,0.0
gb_23,0.0,0.0
gb_16,0.0,0.0
