,TPR,FPR
gb,0.0,0.0
gb_ipw,98.9010989010989,79.69018932874354
wrangler_23,32.967032967032964,3.442340791738382
wrangler_16,32.967032967032964,3.7865748709122204
gb_23,10.989010989010989,4.3029259896729775
gb_16,0.0,0.0
