,TPR,FPR
gb,0.0,0.0
gb_ipw,100.0,100.0
wrangler_23,0.0,0.1488095238095238
wrangler_16,0.9049773755656109,0.2976190476190476
gb_23,0.0,0.0
gb_16,0.0,0.0
