,TPR,FPR
gb,0.0,0.0
gb_ipw,0.0,0.0
wrangler_23,0.0,0.5787037037037037
wrangler_16,0.0,0.6944444444444444
gb_23,0.0,0.0
gb_16,0.0,0.0
