,TPR,FPR
gb,0.0,0.0
gb_ipw,100.0,100.0
wrangler_23,100.0,100.0
wrangler_16,100.0,100.0
gb_23,100.0,100.0
gb_16,96.55172413793103,94.05940594059406
