,TPR,FPR
gb,0.0,0.0
gb_ipw,41.0,17.07035755478662
wrangler_23,82.0,17.647058823529413
wrangler_16,79.0,17.531718569780853
gb_23,84.0,28.258362168396772
gb_16,86.0,30.680507497116494
