,TPR,FPR
gb,0.0,0.0
gb_ipw,0.0,0.0
wrangler_23,86.36363636363636,94.47852760736197
wrangler_16,0.0,0.0
gb_23,100.0,100.0
gb_16,100.0,100.0
