,TPR,FPR
gb,0.0,0.0
gb_ipw,88.03418803418803,98.83585564610011
wrangler_23,88.03418803418803,100.0
wrangler_16,88.03418803418803,100.0
gb_23,88.03418803418803,100.0
gb_16,88.03418803418803,100.0
