,TPR,FPR
gb,0.0,0.0
gb_ipw,86.13861386138613,18.256772673733803
wrangler_23,0.0,0.0
wrangler_16,0.0,0.0
gb_23,0.0,0.0
gb_16,0.0,0.0
