,TPR,FPR
gb,0.0,0.0
gb_ipw,53.84615384615385,100.0
wrangler_23,89.74358974358974,95.40636042402826
wrangler_16,0.0,1.0600706713780919
gb_23,100.0,100.0
gb_16,100.0,100.0
