,TPR,FPR
gb,100.0,10.493827160493828
gb_ipw,100.0,94.44444444444444
wrangler_23,100.0,40.123456790123456
wrangler_16,100.0,100.0
gb_23,78.94736842105263,0.0
gb_16,100.0,100.0
