,TPR,FPR
gb,0.0,0.0
gb_ipw,100.0,98.85931558935361
wrangler_23,0.0,0.0
wrangler_16,0.0,0.0
gb_23,100.0,100.0
gb_16,60.0,54.752851711026615
