,TPR,FPR
gb,0.0,0.0
gb_ipw,88.42676311030742,62.6401523164798
wrangler_23,100.0,72.18108737042522
wrangler_16,100.0,72.18108737042522
gb_23,0.9041591320072333,0.02115506663845991
gb_16,0.18083182640144665,0.02115506663845991
