,TPR,FPR
gb,28.571428571428573,29.22374429223744
gb_ipw,71.42857142857143,100.0
wrangler_23,3.5714285714285716,0.0
wrangler_16,0.0,0.0
gb_23,0.0,0.0
gb_16,0.0,0.0
