,TPR,FPR
gb,35.0,0.0
gb_ipw,35.0,0.0
wrangler_23,10.0,1.694915254237288
wrangler_16,30.0,2.824858757062147
gb_23,85.0,100.0
gb_16,0.0,0.0
