,TPR,FPR
gb,0.0,0.0
gb_ipw,100.0,42.27330779054917
wrangler_23,3.389830508474576,0.5108556832694764
wrangler_16,12.994350282485875,6.130268199233717
gb_23,34.463276836158194,5.236270753512133
gb_16,77.96610169491525,13.409961685823754
