,TPR,FPR
gb,60.0,6.976744186046512
gb_ipw,90.0,63.95348837209303
wrangler_23,0.0,0.0
wrangler_16,0.0,0.0
gb_23,100.0,100.0
gb_16,0.0,0.0
