,TPR,FPR
gb,0.0,0.0
gb_ipw,100.0,83.54430379746836
wrangler_23,0.0,0.0
wrangler_16,0.0,0.0
gb_23,100.0,100.0
gb_16,30.0,16.455696202531644
