,TPR,FPR
gb,0.0,0.0
gb_ipw,100.0,48.0
wrangler_23,0.0,0.0
wrangler_16,0.0,0.0
gb_23,9.923664122137405,1.1851851851851851
gb_16,0.7633587786259542,0.2962962962962963
