,TPR,FPR
gb,0.0,0.0
gb_ipw,0.0,0.0
wrangler_23,100.0,90.3030303030303
wrangler_16,94.73684210526316,0.0
gb_23,100.0,90.3030303030303
gb_16,100.0,90.3030303030303
