,TPR,FPR
gb,0.0,0.0
gb_ipw,100.0,30.338389731621938
wrangler_23,0.0,3.267211201866978
wrangler_16,0.0,0.0
gb_23,0.0,0.0
gb_16,0.0,0.0
