,TPR,FPR
gb,0.0,0.0
gb_ipw,100.0,15.337423312883436
wrangler_23,0.0,0.0
wrangler_16,0.0,0.0
gb_23,100.0,87.73006134969326
gb_16,100.0,100.0
