,TPR,FPR
gb,0.0,0.0
gb_ipw,100.0,99.36708860759494
wrangler_23,0.0,4.430379746835443
wrangler_16,0.0,0.0
gb_23,100.0,100.0
gb_16,0.0,0.0
