,TPR,FPR
gb,100.0,85.04672897196262
gb_ipw,100.0,85.04672897196262
wrangler_23,0.0,0.0
wrangler_16,0.0,0.0
gb_23,100.0,100.0
gb_16,100.0,100.0
