,TPR,FPR
gb,99.01960784313725,92.20023282887078
gb_ipw,99.01960784313725,96.04190919674039
wrangler_23,100.0,100.0
wrangler_16,100.0,100.0
gb_23,100.0,100.0
gb_16,100.0,100.0
