,TPR,FPR
gb,0.0,0.0
gb_ipw,48.717948717948715,0.0
wrangler_23,100.0,100.0
wrangler_16,100.0,100.0
gb_23,35.8974358974359,3.3033033033033035
gb_16,100.0,100.0
