,TPR,FPR
gb,0.0,0.0
gb_ipw,100.0,98.27586206896552
wrangler_23,100.0,81.03448275862068
wrangler_16,100.0,100.0
gb_23,100.0,100.0
gb_16,100.0,100.0
