,TPR,FPR
gb,0.0,0.0
gb_ipw,100.0,42.241379310344826
wrangler_23,40.0,0.0
wrangler_16,0.0,0.0
gb_23,13.333333333333334,0.8620689655172413
gb_16,0.0,0.0
