,TPR,FPR
gb,100.0,0.303951367781155
gb_ipw,100.0,100.0
wrangler_23,100.0,100.0
wrangler_16,100.0,87.53799392097264
gb_23,0.0,0.0
gb_16,0.0,0.0
