,TPR,FPR
gb,0.0,0.0
gb_ipw,97.97979797979798,44.90035169988277
wrangler_23,0.0,0.0
wrangler_16,0.0,0.0
gb_23,1.0101010101010102,6.56506447831184
gb_16,0.0,0.0
