,TPR,FPR
gb,0.0,0.0
gb_ipw,0.0,0.0
wrangler_23,100.0,100.0
wrangler_16,9.523809523809524,0.0
gb_23,100.0,94.82758620689656
gb_16,0.0,0.0
