,TPR,FPR
gb,0.0,0.0
gb_ipw,100.0,81.6374269005848
wrangler_23,0.0,3.625730994152047
wrangler_16,0.0,0.0
gb_23,0.0,0.0
gb_16,0.0,0.0
