,TPR,FPR
gb,0.0,0.0
gb_ipw,100.0,83.50515463917526
wrangler_23,0.0,0.0
wrangler_16,56.52173913043478,42.2680412371134
gb_23,0.0,0.0
gb_16,0.0,0.0
