,TPR,FPR
gb,77.6978417266187,55.682539682539684
gb_ipw,100.0,99.83068783068784
wrangler_23,100.0,100.0
wrangler_16,100.0,76.88888888888889
gb_23,100.0,76.88888888888889
gb_16,57.55395683453237,50.39153439153439
