,TPR,FPR
gb,0.0,0.0
gb_ipw,100.0,28.662420382165607
wrangler_23,0.0,0.0
wrangler_16,95.65217391304348,24.203821656050955
gb_23,0.0,0.0
gb_16,0.0,0.0
