,TPR,FPR
gb,0.0,0.0
gb_ipw,0.0,0.0
wrangler_23,100.0,92.3076923076923
wrangler_16,0.0,0.0
gb_23,26.666666666666668,17.307692307692307
gb_16,0.0,0.0
