,TPR,FPR
gb,0.0,0.0
gb_ipw,16.666666666666668,0.0
wrangler_23,16.666666666666668,5.0
wrangler_16,0.0,0.0
gb_23,100.0,30.0
gb_16,0.0,0.0
