,TPR,FPR
gb,0.0,0.0
gb_ipw,99.02912621359224,64.71277842907385
wrangler_23,0.0,0.0
wrangler_16,0.0,0.0
gb_23,0.0,0.0
gb_16,0.0,0.3516998827667057
