,TPR,FPR
gb,0.0,0.0
gb_ipw,100.0,0.0
wrangler_23,69.23076923076923,5.421686746987952
wrangler_16,100.0,100.0
gb_23,97.43589743589743,44.27710843373494
gb_16,100.0,100.0
