,TPR,FPR
gb,0.0,0.0
gb_ipw,86.66666666666667,78.86178861788618
wrangler_23,100.0,52.03252032520325
wrangler_16,0.0,0.0
gb_23,100.0,51.21951219512195
gb_16,0.0,0.0
