,TPR,FPR
gb,0.0,0.0
gb_ipw,0.0,0.0
wrangler_23,1.941747572815534,2.8117359413202934
wrangler_16,97.0873786407767,100.0
gb_23,97.0873786407767,100.0
gb_16,97.0873786407767,100.0
