,TPR,FPR
gb,0.0,0.0
gb_ipw,98.11320754716981,65.2892561983471
wrangler_23,0.0,0.0
wrangler_16,0.0,0.0
gb_23,0.0,0.0
gb_16,0.9433962264150944,0.0
