,TPR,FPR
gb,0.0,0.0
gb_ipw,4.0,31.122448979591837
wrangler_23,0.0,0.0
wrangler_16,0.0,0.0
gb_23,24.0,26.53061224489796
gb_16,52.0,42.3469387755102
