,TPR,FPR
gb,20.0,0.0
gb_ipw,100.0,7.954545454545454
wrangler_23,100.0,100.0
wrangler_16,100.0,93.18181818181819
gb_23,0.0,0.0
gb_16,0.0,0.0
