,TPR,FPR
gb,36.36363636363637,0.0
gb_ipw,36.36363636363637,0.0
wrangler_23,90.9090909090909,80.23255813953489
wrangler_16,100.0,100.0
gb_23,0.0,0.0
gb_16,0.0,0.0
