,TPR,FPR
gb,0.0,0.0
gb_ipw,68.96551724137932,48.62385321100918
wrangler_23,0.0,0.0
wrangler_16,0.0,0.0
gb_23,100.0,73.39449541284404
gb_16,0.0,0.0
