,TPR,FPR
gb,100.0,20.081967213114755
gb_ipw,100.0,20.081967213114755
wrangler_23,0.0,0.0
wrangler_16,100.0,100.0
gb_23,0.0,0.0
gb_16,100.0,97.95081967213115
