,TPR,FPR
gb,100.0,1.2269938650306749
gb_ipw,100.0,100.0
wrangler_23,100.0,100.0
wrangler_16,100.0,100.0
gb_23,100.0,92.02453987730061
gb_16,100.0,42.331288343558285
