,TPR,FPR
gb,100.0,12.790697674418604
gb_ipw,100.0,12.790697674418604
wrangler_23,100.0,100.0
wrangler_16,20.0,9.30232558139535
gb_23,100.0,97.67441860465117
gb_16,0.0,0.0
