,TPR,FPR
gb,90.0,91.95402298850574
gb_ipw,90.0,91.95402298850574
wrangler_23,20.0,8.045977011494253
wrangler_16,0.0,0.0
gb_23,0.0,0.0
gb_16,0.0,0.0
