,TPR,FPR
gb,100.0,92.04545454545455
gb_ipw,100.0,95.45454545454545
wrangler_23,0.0,0.0
wrangler_16,0.0,0.0
gb_23,45.45454545454545,30.681818181818183
gb_16,100.0,100.0
