,TPR,FPR
gb,100.0,4.597701149425287
gb_ipw,100.0,100.0
wrangler_23,100.0,100.0
wrangler_16,60.0,4.597701149425287
gb_23,100.0,100.0
gb_16,100.0,100.0
