,TPR,FPR
gb,0.0,0.0
gb_ipw,0.0,1.1494252873563218
wrangler_23,100.0,2.2988505747126435
wrangler_16,100.0,83.9080459770115
gb_23,100.0,70.11494252873563
gb_16,100.0,100.0
