,TPR,FPR
gb,0.0,0.0
gb_ipw,97.97979797979798,56.169212690951824
wrangler_23,0.0,0.0
wrangler_16,0.0,0.0
gb_23,100.0,100.0
gb_16,100.0,100.0
