,TPR,FPR
gb,0.0,0.0
gb_ipw,98.98989898989899,21.34570765661253
wrangler_23,0.0,0.0
wrangler_16,0.0,2.0881670533642693
gb_23,0.0,0.0
gb_16,0.0,0.0
