,TPR,FPR
gb,0.0,0.0
gb_ipw,27.272727272727273,16.470588235294116
wrangler_23,100.0,83.52941176470588
wrangler_16,100.0,100.0
gb_23,0.0,0.0
gb_16,100.0,100.0
