,TPR,FPR
gb,40.0,0.11750881316098707
gb_ipw,100.0,45.35840188014101
wrangler_23,7.0,3.6427732079905994
wrangler_16,21.0,10.45828437132785
gb_23,100.0,100.0
gb_16,100.0,100.0
