,TPR,FPR
gb,0.0,0.0
gb_ipw,0.0,0.11723329425556858
wrangler_23,0.0,0.0
wrangler_16,2.0202020202020203,3.28253223915592
gb_23,0.0,0.0
gb_16,0.0,0.0
