,TPR,FPR
gb,0.0,0.0
gb_ipw,0.0,0.0
wrangler_23,69.23076923076923,19.444444444444443
wrangler_16,69.23076923076923,5.555555555555555
gb_23,46.15384615384615,0.0
gb_16,0.0,0.0
