,TPR,FPR
gb,0.0,0.0
gb_ipw,100.0,27.848101265822784
wrangler_23,0.0,0.0
wrangler_16,10.526315789473685,2.5316455696202533
gb_23,94.73684210526316,0.0
gb_16,0.0,0.0
