,TPR,FPR
gb,0.0,0.0
gb_ipw,94.73684210526316,100.0
wrangler_23,94.73684210526316,79.39393939393939
wrangler_16,0.0,0.0
gb_23,10.526315789473685,3.6363636363636362
gb_16,89.47368421052632,100.0
