,TPR,FPR
gb,0.0,0.0
gb_ipw,100.0,100.0
wrangler_23,100.0,100.0
wrangler_16,100.0,88.25301204819277
gb_23,100.0,100.0
gb_16,7.6923076923076925,37.95180722891566
