,TPR,FPR
gb,0.0,0.0
gb_ipw,100.0,63.9344262295082
wrangler_23,100.0,100.0
wrangler_16,0.0,0.0
gb_23,61.40350877192982,52.868852459016395
gb_16,0.0,0.0
