,TPR,FPR
gb,0.0,0.0
gb_ipw,100.0,96.20253164556962
wrangler_23,0.0,0.0
wrangler_16,0.0,0.0
gb_23,84.21052631578948,20.88607594936709
gb_16,10.526315789473685,1.2658227848101267
