,TPR,FPR
gb,100.0,88.94009216589862
gb_ipw,100.0,88.94009216589862
wrangler_23,100.0,100.0
wrangler_16,100.0,89.40092165898618
gb_23,100.0,100.0
gb_16,0.0,0.0
