,TPR,FPR
gb,0.0,0.0
gb_ipw,94.39252336448598,98.85057471264368
wrangler_23,93.45794392523365,75.17241379310344
wrangler_16,0.0,0.0
gb_23,94.39252336448598,100.0
gb_16,94.39252336448598,100.0
