,TPR,FPR
gb,18.181818181818183,0.0
gb_ipw,100.0,98.82352941176471
wrangler_23,100.0,100.0
wrangler_16,100.0,100.0
gb_23,100.0,100.0
gb_16,100.0,100.0
