,TPR,FPR
gb,100.0,57.47126436781609
gb_ipw,100.0,57.47126436781609
wrangler_23,30.0,24.137931034482758
wrangler_16,30.0,24.137931034482758
gb_23,100.0,55.172413793103445
gb_16,100.0,100.0
