,TPR,FPR
gb,100.0,19.21708185053381
gb_ipw,100.0,19.21708185053381
wrangler_23,100.0,99.40688018979834
wrangler_16,3.061224489795918,0.7117437722419929
gb_23,100.0,86.47686832740213
gb_16,100.0,53.736654804270465
