,TPR,FPR
gb,0.0,0.0
gb_ipw,100.0,40.328253223915596
wrangler_23,0.0,4.9237983587338805
wrangler_16,0.0,0.82063305978898
gb_23,0.0,0.0
gb_16,0.0,0.0
