,TPR,FPR
gb,0.0,0.0
gb_ipw,100.0,97.05882352941177
wrangler_23,100.0,29.41176470588235
wrangler_16,0.0,0.0
gb_23,0.0,0.0
gb_16,0.0,0.0
