,TPR,FPR
gb,0.0,0.0
gb_ipw,100.0,73.13432835820896
wrangler_23,0.0,0.0
wrangler_16,0.0,0.0
gb_23,5.555555555555555,2.2388059701492535
gb_16,5.555555555555555,1.492537313432836
