,TPR,FPR
gb,30.76923076923077,0.0
gb_ipw,96.15384615384616,91.03139013452915
wrangler_23,100.0,100.0
wrangler_16,100.0,100.0
gb_23,100.0,100.0
gb_16,100.0,100.0
