,TPR,FPR
gb,0.0,0.0
gb_ipw,100.0,64.72642607683353
wrangler_23,0.0,0.0
wrangler_16,0.0,3.492433061699651
gb_23,0.0,0.0
gb_16,0.0,0.0
