,Correlation,Causal,Wrangler_23,Wrangler_16,GB_23,GB_16
0,0.0,0.0,0.0,0.0,100.0,0.0
1,99.00990099009901,99.00990099009901,0.0,0.0,100.0,0.0
