,Correlation,Causal,Wrangler_23,Wrangler_16,GB_23,GB_16
0,0.0,0.0,0.0,0.0,100.0,0.0
1,0.0,0.0,0.0,0.0,66.66666666666666,0.0
2,0.0,0.0,0.0,0.0,50.0,0.0
3,0.0,0.0,0.0,0.0,44.44444444444444,0.0
4,0.0,1.1764705882352942,0.0,0.0,15.294117647058824,0.0
5,0.0,2.3255813953488373,0.0,0.0,16.27906976744186,0.0
