,Correlation,Causal,Wrangler_23,Wrangler_16,GB_23,GB_16
0,0.0,0.0,100.0,100.0,91.56626506024097,100.0
1,0.0,0.0,100.0,100.0,91.86046511627907,100.0
