,Correlation,Causal,Wrangler_23,Wrangler_16,GB_23,GB_16
0,0.0,0.0,0.0,0.0,0.0,0.0
1,0.0,84.98583569405099,0.0,1.8413597733711047,39.51841359773371,84.56090651558074
2,0.0,87.39595719381688,0.0,1.5457788347205708,35.315101070154576,75.38644470868014
