,Correlation,Causal,Wrangler_23,Wrangler_16,GB_23,GB_16
0,0.0,0.0,100.0,0.0,100.0,0.0
1,71.58590308370044,71.58590308370044,100.0,0.0,81.4977973568282,0.0
2,73.4567901234568,73.4567901234568,100.0,0.0,76.5432098765432,0.0
3,73.5655737704918,73.5655737704918,100.0,0.0,76.22950819672131,0.0
