,Correlation,Causal,Wrangler_23,Wrangler_16,GB_23,GB_16
0,0.0,0.0,0.0,98.80952380952381,0.0,75.0
1,0.0,45.806451612903224,0.0,99.35483870967742,0.0,83.87096774193549
2,0.0,47.5,0.0,99.375,0.0,84.375
3,0.0,48.148148148148145,0.0,99.38271604938271,0.0,84.5679012345679
4,0.0,48.466257668711656,0.0,99.38650306748467,0.0,84.66257668711657
