,Correlation,Causal,Wrangler_23,Wrangler_16,GB_23,GB_16
0,0.0,0.0,100.0,0.0,100.0,0.0
1,0.0,0.0,100.0,0.0,100.0,0.0
2,0.0,21.176470588235293,100.0,0.0,100.0,0.0
3,0.0,21.052631578947366,100.0,0.0,100.0,0.0
