,Correlation,Causal,Wrangler_23,Wrangler_16,GB_23,GB_16
0,0.0,0.0,100.0,0.0,100.0,0.0
1,0.0,33.33333333333333,100.0,0.0,100.0,0.0
2,0.0,55.55555555555556,88.88888888888889,0.0,100.0,0.0
3,0.0,97.05882352941177,70.58823529411765,0.0,66.17647058823529,0.0
4,0.0,97.35099337748345,72.84768211920529,0.0,62.251655629139066,0.0
5,0.0,97.45222929936305,73.24840764331209,0.0,60.509554140127385,0.0
6,0.0,98.13084112149532,78.97196261682244,0.0,47.19626168224299,0.0
7,0.0,98.59154929577466,83.09859154929578,0.0,37.32394366197183,0.0
