,Correlation,Causal,Wrangler_23,Wrangler_16,GB_23,GB_16
0,0.0,0.0,100.0,100.0,0.0,100.0
1,0.0,46.808510638297875,100.0,100.0,0.0,100.0
2,0.0,51.92307692307693,100.0,100.0,0.0,100.0
3,0.0,53.53159851301115,100.0,100.0,0.0,100.0
4,0.0,56.14035087719298,100.0,100.0,0.0,100.0
