,Correlation,Causal,Wrangler_23,Wrangler_16,GB_23,GB_16
0,0.0,0.0,33.92857142857143,28.57142857142857,0.0,100.0
