,Correlation,Causal,Wrangler_23,Wrangler_16,GB_23,GB_16
0,0.0,100.0,0.0,0.0,100.0,0.0
1,0.0,100.0,0.0,0.0,50.0,0.0
2,0.0,100.0,24.324324324324326,0.0,10.81081081081081,0.0
3,0.0,100.0,22.89156626506024,0.0,14.457831325301203,0.0
4,0.0,100.0,21.487603305785125,0.0,21.487603305785125,0.0
5,0.0,100.0,21.428571428571427,0.0,22.142857142857142,0.0
6,0.0,100.0,22.916666666666664,0.0,25.520833333333332,0.0
7,0.0,100.0,23.728813559322035,0.0,30.08474576271186,0.0
8,0.0,100.0,21.554770318021202,0.0,37.455830388692576,0.0
