,Correlation,Causal,Wrangler_23,Wrangler_16,GB_23,GB_16
0,0.0,0.0,100.0,22.857142857142858,100.0,0.0
1,0.0,62.63345195729537,100.0,22.064056939501782,100.0,0.0
2,0.0,68.18181818181817,100.0,19.393939393939394,100.0,0.0
