,Correlation,Causal,Wrangler_23,Wrangler_16,GB_23,GB_16
0,0.0,0.0,0.0,0.0,0.0,0.0
1,7.76255707762557,7.76255707762557,0.0,0.0,0.0,0.0
2,8.181818181818182,8.181818181818182,0.0,0.0,0.0,0.0
