,Correlation,Causal,Wrangler_23,Wrangler_16,GB_23,GB_16
0,0.0,0.0,100.0,0.0,0.0,100.0
1,0.0,99.40828402366864,66.5680473372781,0.0,0.0,99.40828402366864
2,0.0,99.56140350877193,57.01754385964912,0.0,0.0,99.56140350877193
3,0.0,99.59183673469387,53.673469387755105,0.0,0.0,99.59183673469387
