,Correlation,Causal,Wrangler_23,Wrangler_16,GB_23,GB_16
0,0.0,0.0,0.0,0.0,0.0,0.0
1,0.0,0.0,0.0,0.0,90.9090909090909,0.0
2,0.0,0.0,0.0,0.0,98.01934592353754,0.0
3,0.0,3.2962138084632517,0.0,0.0,94.96659242761693,0.0
4,0.0,7.930449533502968,0.0,0.0,90.67005937234946,0.0
5,0.7993268826251577,8.666386201093816,0.0,0.0,89.94530921329407,0.0
6,1.256281407035176,9.087102177554438,0.0,0.0,89.53098827470687,0.0
7,1.3801756587202008,9.075700543705564,0.0,0.0,89.41865328314513,0.0
