,Correlation,Causal,Wrangler_23,Wrangler_16,GB_23,GB_16
0,0.0,0.0,100.0,0.0,100.0,100.0
1,0.0,50.0,100.0,0.0,100.0,100.0
2,0.0,93.33333333333333,100.0,0.0,100.0,100.0
3,0.0,99.10714285714286,91.96428571428571,0.0,100.0,100.0
