,Correlation,Causal,Wrangler_23,Wrangler_16,GB_23,GB_16
0,0.0,0.0,0.0,100.0,0.0,100.0
1,0.0,0.0,99.68354430379746,100.0,68.35443037974683,100.0
2,0.0,0.0,99.68652037617555,100.0,67.7115987460815,100.0
