,Correlation,Causal,Wrangler_23,Wrangler_16,GB_23,GB_16
0,0.0,0.0,0.0,0.0,0.0,0.0
1,0.0,38.65030674846626,0.0,0.0,0.0,0.0
2,0.0,38.18181818181819,0.0,0.0,0.0,0.0
3,0.0,43.333333333333336,0.0,0.0,0.0,0.0
4,0.0,52.77777777777778,0.0,0.0,0.0,0.0
