,Correlation,Causal,Wrangler_23,Wrangler_16,GB_23,GB_16
0,0.0,0.0,100.0,100.0,100.0,100.0
1,87.27272727272727,87.27272727272727,100.0,100.0,100.0,100.0
