,Correlation,Causal,Wrangler_23,Wrangler_16,GB_23,GB_16
0,0.0,0.0,100.0,0.0,100.0,100.0
1,62.121212121212125,62.121212121212125,100.0,0.0,100.0,100.0
2,66.06334841628959,66.06334841628959,100.0,0.0,100.0,100.0
3,66.3677130044843,66.3677130044843,100.0,0.0,100.0,100.0
4,66.51785714285714,66.51785714285714,100.0,0.0,100.0,100.0
