,Correlation,Causal,Wrangler_23,Wrangler_16,GB_23,GB_16
0,0.0,0.0,100.0,0.0,90.0,100.0
1,0.0,6.2015503875969,100.0,0.0,90.69767441860465,100.0
