,Correlation,Causal,Wrangler_23,Wrangler_16,GB_23,GB_16
0,0.0,0.0,100.0,100.0,86.66666666666667,100.0
1,0.0,0.0,100.0,90.56603773584906,54.71698113207547,100.0
2,66.66666666666666,66.66666666666666,100.0,80.50314465408806,38.36477987421384,100.0
3,70.91836734693877,72.95918367346938,100.0,69.89795918367348,33.16326530612245,100.0
4,72.16981132075472,75.0,100.0,65.56603773584906,31.60377358490566,100.0
5,72.35023041474655,75.57603686635944,100.0,64.51612903225806,31.336405529953915,100.0
6,72.14611872146118,75.79908675799086,100.0,64.38356164383562,31.506849315068493,100.0
7,72.27272727272728,75.9090909090909,100.0,64.0909090909091,31.363636363636367,100.0
