,TPR,FPR
gb_opt,33.33333333333333,0.0
gb_ipw_opt,85.71428571428571,9.22509225092251
wrangler,80.95238095238095,10.33210332103321
