,TPR,FPR
gb_opt,81.81818181818183,0.43478260869565216
gb_ipw_opt,100.0,4.3478260869565215
wrangler,75.75757575757575,9.130434782608695
