,TPR,FPR
gb_opt,95.45454545454545,0.0
gb_ipw_opt,100.0,10.32258064516129
wrangler,68.18181818181817,9.67741935483871
