,TPR,FPR
gb_opt,24.242424242424242,9.545454545454547
gb_ipw_opt,100.0,44.54545454545455
wrangler,48.484848484848484,19.090909090909093
