,TPR,FPR
gb_opt,0.9708737864077669,0.0
gb_ipw_opt,88.3495145631068,63.97163120567376
wrangler,0.0,0.0
