,TPR,FPR
gb_opt,3.571428571428571,0.0
gb_ipw_opt,46.42857142857143,2.2598870056497176
wrangler,3.571428571428571,1.1299435028248588
