,TPR,FPR
gb_opt,80.0,0.0
gb_ipw_opt,100.0,13.414634146341465
wrangler,6.666666666666667,1.2195121951219512
