,TPR,FPR
gb_opt,64.49704142011834,2.027027027027027
gb_ipw_opt,92.89940828402366,12.922297297297296
wrangler,76.33136094674556,10.050675675675675
