,TPR,FPR
gb_opt,36.76470588235294,0.20920502092050208
gb_ipw_opt,75.0,5.230125523012552
wrangler,97.05882352941177,38.49372384937239
