,TPR,FPR
gb_opt,89.47368421052632,0.0
gb_ipw_opt,100.0,14.17910447761194
wrangler,68.42105263157895,17.91044776119403
