,TPR,FPR
gb_opt,55.55555555555556,0.0
gb_ipw_opt,92.5925925925926,3.1746031746031744
wrangler,37.03703703703704,4.232804232804233
