,TPR,FPR
gb_opt,29.411764705882355,0.0
gb_ipw_opt,100.0,64.31535269709543
wrangler,35.294117647058826,12.033195020746888
