,TPR,FPR
gb_opt,90.0,0.0
gb_ipw_opt,100.0,6.204379562043796
wrangler,87.5,12.408759124087592
