,TPR,FPR
gb_opt,55.55555555555556,0.0
gb_ipw_opt,92.5925925925926,3.1746031746031744
wrangler,40.74074074074074,7.936507936507936
