,TPR,FPR
gb_opt,83.33333333333334,0.7575757575757576
gb_ipw_opt,94.44444444444444,1.5151515151515151
wrangler,27.77777777777778,9.090909090909092
