,TPR,FPR
gb_opt,60.0,0.0
gb_ipw_opt,100.0,25.71428571428571
wrangler,15.0,2.857142857142857
