,TPR,FPR
gb_opt,16.666666666666664,0.0
gb_ipw_opt,44.44444444444444,0.6493506493506493
wrangler,27.77777777777778,5.844155844155844
