,TPR,FPR
gb_opt,88.0,0.0
gb_ipw_opt,100.0,9.090909090909092
wrangler,76.0,15.909090909090908
