,TPR,FPR
gb_opt,85.71428571428571,0.0
gb_ipw_opt,100.0,2.4096385542168677
wrangler,0.0,0.0
