,TPR,FPR
gb_opt,66.84684684684684,1.6808830908178627
gb_ipw_opt,84.14414414414414,15.027596588058204
wrangler,30.090090090090087,7.5765178123432015
