,TPR,FPR
gb_opt,92.3076923076923,1.5873015873015872
gb_ipw_opt,92.3076923076923,2.6455026455026456
wrangler,84.61538461538461,25.925925925925924
