,TPR,FPR
gb_opt,75.0,0.0
gb_ipw_opt,100.0,8.108108108108109
wrangler,75.0,47.2972972972973
