,TPR,FPR
gb_opt,42.30769230769231,0.5586592178770949
gb_ipw_opt,100.0,89.3854748603352
wrangler,38.46153846153847,37.988826815642454
