,TPR,FPR
gb_opt,9.523809523809524,0.0
gb_ipw_opt,80.95238095238095,5.755395683453238
wrangler,61.904761904761905,17.26618705035971
