,TPR,FPR
gb_opt,95.0,0.6993006993006993
gb_ipw_opt,100.0,2.097902097902098
wrangler,65.0,5.594405594405594
