,TPR,FPR
gb_opt,80.0,0.0
gb_ipw_opt,100.0,4.9504950495049505
wrangler,73.33333333333333,11.881188118811881
