,TPR,FPR
gb_opt,97.5,0.0
gb_ipw_opt,100.0,4.814814814814815
wrangler,97.5,35.55555555555556
