,TPR,FPR
gb_opt,89.74358974358975,0.0
gb_ipw_opt,97.43589743589743,2.93040293040293
wrangler,71.7948717948718,6.593406593406594
