,TPR,FPR
gb_opt,14.285714285714285,0.2857142857142857
gb_ipw_opt,57.14285714285714,5.571428571428571
wrangler,0.0,0.0
