,TPR,FPR
gb_opt,63.1578947368421,0.0
gb_ipw_opt,78.94736842105263,0.0
wrangler,52.63157894736842,33.057851239669425
