,TPR,FPR
gb_opt,94.44444444444444,0.0
gb_ipw_opt,100.0,3.2520325203252036
wrangler,27.77777777777778,7.317073170731707
