,TPR,FPR
gb_opt,92.0,0.0
gb_ipw_opt,92.0,3.133903133903134
wrangler,62.0,79.2022792022792
