,TPR,FPR
gb_opt,100.0,0.0
gb_ipw_opt,100.0,2.5974025974025974
wrangler,90.0,10.38961038961039
