,TPR,FPR
gb_opt,46.15384615384615,0.6060606060606061
gb_ipw_opt,100.0,6.666666666666667
wrangler,82.05128205128204,25.454545454545453
