,TPR,FPR
gb_opt,3.8461538461538463,0.0
gb_ipw_opt,73.07692307692307,1.6574585635359116
wrangler,38.46153846153847,11.602209944751381
