,TPR,FPR
gb_opt,23.684210526315788,0.43478260869565216
gb_ipw_opt,94.73684210526315,20.0
wrangler,92.10526315789474,64.78260869565217
