,TPR,FPR
gb_opt,85.71428571428571,1.7543859649122806
gb_ipw_opt,100.0,13.157894736842104
wrangler,80.95238095238095,62.28070175438597
