,TPR,FPR
gb_opt,66.84684684684684,1.6808830908178627
gb_ipw_opt,84.14414414414414,15.027596588058204
wrangler,23.783783783783786,2.232814851981937
