,TPR,FPR
gb_opt,30.76923076923077,0.0
gb_ipw_opt,100.0,32.3943661971831
wrangler,38.46153846153847,11.267605633802818
