,TPR,FPR
gb_opt,41.02564102564102,0.0
gb_ipw_opt,89.74358974358975,4.059040590405904
wrangler,89.74358974358975,10.70110701107011
