,TPR,FPR
gb_opt,4.761904761904762,0.0
gb_ipw_opt,93.33333333333333,40.20618556701031
wrangler,37.142857142857146,10.95360824742268
