,TPR,FPR
gb_opt,60.0,0.37174721189591076
gb_ipw_opt,92.5,6.691449814126393
wrangler,77.5,9.66542750929368
