,TPR,FPR
gb_opt,92.10526315789474,0.7462686567164178
gb_ipw_opt,100.0,7.08955223880597
wrangler,100.0,22.388059701492537
