,TPR,FPR
gb_opt,26.31578947368421,0.0
gb_ipw_opt,84.21052631578947,0.7518796992481203
wrangler,0.0,0.0
