,TPR,FPR
gb_opt,100.0,0.0
gb_ipw_opt,100.0,6.722689075630252
wrangler,29.411764705882355,7.563025210084033
