,TPR,FPR
gb_opt,88.0,0.0
gb_ipw_opt,100.0,9.090909090909092
wrangler,48.0,14.772727272727273
