,TPR,FPR
gb_opt,53.57142857142857,2.380952380952381
gb_ipw_opt,100.0,100.0
wrangler,64.28571428571429,52.976190476190474
