,TPR,FPR
gb_opt,85.18518518518519,0.0
gb_ipw_opt,88.88888888888889,1.6666666666666667
wrangler,3.7037037037037033,0.0
