,TPR,FPR
gb_opt,21.35922330097087,0.14792899408284024
gb_ipw_opt,96.11650485436894,64.94082840236686
wrangler,30.097087378640776,23.076923076923077
