,TPR,FPR
gb_opt,84.61538461538461,0.0
gb_ipw_opt,100.0,2.197802197802198
wrangler,30.76923076923077,2.197802197802198
