,TPR,FPR
gb_opt,92.3076923076923,0.0
gb_ipw_opt,92.3076923076923,4.444444444444445
wrangler,23.076923076923077,21.11111111111111
