,TPR,FPR
gb_opt,45.614035087719294,0.0
gb_ipw_opt,61.40350877192983,2.763819095477387
wrangler,45.614035087719294,18.090452261306535
