,TPR,FPR
gb_opt,30.23255813953488,0.4484304932735426
gb_ipw_opt,100.0,100.0
wrangler,20.930232558139537,4.0358744394618835
