,TPR,FPR
gb_opt,54.437869822485204,0.3946329913180742
gb_ipw_opt,89.3491124260355,7.49802683504341
wrangler,85.79881656804734,30.14996053670087
