,TPR,FPR
gb_opt,81.81818181818183,0.0
gb_ipw_opt,100.0,6.8493150684931505
wrangler,9.090909090909092,0.0
