,TPR,FPR
gb_opt,63.46153846153846,0.5649717514124294
gb_ipw_opt,79.8076923076923,13.841807909604519
wrangler,95.1923076923077,57.06214689265536
