,TPR,FPR
gb_opt,84.61538461538461,0.0
gb_ipw_opt,100.0,1.0526315789473684
wrangler,0.0,0.0
