,TPR,FPR
gb_opt,93.33333333333333,0.0
gb_ipw_opt,100.0,2.941176470588235
wrangler,73.33333333333333,19.607843137254903
