,TPR,FPR
gb_opt,6.666666666666667,0.0
gb_ipw_opt,90.0,9.022556390977442
wrangler,76.66666666666667,67.66917293233082
