,TPR,FPR
gb_opt,54.166666666666664,0.4273504273504274
gb_ipw_opt,80.95238095238095,3.3333333333333335
wrangler,89.28571428571429,24.102564102564102
