,TPR,FPR
gb_opt,54.54545454545454,0.0
gb_ipw_opt,100.0,2.898550724637681
wrangler,9.090909090909092,0.0
