,TPR,FPR
gb_opt,35.294117647058826,0.0
gb_ipw_opt,82.35294117647058,10.569105691056912
wrangler,41.17647058823529,35.77235772357724
