,TPR,FPR
gb_opt,80.0,1.4285714285714286
gb_ipw_opt,100.0,11.428571428571429
wrangler,50.0,21.428571428571427
