,TPR,FPR
gb_opt,73.33333333333333,0.9433962264150944
gb_ipw_opt,93.33333333333333,8.49056603773585
wrangler,100.0,49.056603773584904
