,TPR,FPR
gb_opt,9.090909090909092,0.78125
gb_ipw_opt,84.84848484848484,8.59375
wrangler,24.242424242424242,19.53125
