,TPR,FPR
gb_opt,94.73684210526315,0.0
gb_ipw_opt,100.0,7.196969696969697
wrangler,100.0,18.560606060606062
