,TPR,FPR
gb_opt,1.9607843137254901,0.14204545454545456
gb_ipw_opt,98.0392156862745,86.78977272727273
wrangler,50.98039215686274,31.676136363636363
