,TPR,FPR
gb_opt,87.5,1.098901098901099
gb_ipw_opt,100.0,6.227106227106227
wrangler,92.5,12.454212454212454
