,TPR,FPR
gb_opt,56.99999999999999,0.14285714285714285
gb_ipw_opt,95.0,14.285714285714285
wrangler,97.0,71.85714285714285
