,TPR,FPR
gb_opt,53.333333333333336,0.0
gb_ipw_opt,100.0,10.526315789473683
wrangler,80.0,14.736842105263156
