,TPR,FPR
gb_opt,88.88888888888889,0.0
gb_ipw_opt,100.0,3.3333333333333335
wrangler,3.7037037037037033,0.0
