,TPR,FPR
gb_opt,21.73913043478261,0.7575757575757576
gb_ipw_opt,73.91304347826086,7.954545454545454
wrangler,28.26086956521739,3.4090909090909087
