,TPR,FPR
gb_opt,53.333333333333336,6.089743589743589
gb_ipw_opt,95.55555555555556,50.32051282051282
wrangler,86.66666666666667,52.88461538461539
