,TPR,FPR
gb_opt,92.0,0.0
gb_ipw_opt,92.0,3.133903133903134
wrangler,68.0,82.05128205128204
