,TPR,FPR
gb_opt,11.55115511551155,0.33381020505484027
gb_ipw_opt,99.33993399339934,85.36003814973772
wrangler,93.3993399339934,33.047210300429185
