,TPR,FPR
gb_opt,71.42857142857143,0.0
gb_ipw_opt,92.85714285714286,24.489795918367346
wrangler,82.14285714285714,60.204081632653065
