,Correlation,Causal,Wrangler_23,Wrangler_16,GB_23,GB_16
0,0.0,0.0,0.0,0.0,0.0,0.0
1,0.0,0.0,0.0,11.11111111111111,0.0,0.0
2,0.0,0.0,0.0,16.666666666666664,0.0,0.0
3,0.0,100.0,0.0,16.666666666666664,0.0,0.0
4,0.0,100.0,0.0,16.666666666666664,0.0,0.0
5,0.0,100.0,0.0,88.88888888888889,0.0,0.0
6,0.0,100.0,0.0,94.44444444444444,0.0,0.0
7,0.0,100.0,0.0,100.0,0.0,0.0
8,0.0,100.0,0.0,100.0,0.0,0.0
9,100.0,100.0,100.0,100.0,100.0,100.0
