,Correlation,Causal,Wrangler_23,Wrangler_16,GB_23,GB_16
0,0.0,0.0,0.0,0.0,0.0,0.0
1,0.0,0.0,0.0,32.35294117647059,0.0,8.823529411764707
2,0.0,0.0,2.941176470588235,100.0,0.0,8.823529411764707
3,0.0,0.0,8.823529411764707,100.0,0.0,8.823529411764707
4,0.0,0.0,8.823529411764707,100.0,0.0,8.823529411764707
5,0.0,0.0,8.823529411764707,100.0,0.0,8.823529411764707
6,0.0,100.0,17.647058823529413,100.0,0.0,8.823529411764707
7,100.0,100.0,100.0,100.0,100.0,100.0
