,Correlation,Causal,Wrangler_23,Wrangler_16,GB_23,GB_16
0,0.0,0.0,0.0,0.0,0.0,0.0
1,0.0,0.0,1.0101010101010102,0.0,0.0,0.0
2,0.0,97.97979797979798,27.27272727272727,0.0,0.0,0.0
3,0.0,100.0,44.44444444444444,0.0,0.0,0.0
4,0.0,100.0,52.52525252525253,0.0,0.0,0.0
5,0.0,100.0,54.54545454545454,0.0,0.0,0.0
6,0.0,100.0,54.54545454545454,0.0,0.0,0.0
7,0.0,100.0,54.54545454545454,0.0,0.0,0.0
8,100.0,100.0,100.0,100.0,100.0,100.0
