,Correlation,Causal,Wrangler_23,Wrangler_16,GB_23,GB_16
0,0.0,0.0,0.0,0.0,0.0,0.0
1,0.0,100.0,34.375,0.4464285714285714,37.05357142857143,0.0
2,0.0,100.0,96.42857142857143,0.4464285714285714,53.57142857142857,0.0
3,0.0,100.0,100.0,0.4464285714285714,99.55357142857143,0.0
4,0.0,100.0,100.0,1.3392857142857142,100.0,0.0
5,0.0,100.0,100.0,3.571428571428571,100.0,0.0
6,0.0,100.0,100.0,3.571428571428571,100.0,0.0
7,100.0,100.0,100.0,100.0,100.0,100.0
