,Correlation,Causal,Wrangler_23,Wrangler_16,GB_23,GB_16
0,0.0,0.0,0.0,0.0,0.0,0.0
1,0.0,100.0,0.0,0.0,0.0,97.43589743589743
2,0.0,100.0,0.0,0.0,0.0,97.43589743589743
3,0.0,100.0,0.0,0.0,7.6923076923076925,97.43589743589743
4,0.0,100.0,0.0,0.0,53.84615384615385,97.43589743589743
5,0.0,100.0,0.0,0.0,92.3076923076923,97.43589743589743
6,0.0,100.0,0.0,0.0,92.3076923076923,97.43589743589743
7,0.0,100.0,0.0,0.0,92.3076923076923,97.43589743589743
8,0.0,100.0,0.0,0.0,100.0,97.43589743589743
9,0.0,100.0,2.564102564102564,0.0,100.0,97.43589743589743
10,0.0,100.0,12.82051282051282,0.0,100.0,97.43589743589743
11,0.0,100.0,41.02564102564102,0.0,100.0,97.43589743589743
12,0.0,100.0,48.717948717948715,0.0,100.0,97.43589743589743
13,0.0,100.0,58.97435897435898,0.0,100.0,97.43589743589743
14,0.0,100.0,69.23076923076923,0.0,100.0,97.43589743589743
15,0.0,100.0,84.61538461538461,0.0,100.0,97.43589743589743
16,0.0,100.0,92.3076923076923,0.0,100.0,97.43589743589743
17,0.0,100.0,94.87179487179486,0.0,100.0,97.43589743589743
18,0.0,100.0,94.87179487179486,0.0,100.0,97.43589743589743
19,0.0,100.0,100.0,0.0,100.0,97.43589743589743
20,0.0,100.0,100.0,0.0,100.0,97.43589743589743
21,0.0,100.0,100.0,0.0,100.0,97.43589743589743
22,0.0,100.0,100.0,0.0,100.0,97.43589743589743
23,100.0,100.0,100.0,100.0,100.0,100.0
