,Correlation,Causal,Wrangler_23,Wrangler_16,GB_23,GB_16
0,0.0,0.0,0.0,0.0,0.0,0.0
1,0.0,0.0,100.0,100.0,2.1739130434782608,95.65217391304348
2,0.0,0.0,100.0,100.0,2.1739130434782608,95.65217391304348
3,0.0,32.608695652173914,100.0,100.0,2.1739130434782608,95.65217391304348
4,100.0,100.0,100.0,100.0,100.0,100.0
