,Correlation,Causal,Wrangler_23,Wrangler_16,GB_23,GB_16
0,0.0,0.0,0.0,0.0,0.0,0.0
1,0.0,5.8558558558558556,0.0,0.0,1.8018018018018018,0.45045045045045046
2,0.0,28.82882882882883,0.0,0.0,25.675675675675674,24.324324324324326
3,0.0,28.82882882882883,0.0,0.0,25.675675675675674,24.324324324324326
4,0.0,28.82882882882883,0.0,0.0,25.675675675675674,24.324324324324326
5,0.0,28.82882882882883,0.0,0.0,25.675675675675674,24.324324324324326
6,0.0,28.82882882882883,0.0,0.0,25.675675675675674,24.324324324324326
7,0.0,28.82882882882883,0.0,0.0,25.675675675675674,24.324324324324326
8,0.0,28.82882882882883,0.0,0.0,25.675675675675674,24.324324324324326
9,0.0,28.82882882882883,0.0,0.0,25.675675675675674,24.324324324324326
10,100.0,100.0,100.0,100.0,100.0,100.0
