,Correlation,Causal,Wrangler_23,Wrangler_16,GB_23,GB_16
0,0.0,0.0,0.0,0.0,0.0,0.0
1,0.0,96.42857142857143,0.0,0.0,91.07142857142857,73.21428571428571
2,0.0,100.0,0.0,0.0,91.07142857142857,73.21428571428571
3,100.0,100.0,100.0,100.0,100.0,100.0
