,Correlation,Causal,Wrangler_23,Wrangler_16,GB_23,GB_16
0,0.0,0.0,0.0,0.0,0.0,0.0
1,0.0,0.0,34.34343434343434,0.0,0.0,0.0
2,0.0,0.0,39.39393939393939,0.0,0.0,0.0
3,0.0,0.0,41.41414141414141,0.0,0.0,0.0
4,100.0,100.0,100.0,100.0,100.0,100.0
