,Correlation,Causal,Wrangler_23,Wrangler_16,GB_23,GB_16
0,0.0,0.0,0.0,0.0,0.0,0.0
1,0.0,0.0,0.0,0.0,100.0,100.0
2,0.0,0.0,0.0,0.0,100.0,100.0
3,5.555555555555555,5.555555555555555,0.0,0.0,100.0,100.0
4,5.555555555555555,5.555555555555555,0.0,0.0,100.0,100.0
5,5.555555555555555,5.555555555555555,0.0,0.0,100.0,100.0
6,5.555555555555555,5.555555555555555,0.0,0.0,100.0,100.0
7,100.0,100.0,100.0,100.0,100.0,100.0
