,Correlation,Causal,Wrangler_23,Wrangler_16,GB_23,GB_16
0,0.0,0.0,0.0,0.0,0.0,0.0
1,0.0,98.09885931558935,0.0,0.0,0.0,0.0
2,0.0,98.09885931558935,0.0,0.0,0.0,0.0
3,0.0,98.09885931558935,0.0,0.0,0.0,0.0
4,100.0,100.0,100.0,100.0,100.0,100.0
