,Correlation,Causal,Wrangler_23,Wrangler_16,GB_23,GB_16
0,0.0,0.0,0.0,0.0,0.0,0.0
1,0.0,0.0,0.0,0.0,0.0,0.9900990099009901
2,0.0,0.0,0.0,0.0,0.0,1.9801980198019802
3,0.0,98.01980198019803,0.0,0.0,0.0,1.9801980198019802
4,0.0,99.00990099009901,0.0,0.0,0.0,1.9801980198019802
5,0.0,99.00990099009901,0.0,0.0,0.0,1.9801980198019802
6,0.0,99.00990099009901,0.0,0.0,0.0,1.9801980198019802
7,100.0,100.0,100.0,100.0,100.0,100.0
