,Correlation,Causal,Wrangler_23,Wrangler_16,GB_23,GB_16
0,0.0,0.0,0.0,0.0,0.0,0.0
1,0.0,0.0,0.0,0.0,0.0,0.0
2,0.0,0.0,0.0,0.0,0.0,0.0
3,0.0,81.37254901960785,0.0,0.0,0.0,0.0
4,0.0,81.37254901960785,0.0,0.0,0.0,0.0
5,0.0,82.35294117647058,0.0,0.0,0.0,0.0
6,100.0,100.0,100.0,100.0,100.0,100.0
