,Correlation,Causal,Wrangler_23,Wrangler_16,GB_23,GB_16
0,0.0,0.0,0.0,0.0,0.0,0.0
1,0.0,0.0,27.27272727272727,0.0,0.0,0.0
2,0.0,0.0,96.96969696969697,6.0606060606060606,0.0,0.0
3,0.0,0.0,100.0,8.080808080808081,0.0,0.0
4,0.0,0.0,100.0,8.080808080808081,0.0,0.0
5,0.0,0.0,100.0,8.080808080808081,0.0,0.0
6,0.0,0.0,100.0,8.080808080808081,0.0,0.0
7,0.0,0.0,100.0,8.080808080808081,0.0,0.0
8,100.0,100.0,100.0,100.0,100.0,100.0
