,Correlation,Causal,Wrangler_23,Wrangler_16,GB_23,GB_16
0,0.0,0.0,0.0,0.0,0.0,0.0
1,0.0,99.75369458128078,0.0,0.0,12.561576354679804,4.433497536945813
2,0.0,99.75369458128078,0.0,0.0,29.802955665024633,7.389162561576355
3,0.0,100.0,0.0,0.0,32.01970443349754,7.635467980295567
4,100.0,100.0,100.0,100.0,100.0,100.0
