,Correlation,Causal,Wrangler_23,Wrangler_16,GB_23,GB_16
0,0.0,0.0,0.0,0.0,0.0,0.0
1,0.0,0.0,0.0,0.0,0.0,0.0
2,0.0,0.0,0.0,0.0,0.0,1.0101010101010102
3,0.0,93.93939393939394,0.0,0.0,0.0,1.0101010101010102
4,0.0,93.93939393939394,0.0,0.0,0.0,1.0101010101010102
5,0.0,95.95959595959596,0.0,0.0,0.0,1.0101010101010102
6,0.0,95.95959595959596,0.0,0.0,0.0,1.0101010101010102
7,100.0,100.0,100.0,100.0,100.0,100.0
