,Correlation,Causal,Wrangler_23,Wrangler_16,GB_23,GB_16
0,0.0,0.0,0.0,0.0,0.0,0.0
1,0.0,0.0,0.0,0.0,0.0,91.66666666666666
2,0.0,0.0,0.0,0.0,0.0,91.66666666666666
3,0.0,0.0,0.0,0.0,0.0,91.66666666666666
4,98.61111111111111,100.0,0.0,0.0,0.0,91.66666666666666
5,98.61111111111111,100.0,0.0,0.0,0.0,91.66666666666666
6,98.61111111111111,100.0,0.0,0.0,0.0,91.66666666666666
7,100.0,100.0,100.0,100.0,100.0,100.0
