,Correlation,Causal,Wrangler_23,Wrangler_16,GB_23,GB_16
0,0.0,0.0,0.0,0.0,0.0,0.0
1,0.0,0.0,3.571428571428571,5.357142857142857,3.571428571428571,0.0
2,0.0,0.0,5.357142857142857,7.142857142857142,3.571428571428571,0.0
3,1.7857142857142856,1.7857142857142856,5.357142857142857,7.142857142857142,3.571428571428571,0.0
4,1.7857142857142856,1.7857142857142856,5.357142857142857,7.142857142857142,3.571428571428571,0.0
5,100.0,100.0,100.0,100.0,100.0,100.0
