,Correlation,Causal,Wrangler_23,Wrangler_16,GB_23,GB_16
0,0.0,0.0,0.0,0.0,0.0,0.0
1,0.0,0.0,0.0,0.0,96.11650485436894,92.23300970873787
2,0.0,96.11650485436894,0.0,0.0,97.0873786407767,93.20388349514563
3,0.0,98.05825242718447,0.0,0.0,97.0873786407767,93.20388349514563
4,0.0,98.05825242718447,0.0,0.0,97.0873786407767,93.20388349514563
5,100.0,100.0,100.0,100.0,100.0,100.0
