,Correlation,Causal,Wrangler_23,Wrangler_16,GB_23,GB_16
0,0.0,0.0,0.0,0.0,0.0,0.0
1,0.0,100.0,0.0,0.0,8.823529411764707,97.05882352941177
2,0.0,100.0,0.0,0.0,8.823529411764707,97.05882352941177
3,0.0,100.0,0.0,0.0,14.705882352941178,97.05882352941177
4,0.0,100.0,0.0,0.0,14.705882352941178,97.05882352941177
5,0.0,100.0,0.0,0.0,14.705882352941178,97.05882352941177
6,0.0,100.0,0.0,0.0,14.705882352941178,97.05882352941177
7,100.0,100.0,100.0,100.0,100.0,100.0
