,Correlation,Causal,Wrangler_23,Wrangler_16,GB_23,GB_16
0,0.0,0.0,0.0,0.0,0.0,0.0
1,0.0,0.0,0.0,0.0,100.0,57.14285714285714
2,0.0,100.0,0.0,0.0,100.0,57.14285714285714
3,100.0,100.0,0.0,0.0,100.0,57.14285714285714
4,100.0,100.0,100.0,100.0,100.0,100.0
