,Correlation,Causal,Wrangler_23,Wrangler_16,GB_23,GB_16
0,0.0,0.0,0.0,0.0,0.0,0.0
1,0.0,0.0,0.0,0.0,92.23300970873787,0.0
2,0.0,90.29126213592234,0.0,0.0,93.20388349514563,0.0
3,0.0,97.0873786407767,0.0,0.0,93.20388349514563,0.0
4,0.0,97.0873786407767,0.0,0.0,93.20388349514563,0.0
5,100.0,100.0,100.0,100.0,100.0,100.0
