,Correlation,Causal,Wrangler_23,Wrangler_16,GB_23,GB_16
0,0.0,0.0,0.0,0.0,0.0,0.0
1,0.0,0.0,0.0,0.0,90.9090909090909,98.98989898989899
2,0.0,0.0,0.0,0.0,91.91919191919192,100.0
3,0.0,0.0,0.0,0.0,91.91919191919192,100.0
4,0.0,92.92929292929293,0.0,0.0,91.91919191919192,100.0
5,100.0,100.0,100.0,100.0,100.0,100.0
