,Correlation,Causal,Wrangler_23,Wrangler_16,GB_23,GB_16
0,0.0,0.0,100.0,0.0,100.0,100.0
1,0.0,97.98657718120806,100.0,0.0,98.65771812080537,100.0
2,0.0,96.68874172185431,100.0,0.0,98.67549668874173,100.0
3,0.0,96.81528662420382,100.0,0.0,98.72611464968153,100.0
4,0.0,96.20253164556962,100.0,0.0,98.73417721518987,100.0
