,Correlation,Causal,Wrangler_23,Wrangler_16,GB_23,GB_16
0,0.0,0.0,100.0,100.0,100.0,100.0
1,0.0,13.636363636363635,100.0,100.0,100.0,100.0
2,0.0,28.749999999999996,100.0,100.0,100.0,100.0
3,0.0,30.48780487804878,100.0,100.0,100.0,100.0
4,0.0,29.94011976047904,100.0,100.0,100.0,100.0
5,0.0,29.761904761904763,100.0,100.0,100.0,100.0
