,Correlation,Causal,Wrangler_23,Wrangler_16,GB_23,GB_16
0,0.0,0.0,0.0,0.0,100.0,0.0
1,0.0,1.9736842105263157,0.0,0.0,100.0,0.0
2,0.0,3.2467532467532463,0.0,0.0,100.0,0.0
3,0.0,3.1847133757961785,0.0,0.0,100.0,0.0
4,0.0,4.40251572327044,0.0,0.0,100.0,0.0
