,Correlation,Causal,Wrangler_23,Wrangler_16,GB_23,GB_16
0,0.0,0.0,100.0,0.0,100.0,100.0
1,0.0,0.0,100.0,0.0,100.0,0.684931506849315
2,0.0,5.194805194805195,100.0,0.0,100.0,5.194805194805195
3,0.0,7.006369426751593,100.0,0.0,100.0,7.006369426751593
4,0.0,9.316770186335404,100.0,0.0,100.0,9.316770186335404
5,0.0,9.876543209876543,100.0,0.0,100.0,9.876543209876543
6,0.0,10.429447852760736,100.0,0.0,100.0,10.429447852760736
