,Correlation,Causal,Wrangler_23,Wrangler_16,GB_23,GB_16
0,0.0,0.0,100.0,100.0,13.043478260869565,100.0
1,0.0,71.25,100.0,100.0,30.0,100.0
2,0.0,71.42857142857143,100.0,100.0,30.434782608695656,100.0
3,0.0,71.77914110429448,100.0,100.0,31.28834355828221,100.0
4,0.0,72.12121212121212,100.0,100.0,32.121212121212125,100.0
