,Correlation,Causal,Wrangler_23,Wrangler_16,GB_23,GB_16
0,0.0,0.0,100.0,100.0,100.0,0.0
1,39.75903614457831,39.75903614457831,100.0,100.0,100.0,0.0
2,41.17647058823529,41.17647058823529,100.0,100.0,100.0,0.0
