,Correlation,Causal,Wrangler_23,Wrangler_16,GB_23,GB_16
0,0.0,0.0,100.0,100.0,80.0,100.0
1,0.0,94.67455621301775,100.0,100.0,57.396449704142015,100.0
