,Correlation,Causal,Wrangler_23,Wrangler_16,GB_23,GB_16
0,0.0,0.0,100.0,0.0,100.0,100.0
1,0.0,1.7045454545454544,100.0,2.840909090909091,97.1590909090909,97.1590909090909
2,0.0,33.951332560834295,100.0,66.51216685979142,31.86558516801854,26.88296639629201
