,Correlation,Causal,Wrangler_23,Wrangler_16,GB_23,GB_16
0,0.0,0.0,100.0,100.0,0.0,100.0
1,0.0,0.0,100.0,100.0,14.285714285714285,35.714285714285715
2,0.0,0.0,100.0,100.0,32.91139240506329,48.10126582278481
3,0.0,0.0,100.0,100.0,32.098765432098766,49.382716049382715
4,0.0,0.0,100.0,100.0,30.58823529411765,51.76470588235295
5,0.0,0.0,100.0,100.0,31.3953488372093,52.32558139534884
