,Correlation,Causal,Wrangler_23,Wrangler_16,GB_23,GB_16
0,0.0,0.0,83.89261744966443,0.0,0.0,0.0
1,0.0,1.3245033112582782,82.78145695364239,1.3245033112582782,0.0,1.3245033112582782
2,0.0,1.3157894736842104,82.23684210526315,1.9736842105263157,0.0,1.9736842105263157
3,0.0,1.2738853503184715,79.61783439490446,5.095541401273886,0.0,5.095541401273886
4,0.0,1.2658227848101267,79.11392405063292,5.69620253164557,0.0,5.69620253164557
