,Correlation,Causal,Wrangler_23,Wrangler_16,GB_23,GB_16
0,0.0,0.0,0.0,0.0,0.0,100.0
1,0.0,0.0,0.0,0.0,0.0,98.72611464968153
2,0.0,0.0,0.0,0.0,0.0,97.48427672955975
3,0.0,0.0,0.0,0.0,0.0,95.67901234567901
