,Correlation,Causal,Wrangler_23,Wrangler_16,GB_23,GB_16
0,0.0,52.67175572519084,0.0,0.0,100.0,0.0
1,28.021978021978022,65.93406593406593,0.0,0.0,100.0,0.0
2,40.45454545454545,71.81818181818181,0.0,0.0,100.0,0.0
3,49.808429118773944,76.24521072796935,0.0,0.0,100.0,0.0
4,50.936329588014985,76.77902621722846,0.0,0.0,100.0,0.0
5,51.66051660516605,77.12177121771218,0.0,0.0,100.0,0.0
6,51.83823529411765,77.20588235294117,0.0,0.0,100.0,0.0
