,Correlation,Causal,Wrangler_23,Wrangler_16,GB_23,GB_16
0,0.0,0.0,100.0,100.0,0.0,100.0
1,0.0,28.75816993464052,100.0,100.0,17.647058823529413,100.0
2,0.0,29.22077922077922,100.0,100.0,18.181818181818183,100.0
3,0.0,30.573248407643312,100.0,100.0,19.745222929936308,100.0
4,0.0,31.0126582278481,100.0,100.0,20.253164556962027,100.0
5,0.0,33.12883435582822,100.0,100.0,22.699386503067483,100.0
