,Correlation,Causal,Wrangler_23,Wrangler_16,GB_23,GB_16
0,0.0,0.0,99.35316946959897,100.0,94.69598965071151,97.02457956015525
1,0.0,7.866507747318235,99.40405244338498,100.0,95.11323003575686,97.25864123957092
2,0.0,10.532407407407407,99.42129629629629,100.0,95.25462962962963,97.33796296296296
