,Correlation,Causal,Wrangler_23,Wrangler_16,GB_23,GB_16
0,0.0,0.0,0.0,0.0,0.0,0.0
1,0.0,20.491803278688526,0.0,0.0,0.0,0.0
2,0.0,16.89189189189189,0.0,0.0,0.0,0.0
