,Correlation,Causal,Wrangler_23,Wrangler_16,GB_23,GB_16
0,0.0,0.0,0.0,40.243902439024396,0.0,100.0
1,0.0,0.0,0.6060606060606061,40.60606060606061,0.0,100.0
