,Correlation,Causal,Wrangler_23,Wrangler_16,GB_23,GB_16
0,0.0,0.0,0.0,0.0,100.0,0.0
1,0.0,0.0,0.0,0.0,15.09433962264151,0.0
2,0.0,0.625,0.0,0.0,15.625,0.0
3,0.0,3.048780487804878,0.0,0.0,17.073170731707318,0.0
4,0.0,4.790419161676647,0.0,0.0,18.562874251497004,0.0
5,0.0,5.357142857142857,0.0,0.0,19.047619047619047,0.0
