,Correlation,Causal,Wrangler_23,Wrangler_16,GB_23,GB_16
0,0.0,0.0,0.0,100.0,100.0,100.0
1,0.0,0.0,0.0,99.36708860759494,97.46835443037975,100.0
2,0.0,0.0,0.0,99.37106918238993,97.48427672955975,100.0
3,0.0,0.0,0.0,99.375,97.5,100.0
4,0.0,0.0,0.0,99.37888198757764,97.51552795031056,100.0
