,Correlation,Causal,Wrangler_23,Wrangler_16,GB_23,GB_16
0,0.0,0.0,100.0,100.0,100.0,100.0
1,0.0,13.737623762376238,100.0,100.0,100.0,100.0
2,0.11587485515643105,19.235225955967554,100.0,100.0,100.0,100.0
3,0.11547344110854503,19.51501154734411,100.0,100.0,100.0,100.0
4,0.11534025374855825,19.607843137254903,100.0,100.0,100.0,100.0
