,Correlation,Causal,Wrangler_23,Wrangler_16,GB_23,GB_16
0,0.0,0.0,100.0,100.0,0.0,100.0
1,0.0,0.0,100.0,100.0,28.57142857142857,100.0
2,0.0,0.0,100.0,100.0,95.65217391304348,100.0
3,0.0,0.6172839506172839,100.0,100.0,95.06172839506173,100.0
4,0.0,1.8292682926829267,100.0,100.0,93.90243902439023,100.0
