,Correlation,Causal,Wrangler_23,Wrangler_16,GB_23,GB_16
0,0.0,0.0,0.0,0.0,0.0,0.0
1,0.0,3.289473684210526,3.289473684210526,0.0,0.0,3.289473684210526
2,0.0,8.695652173913043,8.074534161490684,0.0,0.0,8.074534161490684
3,0.0,9.25925925925926,8.641975308641975,0.0,0.0,8.641975308641975
4,0.0,9.202453987730062,9.202453987730062,0.0,0.0,9.202453987730062
