,Correlation,Causal,Wrangler_23,Wrangler_16,GB_23,GB_16
0,0.0,0.0,0.0,100.0,100.0,0.0
1,0.0,9.615384615384617,0.0,100.0,91.02564102564102,0.0
2,0.0,11.875,0.0,100.0,88.75,0.0
3,0.0,13.496932515337424,0.0,100.0,87.11656441717791,0.0
