,Correlation,Causal,Wrangler_23,Wrangler_16,GB_23,GB_16
0,0.0,0.0,100.0,0.0,0.0,0.0
1,0.0,48.10126582278481,100.0,0.0,0.0,0.0
2,0.0,47.79874213836478,100.0,0.0,0.0,0.0
3,0.0,47.20496894409938,100.0,0.0,0.0,0.0
