,Correlation,Causal,Wrangler_23,Wrangler_16,GB_23,GB_16
0,0.0,0.0,100.0,0.0,0.0,0.0
1,0.0,0.7299270072992701,98.54014598540147,0.0,0.0,0.0
2,0.0,0.625,86.875,0.0,0.0,0.0
3,0.0,0.6172839506172839,85.80246913580247,0.0,0.0,0.0
4,0.0,0.6097560975609756,84.7560975609756,0.0,0.0,0.0
