,Correlation,Causal,Wrangler_23,Wrangler_16,GB_23,GB_16
0,0.0,0.0,100.0,100.0,100.0,100.0
1,97.11316397228637,97.11316397228637,100.0,100.0,100.0,100.0
