,Correlation,Causal,Wrangler_23,Wrangler_16,GB_23,GB_16
0,0.0,0.0,0.0,0.0,100.0,0.0
1,0.0,0.0,0.0,0.0,98.72611464968153,0.0
2,0.0,0.0,0.0,0.0,95.0920245398773,0.0
