,Correlation,Causal,Wrangler_23,Wrangler_16,GB_23,GB_16
0,0.0,0.0,100.0,100.0,100.0,100.0
1,0.0,0.0,95.65217391304348,100.0,100.0,100.0
2,63.77952755905512,63.77952755905512,96.06299212598425,100.0,100.0,100.0
3,69.33333333333334,69.33333333333334,96.0,100.0,100.0,100.0
4,71.60493827160494,71.60493827160494,96.29629629629629,100.0,100.0,100.0
5,71.95121951219512,71.95121951219512,96.34146341463415,100.0,100.0,100.0
