,Correlation,Causal,Wrangler_23,Wrangler_16,GB_23,GB_16
0,0.0,0.0,100.0,0.0,100.0,0.0
1,0.0,1.9230769230769231,100.0,0.0,100.0,0.0
2,0.0,4.968944099378882,100.0,0.0,100.0,0.0
