,Correlation,Causal,Wrangler_23,Wrangler_16,GB_23,GB_16
0,0.0,0.0,100.0,100.0,0.0,100.0
1,0.0,0.0,100.0,100.0,0.0,100.0
2,1.1904761904761905,1.1904761904761905,100.0,100.0,0.0,100.0
3,2.3529411764705883,2.3529411764705883,100.0,100.0,0.0,100.0
4,3.488372093023256,3.488372093023256,100.0,100.0,0.0,100.0
