,Correlation,Causal,Wrangler_23,Wrangler_16,GB_23,GB_16
0,0.0,0.0,0.0,100.0,0.0,0.0
1,0.0,0.0,0.0,100.0,2.6490066225165565,0.0
2,0.0,0.0,0.0,100.0,3.9215686274509802,0.0
3,0.0,2.547770700636943,0.0,100.0,6.369426751592357,0.0
