,Correlation,Causal,Wrangler_23,Wrangler_16,GB_23,GB_16
0,0.0,0.0,100.0,100.0,100.0,0.0
1,0.0,1.282051282051282,100.0,100.0,100.0,1.282051282051282
2,0.0,3.1446540880503147,100.0,100.0,100.0,3.1446540880503147
3,0.0,4.938271604938271,100.0,100.0,100.0,4.938271604938271
