,Correlation,Causal,Wrangler_23,Wrangler_16,GB_23,GB_16
0,0.0,0.0,0.0,11.627906976744185,0.0,0.0
1,0.0,0.0,0.0,14.227642276422763,0.0,0.0
2,0.0,0.0,0.0,13.461538461538462,0.0,0.0
3,0.0,0.0,0.0,13.307984790874524,0.0,0.0
4,0.0,0.0,0.0,10.218978102189782,0.0,0.0
5,0.0,0.0,0.0,8.50546780072904,0.0,0.0
6,0.0,3.629976580796253,0.0,8.19672131147541,0.0,0.0
