,Correlation,Causal,Wrangler_23,Wrangler_16,GB_23,GB_16
0,0.0,0.0,0.0,0.0,0.0,0.0
1,0.0,0.0,99.23664122137404,0.0,99.23664122137404,0.0
2,0.0,17.088607594936708,84.81012658227847,0.0,84.81012658227847,0.0
3,0.0,19.631901840490798,82.82208588957054,0.0,82.82208588957054,0.0
4,0.0,20.121951219512198,82.3170731707317,0.0,82.3170731707317,0.0
