,Correlation,Causal,Wrangler_23,Wrangler_16,GB_23,GB_16
0,0.0,0.0,0.0,0.0,0.0,0.0
1,0.0,20.0,0.0,0.0,0.0,0.0
2,0.0,97.35099337748345,0.0,0.0,0.0,0.0
3,0.6493506493506493,96.1038961038961,0.0,0.0,0.0,0.0
4,1.2422360248447204,92.54658385093167,0.0,0.0,0.0,0.0
5,1.2269938650306749,91.41104294478528,0.0,0.0,0.0,0.0
6,1.2121212121212122,90.30303030303031,0.0,0.0,0.0,0.0
