,Correlation,Causal,Wrangler_23,Wrangler_16,GB_23,GB_16
0,0.0,0.0,0.0,0.0,0.0,0.0
1,0.0,13.043478260869565,0.0,0.0,2.1739130434782608,0.0
2,0.0,50.0,0.0,0.0,13.750000000000002,0.0
3,0.0,45.45454545454545,0.0,0.0,18.181818181818183,0.0
4,0.0,52.0,0.0,0.0,26.0,0.0
5,0.0,48.598130841121495,0.0,0.0,28.971962616822427,0.0
6,0.0,45.21739130434783,0.0,0.0,32.17391304347826,0.0
7,0.0,46.15384615384615,0.0,0.0,33.33333333333333,0.0
8,0.0,45.378151260504204,0.0,0.0,34.45378151260504,0.0
