,Correlation,Causal,Wrangler_23,Wrangler_16,GB_23,GB_16
0,0.0,0.0,100.0,100.0,100.0,100.0
1,0.0,2.631578947368421,100.0,100.0,100.0,100.0
2,5.590062111801243,8.074534161490684,100.0,100.0,100.0,100.0
3,5.555555555555555,8.641975308641975,100.0,100.0,100.0,100.0
4,6.134969325153374,9.202453987730062,100.0,100.0,100.0,100.0
