,Correlation,Causal,Wrangler_23,Wrangler_16,GB_23,GB_16
0,0.0,0.0,100.0,100.0,100.0,0.0
1,0.0,0.0,100.0,100.0,100.0,0.0
2,97.03703703703704,97.03703703703704,99.25925925925925,99.25925925925925,95.55555555555556,3.7037037037037033
3,94.24460431654677,97.12230215827337,99.28057553956835,99.28057553956835,95.68345323741008,3.597122302158273
4,87.91946308724832,97.31543624161074,99.32885906040269,99.32885906040269,95.9731543624161,3.3557046979865772
5,87.5,97.5,99.375,99.375,96.25,3.125
6,87.73006134969326,97.54601226993866,99.38650306748467,99.38650306748467,96.31901840490798,3.067484662576687
7,87.8048780487805,97.5609756097561,99.39024390243902,99.39024390243902,96.34146341463415,3.048780487804878
