,Correlation,Causal,Wrangler_23,Wrangler_16,GB_23,GB_16
0,0.0,100.0,0.0,0.0,0.0,0.0
1,0.0,100.0,0.0,0.0,7.142857142857142,0.0
2,0.0,99.8931623931624,0.0,0.0,96.6880341880342,0.0
3,0.0,99.68017057569296,0.0,0.0,96.48187633262259,0.0
