,Correlation,Causal,Wrangler_23,Wrangler_16,GB_23,GB_16
0,0.0,0.0,0.0,100.0,91.61290322580645,0.0
1,0.0,0.0,0.0,98.72611464968153,90.44585987261146,0.0
2,0.0,3.0864197530864197,0.0,95.67901234567901,87.65432098765432,0.0
3,0.0,3.6809815950920246,0.0,95.70552147239265,87.73006134969326,0.0
