,Correlation,Causal,Wrangler_23,Wrangler_16,GB_23,GB_16
0,0.0,0.0,100.0,100.0,0.0,100.0
1,0.0,79.87987987987988,100.0,100.0,0.0,83.18318318318319
