,Correlation,Causal,Wrangler_23,Wrangler_16,GB_23,GB_16
0,0.0,0.0,0.0,100.0,0.0,100.0
1,0.0,0.6451612903225806,0.6451612903225806,100.0,0.0,100.0
2,0.0,2.5316455696202533,2.5316455696202533,100.0,0.0,100.0
3,0.0,3.75,3.75,100.0,0.0,100.0
4,0.0,4.3478260869565215,4.3478260869565215,100.0,0.0,100.0
