,Correlation,Causal,Wrangler_23,Wrangler_16,GB_23,GB_16
0,0.0,0.0,100.0,75.0,0.0,0.0
1,81.3953488372093,90.69767441860465,90.69767441860465,88.37209302325581,0.0,0.0
