,Correlation,Causal,Wrangler_23,Wrangler_16,GB_23,GB_16
0,0.0,0.0,100.0,100.0,100.0,100.0
1,0.0,0.0,99.05660377358491,100.0,100.0,100.0
2,0.0,0.0,99.24242424242425,100.0,100.0,100.0
3,0.0,5.594405594405594,99.3006993006993,100.0,100.0,100.0
4,0.0,5.031446540880504,99.37106918238993,100.0,100.0,100.0
5,0.625,5.625,99.375,100.0,100.0,100.0
6,2.4539877300613497,7.361963190184049,99.38650306748467,100.0,100.0,100.0
