,Correlation,Causal,Wrangler_23,Wrangler_16,GB_23,GB_16
0,0.0,0.0,0.0,0.0,0.0,0.0
1,9.615384615384617,9.615384615384617,0.0,0.0,0.0,0.0
