,Correlation,Causal,Wrangler_23,Wrangler_16,GB_23,GB_16
0,0.0,0.0,100.0,0.0,100.0,88.88888888888889
1,6.976744186046512,16.27906976744186,100.0,0.0,100.0,81.3953488372093
2,5.88235294117647,29.411764705882355,100.0,0.0,100.0,73.52941176470588
3,5.5045871559633035,33.94495412844037,100.0,0.0,100.0,70.64220183486239
4,5.0,40.0,100.0,0.0,100.0,65.0
5,4.838709677419355,41.935483870967744,100.0,0.0,100.0,62.903225806451616
6,4.761904761904762,42.857142857142854,100.0,0.0,100.0,61.904761904761905
