,Correlation,Causal,Wrangler_23,Wrangler_16,GB_23,GB_16
0,0.0,0.0,0.0,0.0,0.0,100.0
1,0.0,0.0,0.0,0.0,0.4291845493562232,100.0
2,0.0,0.0,0.0,0.0,0.8547008547008548,100.0
3,0.0,0.0,0.0,0.0,1.0660980810234542,100.0
