,Correlation,Causal,Wrangler_23,Wrangler_16,GB_23,GB_16
0,0.0,0.0,0.0,0.0,0.0,100.0
1,0.0,0.0,0.0,0.0,8.035714285714286,100.0
2,0.0,23.28767123287671,0.0,0.0,6.8493150684931505,100.0
3,0.0,24.832214765100673,0.0,0.0,6.7114093959731544,100.0
4,0.0,28.205128205128204,0.0,0.0,6.41025641025641,100.0
5,0.0,27.848101265822784,0.0,0.0,6.329113924050633,100.0
6,0.0,27.500000000000004,0.0,0.0,6.25,100.0
7,0.0,27.32919254658385,0.0,0.0,6.211180124223603,100.0
