,Correlation,Causal,Wrangler_23,Wrangler_16,GB_23,GB_16
0,0.0,0.0,100.0,100.0,100.0,0.0
1,0.0,6.845965770171149,100.0,100.0,100.0,0.0
2,0.0,9.608540925266903,100.0,100.0,100.0,0.0
3,0.47225501770956313,10.035419126328216,100.0,100.0,100.0,0.0
4,0.4700352526439483,10.45828437132785,100.0,100.0,100.0,0.0
5,0.5868544600938966,10.56338028169014,100.0,100.0,100.0,0.0
