,Correlation,Causal,Wrangler_23,Wrangler_16,GB_23,GB_16
0,0.0,0.0,0.0,0.0,0.0,0.0
1,0.0,90.66666666666666,0.0,0.0,0.0,0.0
2,0.0,90.78947368421053,0.0,0.0,0.0,0.0
3,0.0,92.17877094972067,0.0,0.0,0.0,0.0
4,28.4,94.39999999999999,0.0,0.0,0.0,0.0
5,27.734375,94.53125,0.0,0.0,0.0,0.0
6,27.626459143968873,94.16342412451361,0.0,0.0,0.0,0.0
7,26.89393939393939,94.31818181818183,0.0,0.0,0.0,0.0
8,26.691729323308273,93.98496240601504,0.0,0.0,0.0,0.0
9,26.492537313432834,93.65671641791045,0.0,0.0,0.0,0.0
