,Correlation,Causal,Wrangler_23,Wrangler_16,GB_23,GB_16
0,0.0,0.0,100.0,0.0,0.0,100.0
1,0.0,7.453416149068323,100.0,0.0,0.0,95.65217391304348
2,0.0,8.588957055214724,100.0,0.0,0.0,94.47852760736197
3,0.0,8.536585365853659,100.0,0.0,0.0,93.90243902439023
