,Correlation,Causal,Wrangler_23,Wrangler_16,GB_23,GB_16
0,0.0,0.0,100.0,3.6585365853658534,0.0,100.0
1,0.0,2.380952380952381,100.0,5.952380952380952,0.0,100.0
