,Correlation,Causal,Wrangler_23,Wrangler_16,GB_23,GB_16
0,0.0,0.0,92.3076923076923,0.0,0.0,0.0
1,9.30232558139535,9.30232558139535,83.72093023255815,0.0,0.0,0.0
