,Correlation,Causal,Wrangler_23,Wrangler_16,GB_23,GB_16
0,0.0,0.0,100.0,100.0,100.0,100.0
1,0.0,0.6666666666666667,100.0,100.0,100.0,100.0
2,7.975460122699387,8.588957055214724,100.0,100.0,100.0,100.0
3,7.878787878787878,9.696969696969697,100.0,100.0,100.0,100.0
