,Correlation,Causal,Wrangler_23,Wrangler_16,GB_23,GB_16
0,0.0,0.0,100.0,16.25,100.0,0.0
1,0.0,13.043478260869565,92.3913043478261,16.304347826086957,92.3913043478261,0.0
2,0.0,32.773109243697476,81.5126050420168,14.285714285714285,81.5126050420168,0.0
3,0.0,38.93129770992366,76.33587786259542,13.740458015267176,76.33587786259542,0.0
4,0.0,42.857142857142854,73.57142857142858,14.285714285714285,73.57142857142858,0.0
5,0.6896551724137931,44.827586206896555,71.72413793103448,14.482758620689657,71.72413793103448,0.0
6,2.7027027027027026,45.94594594594595,70.27027027027027,14.18918918918919,70.27027027027027,0.0
7,2.684563758389262,45.63758389261745,69.79865771812081,14.093959731543624,69.79865771812081,0.0
8,2.666666666666667,45.33333333333333,69.33333333333334,14.000000000000002,69.33333333333334,0.0
