,Correlation,Causal,Wrangler_23,Wrangler_16,GB_23,GB_16
0,0.0,0.0,0.0,100.0,100.0,100.0
1,0.0,0.0,0.628930817610063,100.0,100.0,100.0
2,0.0,1.8518518518518516,2.4691358024691357,100.0,100.0,100.0
3,0.0,3.048780487804878,3.6585365853658534,100.0,100.0,100.0
