,Correlation,Causal,Wrangler_23,Wrangler_16,GB_23,GB_16
0,0.0,0.0,100.0,0.0,100.0,100.0
1,0.0,78.89908256880734,100.0,0.0,100.0,100.0
2,0.0,79.18552036199095,100.0,0.0,100.0,100.0
