,Correlation,Causal,Wrangler_23,Wrangler_16,GB_23,GB_16
0,0.0,0.0,100.0,100.0,0.0,0.0
1,0.0,0.0,98.73417721518987,100.0,0.0,0.0
2,0.0,0.0,96.29629629629629,100.0,0.0,0.0
