,Correlation,Causal,Wrangler_23,Wrangler_16,GB_23,GB_16
0,0.0,0.0,4.8979591836734695,0.0,0.0,0.0
1,0.0,0.0,3.4951456310679614,0.0,0.0,0.0
2,0.0,0.0,3.308823529411765,0.0,0.0,0.0
3,0.0,0.0,3.278688524590164,0.0,0.0,0.0
4,0.0,0.0,3.214285714285714,0.0,0.0,0.0
5,0.0,0.0,2.1226415094339623,0.0,0.0,0.0
6,0.0,0.0,2.0954598370197903,0.0,0.0,0.0
