,Correlation,Causal,Wrangler_23,Wrangler_16,GB_23,GB_16
0,0.0,0.0,100.0,100.0,100.0,100.0
1,0.0,11.475409836065573,100.0,100.0,100.0,100.0
2,0.0,29.87012987012987,100.0,100.0,100.0,100.0
3,3.75,32.5,100.0,100.0,100.0,100.0
