,Correlation,Causal,Wrangler_23,Wrangler_16,GB_23,GB_16
0,0.0,0.0,100.0,0.0,10.81081081081081,100.0
1,0.8928571428571428,0.8928571428571428,100.0,0.8928571428571428,11.607142857142858,100.0
