,Correlation,Causal,Wrangler_23,Wrangler_16,GB_23,GB_16
0,0.0,0.0,0.0,0.0,0.0,0.0
1,0.0,0.0,0.0,0.0,0.0,0.0
2,0.0,3.1446540880503147,0.0,0.0,0.0,0.0
3,0.0,6.097560975609756,0.0,0.0,0.0,0.0
4,0.0,6.666666666666667,0.0,0.0,0.0,0.0
5,0.0,7.228915662650602,0.0,0.0,0.0,0.0
