,Correlation,Causal,Wrangler_23,Wrangler_16,GB_23,GB_16
0,0.0,0.0,100.0,100.0,100.0,100.0
1,0.0,96.22641509433963,100.0,100.0,100.0,100.0
2,0.0,96.29629629629629,100.0,100.0,100.0,100.0
3,0.0,96.31901840490798,100.0,100.0,100.0,100.0
4,0.0,96.36363636363636,100.0,100.0,100.0,100.0
