,Correlation,Causal,Wrangler_23,Wrangler_16,GB_23,GB_16
0,0.0,0.0,100.0,100.0,100.0,100.0
1,0.0,0.0,100.0,100.0,100.0,100.0
2,1.257861635220126,1.257861635220126,100.0,100.0,100.0,100.0
3,2.484472049689441,2.484472049689441,100.0,100.0,100.0,100.0
