,Correlation,Causal,Wrangler_23,Wrangler_16,GB_23,GB_16
0,0.0,0.0,100.0,0.0,0.0,0.0
1,0.0,0.0,100.0,0.0,2.941176470588235,0.0
2,0.0,0.0,68.58638743455498,0.5235602094240838,91.62303664921467,61.78010471204188
3,0.0,10.74766355140187,71.96261682242991,0.46728971962616817,83.41121495327103,56.425233644859816
4,0.0,13.083048919226394,72.6962457337884,0.4550625711035267,81.34243458475541,55.062571103526736
