,Correlation,Causal,Wrangler_23,Wrangler_16,GB_23,GB_16
0,0.0,0.0,0.0,0.0,0.0,0.0
1,0.0,1.2738853503184715,0.0,0.0,1.2738853503184715,0.0
2,0.0,1.2422360248447204,0.0,0.0,3.7267080745341614,0.0
3,0.0,1.2269938650306749,0.0,0.0,4.9079754601226995,0.0
