,Correlation,Causal,Wrangler_23,Wrangler_16,GB_23,GB_16
0,0.0,0.0,100.0,100.0,100.0,100.0
1,0.0,31.25,100.0,100.0,100.0,100.0
2,0.0,32.098765432098766,100.0,100.0,100.0,100.0
3,0.0,32.515337423312886,100.0,100.0,100.0,100.0
4,0.0,32.926829268292686,100.0,100.0,100.0,100.0
