,Correlation,Causal,Wrangler_23,Wrangler_16,GB_23,GB_16
0,0.0,0.0,100.0,100.0,100.0,100.0
1,97.53086419753086,97.53086419753086,100.0,100.0,98.76543209876543,100.0
2,96.93251533742331,97.54601226993866,100.0,100.0,98.77300613496932,100.0
3,95.75757575757575,96.36363636363636,100.0,100.0,98.7878787878788,100.0
