,Correlation,Causal,Wrangler_23,Wrangler_16,GB_23,GB_16
0,0.0,0.0,0.0,0.0,100.0,100.0
1,43.103448275862064,43.103448275862064,0.0,0.0,100.0,100.0
2,46.34146341463415,46.34146341463415,0.0,0.0,100.0,100.0
