,Correlation,Causal,Wrangler_23,Wrangler_16,GB_23,GB_16
0,0.0,0.0,100.0,100.0,0.0,100.0
1,0.0,0.0,100.0,100.0,3.9215686274509802,100.0
2,0.0,1.2903225806451613,100.0,100.0,5.161290322580645,100.0
3,0.0,3.1645569620253164,100.0,100.0,6.962025316455696,100.0
4,0.0,4.375,100.0,100.0,8.125,100.0
5,0.0,4.3478260869565215,100.0,100.0,8.695652173913043,100.0
6,0.0,4.320987654320987,100.0,100.0,9.25925925925926,100.0
7,0.0,4.294478527607362,100.0,100.0,9.815950920245399,100.0
