,Correlation,Causal,Wrangler_23,Wrangler_16,GB_23,GB_16
0,0.0,0.0,0.0,0.0,0.0,100.0
1,0.0,1.9607843137254901,0.0,0.0,0.0,100.0
2,0.0,4.45859872611465,0.0,0.0,0.0,100.0
3,0.0,4.40251572327044,0.0,0.0,0.0,100.0
4,0.0,6.172839506172839,0.0,0.0,0.0,100.0
