,Correlation,Causal,Wrangler_23,Wrangler_16,GB_23,GB_16
0,0.0,0.0,100.0,100.0,100.0,100.0
1,0.0,17.91044776119403,100.0,100.0,100.0,94.02985074626866
2,27.956989247311824,40.86021505376344,100.0,100.0,100.0,74.19354838709677
3,34.95145631067961,46.601941747572816,100.0,100.0,100.0,69.90291262135922
