,Correlation,Causal,Wrangler_23,Wrangler_16,GB_23,GB_16
0,0.0,0.0,100.0,0.0,100.0,100.0
1,2.6548672566371683,2.6548672566371683,100.0,0.0,97.34513274336283,100.0
