,Correlation,Causal,Wrangler_23,Wrangler_16,GB_23,GB_16
0,0.0,0.0,43.333333333333336,0.0,100.0,100.0
1,0.0,1.3157894736842104,42.76315789473684,0.0,100.0,100.0
2,0.0,1.9607843137254901,42.48366013071895,0.0,100.0,100.0
3,0.0,3.8461538461538463,41.66666666666667,0.0,100.0,100.0
4,0.0,5.063291139240507,41.139240506329116,0.0,100.0,100.0
5,0.0,6.832298136645963,40.37267080745342,0.0,100.0,100.0
6,0.0,6.790123456790123,40.123456790123456,0.0,100.0,100.0
7,0.0,6.748466257668712,39.87730061349693,0.0,100.0,100.0
