,Correlation,Causal,Wrangler_23,Wrangler_16,GB_23,GB_16
0,0.0,0.0,0.0,100.0,1.910828025477707,0.0
1,0.0,2.484472049689441,0.0,97.51552795031056,4.3478260869565215,0.0
