,Correlation,Causal,Wrangler_23,Wrangler_16,GB_23,GB_16
0,0.0,22.22222222222222,100.0,0.0,0.0,0.0
1,0.0,21.11801242236025,100.0,0.0,0.0,0.0
2,0.0,20.98765432098765,100.0,0.0,0.0,0.0
3,0.0,20.858895705521473,100.0,0.0,0.0,0.0
4,0.0,20.73170731707317,100.0,0.0,0.0,0.0
