,Correlation,Causal,Wrangler_23,Wrangler_16,GB_23,GB_16
0,0.0,0.0,100.0,100.0,100.0,2.564102564102564
1,0.0,0.0,100.0,100.0,100.0,2.515723270440252
2,0.0,1.2422360248447204,100.0,100.0,100.0,2.484472049689441
