,Correlation,Causal,Wrangler_23,Wrangler_16,GB_23,GB_16
0,0.0,0.0,100.0,100.0,0.0,0.0
1,84.78260869565217,84.78260869565217,100.0,100.0,0.0,0.0
2,94.61538461538461,94.61538461538461,100.0,100.0,0.0,0.0
3,90.71428571428571,95.0,100.0,100.0,0.0,0.0
4,91.77215189873418,95.56962025316456,100.0,100.0,0.0,0.0
5,91.92546583850931,95.65217391304348,100.0,100.0,0.0,0.0
6,92.02453987730061,95.70552147239265,100.0,100.0,0.0,0.0
7,92.07317073170732,95.73170731707317,100.0,100.0,0.0,0.0
