,Correlation,Causal,Wrangler_23,Wrangler_16,GB_23,GB_16
0,0.0,0.0,0.0,100.0,0.0,100.0
1,0.0,0.0,0.0,100.0,0.0,50.0
2,0.0,0.0,0.0,85.8974358974359,0.0,1.282051282051282
3,0.0,0.0,0.0,85.98726114649682,0.0,1.910828025477707
4,0.0,0.0,0.0,86.33540372670807,0.0,4.3478260869565215
5,0.0,0.0,0.0,86.41975308641975,0.0,4.938271604938271
6,0.0,0.0,0.0,86.66666666666667,0.0,6.666666666666667
