,Correlation,Causal,Wrangler_23,Wrangler_16,GB_23,GB_16
0,0.0,0.0,100.0,100.0,100.0,100.0
1,20.51282051282051,20.51282051282051,88.03418803418803,88.03418803418803,100.0,100.0
2,17.77777777777778,31.11111111111111,79.25925925925927,79.25925925925927,100.0,100.0
3,16.0,38.0,74.66666666666667,74.66666666666667,100.0,100.0
4,15.286624203821656,39.490445859872615,74.52229299363057,74.52229299363057,100.0,100.0
5,14.814814814814813,38.2716049382716,72.22222222222221,72.22222222222221,100.0,100.0
6,14.634146341463413,37.80487804878049,71.34146341463415,71.34146341463415,100.0,100.0
7,14.545454545454545,37.57575757575757,70.9090909090909,70.9090909090909,100.0,100.0
8,14.457831325301203,37.34939759036144,70.48192771084338,70.48192771084338,100.0,100.0
