,Correlation,Causal,Wrangler_23,Wrangler_16,GB_23,GB_16
0,0.0,0.0,100.0,100.0,0.0,0.0
1,0.0,40.76433121019109,80.2547770700637,100.0,0.0,0.0
2,0.0,42.592592592592595,77.77777777777779,100.0,0.0,0.0
3,0.0,43.292682926829265,76.82926829268293,100.0,0.0,0.0
