,Correlation,Causal,Wrangler_23,Wrangler_16,GB_23,GB_16
0,0.0,0.0,0.0,84.89208633093526,0.0,4.316546762589928
1,0.0,13.125,0.0,85.625,0.0,4.375
2,0.0,14.19753086419753,0.0,85.80246913580247,0.0,4.320987654320987
3,0.0,15.24390243902439,0.0,85.97560975609755,0.0,4.2682926829268295
