,Correlation,Causal,Wrangler_23,Wrangler_16,GB_23,GB_16
0,0.0,0.0,100.0,100.0,100.0,100.0
1,3.5294117647058822,3.5294117647058822,100.0,100.0,100.0,100.0
2,5.747126436781609,5.747126436781609,100.0,100.0,100.0,100.0
