,Correlation,Causal,Wrangler_23,Wrangler_16,GB_23,GB_16
0,0.0,0.0,100.0,100.0,0.0,100.0
1,0.0,21.656050955414013,100.0,100.0,0.0,100.0
2,0.0,22.641509433962266,100.0,100.0,0.0,100.0
3,0.0,23.60248447204969,100.0,100.0,0.0,100.0
4,0.0,23.456790123456788,100.0,100.0,0.0,100.0
5,0.0,23.31288343558282,100.0,100.0,0.0,100.0
