,Correlation,Causal,Wrangler_23,Wrangler_16,GB_23,GB_16
0,0.0,0.0,0.0,0.0,100.0,0.0
1,0.0,0.0,0.0,0.0,96.75324675324676,0.0
2,0.0,0.0,0.0,0.0,95.51282051282051,0.0
3,0.0,0.0,0.0,0.0,94.30379746835443,0.0
4,0.0,0.0,0.0,0.0,92.54658385093167,0.0
