,Correlation,Causal,Wrangler_23,Wrangler_16,GB_23,GB_16
0,0.0,0.0,0.0,0.0,0.0,0.0
1,0.0,0.0,0.0,0.0,0.0,0.0
2,0.0,5.660377358490567,0.0,0.0,0.0,0.0
3,0.0,6.25,0.0,0.0,0.0,0.0
4,0.0,6.832298136645963,0.0,0.0,0.0,0.0
5,0.0,7.4074074074074066,0.0,0.0,0.0,0.0
6,0.0,8.536585365853659,0.0,0.0,0.0,0.0
