,Correlation,Causal,Wrangler_23,Wrangler_16,GB_23,GB_16
0,0.0,0.0,100.0,100.0,100.0,0.0
1,0.0,0.0,100.0,100.0,100.0,0.0
2,0.0,1.257861635220126,100.0,100.0,100.0,0.0
3,0.0,3.0864197530864197,100.0,100.0,100.0,0.0
4,0.0,3.6809815950920246,100.0,100.0,100.0,0.0
