,Correlation,Causal,Wrangler_23,Wrangler_16,GB_23,GB_16
0,0.0,0.0,0.0,100.0,0.0,0.0
1,0.0,0.0,1.9230769230769231,100.0,0.0,1.9230769230769231
2,0.0,0.0,5.555555555555555,100.0,0.0,5.555555555555555
