,Correlation,Causal,Wrangler_23,Wrangler_16,GB_23,GB_16
0,0.0,0.0,0.0,0.0,100.0,0.0
1,0.0,96.07843137254902,0.0,0.0,96.07843137254902,1.9607843137254901
2,0.0,96.3302752293578,0.0,0.0,96.3302752293578,7.339449541284404
