,Correlation,Causal,Wrangler_23,Wrangler_16,GB_23,GB_16
0,0.0,0.0,0.0,0.0,0.0,0.0
1,0.0,0.0,5.5762081784386615,0.0,0.0,0.0
2,0.0,0.0,8.041237113402062,0.0,0.0,0.0
3,0.0,0.38314176245210724,7.471264367816093,0.0,0.0,0.0
4,0.0,0.3795066413662239,7.400379506641366,0.0,0.0,0.0
5,0.0,1.2844036697247707,7.155963302752294,0.0,0.0,0.0
6,0.0,29.35064935064935,5.0649350649350655,0.0,0.0,0.0
7,0.0,26.525821596244132,4.577464788732395,0.0,0.0,0.0
8,0.0,26.494724501758498,4.572098475967175,0.0,0.0,0.0
