,Correlation,Causal,Wrangler_23,Wrangler_16,GB_23,GB_16
0,0.0,0.0,100.0,100.0,100.0,100.0
1,0.0,6.338028169014084,100.0,100.0,100.0,100.0
2,0.0,17.391304347826086,100.0,100.0,100.0,100.0
3,0.0,18.902439024390244,100.0,100.0,100.0,100.0
4,0.0,19.393939393939394,100.0,100.0,100.0,100.0
