,Correlation,Causal,Wrangler_23,Wrangler_16,GB_23,GB_16
0,0.0,0.0,100.0,0.0,100.0,0.0
1,0.0,0.0,100.0,0.0,100.0,0.0
2,0.0,0.0,100.0,0.0,100.0,0.0
3,0.0,0.0,100.0,0.0,100.0,0.0
4,0.0,0.0,100.0,0.0,100.0,0.0
5,0.0,0.0,100.0,0.0,100.0,0.0
6,1.8633540372670807,1.8633540372670807,100.0,0.0,100.0,0.0
7,2.4691358024691357,2.4691358024691357,100.0,0.0,100.0,0.0
8,3.067484662576687,3.067484662576687,100.0,0.0,100.0,0.0
