,Correlation,Causal,Wrangler_23,Wrangler_16,GB_23,GB_16
0,0.0,0.0,100.0,100.0,100.0,100.0
1,92.3076923076923,92.3076923076923,100.0,100.0,100.0,100.0
2,97.22222222222221,97.22222222222221,100.0,100.0,100.0,100.0
3,98.73417721518987,98.73417721518987,100.0,100.0,100.0,96.20253164556962
4,99.3006993006993,99.3006993006993,100.0,100.0,100.0,97.2027972027972
5,99.35897435897436,99.35897435897436,100.0,100.0,100.0,96.7948717948718
6,99.36305732484077,99.36305732484077,100.0,100.0,100.0,96.17834394904459
7,99.37106918238993,99.37106918238993,100.0,100.0,100.0,96.22641509433963
8,99.38650306748467,99.38650306748467,100.0,100.0,100.0,96.31901840490798
