,Correlation,Causal,Wrangler_23,Wrangler_16,GB_23,GB_16
0,0.0,0.0,100.0,100.0,100.0,100.0
1,8.235294117647058,8.235294117647058,92.94117647058823,100.0,100.0,100.0
2,9.30232558139535,9.30232558139535,91.86046511627907,100.0,100.0,100.0
