,Correlation,Causal,Wrangler_23,Wrangler_16,GB_23,GB_16
0,0.0,0.0,100.0,100.0,100.0,77.27272727272727
1,94.85981308411215,94.85981308411215,100.0,100.0,95.09345794392523,67.17289719626169
2,90.83798882681565,95.08379888268156,100.0,100.0,91.06145251396647,64.35754189944134
