,Correlation,Causal,Wrangler_23,Wrangler_16,GB_23,GB_16
0,0.0,0.0,100.0,100.0,100.0,100.0
1,0.0,1.3157894736842104,100.0,100.0,100.0,100.0
2,0.0,1.935483870967742,100.0,100.0,100.0,100.0
3,0.0,1.9230769230769231,100.0,100.0,100.0,100.0
