,Correlation,Causal,Wrangler_23,Wrangler_16,GB_23,GB_16
0,0.0,0.0,81.08108108108108,100.0,100.0,0.0
1,0.0,0.6666666666666667,80.66666666666666,100.0,100.0,0.0
2,0.0,2.6143790849673203,79.73856209150327,100.0,100.0,0.0
3,0.0,2.5806451612903225,78.70967741935485,100.0,100.0,0.0
4,0.0,6.790123456790123,75.30864197530865,100.0,100.0,0.0
5,0.0,6.748466257668712,74.84662576687117,100.0,100.0,0.0
