,Correlation,Causal,Wrangler_23,Wrangler_16,GB_23,GB_16
0,0.0,0.0,100.0,100.0,100.0,100.0
1,69.04761904761905,69.04761904761905,100.0,100.0,100.0,100.0
2,71.94244604316546,71.94244604316546,100.0,100.0,100.0,100.0
3,75.625,75.625,100.0,100.0,100.0,100.0
4,76.07361963190185,76.07361963190185,100.0,100.0,100.0,100.0
