,Correlation,Causal,Wrangler_23,Wrangler_16,GB_23,GB_16
0,0.0,0.0,100.0,0.0,100.0,100.0
1,0.0,0.0,100.0,0.6711409395973155,100.0,100.0
2,0.0,5.095541401273886,100.0,5.095541401273886,100.0,100.0
3,0.0,7.453416149068323,100.0,7.453416149068323,100.0,100.0
4,0.0,8.588957055214724,100.0,8.588957055214724,100.0,100.0
5,0.0,9.696969696969697,100.0,9.696969696969697,100.0,100.0
