,Correlation,Causal,Wrangler_23,Wrangler_16,GB_23,GB_16
0,0.0,0.0,100.0,100.0,100.0,0.0
1,0.0,2.6143790849673203,100.0,100.0,100.0,0.0
2,0.0,7.453416149068323,100.0,100.0,100.0,0.0
3,0.0,7.4074074074074066,100.0,100.0,100.0,0.0
