,Correlation,Causal,Wrangler_23,Wrangler_16,GB_23,GB_16
0,0.0,0.0,100.0,100.0,0.0,0.0
1,0.0,68.9873417721519,100.0,100.0,0.0,0.0
2,0.0,69.18238993710692,100.0,100.0,0.0,0.0
3,0.0,69.375,100.0,100.0,0.0,0.0
4,0.0,69.75308641975309,100.0,100.0,0.0,0.0
