,Correlation,Causal,Wrangler_23,Wrangler_16,GB_23,GB_16
0,0.0,0.0,100.0,100.0,100.0,100.0
1,0.0,3.225806451612903,100.0,100.0,100.0,100.0
2,0.0,5.063291139240507,100.0,100.0,100.0,100.0
3,0.0,5.660377358490567,100.0,100.0,100.0,100.0
4,0.0,6.25,100.0,100.0,100.0,100.0
5,0.0,6.832298136645963,100.0,100.0,100.0,100.0
