,Correlation,Causal,Wrangler_23,Wrangler_16,GB_23,GB_16
0,0.0,0.0,100.0,0.0,0.0,0.0
1,0.0,80.0,20.0,0.0,0.0,0.0
2,0.0,99.3103448275862,3.4482758620689653,0.0,0.0,0.0
3,0.0,99.36708860759494,8.860759493670885,0.0,0.0,0.0
4,0.0,99.37106918238993,9.433962264150944,0.0,0.0,0.0
5,0.0,99.375,9.375,0.0,0.0,0.0
6,1.2345679012345678,99.38271604938271,10.493827160493826,0.0,0.0,0.0
7,1.8292682926829267,99.39024390243902,10.975609756097562,0.0,0.0,0.0
