,Correlation,Causal,Wrangler_23,Wrangler_16,GB_23,GB_16
0,0.0,0.0,100.0,100.0,100.0,100.0
1,0.0,0.0,100.0,100.0,96.51162790697676,94.18604651162791
