,Correlation,Causal,Wrangler_23,Wrangler_16,GB_23,GB_16
0,0.0,0.0,100.0,100.0,0.0,98.9010989010989
1,0.0,3.1914893617021276,100.0,100.0,0.0,95.74468085106383
