,Correlation,Causal,Wrangler_23,Wrangler_16,GB_23,GB_16
0,0.0,0.0,0.0,100.0,100.0,0.0
1,0.0,66.02564102564102,0.0,76.28205128205127,100.0,23.717948717948715
2,0.0,66.45569620253164,0.0,75.31645569620254,100.0,24.68354430379747
3,0.0,67.28395061728395,0.0,73.4567901234568,100.0,26.543209876543212
4,0.0,67.6829268292683,0.0,72.5609756097561,100.0,27.439024390243905
