,Correlation,Causal,Wrangler_23,Wrangler_16,GB_23,GB_16
0,0.0,0.0,100.0,100.0,100.0,100.0
1,28.47682119205298,28.47682119205298,100.0,100.0,100.0,100.0
2,26.875,32.5,100.0,100.0,100.0,100.0
3,28.22085889570552,33.74233128834356,100.0,100.0,100.0,100.0
