,Correlation,Causal,Wrangler_23,Wrangler_16,GB_23,GB_16
0,0.0,0.0,100.0,100.0,100.0,100.0
1,0.0,0.0,100.0,100.0,100.0,100.0
2,0.0,1.2658227848101267,100.0,100.0,100.0,100.0
3,0.0,1.8867924528301887,100.0,100.0,100.0,100.0
4,0.0,3.7037037037037033,100.0,100.0,100.0,100.0
