,Correlation,Causal,Wrangler_23,Wrangler_16,GB_23,GB_16
0,0.0,0.0,99.38271604938271,2.4691358024691357,0.0,100.0
1,0.0,1.2195121951219512,99.39024390243902,3.6585365853658534,0.0,100.0
2,0.0,1.8181818181818181,99.39393939393939,4.242424242424243,0.0,100.0
