,Correlation,Causal,Wrangler_23,Wrangler_16,GB_23,GB_16
0,0.0,0.0,1.1363636363636365,1.893939393939394,0.0,0.0
1,0.0,0.0,3.0181086519114686,6.237424547283702,0.0,0.0
2,0.0,0.0,2.840909090909091,5.871212121212121,0.0,0.0
3,0.0,0.0,2.8142589118198873,5.816135084427768,0.0,0.0
4,0.0,0.0,2.742230347349177,5.6672760511883,0.0,0.0
5,0.0,0.0,1.935483870967742,4.0,0.0,0.0
6,0.0,0.0,1.7543859649122806,3.625730994152047,0.0,0.0
7,0.0,0.0,1.7502917152858808,3.6172695449241536,0.0,0.0
