,Correlation,Causal,Wrangler_23,Wrangler_16,GB_23,GB_16
0,0.0,0.0,100.0,100.0,100.0,100.0
1,0.0,3.7267080745341614,100.0,100.0,100.0,100.0
2,0.0,6.0606060606060606,100.0,100.0,100.0,100.0
3,0.0,6.626506024096386,100.0,100.0,100.0,100.0
