,Correlation,Causal,Wrangler_23,Wrangler_16,GB_23,GB_16
0,0.0,0.0,71.875,100.0,0.0,0.0
1,0.0,2.3391812865497075,62.57309941520468,76.60818713450293,0.0,0.0
