,Correlation,Causal,Wrangler_23,Wrangler_16,GB_23,GB_16
0,0.0,0.0,0.0,0.0,0.0,0.0
1,0.0,0.0,0.0,0.0,9.859154929577464,0.0
2,0.0,0.0,0.0,0.0,9.333333333333334,0.0
3,0.0,0.0,0.0,0.0,8.80503144654088,0.0
4,0.0,0.0,0.0,0.0,8.641975308641975,0.0
