,Correlation,Causal,Wrangler_23,Wrangler_16,GB_23,GB_16
0,0.0,0.0,100.0,0.0,0.0,0.0
1,0.0,0.6211180124223602,100.0,0.0,0.0,0.0
2,0.0,0.6134969325153374,100.0,0.0,0.0,0.0
3,0.0,0.6097560975609756,100.0,0.0,0.0,0.0
4,0.0,0.6060606060606061,100.0,0.0,0.0,0.0
