,Correlation,Causal,Wrangler_23,Wrangler_16,GB_23,GB_16
0,0.0,0.0,7.453416149068323,100.0,100.0,0.0
1,0.0,1.2269938650306749,7.361963190184049,100.0,100.0,1.2269938650306749
2,0.0,1.2195121951219512,7.317073170731707,100.0,100.0,1.8292682926829267
3,0.0,1.2121212121212122,7.2727272727272725,100.0,100.0,2.4242424242424243
4,0.0,1.2048192771084338,7.228915662650602,100.0,100.0,3.0120481927710845
