,Correlation,Causal,Wrangler_23,Wrangler_16,GB_23,GB_16
0,0.0,0.0,0.0,0.0,0.0,0.0
1,0.0,10.135135135135135,0.0,0.0,0.0,0.0
2,0.0,17.391304347826086,0.0,0.0,0.0,0.0
3,0.0,17.177914110429448,0.0,0.0,0.0,0.0
4,0.0,16.969696969696972,0.0,0.0,0.0,0.0
5,0.0,16.867469879518072,0.0,0.0,0.0,0.0
