,Correlation,Causal,Wrangler_23,Wrangler_16,GB_23,GB_16
0,0.0,0.0,100.0,0.4608294930875576,100.0,0.0
1,0.0,9.5679012345679,100.0,0.30864197530864196,100.0,0.0
