,Correlation,Causal,Wrangler_23,Wrangler_16,GB_23,GB_16
0,0.0,0.0,100.0,100.0,25.0,70.45454545454545
1,0.0,18.51851851851852,100.0,100.0,21.604938271604937,74.07407407407408
2,0.0,18.404907975460123,100.0,100.0,21.472392638036812,74.23312883435584
3,0.0,18.29268292682927,100.0,100.0,21.341463414634145,74.39024390243902
