,Correlation,Causal,Wrangler_23,Wrangler_16,GB_23,GB_16
0,0.0,0.0,100.0,100.0,0.0,0.0
1,0.0,98.59154929577466,100.0,100.0,0.0,0.0
2,0.0,98.70967741935483,100.0,100.0,0.0,0.0
3,0.0,98.75776397515527,100.0,100.0,0.0,0.0
4,0.0,98.77300613496932,100.0,100.0,0.0,0.0
5,0.0,98.7878787878788,100.0,100.0,0.0,0.0
6,0.0,98.79518072289156,100.0,100.0,0.0,0.0
