,Correlation,Causal,Wrangler_23,Wrangler_16,GB_23,GB_16
0,0.0,0.0,100.0,0.0,100.0,0.0
1,15.294117647058824,15.294117647058824,88.23529411764706,0.0,100.0,0.0
2,16.27906976744186,16.27906976744186,87.20930232558139,0.0,100.0,0.0
