,Correlation,Causal,Wrangler_23,Wrangler_16,GB_23,GB_16
0,0.0,0.0,100.0,100.0,0.0,0.0
1,0.0,98.06451612903226,100.0,98.06451612903226,0.0,0.0
2,0.0,96.81528662420382,100.0,96.81528662420382,0.0,0.0
3,0.0,94.40993788819875,100.0,94.40993788819875,0.0,0.0
