,Correlation,Causal,Wrangler_23,Wrangler_16,GB_23,GB_16
0,0.0,28.49462365591398,0.0,0.0,0.0,0.0
1,0.0,32.3728813559322,0.0,0.0,5.2542372881355925,0.0
