,Correlation,Causal,Wrangler_23,Wrangler_16,GB_23,GB_16
0,0.0,0.0,100.0,100.0,0.0,100.0
1,0.0,37.634408602150536,98.9247311827957,100.0,23.655913978494624,100.0
