,Correlation,Causal,Wrangler_23,Wrangler_16,GB_23,GB_16
0,0.0,0.0,0.0,0.0,0.0,0.0
1,0.0,20.52980132450331,0.0,0.0,0.0,0.0
2,0.0,23.076923076923077,0.0,0.0,0.0,0.0
3,0.0,24.050632911392405,0.0,0.0,0.0,0.0
4,0.0,23.89937106918239,0.0,0.0,0.0,0.0
5,0.0,24.84472049689441,0.0,0.0,0.0,0.0
