,Correlation,Causal,Wrangler_23,Wrangler_16,GB_23,GB_16
0,0.0,0.0,0.0,66.10169491525424,0.0,0.0
1,0.0,60.9271523178808,0.0,52.317880794701985,0.0,22.516556291390728
2,0.0,62.42038216560509,0.0,50.318471337579616,0.0,25.477707006369428
3,0.0,63.35403726708074,0.0,49.06832298136646,0.0,27.32919254658385
4,0.0,62.96296296296296,0.0,48.76543209876543,0.0,27.77777777777778
5,0.0,62.19512195121951,0.0,48.170731707317074,0.0,28.65853658536585
