,Correlation,Causal,Wrangler_23,Wrangler_16,GB_23,GB_16
0,0.0,0.0,100.0,100.0,0.0,100.0
1,0.0,98.125,100.0,100.0,98.125,100.0
2,0.0,98.13664596273291,100.0,100.0,98.13664596273291,100.0
3,0.0,97.53086419753086,100.0,100.0,97.53086419753086,100.0
