,Correlation,Causal,Wrangler_23,Wrangler_16,GB_23,GB_16
0,0.0,0.0,100.0,100.0,0.0,100.0
1,7.142857142857142,7.142857142857142,100.0,100.0,0.0,100.0
2,8.235294117647058,8.235294117647058,100.0,100.0,0.0,100.0
