,Correlation,Causal,Wrangler_23,Wrangler_16,GB_23,GB_16
0,0.0,0.0,100.0,100.0,99.3006993006993,100.0
1,0.0,0.0,100.0,100.0,99.34640522875817,100.0
2,0.0,0.0,100.0,100.0,99.35483870967742,100.0
3,0.0,0.0,100.0,100.0,99.36305732484077,100.0
4,0.0,1.257861635220126,100.0,100.0,99.37106918238993,100.0
5,0.0,1.25,100.0,100.0,99.375,100.0
