,Correlation,Causal,Wrangler_23,Wrangler_16,GB_23,GB_16
0,0.0,0.0,100.0,0.0,100.0,0.0
1,0.0,0.0,100.0,0.0,99.02912621359224,0.0
2,15.22633744855967,15.22633744855967,100.0,0.0,99.1769547325103,0.0
3,15.573770491803279,15.573770491803279,100.0,0.0,99.18032786885246,0.0
4,15.746421267893659,15.541922290388548,100.0,0.0,99.18200408997954,0.0
