,Correlation,Causal,Wrangler_23,Wrangler_16,GB_23,GB_16
0,0.0,0.0,100.0,0.0,100.0,0.0
1,1.2195121951219512,1.2195121951219512,100.0,0.0,100.0,0.0
