,Correlation,Causal,Wrangler_23,Wrangler_16,GB_23,GB_16
0,0.0,0.0,5.737704918032787,11.885245901639344,0.0,0.0
1,0.0,0.0,3.6893203883495143,7.3786407766990285,0.0,0.0
2,0.0,0.0,3.505535055350553,7.011070110701106,0.0,0.0
3,0.0,0.0,3.4990791896869244,6.998158379373849,0.0,0.0
4,0.0,0.0,3.4420289855072466,6.884057971014493,0.0,0.0
5,0.0,0.0,2.278177458033573,4.916067146282973,0.0,0.0
6,0.0,0.0,2.2326674500587544,4.81786133960047,0.0,0.0
