,Correlation,Causal,Wrangler_23,Wrangler_16,GB_23,GB_16
0,0.0,0.0,100.0,0.0,100.0,0.0
1,0.0,2.5316455696202533,100.0,0.0,100.0,0.0
2,2.4691358024691357,4.938271604938271,100.0,0.0,100.0,0.0
3,3.067484662576687,5.521472392638037,100.0,0.0,100.0,0.0
