,Correlation,Causal,Wrangler_23,Wrangler_16,GB_23,GB_16
0,0.0,0.0,100.0,100.0,100.0,99.39024390243902
1,0.0,0.6060606060606061,100.0,100.0,100.0,99.39393939393939
