,Correlation,Causal,Wrangler_23,Wrangler_16,GB_23,GB_16
0,0.0,0.0,0.0,0.0,100.0,100.0
1,0.0,96.73202614379085,0.0,0.0,100.0,100.0
2,1.2903225806451613,96.7741935483871,0.0,0.0,100.0,100.0
3,4.968944099378882,96.8944099378882,0.0,0.0,100.0,100.0
4,5.521472392638037,96.93251533742331,0.0,0.0,100.0,100.0
