,Correlation,Causal,Wrangler_23,Wrangler_16,GB_23,GB_16
0,0.0,0.0,100.0,100.0,100.0,100.0
1,0.0,4.9079754601226995,100.0,100.0,100.0,100.0
2,0.0,6.0606060606060606,100.0,100.0,100.0,100.0
