,Correlation,Causal,Wrangler_23,Wrangler_16,GB_23,GB_16
0,0.0,0.0,0.0,0.0,5.109489051094891,0.0
1,0.0,10.457516339869281,0.0,0.0,13.725490196078432,0.0
2,0.0,12.179487179487179,0.0,0.0,15.384615384615385,0.0
3,0.0,13.291139240506327,0.0,0.0,16.455696202531644,0.0
4,0.0,14.906832298136646,0.0,0.0,18.012422360248447,0.0
