,Correlation,Causal,Wrangler_23,Wrangler_16,GB_23,GB_16
0,0.0,0.0,100.0,100.0,100.0,0.0
1,1.3605442176870748,1.3605442176870748,100.0,100.0,100.0,0.0
2,9.876543209876543,10.493827160493826,100.0,100.0,100.0,0.0
3,10.429447852760736,11.042944785276074,100.0,100.0,100.0,0.0
