,Correlation,Causal,Wrangler_23,Wrangler_16,GB_23,GB_16
0,0.0,0.0,100.0,100.0,100.0,100.0
1,0.0,13.114754098360656,100.0,100.0,100.0,100.0
2,0.0,33.75,100.0,100.0,100.0,100.0
3,0.0,34.96932515337423,100.0,100.0,100.0,100.0
4,0.6097560975609756,35.36585365853659,100.0,100.0,100.0,100.0
