,Correlation,Causal,Wrangler_23,Wrangler_16,GB_23,GB_16
0,0.0,0.0,0.0,0.0,0.0,0.0
1,0.0,50.0,0.0,0.0,0.0,0.0
2,0.0,40.0,0.0,0.0,0.0,0.0
3,0.0,66.66666666666666,0.0,0.0,0.0,0.0
4,0.0,80.0,0.0,0.0,0.0,0.0
5,0.0,88.09523809523809,0.0,2.380952380952381,0.0,0.0
6,0.0,79.36507936507937,0.0,14.285714285714285,0.0,0.0
7,0.0,86.86868686868688,0.0,25.252525252525253,0.0,0.0
8,0.0,90.64748201438849,0.0,35.25179856115108,0.0,0.0
9,0.0,92.07317073170732,0.0,42.073170731707314,0.0,0.0
