,Correlation,Causal,Wrangler_23,Wrangler_16,GB_23,GB_16
0,0.0,0.0,0.0,0.0,0.0,0.0
1,0.0,0.33613445378151263,0.0,0.0,0.0,0.0
2,0.0,28.55421686746988,0.0,0.0,2.1686746987951806,0.0
