,Correlation,Causal,Wrangler_23,Wrangler_16,GB_23,GB_16
0,0.0,0.0,100.0,100.0,100.0,100.0
1,0.0,1.2422360248447204,100.0,100.0,100.0,100.0
2,0.0,1.8518518518518516,100.0,100.0,100.0,100.0
3,0.0,2.4539877300613497,100.0,100.0,100.0,100.0
