,Correlation,Causal,Wrangler_23,Wrangler_16,GB_23,GB_16
0,0.0,0.0,0.0,0.0,0.0,0.0
1,0.0,3.4482758620689653,0.0,0.0,0.0,0.0
2,0.0,96.44218551461246,2.7954256670902162,0.0,0.0,0.0
3,0.0,96.73278879813302,2.6837806301050176,0.0,0.0,0.0
