,Correlation,Causal,Wrangler_23,Wrangler_16,GB_23,GB_16
0,0.0,0.0,100.0,100.0,0.0,0.0
1,0.0,0.0,97.10144927536231,97.10144927536231,0.0,0.0
2,0.0,41.52542372881356,75.42372881355932,75.42372881355932,0.0,0.0
3,0.0,39.84375,71.09375,71.09375,0.0,0.0
