,Correlation,Causal,Wrangler_23,Wrangler_16,GB_23,GB_16
0,0.0,0.0,100.0,100.0,100.0,100.0
1,0.0,0.0,100.0,100.0,100.0,100.0
2,0.0,34.78260869565217,100.0,100.0,100.0,100.0
3,0.0,34.5679012345679,100.0,100.0,100.0,100.0
