,Correlation,Causal,Wrangler_23,Wrangler_16,GB_23,GB_16
0,0.0,0.0,100.0,100.0,100.0,100.0
1,0.0,0.0,96.96969696969697,100.0,100.0,100.0
2,0.0,10.0,96.36363636363636,100.0,100.0,100.0
3,0.0,16.80672268907563,96.63865546218487,100.0,100.0,100.0
4,0.0,24.427480916030532,96.94656488549617,100.0,100.0,100.0
5,9.027777777777777,31.25,97.22222222222221,100.0,100.0,100.0
6,11.486486486486488,33.108108108108105,96.62162162162163,100.0,100.0,100.0
7,17.088607594936708,37.34177215189873,96.83544303797468,100.0,100.0,100.0
8,19.631901840490798,39.263803680981596,96.31901840490798,100.0,100.0,100.0
