,TPR,FPR
gb_opt,77.77777777777779,0.8658008658008658
gb_ipw_opt,93.93939393939394,8.513708513708513
wrangler,65.65656565656566,36.507936507936506
