,TPR,FPR
gb_opt,80.0,0.0
gb_ipw_opt,100.0,22.972972972972975
wrangler,60.0,43.24324324324324
