,TPR,FPR
gb_opt,52.083333333333336,0.7604562737642585
gb_ipw_opt,97.91666666666666,8.365019011406844
wrangler,97.91666666666666,17.490494296577946
