,TPR,FPR
gb_opt,50.0,0.0
gb_ipw_opt,100.0,97.61904761904762
wrangler,43.75,15.476190476190476
