,TPR,FPR
gb_opt,67.67676767676768,1.1494252873563218
gb_ipw_opt,92.92929292929293,19.82758620689655
wrangler,96.96969696969697,46.40804597701149
