,TPR,FPR
gb_opt,52.52525252525253,0.7194244604316548
gb_ipw_opt,95.95959595959596,35.97122302158273
wrangler,90.9090909090909,43.02158273381295
