,TPR,FPR
gb_opt,78.78787878787878,1.358695652173913
gb_ipw_opt,92.92929292929293,8.967391304347826
wrangler,98.98989898989899,53.2608695652174
