,TPR,FPR
gb_opt,0.0,0.0
gb_ipw_opt,65.38461538461539,7.262569832402235
wrangler,26.923076923076923,15.083798882681565
