,TPR,FPR
gb_opt,48.484848484848484,0.8522727272727272
gb_ipw_opt,92.92929292929293,29.97159090909091
wrangler,72.72727272727273,37.64204545454545
