,TPR,FPR
gb_opt,90.9090909090909,1.282051282051282
gb_ipw_opt,94.94949494949495,7.834757834757834
wrangler,74.74747474747475,42.45014245014245
