,TPR,FPR
gb_opt,89.8989898989899,2.1398002853067046
gb_ipw_opt,94.94949494949495,11.840228245363766
wrangler,97.97979797979798,46.64764621968616
