,TPR,FPR
gb_opt,46.15384615384615,0.27932960893854747
gb_ipw_opt,63.46153846153846,5.865921787709497
wrangler,48.07692307692308,16.480446927374302
