,TPR,FPR
gb_opt,88.88888888888889,1.2838801711840229
gb_ipw_opt,95.95959595959596,13.12410841654779
wrangler,98.98989898989899,41.65477888730385
