,TPR,FPR
gb_opt,29.629629629629626,1.1173184357541899
gb_ipw_opt,88.88888888888889,57.54189944134078
wrangler,85.18518518518519,52.513966480446925
