,TPR,FPR
gb_opt,78.57142857142857,0.0
gb_ipw_opt,100.0,9.75609756097561
wrangler,92.85714285714286,76.82926829268293
