,TPR,FPR
gb_opt,94.73684210526315,0.0
gb_ipw_opt,100.0,8.208955223880597
wrangler,68.42105263157895,18.65671641791045
