,TPR,FPR
gb_opt,81.81818181818183,0.0
gb_ipw_opt,100.0,2.898550724637681
wrangler,0.0,0.0
