,TPR,FPR
gb_opt,31.683168316831683,1.5602836879432624
gb_ipw_opt,83.16831683168317,34.8936170212766
wrangler,67.32673267326733,34.46808510638298
