,TPR,FPR
gb_opt,89.0,0.8163265306122449
gb_ipw_opt,99.0,10.476190476190476
wrangler,96.0,19.45578231292517
