,TPR,FPR
gb_opt,59.80392156862745,0.14388489208633093
gb_ipw_opt,95.09803921568627,19.136690647482013
wrangler,91.17647058823529,41.294964028776974
