,TPR,FPR
gb_opt,34.61538461538461,0.0
gb_ipw_opt,100.0,68.55345911949685
wrangler,92.3076923076923,64.15094339622641
