,TPR,FPR
gb_opt,33.9622641509434,0.0
gb_ipw_opt,95.28301886792453,38.857142857142854
wrangler,90.56603773584906,42.142857142857146
