,TPR,FPR
gb_opt,36.36363636363637,0.0
gb_ipw_opt,100.0,15.942028985507244
wrangler,27.27272727272727,10.144927536231885
