,TPR,FPR
gb_opt,64.91228070175438,1.507537688442211
gb_ipw_opt,71.9298245614035,4.522613065326634
wrangler,45.614035087719294,13.06532663316583
