,TPR,FPR
gb_opt,78.26086956521739,0.0
gb_ipw_opt,91.30434782608695,4.166666666666666
wrangler,78.26086956521739,65.27777777777779
