,TPR,FPR
gb_opt,57.57575757575758,0.860832137733142
gb_ipw_opt,87.87878787878788,12.769010043041607
wrangler,89.8989898989899,44.61979913916787
