,TPR,FPR
gb_opt,87.17948717948718,0.7299270072992701
gb_ipw_opt,97.43589743589743,6.204379562043796
wrangler,92.3076923076923,14.233576642335766
