,TPR,FPR
gb_opt,69.23076923076923,0.0
gb_ipw_opt,100.0,6.521739130434782
wrangler,61.53846153846154,19.565217391304348
