,TPR,FPR
gb_opt,70.0,0.38314176245210724
gb_ipw_opt,100.0,7.2796934865900385
wrangler,87.5,13.026819923371647
