,TPR,FPR
gb_opt,91.0,1.585014409221902
gb_ipw_opt,95.0,12.968299711815561
wrangler,97.0,45.53314121037464
