,TPR,FPR
gb_opt,74.74747474747475,0.8571428571428572
gb_ipw_opt,91.91919191919192,7.571428571428572
wrangler,97.97979797979798,61.857142857142854
