,TPR,FPR
gb_opt,94.44444444444444,0.0
gb_ipw_opt,100.0,12.837837837837837
wrangler,94.44444444444444,37.16216216216216
