,TPR,FPR
gb_opt,96.0,0.5714285714285714
gb_ipw_opt,100.0,2.857142857142857
wrangler,84.0,6.857142857142858
