,TPR,FPR
gb_opt,68.75,0.0
gb_ipw_opt,100.0,4.807692307692308
wrangler,93.75,8.653846153846153
