,TPR,FPR
gb_opt,42.71844660194174,0.2894356005788712
gb_ipw_opt,89.32038834951457,29.52243125904486
wrangler,77.66990291262135,40.520984081041966
