,TPR,FPR
gb_opt,6.363636363636363,0.13020833333333331
gb_ipw_opt,74.54545454545455,13.671875
wrangler,39.09090909090909,5.078125
