,TPR,FPR
gb_opt,95.0,4.026845637583892
gb_ipw_opt,100.0,28.187919463087248
wrangler,65.0,20.80536912751678
