,TPR,FPR
gb_opt,56.56565656565656,2.4079320113314444
gb_ipw_opt,91.91919191919192,27.47875354107649
wrangler,64.64646464646465,28.611898016997166
