,TPR,FPR
gb_opt,20.454545454545457,6.329113924050633
gb_ipw_opt,72.72727272727273,38.39662447257383
wrangler,81.81818181818183,68.35443037974683
