,TPR,FPR
gb_opt,13.725490196078432,0.8595988538681949
gb_ipw_opt,86.27450980392157,44.126074498567334
wrangler,72.54901960784314,48.42406876790831
