,TPR,FPR
gb_opt,89.74358974358975,0.0
gb_ipw_opt,97.43589743589743,8.518518518518519
wrangler,92.3076923076923,15.555555555555555
