,TPR,FPR
gb_opt,0.0,0.0
gb_ipw_opt,90.47619047619048,5.263157894736842
wrangler,0.0,0.0
