,TPR,FPR
gb_opt,70.0,0.0
gb_ipw_opt,97.5,8.540925266903916
wrangler,60.0,5.6939501779359425
