,TPR,FPR
gb_opt,63.24786324786324,4.35967302452316
gb_ipw_opt,96.58119658119658,19.891008174386922
wrangler,97.43589743589743,52.31607629427793
