,TPR,FPR
gb_opt,81.81818181818183,0.0
gb_ipw_opt,100.0,4.166666666666666
wrangler,81.81818181818183,4.166666666666666
