,TPR,FPR
gb_opt,75.75757575757575,0.823045267489712
gb_ipw_opt,97.97979797979798,10.83676268861454
wrangler,94.94949494949495,48.010973936899866
