,TPR,FPR
gb_opt,100.0,0.0
gb_ipw_opt,100.0,1.530612244897959
wrangler,96.15384615384616,10.204081632653061
