,TPR,FPR
gb_opt,49.532710280373834,1.7045454545454544
gb_ipw_opt,95.32710280373831,16.477272727272727
wrangler,99.06542056074767,44.034090909090914
