,TPR,FPR
gb_opt,20.792079207920793,0.13679890560875513
gb_ipw_opt,87.12871287128714,20.51983584131327
wrangler,79.20792079207921,22.98221614227086
