,TPR,FPR
gb_opt,15.0,0.0
gb_ipw_opt,75.0,2.142857142857143
wrangler,15.0,0.7142857142857143
