,TPR,FPR
gb_opt,72.72727272727273,0.0
gb_ipw_opt,100.0,12.857142857142856
wrangler,36.36363636363637,2.857142857142857
