,TPR,FPR
gb_opt,61.53846153846154,0.0
gb_ipw_opt,100.0,7.042253521126761
wrangler,53.84615384615385,4.225352112676056
