,TPR,FPR
gb_opt,64.64646464646465,1.875901875901876
gb_ipw_opt,98.98989898989899,28.28282828282828
wrangler,100.0,50.505050505050505
