,TPR,FPR
gb_opt,46.15384615384615,0.27932960893854747
gb_ipw_opt,63.46153846153846,5.865921787709497
wrangler,36.53846153846153,2.5139664804469275
