,TPR,FPR
gb_opt,82.82828282828282,0.9602194787379973
gb_ipw_opt,95.95959595959596,8.641975308641975
wrangler,79.7979797979798,42.79835390946502
