,TPR,FPR
gb_opt,49.494949494949495,1.4285714285714286
gb_ipw_opt,92.92929292929293,31.71428571428571
wrangler,81.81818181818183,38.857142857142854
