,TPR,FPR
gb_opt,9.523809523809524,2.727272727272727
gb_ipw_opt,100.0,69.0909090909091
wrangler,0.0,0.0
