,TPR,FPR
gb_opt,81.25,0.0
gb_ipw_opt,100.0,4.807692307692308
wrangler,37.5,28.846153846153843
