,TPR,FPR
gb_opt,86.86868686868688,1.4306151645207439
gb_ipw_opt,97.97979797979798,8.869814020028613
wrangler,73.73737373737373,36.194563662374826
