,TPR,FPR
gb_opt,92.5925925925926,0.5405405405405406
gb_ipw_opt,100.0,6.486486486486487
wrangler,74.07407407407408,17.83783783783784
