,TPR,FPR
gb_opt,41.37931034482759,0.0
gb_ipw_opt,100.0,69.86301369863014
wrangler,95.40229885057471,52.054794520547944
