,TPR,FPR
gb_opt,57.14285714285714,0.0
gb_ipw_opt,100.0,78.53107344632768
wrangler,0.0,0.0
