,TPR,FPR
gb_opt,53.84615384615385,0.5586592178770949
gb_ipw_opt,92.3076923076923,51.955307262569825
wrangler,0.0,0.0
