,TPR,FPR
gb_opt,56.52173913043478,0.0
gb_ipw_opt,100.0,100.0
wrangler,47.82608695652174,24.85207100591716
