,TPR,FPR
gb_opt,95.45454545454545,0.0
gb_ipw_opt,100.0,5.194805194805195
wrangler,59.09090909090909,4.545454545454546
