,TPR,FPR
gb_opt,84.0,0.9971509971509971
gb_ipw_opt,96.0,7.122507122507122
wrangler,95.0,12.82051282051282
