,TPR,FPR
gb_opt,57.89473684210527,0.0
gb_ipw_opt,94.73684210526315,5.263157894736842
wrangler,47.368421052631575,20.30075187969925
