,TPR,FPR
gb_opt,45.09803921568628,2.142857142857143
gb_ipw_opt,89.2156862745098,32.0
wrangler,82.35294117647058,43.57142857142857
