,TPR,FPR
gb_opt,88.0,0.9887005649717515
gb_ipw_opt,98.0,8.192090395480225
wrangler,91.0,10.59322033898305
