,TPR,FPR
gb_opt,68.5251798561151,1.0145681581685744
gb_ipw_opt,83.99280575539568,8.76690946930281
wrangler,80.03597122302159,21.566077003121748
