,TPR,FPR
gb_opt,82.82828282828282,0.9602194787379973
gb_ipw_opt,95.95959595959596,8.641975308641975
wrangler,49.494949494949495,32.78463648834019
