,TPR,FPR
gb_opt,69.23076923076923,0.0
gb_ipw_opt,100.0,5.747126436781609
wrangler,15.384615384615385,2.2988505747126435
