,TPR,FPR
gb_opt,40.909090909090914,0.0
gb_ipw_opt,100.0,3.6764705882352944
wrangler,68.18181818181817,10.294117647058822
