,TPR,FPR
gb_opt,65.21739130434783,4.3478260869565215
gb_ipw_opt,100.0,88.19875776397515
wrangler,56.52173913043478,15.527950310559005
