,TPR,FPR
gb_opt,55.434782608695656,0.37453183520599254
gb_ipw_opt,97.82608695652173,13.108614232209737
wrangler,90.21739130434783,34.831460674157306
