,TPR,FPR
gb_opt,62.5,1.4814814814814816
gb_ipw_opt,100.0,17.037037037037038
wrangler,83.33333333333334,32.592592592592595
