,TPR,FPR
gb_opt,96.42857142857143,0.4524886877828055
gb_ipw_opt,100.0,4.524886877828054
wrangler,100.0,18.552036199095024
