,TPR,FPR
gb_opt,76.92307692307693,0.5524861878453038
gb_ipw_opt,96.15384615384616,2.7624309392265194
wrangler,0.0,0.0
