,TPR,FPR
gb_opt,90.0,0.0
gb_ipw_opt,100.0,8.450704225352112
wrangler,80.0,28.169014084507044
