,TPR,FPR
gb_opt,35.84905660377358,1.1644832605531297
gb_ipw_opt,95.28301886792453,36.681222707423586
wrangler,93.39622641509435,45.851528384279476
