,TPR,FPR
gb_opt,20.0,3.8095238095238098
gb_ipw_opt,100.0,74.28571428571429
wrangler,6.666666666666667,0.9523809523809524
