,TPR,FPR
gb_opt,26.31578947368421,0.0
gb_ipw_opt,94.73684210526315,7.462686567164178
wrangler,10.526315789473683,10.44776119402985
