,TPR,FPR
gb_opt,95.23809523809523,0.0
gb_ipw_opt,100.0,1.2121212121212122
wrangler,52.38095238095239,7.878787878787878
