,TPR,FPR
gb_opt,67.67676767676768,1.6877637130801686
gb_ipw_opt,92.92929292929293,18.424753867791843
wrangler,72.72727272727273,34.458509142053444
