,TPR,FPR
gb_opt,90.0,0.0
gb_ipw_opt,100.0,4.054054054054054
wrangler,30.0,9.45945945945946
