,TPR,FPR
gb_opt,45.45454545454545,0.0
gb_ipw_opt,100.0,3.2467532467532463
wrangler,100.0,43.506493506493506
