,TPR,FPR
gb_opt,6.896551724137931,0.0
gb_ipw_opt,48.275862068965516,5.056179775280898
wrangler,55.172413793103445,40.44943820224719
