,TPR,FPR
gb_opt,41.37931034482759,0.5050505050505051
gb_ipw_opt,58.620689655172406,3.535353535353535
wrangler,34.48275862068966,9.595959595959595
