,TPR,FPR
gb_opt,91.0,1.881331403762663
gb_ipw_opt,100.0,8.683068017366136
wrangler,92.0,36.61360347322721
