,TPR,FPR
gb_opt,96.15384615384616,0.0
gb_ipw_opt,100.0,1.5625
wrangler,30.76923076923077,7.8125
