,TPR,FPR
gb_opt,64.70588235294117,0.0
gb_ipw_opt,100.0,22.272727272727273
wrangler,100.0,95.0
