,TPR,FPR
gb_opt,64.54545454545455,3.0197444831591174
gb_ipw_opt,99.0909090909091,12.89198606271777
wrangler,87.27272727272727,13.937282229965156
