,TPR,FPR
gb_opt,34.34343434343434,1.0101010101010102
gb_ipw_opt,85.85858585858585,32.17893217893218
wrangler,91.91919191919192,54.83405483405483
