,TPR,FPR
gb_opt,70.70707070707071,1.146131805157593
gb_ipw_opt,86.86868686868688,10.028653295128938
wrangler,60.60606060606061,31.661891117478508
