,TPR,FPR
gb_opt,60.60606060606061,1.7241379310344827
gb_ipw_opt,92.92929292929293,18.53448275862069
wrangler,95.95959595959596,42.95977011494253
