,TPR,FPR
gb_opt,45.09803921568628,2.142857142857143
gb_ipw_opt,89.2156862745098,32.0
wrangler,72.54901960784314,34.714285714285715
