,TPR,FPR
gb_opt,88.88888888888889,0.7936507936507936
gb_ipw_opt,94.44444444444444,5.555555555555555
wrangler,88.88888888888889,58.730158730158735
