,TPR,FPR
gb_opt,27.27272727272727,0.0
gb_ipw_opt,100.0,0.0
wrangler,72.72727272727273,2.5806451612903225
