,TPR,FPR
gb_opt,83.33333333333334,2.4390243902439024
gb_ipw_opt,94.44444444444444,5.691056910569105
wrangler,61.111111111111114,47.15447154471545
