,TPR,FPR
gb_opt,16.666666666666664,1.1904761904761905
gb_ipw_opt,100.0,78.57142857142857
wrangler,0.0,0.0
