,TPR,FPR
gb_opt,90.0,1.1152416356877324
gb_ipw_opt,100.0,10.408921933085502
wrangler,100.0,13.382899628252787
