,TPR,FPR
gb_opt,39.39393939393939,0.0
gb_ipw_opt,100.0,96.61016949152543
wrangler,100.0,93.22033898305084
