,TPR,FPR
gb_opt,88.46153846153845,0.0
gb_ipw_opt,96.15384615384616,4.395604395604396
wrangler,65.38461538461539,24.175824175824175
