,TPR,FPR
gb_opt,50.0,1.4084507042253522
gb_ipw_opt,100.0,38.028169014084504
wrangler,0.0,0.0
