,TPR,FPR
gb_opt,79.7979797979798,0.5681818181818182
gb_ipw_opt,95.95959595959596,11.221590909090908
wrangler,93.93939393939394,40.909090909090914
