,TPR,FPR
gb_opt,31.428571428571427,0.5780346820809248
gb_ipw_opt,89.52380952380953,30.20231213872832
wrangler,66.66666666666666,31.9364161849711
