,TPR,FPR
gb_opt,30.8411214953271,1.7391304347826086
gb_ipw_opt,83.17757009345794,31.44927536231884
wrangler,77.57009345794393,46.08695652173913
