,TPR,FPR
gb_opt,66.66666666666666,0.0
gb_ipw_opt,100.0,27.941176470588236
wrangler,27.77777777777778,20.588235294117645
