,TPR,FPR
gb_opt,84.61538461538461,0.0
gb_ipw_opt,94.87179487179486,2.2222222222222223
wrangler,97.43589743589743,16.296296296296298
