,TPR,FPR
gb_opt,55.44554455445545,1.5427769985974753
gb_ipw_opt,87.12871287128714,18.513323983169705
wrangler,97.02970297029702,48.38709677419355
