,TPR,FPR
gb_opt,50.0,0.4132231404958678
gb_ipw_opt,76.47058823529412,2.479338842975207
wrangler,77.94117647058823,34.917355371900825
