,TPR,FPR
gb_opt,88.0,1.4285714285714286
gb_ipw_opt,100.0,91.14285714285715
wrangler,100.0,94.57142857142857
