,TPR,FPR
gb_opt,81.81818181818183,0.7102272727272727
gb_ipw_opt,95.95959595959596,7.8125
wrangler,93.93939393939394,47.44318181818182
