,TPR,FPR
gb_opt,0.0,0.0
gb_ipw_opt,81.81818181818183,5.797101449275362
wrangler,68.18181818181817,39.130434782608695
