,TPR,FPR
gb_opt,89.8989898989899,1.5558698727015559
gb_ipw_opt,97.97979797979798,10.183875530410184
wrangler,55.55555555555556,30.693069306930692
