,TPR,FPR
gb_opt,87.17948717948718,0.0
gb_ipw_opt,94.87179487179486,8.088235294117647
wrangler,35.8974358974359,6.985294117647059
