,TPR,FPR
gb_opt,16.666666666666664,0.0
gb_ipw_opt,100.0,100.0
wrangler,33.33333333333333,30.158730158730158
