,TPR,FPR
gb_opt,64.91228070175438,1.507537688442211
gb_ipw_opt,71.9298245614035,4.522613065326634
wrangler,43.859649122807014,11.055276381909549
