,TPR,FPR
gb_opt,84.21052631578947,0.0
gb_ipw_opt,100.0,7.518796992481203
wrangler,73.68421052631578,51.127819548872175
