,TPR,FPR
gb_opt,27.27272727272727,0.0
gb_ipw_opt,100.0,0.0
wrangler,77.27272727272727,8.38709677419355
