,TPR,FPR
gb_opt,15.0,0.0
gb_ipw_opt,75.0,2.142857142857143
wrangler,45.0,22.857142857142858
