,TPR,FPR
gb_opt,54.0,1.146131805157593
gb_ipw_opt,93.0,31.661891117478508
wrangler,95.0,45.12893982808023
