,TPR,FPR
gb_opt,71.7948717948718,0.0
gb_ipw_opt,92.3076923076923,5.9259259259259265
wrangler,43.58974358974359,11.481481481481481
