,TPR,FPR
gb_opt,72.22222222222221,0.0
gb_ipw_opt,94.44444444444444,15.873015873015872
wrangler,11.11111111111111,2.380952380952381
