,TPR,FPR
gb_opt,85.71428571428571,0.0
gb_ipw_opt,100.0,15.957446808510639
wrangler,78.57142857142857,21.27659574468085
