,gb,gb_ipw,wrangler_23,wrangler_16
0,0.003949164442014613,0.0056999436592079025,0.0134654237492227,0.0021609887197701584
