,gb,gb_ipw,wrangler_23,wrangler_16
0,0.006388893146267123,0.011241170782918739,0.006430472204327988,0.001654573753317563
