,gb,gb_ipw,wrangler_23,wrangler_16
0,0.009781703716371118,0.013670372313030137,0.0037377970119459904,0.001176992197004817
