,gb,gb_ipw,wrangler_23,wrangler_16
0,0.028909632453212028,0.04923619605876781,0.005775027804904514,0.004029108418358697
