,gb,gb_ipw,wrangler_23,wrangler_16
0,0.019461680681277543,0.0350546633076464,0.005439815358218984,0.004109154399643596
