,gb,gb_ipw,wrangler_23,wrangler_16
0,0.018135482716448433,0.030660853139671363,0.0038393226587716406,0.0025974193089444877
