,gb,gb_ipw,wrangler_23,wrangler_16
0,0.02478045978765378,0.04576985863433488,0.005728554451602628,0.004109980046064003
