,gb,gb_ipw,wrangler_23,wrangler_16
0,0.04819333553314209,0.08434504270553589,0.008903443813323976,0.006894270579020183
