,gb,gb_ipw,wrangler_23,wrangler_16
0,0.02197222521076095,0.036663928274380954,0.0047454726224565235,0.003800553790593551
