,gb,gb_ipw,wrangler_23,wrangler_16
0,0.007961322734882304,0.009513303831026151,0.010719655396102312,0.001741059414752118
