,gb,gb_ipw,wrangler_23,wrangler_16
0,0.02526474982192836,0.04341381112324823,0.00503972633597777,0.0036932758449279165
