,gb,gb_ipw,wrangler_23,wrangler_16
0,0.02069730103058142,0.028471053421088997,0.004027432199068562,0.0018563192842025271
