,gb,gb_ipw,wrangler_23,wrangler_16
0,0.031051684900657416,0.0507398978951051,0.006253940542948616,0.004430161308996456
