,gb,gb_ipw,wrangler_23,wrangler_16
0,0.029847053374342913,0.03940179454483813,0.003797799381834854,0.002597257544431972
