,gb,gb_ipw,wrangler_23,wrangler_16
0,0.016360635374096863,0.0323068907515369,0.007146896444130812,0.003051891228992035
