,gb,gb_ipw,wrangler_23,wrangler_16
0,0.030885128563243294,0.044570428846051335,0.005615159055774081,0.003530311805999791
