,gb,gb_ipw,wrangler_23,wrangler_16
0,0.010680231621594932,0.019829738430860566,0.005721222094404019,0.00200731967522846
