,gb,gb_ipw,wrangler_23,wrangler_16
0,0.02562786088622172,0.0335802741375448,0.005575206259815212,0.0019502184012172613
