,gb,gb_ipw,wrangler_23,wrangler_16
0,0.03201031253627412,0.04216237629678866,0.004919660447839885,0.002546695907778651
