,gb,gb_ipw,wrangler_23,wrangler_16
0,0.010139238409771557,0.018257367131701327,0.004460964113537274,0.0018833562433443263
