,gb,gb_ipw,wrangler_23,wrangler_16
0,0.020938423963693473,0.029206963685842656,0.004787857715900129,0.0022363204222459057
