,gb,gb_ipw,wrangler_23,wrangler_16
0,0.012946457278971767,0.013808072829733089,0.01594227187487544,0.002412090496141083
