,gb,gb_ipw,wrangler_23,wrangler_16
0,0.01403699076272608,0.023834056001368578,0.005638308641387194,0.0019647726198522056
