,gb,gb_ipw,wrangler_23,wrangler_16
0,0.017740887494388485,0.030782974623387162,0.005980787194112806,0.0032737429105638162
