,gb,gb_ipw,wrangler_23,wrangler_16
0,0.018245585301322403,0.03470458048087205,0.007375806797663849,0.003839506836294628
