,gb,gb_ipw,wrangler_23,wrangler_16
0,0.009432383295562534,0.014222071816523872,0.007429953526567531,0.0023200797537962594
