,gb,gb_ipw,wrangler_23,wrangler_16
0,0.025095656896248843,0.04403216716570732,0.006036880688789562,0.004677054209586902
