,gb,gb_ipw,wrangler_23,wrangler_16
0,0.0217157815183912,0.04319734280071561,0.005772189488486639,0.0040599751094030955
