,gb,gb_ipw,wrangler_23,wrangler_16
0,0.015180466941039488,0.02548115645418699,0.006373651426841769,0.002165797249404194
