,gb,gb_ipw,wrangler_23,wrangler_16
0,0.01806380545322696,0.03576954487902565,0.006513067984372951,0.0036512456462424988
