,gb,gb_ipw,wrangler_23,wrangler_16
0,0.012423956490917086,0.01877368735735122,0.006665859152288999,0.0017733741967237997
