,gb,gb_ipw,wrangler_23,wrangler_16
0,0.03403057286768784,0.055809570438086736,0.008748392018761654,0.00435579951407978
