,gb,gb_ipw,wrangler_23,wrangler_16
0,0.029812154081678883,0.05070204587326836,0.005314522182818541,0.004350524587729543
