,gb,gb_ipw,wrangler_23,wrangler_16
0,0.0260449532005522,0.04485021862718794,0.005762506690290239,0.004579727020528582
