,gb,gb_ipw,wrangler_23,wrangler_16
0,0.010575511591221259,0.01947177134878267,0.0037617315121782507,0.002024231887445217
