,gb,gb_ipw,wrangler_23,wrangler_16
0,0.013606630057654815,0.021519657578641934,0.004407330509966531,0.0018543807724500634
