,gb,gb_ipw,wrangler_23,wrangler_16
0,0.020966111194519764,0.03701111390477134,0.005047413564863659,0.003740487117615958
