,gb,gb_ipw,wrangler_23,wrangler_16
0,0.01602073597859092,0.021536585803047303,0.003395874596033513,0.00150558082493335
