,gb,gb_ipw,wrangler_23,wrangler_16
0,0.0168079903962046,0.02866249718177812,0.004659745688012484,0.0026943831661947414
