,gb,gb_ipw,wrangler_23,wrangler_16
0,0.014498369016019386,0.026270691069459645,0.005732833638550909,0.0030136973594239846
