,gb,gb_ipw,wrangler_23,wrangler_16
0,0.017247648320646368,0.0307356190477681,0.004978261442265959,0.003592580811590211
