,gb,gb_ipw,wrangler_23,wrangler_16
0,0.008301822603001791,0.01690501258486793,0.005879530306415477,0.002407145241643393
