,gb,gb_ipw,wrangler_23,wrangler_16
0,0.023301881990960664,0.04392586072434125,0.008530165134153573,0.004238667749098032
