,gb,gb_ipw,wrangler_23,wrangler_16
0,0.018977331665326964,0.024794969918592917,0.00249447848276308,0.0013980582717936637
