,gb,gb_ipw,wrangler_23,wrangler_16
0,0.012554265803899406,0.017792551821163356,0.005328027582703938,0.0015315601542343984
