,gb,gb_ipw,wrangler_23,wrangler_16
0,0.012979851706602975,0.02298890537197505,0.006045474801012262,0.0024460794006441384
