,gb,gb_ipw,wrangler_23,wrangler_16
0,0.03070168788047795,0.047456244307752866,0.007076070076948699,0.00493997040431842
