,gb,gb_ipw,wrangler_23,wrangler_16
0,0.021932274103164673,0.0410643716653188,0.007149825493494669,0.0040752192338307704
