,gb,gb_ipw,wrangler_23,wrangler_16
0,0.003933193377799991,0.007360139486583139,0.004789807923598004,0.0012857738893457902
