,gb,gb_ipw,wrangler_23,wrangler_16
0,0.03136425319210849,0.04571172414680408,0.005582598818030555,0.003758503011403038
