,gb,gb_ipw,wrangler_23,wrangler_16
0,0.007540496318916533,0.013315666932194275,0.001990248893470456,0.0011920928955078125
