,gb,gb_ipw,wrangler_23,wrangler_16
0,0.014184345775085868,0.02373051792250266,0.004042446205667749,0.002284507966984463
