,gb,gb_ipw,wrangler_23,wrangler_16
0,0.02817500721324574,0.042665654962713066,0.004912289706143466,0.0046343369917436076
