,gb,gb_ipw,wrangler_23,wrangler_16
0,0.021159122086534594,0.03959057909069639,0.005701613245588362,0.003990877156305794
