,gb,gb_ipw,wrangler_23,wrangler_16
0,0.01494875757685511,0.02428681859166631,0.003439275336352897,0.0021895427843589923
