,gb,gb_ipw,wrangler_23,wrangler_16
0,0.02420125972656977,0.04649446124122257,0.005475467159634545,0.00403785989398048
