,gb,gb_ipw,wrangler_23,wrangler_16
0,0.005466315091883794,0.01197927927212326,0.0038308022621692988,0.0013838746841082173
