,gb,gb_ipw,wrangler_23,wrangler_16
0,0.011892434285611523,0.01616614813707313,0.0046482297028003095,0.0013858079910278322
