,gb,gb_ipw,wrangler_23,wrangler_16
0,0.015597800685934827,0.031580663707158334,0.0064118267738655825,0.003145165639380886
