,gb,gb_ipw,wrangler_23,wrangler_16
0,0.01779251300825247,0.024157603060218313,0.004367055705194217,0.001867271203816629
