,gb,gb_ipw,wrangler_23,wrangler_16
0,0.016329052684071296,0.02714434822837075,0.005808001540015536,0.0025700031451421175
