,gb,gb_ipw,wrangler_23,wrangler_16
0,0.010799345814793328,0.018210538547041025,0.004172872879550968,0.001788637293510469
