,gb,gb_ipw,wrangler_23,wrangler_16
0,0.01886685402384734,0.03423594567749905,0.007550449577909945,0.0034339539841194014
