,gb,gb_ipw,wrangler_23,wrangler_16
0,0.016145053363981702,0.026770290874299548,0.007471690575281778,0.0023905720029558453
