,gb,gb_ipw,wrangler_23,wrangler_16
0,0.015098037141742128,0.02758435227654197,0.004205875324480459,0.0029987006476431184
