,gb,gb_ipw,wrangler_23,wrangler_16
0,0.019124368341957656,0.03756613207439039,0.009186398839092983,0.004119416650629713
