,gb,gb_ipw,wrangler_23,wrangler_16
0,0.024297020652077415,0.040488411681820644,0.00499535088587289,0.0038652709036162405
