,gb,gb_ipw,wrangler_23,wrangler_16
0,0.02898475102015904,0.043246950422014506,0.0039310455322265625,0.0031916754586356027
