,gb,gb_ipw,wrangler_23,wrangler_16
0,0.018910928206010296,0.030009971036539445,0.005112743222868289,0.0025226504771740407
