,gb,gb_ipw,wrangler_23,wrangler_16
0,0.011332757204982299,0.021605417688840754,0.007361127411421537,0.0027513352046542056
