,gb,gb_ipw,wrangler_23,wrangler_16
0,0.007745246540115859,0.011784433974205998,0.005556936556035421,0.001340829038261885
