,gb,gb_ipw,wrangler_23,wrangler_16
0,0.01394683116077721,0.02111407658710207,0.006719522088012024,0.0017586320933729116
