,gb,gb_ipw,wrangler_23,wrangler_16
0,0.01934499440059239,0.03348056462617409,0.008976222663525716,0.0036640999169620836
