,gb,gb_ipw,wrangler_23,wrangler_16
0,0.016676055060492623,0.024261061843359508,0.0036186950151310413,0.00174125651672521
