,gb,gb_ipw,wrangler_23,wrangler_16
0,0.027208350704079336,0.047619151919378405,0.005367599439396401,0.004085678507806368
