,gb,gb_ipw,wrangler_23,wrangler_16
0,0.015325299123438392,0.026775811745868464,0.006444328199557172,0.002562999725341797
