,gb,gb_ipw,wrangler_23,wrangler_16
0,0.029351876779524062,0.044730247893580946,0.008968057447556332,0.0034844301282203963
