,gb,gb_ipw,wrangler_23,wrangler_16
0,0.023199615415876916,0.047080622518003865,0.005342200863341784,0.004508323074365876
