,gb,gb_ipw,wrangler_23,wrangler_16
0,0.022270199325349595,0.03969290899851966,0.005726185109880234,0.0043843118917374375
