,gb,gb_ipw,wrangler_23,wrangler_16
0,0.025865957909023636,0.04553856308927241,0.005287607920538518,0.003766153276581125
