,gb,gb_ipw,wrangler_23,wrangler_16
0,0.02828312496985159,0.0414052797902015,0.004419756512488089,0.0030087126839545464
