,gb,gb_ipw,wrangler_23,wrangler_16
0,0.014741414336748021,0.020242666685453024,0.00364493618729294,0.0013565664650291528
