,gb,gb_ipw,wrangler_23,wrangler_16
0,0.021558696940793827,0.04485805155867237,0.005136101932848914,0.004111710241285421
