,gb,gb_ipw,wrangler_23,wrangler_16
0,0.01626724666143797,0.030479519404449377,0.005107413320849475,0.004214116840099369
