,gb,gb_ipw,wrangler_23,wrangler_16
0,0.026977084802858754,0.045181957609725716,0.005718320608139037,0.004434280774810098
