,gb,gb_ipw,wrangler_23,wrangler_16
0,0.022556815114054645,0.03844207817024284,0.004689454476594369,0.0031420956680546833
