,gb,gb_ipw,wrangler_23,wrangler_16
0,0.022924939791361496,0.040646394093831376,0.006025532881418864,0.003757576147715251
