,gb,gb_ipw,wrangler_23,wrangler_16
0,0.016584135081670056,0.02904085263814012,0.004939510397715112,0.002924546803513618
