,gb,gb_ipw,wrangler_23,wrangler_16
0,0.01647126489352686,0.02639528383245122,0.0030216157745203208,0.0021031483467378763
