,gb,gb_ipw,wrangler_23,wrangler_16
0,0.024557734529177346,0.05081109702587128,0.009283423423767092,0.004532436529795329
