,gb,gb_ipw,wrangler_23,wrangler_16
0,0.04371913770834605,0.06861574947834015,0.007744257648785907,0.00569137434164683
