,gb,gb_ipw,wrangler_23,wrangler_16
0,0.028308881383363897,0.04695191675302934,0.005325005978954081,0.004246607929670892
