,gb,gb_ipw,wrangler_23,wrangler_16
0,0.015713812149677084,0.024611290377849565,0.0032463024571998834,0.002052058878633165
