,gb,gb_ipw,wrangler_23,wrangler_16
0,0.018279911271482135,0.02420230891706381,0.003961682592848041,0.001357109879973829
