,gb,gb_ipw,wrangler_23,wrangler_16
0,0.01067701336985168,0.019727227563552458,0.006590090203889529,0.0019948029848789266
