,gb,gb_ipw,wrangler_23,wrangler_16
0,0.02224191939089932,0.04540755292453333,0.005521637908482955,0.0040101171550104165
