,gb,gb_ipw,wrangler_23,wrangler_16
0,0.019132151260032308,0.03479157124195729,0.007627559853745652,0.0034538027760502824
