,gb,gb_ipw,wrangler_23,wrangler_16
0,0.023204946156704064,0.04740036798245979,0.006478844266949279,0.004892773700482918
