,gb,gb_ipw,wrangler_23,wrangler_16
0,0.016741714272997654,0.02215135512978398,0.0035817917166702227,0.001292605821952104
