,gb,gb_ipw,wrangler_23,wrangler_16
0,0.013549856961092208,0.02013202657036603,0.003019596803634562,0.0013525791984190915
