,gb,gb_ipw,wrangler_23,wrangler_16
0,0.00978248781271058,0.015304930447889465,0.0026452252164362576,0.0013449121356974392
