,gb,gb_ipw,wrangler_23,wrangler_16
0,0.016421092672506552,0.029895262351081957,0.005944572512976239,0.0036632347190369624
