,gb,gb_ipw,wrangler_23,wrangler_16
0,0.0069560997523836895,0.010663197135808298,0.009216609295320748,0.0016413821589772175
