,gb,gb_ipw,wrangler_23,wrangler_16
0,0.01770313596506012,0.02785826262324206,0.007082959839107956,0.0028827486658942773
