,gb,gb_ipw,wrangler_23,wrangler_16
0,0.011307203850778593,0.021870482983595254,0.005413096432318161,0.002355201504878238
