,gb,gb_ipw,wrangler_23,wrangler_16
0,0.0320622713183731,0.05595820354543899,0.006209831988576872,0.0053448663656132855
