,gb,gb_ipw,wrangler_23,wrangler_16
0,0.019614469294635565,0.03523255481612862,0.004813033850432222,0.0036954580013974403
