,gb,gb_ipw,wrangler_23,wrangler_16
0,0.012325230550704782,0.02033010628879402,0.0048838061657939455,0.00174886199925055
