,gb,gb_ipw,wrangler_23,wrangler_16
0,0.028246144453684487,0.049662590026855476,0.0070095062255859375,0.0050514936447143555
