,gb,gb_ipw,wrangler_23,wrangler_16
0,0.015861845946955635,0.027604901003538046,0.0048144811361558095,0.002723713986728957
