,gb,gb_ipw,wrangler_23,wrangler_16
0,0.023630758126576744,0.04234593926054058,0.005892223932526328,0.005103083270968812
