,gb,gb_ipw,wrangler_23,wrangler_16
0,0.02565350331051249,0.04462624939394669,0.004168407458094924,0.0030126929842810117
