,gb,gb_ipw,wrangler_23,wrangler_16
0,0.019731896894949454,0.031928359358399,0.005199125519505253,0.0028366016017066105
