,gb,gb_ipw,wrangler_23,wrangler_16
0,0.017857786092630862,0.03168443641329485,0.005445207061507216,0.00365497380821123
