,gb,gb_ipw,wrangler_23,wrangler_16
0,0.015058976723905833,0.02486288123694866,0.004101585555862594,0.0023588335891654593
