,gb,gb_ipw,wrangler_23,wrangler_16
0,0.016617838204381317,0.028887731010781046,0.005716227726215393,0.0028797422859333554
