,gb,gb_ipw,wrangler_23,wrangler_16
0,0.04234510598723421,0.0804306305560869,0.01496752512823675,0.007312936881153854
