,gb,gb_ipw,wrangler_23,wrangler_16
0,0.014684850519353693,0.023884339766068893,0.006049416281960227,0.0020292455499822445
