,gb,gb_ipw,wrangler_23,wrangler_16
0,0.02755605341506032,0.04674424283966029,0.00516082003354207,0.003986478807726813
