,gb,gb_ipw,wrangler_23,wrangler_16
0,0.005799140462635002,0.008612835814974412,0.01182512038556046,0.0017456754032121862
