,gb,gb_ipw,wrangler_23,wrangler_16
0,0.00805941402817502,0.015587716286439528,0.005597166851425597,0.0018190215038990179
