,gb,gb_ipw,wrangler_23,wrangler_16
0,0.020437037230836074,0.03525228011413408,0.004782434383883883,0.0037261286578031297
