,gb,gb_ipw,wrangler_23,wrangler_16
0,0.023252966385039077,0.04070352703805953,0.00592149675838531,0.004717341018101526
