,gb,gb_ipw,wrangler_23,wrangler_16
0,0.018256886628760162,0.02428649892061547,0.003529237608382644,0.0013940739181806457
