,gb,gb_ipw,wrangler_23,wrangler_16
0,0.02264695245427791,0.03904190773107179,0.00836531176973817,0.004163238400772565
