,gb,gb_ipw,wrangler_23,wrangler_16
0,0.015082505632218515,0.024526446944978766,0.005348333043679312,0.0022452836680081573
