,gb,gb_ipw,wrangler_23,wrangler_16
0,0.023981746556932183,0.047939075344921186,0.007828389208858082,0.004189685965210364
