,gb,gb_ipw,wrangler_23,wrangler_16
0,0.010536947558003088,0.018829155352807814,0.00577967974447435,0.0017424264261799477
