,gb,gb_ipw,wrangler_23,wrangler_16
0,0.02552225452616078,0.030317425480007876,0.007159463746301515,0.0016369426407420794
