,gb,gb_ipw,wrangler_23,wrangler_16
0,0.028820708394050598,0.0478879859050115,0.007382283608118693,0.004838531215985616
