,gb,gb_ipw,wrangler_23,wrangler_16
0,0.021357320796298443,0.03519165987348826,0.004661285271078853,0.0033796170337051998
