,gb,gb_ipw,wrangler_23,wrangler_16
0,0.024430453777313232,0.04610348315466018,0.00591895409992763,0.004223414829799107
