,gb,gb_ipw,wrangler_23,wrangler_16
0,0.023174321367627097,0.04560730996586027,0.007547970329012189,0.004662821690241496
