,gb,gb_ipw,wrangler_23,wrangler_16
0,0.023391275178818487,0.04066213492363219,0.005521116748688712,0.004522620685516842
