,gb,gb_ipw,wrangler_23,wrangler_16
0,0.01736359628880595,0.02326865116988226,0.003431432990617649,0.0014213639387054293
