,gb,gb_ipw,wrangler_23,wrangler_16
0,0.015356881811754387,0.029107317014814685,0.007189900363660751,0.002970859121432821
