,gb,gb_ipw,wrangler_23,wrangler_16
0,0.013708221984925183,0.015916616389524137,0.004868921675820702,0.0008130250870173973
