,gb,gb_ipw,wrangler_23,wrangler_16
0,0.008681527138829099,0.017873786409383047,0.006556745589248778,0.002046655214007177
