,gb,gb_ipw,wrangler_23,wrangler_16
0,0.015019335680537753,0.01744643474618594,0.011268123570415707,0.0012344991167386372
