,gb,gb_ipw,wrangler_23,wrangler_16
0,0.011836439157319035,0.02321211816248627,0.005239507674258729,0.002192515952914369
