,gb,gb_ipw,wrangler_23,wrangler_16
0,0.026361367037129962,0.042354644731033675,0.006438167982323223,0.004274034222891163
