,gb,gb_ipw,wrangler_23,wrangler_16
0,0.023956151352715244,0.04169949141564647,0.005844259316705482,0.004130813537457827
