,gb,gb_ipw,wrangler_23,wrangler_16
0,0.029206827834800435,0.05003809928894043,0.005127655135260688,0.0038091783170346866
