,gb,gb_ipw,wrangler_23,wrangler_16
0,0.006855628216564014,0.012941234912878189,0.011276659100541053,0.0018973955566199475
