,gb,gb_ipw,wrangler_23,wrangler_16
0,0.03759427504106001,0.0580806623805653,0.007111466292178992,0.004356256639114534
