,gb,gb_ipw,wrangler_23,wrangler_16
0,0.014870636282326271,0.02879087201430917,0.005480846723176003,0.0030200877845211484
