,gb,gb_ipw,wrangler_23,wrangler_16
0,0.03502021233240763,0.061530123154322304,0.0065202514330546055,0.005007038513819376
