,gb,gb_ipw,wrangler_23,wrangler_16
0,0.03512376019743835,0.05779542079588182,0.009195063930520124,0.00520466136283615
