,gb,gb_ipw,wrangler_23,wrangler_16
0,0.021848093831177914,0.03897748661763739,0.005665263443282157,0.003838290770848592
