,gb,gb_ipw,wrangler_23,wrangler_16
0,0.023567918580007167,0.04280558697935837,0.007111364738689045,0.00502709723221091
