,gb,gb_ipw,wrangler_23,wrangler_16
0,0.008809296147253046,0.013051937929217917,0.004207785264552362,0.001348139572850887
