,gb,gb_ipw,wrangler_23,wrangler_16
0,0.030046385346036972,0.04897063428705389,0.005432602131005489,0.003960096474849816
