,gb,gb_ipw,wrangler_23,wrangler_16
0,0.01897646968526051,0.021500976136182168,0.004613542100459195,0.0009723029068212187
