,gb,gb_ipw,wrangler_23,wrangler_16
0,0.02242518322808402,0.04489613430840629,0.005672671019084871,0.004172147739501227
