,gb,gb_ipw,wrangler_23,wrangler_16
0,0.022499028579656022,0.03347501649961367,0.004382622547638721,0.0025836539355826465
