,gb,gb_ipw,wrangler_23,wrangler_16
0,0.011525706724904796,0.021940935482331572,0.006896349389695906,0.00249350081093909
