,gb,gb_ipw,wrangler_23,wrangler_16
0,0.015246205393652274,0.026790183557469666,0.006217926342163516,0.0027194147291190185
