,gb,gb_ipw,wrangler_23,wrangler_16
0,0.018312962849934895,0.023073705037434895,0.0026184505886501733,0.0012948777940538195
