,gb,gb_ipw,wrangler_23,wrangler_16
0,0.01406696833431993,0.026887682474911485,0.0041788571501431395,0.002709697914994471
