,gb,gb_ipw,wrangler_23,wrangler_16
0,0.02547743774595715,0.04755634637106033,0.005620221296946208,0.004406131449199858
