,gb,gb_ipw,wrangler_23,wrangler_16
0,0.029458883441041986,0.049879311844916015,0.005746178238215352,0.004081270241134057
