,gb,gb_ipw,wrangler_23,wrangler_16
0,0.022582532394500004,0.04517423018576606,0.016325996035621286,0.0043370066181061765
