,gb,gb_ipw,wrangler_23,wrangler_16
0,0.01921918160633786,0.033580547925652605,0.007534000290923559,0.0035718473100511175
