,gb,gb_ipw,wrangler_23,wrangler_16
0,0.03898839155832926,0.0689069430033366,0.008412698904673258,0.0066598256429036455
