,gb,gb_ipw,wrangler_23,wrangler_16
0,0.04843464888979456,0.06732671491561398,0.008218732786007679,0.004454581968245968
