,gb,gb_ipw,wrangler_23,wrangler_16
0,0.030278667961199258,0.054776693127818944,0.00651123597449863,0.005141386051767881
