,gb,gb_ipw,wrangler_23,wrangler_16
0,0.012386395381047178,0.022279869796883348,0.0076133369380592284,0.002250589876093417
