,gb,gb_ipw,wrangler_23,wrangler_16
0,0.019689424066547268,0.03564150075879246,0.009364321210612356,0.003418348299824725
