,gb,gb_ipw,wrangler_23,wrangler_16
0,0.026404550395061063,0.047657907623605625,0.0060243704884322645,0.004462667347229632
