,gb,gb_ipw,wrangler_23,wrangler_16
0,0.024884017472414623,0.04465186718812923,0.005586552865726431,0.003967088522370328
