,gb,gb_ipw,wrangler_23,wrangler_16
0,0.023620528361153983,0.041126022263178755,0.005763615407640973,0.004259544232534983
