,gb,gb_ipw,wrangler_23,wrangler_16
0,0.03139877861196344,0.05129995671185581,0.005589290098710493,0.004378006313786363
