,gb,gb_ipw,wrangler_23,wrangler_16
0,0.04301259392186215,0.07069895142003109,0.011567614580455578,0.006495076313353421
