,gb,gb_ipw,wrangler_23,wrangler_16
0,0.02775521113954741,0.041456880240604795,0.004643818427776468,0.0033193621142157195
