,gb,gb_ipw,wrangler_23,wrangler_16
0,0.02802784244219462,0.04712119698524475,0.00564443568388621,0.004390254616737366
