,gb,gb_ipw,wrangler_23,wrangler_16
0,0.02815684786549321,0.04936451161349262,0.0058222148153516985,0.004288774949532967
