,gb,gb_ipw,wrangler_23,wrangler_16
0,0.029919811130798966,0.04549616390896826,0.0062087147506241945,0.00455846491548204
