,gb,gb_ipw,wrangler_23,wrangler_16
0,0.030230700485105438,0.04460887658439479,0.004512507741044208,0.006158475655179385
