,gb,gb_ipw,wrangler_23,wrangler_16
0,0.010843845005603429,0.014879715302002284,0.004404785984757299,0.001331782480693003
