,gb,gb_ipw,wrangler_23,wrangler_16
0,0.01575371610774915,0.02800259325239393,0.004572632872028115,0.0030083788765801318
