,gb,gb_ipw,wrangler_23,wrangler_16
0,0.02643031378587087,0.04423844317595164,0.005566204587618509,0.004197160402933757
