,gb,gb_ipw,wrangler_23,wrangler_16
0,0.016926457642247435,0.02877075205404292,0.003743739355178107,0.0025453390898527925
