,gb,gb_ipw,wrangler_23,wrangler_16
0,0.014777052892397526,0.02961583333472683,0.006460490292065764,0.0028476323166938683
