,gb,gb_ipw,wrangler_23,wrangler_16
0,0.021798220294260838,0.03829816280052676,0.007856484742192495,0.003476937611897787
