,gb,gb_ipw,wrangler_23,wrangler_16
0,0.028955053400110314,0.04703744694038673,0.006246235635545518,0.004289713170793321
