,gb,gb_ipw,wrangler_23,wrangler_16
0,0.01020127841773718,0.018512922681551743,0.005692916618560818,0.0018299218223454617
