,gb,gb_ipw,wrangler_23,wrangler_16
0,0.026380404447897885,0.043837687908074796,0.005081678048158304,0.0040210210360013526
