,gb,gb_ipw,wrangler_23,wrangler_16
0,0.01174276510549388,0.014250141955104587,0.005633390591757267,0.0010763778114448867
