,gb,gb_ipw,wrangler_23,wrangler_16
0,0.029052583835063837,0.04760357431876354,0.006099637502279038,0.004539982630656316
