,gb,gb_ipw,wrangler_23,wrangler_16
0,0.01742258793165704,0.030647652643915134,0.004288606205985249,0.002735186640339354
