,gb,gb_ipw,wrangler_23,wrangler_16
0,0.010790938105663107,0.01757104969557437,0.0039282457788563305,0.0013694083890435416
