,gb,gb_ipw,wrangler_23,wrangler_16
0,0.008623070757964561,0.013527676634404849,0.003722421396737812,0.001331701360899826
