,gb,gb_ipw,wrangler_23,wrangler_16
0,0.018122632778684915,0.02672941719526695,0.004162750958244585,0.002350861617833269
