,gb,gb_ipw,wrangler_23,wrangler_16
0,0.00809757940230831,0.01349436339511666,0.0024117449278472573,0.001468966084141885
