,gb,gb_ipw,wrangler_23,wrangler_16
0,0.022874960019533607,0.03016295636079684,0.0061266215622581156,0.0020582287932815533
