,gb,gb_ipw,wrangler_23,wrangler_16
0,0.0229183904725502,0.038221488094514776,0.006350456859191619,0.004071301618698111
