,gb,gb_ipw,wrangler_23,wrangler_16
0,0.013160426750117991,0.026782441589937422,0.008423095243521996,0.002548293821377096
