,gb,gb_ipw,wrangler_23,wrangler_16
0,0.01738090825274708,0.03415518659886306,0.007069130253985645,0.0033010312212191943
