,gb,gb_ipw,wrangler_23,wrangler_16
0,0.01990921953891186,0.02624725055469125,0.003471935330835076,0.0013867591289763754
