,gb,gb_ipw,wrangler_23,wrangler_16
0,0.0164767587056724,0.021820106813984535,0.00375365057299214,0.0013555249860209802
