,gb,gb_ipw,wrangler_23,wrangler_16
0,0.018393832718265665,0.024206362001979446,0.0032612576960232053,0.001503065268627074
