,gb,gb_ipw,wrangler_23,wrangler_16
0,0.023142074765005644,0.040221003304540585,0.004788063972045539,0.003488366231102508
