,gb,gb_ipw,wrangler_23,wrangler_16
0,0.024664873457224356,0.03985631263862222,0.005029015621896517,0.0035776256841454804
