,gb,gb_ipw,wrangler_23,wrangler_16
0,0.019345545407497524,0.0276594902529861,0.005329535766081376,0.0021675545157808247
