,gb,gb_ipw,wrangler_23,wrangler_16
0,0.015197142371071027,0.025743350107282997,0.004173326893013064,0.0026591300347888554
