,gb,gb_ipw,wrangler_23,wrangler_16
0,0.020136215513752352,0.02667145623314765,0.004104128287684533,0.0018029203338007778
