,gb,gb_ipw,wrangler_23,wrangler_16
0,0.0183592685543669,0.03646235576060503,0.005617287779931868,0.0036827090796319917
