,gb,gb_ipw,wrangler_23,wrangler_16
0,0.02762509716881646,0.04860510428746542,0.005871057510375976,0.004343895448578728
