,gb,gb_ipw,wrangler_23,wrangler_16
0,0.013401494341492787,0.027665581291024838,0.006923945109910397,0.002967136973211229
