,gb,gb_ipw,wrangler_23,wrangler_16
0,0.0160813905227007,0.028934443820909983,0.005543909882205891,0.0034765856159640696
