,gb,gb_ipw,wrangler_23,wrangler_16
0,0.01919072285455917,0.03503503351865693,0.006967906056758729,0.003399828280782872
