,gb,gb_ipw,wrangler_23,wrangler_16
0,0.030921163783731682,0.051136570747452544,0.005249021831987683,0.004137204552338982
