,gb,gb_ipw,wrangler_23,wrangler_16
0,0.012712226466880396,0.022767147181591153,0.007204246811104112,0.001999541613265368
