,gb,gb_ipw,wrangler_23,wrangler_16
0,0.03012502065268896,0.043610945397380425,0.004262373011599305,0.00301142319983479
