,gb,gb_ipw,wrangler_23,wrangler_16
0,0.022864408395274823,0.04411315873529127,0.005102779747499893,0.0036573254495498074
