,gb,gb_ipw,wrangler_23,wrangler_16
0,0.018180288919588415,0.023501941828223745,0.004436620851842368,0.001409213717390851
