,gb,gb_ipw,wrangler_23,wrangler_16
0,0.02655697365601858,0.04746382021241718,0.006268732249736786,0.0044875260856416495
