,gb,gb_ipw,wrangler_23,wrangler_16
0,0.018778706894439903,0.031841855470826026,0.006067915027644358,0.0028237193620123833
