,gb,gb_ipw,wrangler_23,wrangler_16
0,0.018787849187418253,0.032186562266410375,0.0045245442329863664,0.003398276067688764
