,gb,gb_ipw,wrangler_23,wrangler_16
0,0.025040159622828167,0.04509422514173719,0.005608217583762274,0.004394600788752238
