,gb,gb_ipw,wrangler_23,wrangler_16
0,0.008111898001138266,0.009672146338921089,0.01109541236580192,0.0018103711016766437
