,gb,gb_ipw,wrangler_23,wrangler_16
0,0.028296413584652107,0.044891569349500865,0.005257435334034455,0.003877052894005409
