,gb,gb_ipw,wrangler_23,wrangler_16
0,0.02515595406293869,0.047865634163220726,0.00551498184601466,0.004206473628679912
