,gb,gb_ipw,wrangler_23,wrangler_16
0,0.015993645249030016,0.02496928538916246,0.0036527525703862035,0.0023554813079971074
