,gb,gb_ipw,wrangler_23,wrangler_16
0,0.013104097090940424,0.01924879410687615,0.002888275340279156,0.001312736521430194
