,gb,gb_ipw,wrangler_23,wrangler_16
0,0.005847823718380813,0.009772061677766517,0.009082099499365125,0.0018510213672595923
