,gb,gb_ipw,wrangler_23,wrangler_16
0,0.022575304728848163,0.02822593215983512,0.0032158446333371946,0.0013399424043091586
