,gb,gb_ipw,wrangler_23,wrangler_16
0,0.025347174351263227,0.03341539040200446,0.004416637917508014,0.002154648076524698
