,gb,gb_ipw,wrangler_23,wrangler_16
0,0.022139983859496802,0.04003886745814846,0.008087263088331204,0.0032441329018782633
