,gb,gb_ipw,wrangler_23,wrangler_16
0,0.007572459590035976,0.014508040318900487,0.005887904744955347,0.0018848107143260018
