,gb,gb_ipw,wrangler_23,wrangler_16
0,0.023567250796726773,0.043855891341254824,0.005738366217840285,0.003855498064131964
