,gb,gb_ipw,wrangler_23,wrangler_16
0,0.02741469550378544,0.04960458303235241,0.006001511799920466,0.005599395515992469
