,gb,gb_ipw,wrangler_23,wrangler_16
0,0.014660674206020517,0.023373777015558067,0.0073048612022068955,0.001970572992857651
