,gb,gb_ipw,wrangler_23,wrangler_16
0,0.019939466454516882,0.036626711659047795,0.005508291310277478,0.004015434747454764
