,gb,gb_ipw,wrangler_23,wrangler_16
0,0.018049094636561507,0.032268338284250034,0.005151255656096894,0.0036934674796411547
