,gb,gb_ipw,wrangler_23,wrangler_16
0,0.019953964386990583,0.036519671243334564,0.008305329202082653,0.0037296862275481356
