,gb,gb_ipw,wrangler_23,wrangler_16
0,0.024195900337917124,0.038584057496386194,0.0054512895023739625,0.0037565887612511424
