,gb,gb_ipw,wrangler_23,wrangler_16
0,0.02296943040121169,0.04174099082038516,0.005376835664113363,0.003791990734281994
