,gb,gb_ipw,wrangler_23,wrangler_16
0,0.025073066353797913,0.049602861205736794,0.005921969811121622,0.004618118206659953
