,gb,gb_ipw,wrangler_23,wrangler_16
0,0.005329683174889735,0.00764120962847334,0.010241646870299648,0.001909460097602045
