,gb,gb_ipw,wrangler_23,wrangler_16
0,0.018170639708801943,0.027914186973711508,0.0041519765888814964,0.002475011916387648
