,gb,gb_ipw,wrangler_23,wrangler_16
0,0.02396529447947833,0.04117164417361536,0.0060838482058640075,0.004493281350913622
