,gb,gb_ipw,wrangler_23,wrangler_16
0,0.021431767023526706,0.030860075583824743,0.004418767415560209,0.0023541542199941785
