,gb,gb_ipw,wrangler_23,wrangler_16
0,0.02398345241221028,0.030696159995719674,0.00352144027120448,0.0015446867690039239
