,gb,gb_ipw,wrangler_23,wrangler_16
0,0.02356465810384506,0.03230094145505856,0.005037261125368949,0.0021646802241985616
