,gb,gb_ipw,wrangler_23,wrangler_16
0,0.009835380868813427,0.014979951297021543,0.004366227987842188,0.0014130329075274734
