,gb,gb_ipw,wrangler_23,wrangler_16
0,0.02719309085454696,0.04414086922621115,0.006243777580750293,0.004747357123937362
