,gb,gb_ipw,wrangler_23,wrangler_16
0,0.011860425747818683,0.0175229668417568,0.004155551967908389,0.0014496808076024652
