,gb,gb_ipw,wrangler_23,wrangler_16
0,0.028523013123080265,0.04566918071518596,0.0059351961836855635,0.003787798759264824
