,gb,gb_ipw,wrangler_23,wrangler_16
0,0.016394015437629746,0.02813186474879429,0.006862085608034116,0.002695034966016876
