,gb,gb_ipw,wrangler_23,wrangler_16
0,0.006675626270760829,0.01284533873104076,0.007254895072195156,0.0016297611228105794
