,gb,gb_ipw,wrangler_23,wrangler_16
0,0.008525062501728065,0.01264725376205869,0.004098726872999273,0.0012391236892458617
