,gb,gb_ipw,wrangler_23,wrangler_16
0,0.013275573708418476,0.025055484275597367,0.004684683904482451,0.002579571883802469
