,gb,gb_ipw,wrangler_23,wrangler_16
0,0.02462412017622804,0.04702426639257691,0.006067304829366845,0.004831920651828542
