,gb,gb_ipw,wrangler_23,wrangler_16
0,0.01603472183772193,0.01672963789595548,0.025305148294050752,0.002619096888963498
