,gb,gb_ipw,wrangler_23,wrangler_16
0,0.02027820483804336,0.039165438885367755,0.005410026838431022,0.0034392565146259876
