,gb,gb_ipw,wrangler_23,wrangler_16
0,0.026269034137876013,0.040273779020534715,0.00564150922880398,0.0036222728218619276
