,gb,gb_ipw,wrangler_23,wrangler_16
0,0.005092131684977884,0.009292714109252915,0.007893541792962937,0.0017426449014539894
