,gb,gb_ipw,wrangler_23,wrangler_16
0,0.030775673878498562,0.052415025539887264,0.00655956757374299,0.0076643549478971045
