,gb,gb_ipw,wrangler_23,wrangler_16
0,0.014903681588183636,0.019619607517861914,0.005707406161124247,0.0014303505983751634
