,gb,gb_ipw,wrangler_23,wrangler_16
0,0.013982868630047803,0.026771739193293603,0.004222676089909523,0.002755422026055044
