,gb,gb_ipw,wrangler_23,wrangler_16
0,0.010480263805132348,0.017748238905420842,0.0029814532503606174,0.0015536408540052222
