,gb,gb_ipw,wrangler_23,wrangler_16
0,0.010599295298258465,0.016654173533121746,0.003411610921223958,0.0013562838236490886
