,gb,gb_ipw,wrangler_23,wrangler_16
0,0.026393182498892553,0.0467060767498213,0.005829580051382792,0.004387393440167929
