,gb,gb_ipw,wrangler_23,wrangler_16
0,0.004177543044225131,0.007041648228802187,0.0063124872068382,0.0013789754929743928
