,gb,gb_ipw,wrangler_23,wrangler_16
0,0.027460356553395588,0.04657523499594795,0.005595386028289795,0.004026210970348782
