,gb,gb_ipw,wrangler_23,wrangler_16
0,0.011494469795145712,0.014423612338393482,0.004674122531785132,0.0010048148474459454
