,gb,gb_ipw,wrangler_23,wrangler_16
0,0.02834152876797644,0.04357501162470418,0.007278235383736071,0.003391173743178039
