,gb,gb_ipw,wrangler_23,wrangler_16
0,0.021723698814228552,0.04161859602985933,0.00518243777229757,0.003234482433678164
