,gb,gb_ipw,wrangler_23,wrangler_16
0,0.01856924604613226,0.03286723445975644,0.0067400662461555546,0.0036559605853097345
