,gb,gb_ipw,wrangler_23,wrangler_16
0,0.021805842203502675,0.04253275703540213,0.005825213066637604,0.00452145008044054
