,gb,gb_ipw,wrangler_23,wrangler_16
0,0.0371682061316617,0.05169384688056423,0.004563288576618059,0.0035569163628922985
