,gb,gb_ipw,wrangler_23,wrangler_16
0,0.027821645703922024,0.0494952054367852,0.005609800725458414,0.004558628777048432
