,gb,gb_ipw,wrangler_23,wrangler_16
0,0.006381632154736154,0.010865002453881663,0.005857361797083107,0.0015667983094834186
