,gb,gb_ipw,wrangler_23,wrangler_16
0,0.016811250270098103,0.024789755801668787,0.005234435036130281,0.0019269616103586057
