,gb,gb_ipw,wrangler_23,wrangler_16
0,0.01975215442323826,0.03512145504338418,0.005294808951598046,0.0037824789065970593
