,gb,gb_ipw,wrangler_23,wrangler_16
0,0.018537935454656727,0.024173751060824214,0.002783497476425862,0.0013701035327345857
