,gb,gb_ipw,wrangler_23,wrangler_16
0,0.009606922813349577,0.01659336105303608,0.00494433907188566,0.0016319039234298084
