,gb,gb_ipw,wrangler_23,wrangler_16
0,0.013391075577218687,0.01637577549161851,0.009110006993028268,0.0014080493069568345
