,gb,gb_ipw,wrangler_23,wrangler_16
0,0.029377639293670654,0.0496984080032066,0.005750192536248101,0.004443305510061759
