,gb,gb_ipw,wrangler_23,wrangler_16
0,0.02196340849905303,0.0381830966833866,0.005336722942313762,0.0038994683159722225
