,gb,gb_ipw,wrangler_23,wrangler_16
0,0.018709994660169198,0.03632945042761239,0.006237613015131607,0.003657183277798298
