,gb,gb_ipw,wrangler_23,wrangler_16
0,0.03189932216297497,0.05553369269226537,0.006416304544969039,0.005128708752718839
