,gb,gb_ipw,wrangler_23,wrangler_16
0,0.020667820517709785,0.028238580261258844,0.0036871194950318345,0.0018830744957491613
