,gb,gb_ipw,wrangler_23,wrangler_16
0,0.024688409468753444,0.0332836389986529,0.005594457602219143,0.0020192170227164674
