,gb,gb_ipw,wrangler_23,wrangler_16
0,0.01837771992946972,0.03424137926877672,0.005112938901772842,0.0034143112151714568
