,gb,gb_ipw,wrangler_23,wrangler_16
0,0.018191706839107036,0.035203152687323366,0.00528220427298096,0.003482807517135019
