,gb,gb_ipw,wrangler_23,wrangler_16
0,0.015764563568034715,0.021167320088185518,0.003190866770614316,0.0015456317911676492
