,gb,gb_ipw,wrangler_23,wrangler_16
0,0.02789361910386519,0.04492666233669628,0.005860446077404599,0.0045413546489946775
