,gb,gb_ipw,wrangler_23,wrangler_16
0,0.01837538901686347,0.02433334720745241,0.002891419711460001,0.001329231776317175
