,gb,gb_ipw,wrangler_23,wrangler_16
0,0.03980142827159624,0.06912035903843272,0.0071484608338870555,0.0058798992073959225
