,gb,gb_ipw,wrangler_23,wrangler_16
0,0.016583621136249938,0.028154235676022394,0.005324559709045785,0.0026189476434438507
