,gb,gb_ipw,wrangler_23,wrangler_16
0,0.019357299173115107,0.03358701996455919,0.0052100775257641115,0.003321676064800742
