,gb,gb_ipw,wrangler_23,wrangler_16
0,0.013551341220818112,0.020001685226197167,0.0036164068226920473,0.0017022105831291552
