,gb,gb_ipw,wrangler_23,wrangler_16
0,0.027328108747800194,0.04623581965764363,0.007690861821174622,0.006899858514467875
