,gb,gb_ipw,wrangler_23,wrangler_16
0,0.024579349577118076,0.035782963912515856,0.005974053101218426,0.0027853933366194634
