,gb,gb_ipw,wrangler_23,wrangler_16
0,0.03060272761753627,0.046905206174266585,0.005692156688812523,0.0038616163737572318
