,gb,gb_ipw,wrangler_23,wrangler_16
0,0.027107340948922292,0.0459864026024228,0.006514290968577067,0.0049152544566563195
