,gb,gb_ipw,wrangler_23,wrangler_16
0,0.009312908370773514,0.010963415170644784,0.010684031944770318,0.0017595600772213626
