,gb,gb_ipw,wrangler_23,wrangler_16
0,0.030984583589219555,0.0494288415023961,0.005657156718145942,0.004098341637050982
