,gb,gb_ipw,wrangler_23,wrangler_16
0,0.020039221566328615,0.02550014850785308,0.003142473174304497,0.0013310950192224902
