,gb,gb_ipw,wrangler_23,wrangler_16
0,0.020529407492570595,0.03161100573550547,0.0048032423265937235,0.002776143772531799
