,gb,gb_ipw,wrangler_23,wrangler_16
0,0.030856976156496883,0.04437068521261122,0.0059480958791652315,0.0033698892390317246
