,gb,gb_ipw,wrangler_23,wrangler_16
0,0.010139267448031236,0.01404161860303181,0.0037972021194122322,0.0012026897518900468
