,gb,gb_ipw,wrangler_23,wrangler_16
0,0.012831755320816747,0.019074487808733467,0.00504194750390855,0.0017186929709904627
