,gb,gb_ipw,wrangler_23,wrangler_16
0,0.025292237599690758,0.04169877086366925,0.0057546865372430705,0.004263506049201602
