,gb,gb_ipw,wrangler_23,wrangler_16
0,0.028128923382173664,0.045945740461126046,0.005081198208781191,0.0037706780902894725
