,gb,gb_ipw,wrangler_23,wrangler_16
0,0.02429811727432978,0.04588528758003598,0.005824934868585496,0.004113075279054188
