,gb,gb_ipw,wrangler_23,wrangler_16
0,0.012143504070187943,0.019333370245537957,0.003048333579959849,0.0016955061868583786
