,gb,gb_ipw,wrangler_23,wrangler_16
0,0.009492816652714545,0.017743612457872506,0.005187816811515691,0.002719661282963503
