,gb,gb_ipw,wrangler_23,wrangler_16
0,0.02889256297108234,0.05068762605542579,0.005970951617788203,0.004399846919213784
