,gb,gb_ipw,wrangler_23,wrangler_16
0,0.023289234777496445,0.04060161892081454,0.0054967362446473635,0.0040465613820708495
