,gb,gb_ipw,wrangler_23,wrangler_16
0,0.01316530286861321,0.026559824468982255,0.007357079649007518,0.0031982041328029362
