,gb,gb_ipw,wrangler_23,wrangler_16
0,0.01719549709571142,0.029639833292384055,0.005027038023476894,0.0026114680458279426
