,gb,gb_ipw,wrangler_23,wrangler_16
0,0.013470953824568768,0.022724574925948163,0.003986820882680465,0.0020530150861156234
