,gb,gb_ipw,wrangler_23,wrangler_16
0,0.01972690024900053,0.02495165484840045,0.002901851331900016,0.0012762265294870168
