,gb,gb_ipw,wrangler_23,wrangler_16
0,0.009404288397894965,0.014044028650307848,0.003914925923735279,0.001441299027730236
