,gb,gb_ipw,wrangler_23,wrangler_16
0,0.022642093180181833,0.026825676119424453,0.008706338496406113,0.0011513464768115505
