,gb,gb_ipw,wrangler_23,wrangler_16
0,0.009825574371796921,0.01759353962336286,0.00451813887660271,0.001747067880560267
