,gb,gb_ipw,wrangler_23,wrangler_16
0,0.011188460202077933,0.01661797639228598,0.0033826322599490115,0.0015093434241510207
