,gb,gb_ipw,wrangler_23,wrangler_16
0,0.02494182886253477,0.03798594649549554,0.0036391912330507605,0.0026298443060270775
