,gb,gb_ipw,wrangler_23,wrangler_16
0,0.022396591364168657,0.04357610847435746,0.006584414080077527,0.0050384916511236446
