,gb,gb_ipw,wrangler_23,wrangler_16
0,0.025125249983772396,0.044432128705675644,0.005907541702664088,0.0047759995574042915
