,gb,gb_ipw,wrangler_23,wrangler_16
0,0.032258279544791,0.049758203250845685,0.006181431799819789,0.0043770701614851805
