,gb,gb_ipw,wrangler_23,wrangler_16
0,0.01481932775415603,0.026507703813746855,0.006661222915504441,0.0027818362204262417
