,gb,gb_ipw,wrangler_23,wrangler_16
0,0.016168763735580113,0.029829569480341996,0.006563355290670733,0.003789262300192637
