,gb,gb_ipw,wrangler_23,wrangler_16
0,0.013657355302676201,0.024164317427850475,0.006353553522719531,0.0023598227035908524
