,gb,gb_ipw,wrangler_23,wrangler_16
0,0.029704005447859616,0.049581478551491025,0.005610701964073575,0.004206490270870248
