,gb,gb_ipw,wrangler_23,wrangler_16
0,0.011036627030258544,0.017766509519999862,0.007003284337227805,0.0018131647383767453
