,gb,gb_ipw,wrangler_23,wrangler_16
0,0.008973451531938063,0.01580527010247307,0.0038019905250838235,0.001827612315971572
