,gb,gb_ipw,wrangler_23,wrangler_16
0,0.0173302897939416,0.029128079482890347,0.00438192388513586,0.002636107366566726
