,gb,gb_ipw,wrangler_23,wrangler_16
0,0.015194392084476337,0.025531454901000367,0.004566794064775783,0.002268271230573031
