,gb,gb_ipw,wrangler_23,wrangler_16
0,0.02257754231056972,0.03188506901612756,0.005403317903217517,0.002197494283754226
