,gb,gb_ipw,wrangler_23,wrangler_16
0,0.014299921917192865,0.02581179141998292,0.005497309294613925,0.002609825495517615
