,gb,gb_ipw,wrangler_23,wrangler_16
0,0.021721109931851612,0.038311805254147374,0.004727899292368948,0.0037749608357747397
