,gb,gb_ipw,wrangler_23,wrangler_16
0,0.01281537478912581,0.021233342532378397,0.003989054245254829,0.0018807664886900653
