,gb,gb_ipw,wrangler_23,wrangler_16
0,0.021257761008141376,0.04261588722569836,0.006104662655964749,0.004638920944580917
