,gb,gb_ipw,wrangler_23,wrangler_16
0,0.021994668383931,0.029605488444483557,0.003295721009720203,0.0018066214036571884
