,gb,gb_ipw,wrangler_23,wrangler_16
0,0.027895244070732135,0.04581853645999415,0.005498765006897942,0.003963641298601146
