,gb,gb_ipw,wrangler_23,wrangler_16
0,0.018518611236854835,0.03194521974634241,0.007340091246145744,0.0030502125068947125
