,gb,gb_ipw,wrangler_23,wrangler_16
0,0.029511176622830905,0.04878449134337596,0.005641808876624474,0.0046724692369118715
