,gb,gb_ipw,wrangler_23,wrangler_16
0,0.020216493045582488,0.03647303380886046,0.004529406589073841,0.0034288380144205234
