,gb,gb_ipw,wrangler_23,wrangler_16
0,0.004019922751330872,0.007527915363805532,0.00470749458851681,0.0011620578849080368
