,gb,gb_ipw,wrangler_23,wrangler_16
0,0.031437902223496204,0.0497125798747653,0.005382867086501348,0.00393905100368318
