,gb,gb_ipw,wrangler_23,wrangler_16
0,0.028996079612591763,0.04329856612238045,0.007708867390950522,0.003659381015407132
