,gb,gb_ipw,wrangler_23,wrangler_16
0,0.015868877368334863,0.022196143127429863,0.003626518336061856,0.001713286998660066
