,gb,gb_ipw,wrangler_23,wrangler_16
0,0.03669445946712622,0.05790171207197561,0.007813008839652042,0.005113598484320928
