,gb,gb_ipw,wrangler_23,wrangler_16
0,0.028114145000775657,0.04582914213339488,0.0061461081107457485,0.003905966877937317
