,gb,gb_ipw,wrangler_23,wrangler_16
0,0.006568503028493583,0.011579018479924865,0.009176484877016493,0.0023519484008230817
