,gb,gb_ipw,wrangler_23,wrangler_16
0,0.020016198870779458,0.043428492272037204,0.0054342993374528565,0.00454434033097892
