,gb,gb_ipw,wrangler_23,wrangler_16
0,0.004683448403183767,0.00892886184164175,0.006844803073700579,0.0025554486061510236
