,gb,gb_ipw,wrangler_23,wrangler_16
0,0.022270420725031416,0.030350869940232856,0.003663329190986101,0.002011402632838996
