,gb,gb_ipw,wrangler_23,wrangler_16
0,0.02234888374721757,0.043535899560259335,0.006886612863495124,0.004367420083182275
