,gb,gb_ipw,wrangler_23,wrangler_16
0,0.02350649990878262,0.03248006552011221,0.0039106839663022525,0.002208170476374212
