,gb,gb_ipw,wrangler_23,wrangler_16
0,0.017305588662474974,0.0289890700414366,0.00650228414320408,0.0027920070447419823
