,gb,gb_ipw,wrangler_23,wrangler_16
0,0.01633529447846942,0.030020251870155334,0.005948046843210856,0.002752679089705149
