,gb,gb_ipw,wrangler_23,wrangler_16
0,0.021858365123808697,0.032284122487013255,0.004166707942623119,0.0023959194802488956
