,gb,gb_ipw,wrangler_23,wrangler_16
0,0.03138681252797445,0.05520085493723551,0.005747129519780477,0.0045520563920338954
