,gb,gb_ipw,wrangler_23,wrangler_16
0,0.005906630139408594,0.010747310876584025,0.006986419261485438,0.002111844120114813
