,gb,gb_ipw,wrangler_23,wrangler_16
0,0.02058120381912129,0.03312658143523556,0.005561633398068831,0.003169847014766412
