,gb,gb_ipw,wrangler_23,wrangler_16
0,0.008486134016049285,0.012187645954680703,0.004019645672737464,0.0012215275974343195
