,gb,gb_ipw,wrangler_23,wrangler_16
0,0.02030334599015559,0.03567061226254848,0.005821835905874073,0.003887100021161933
