,gb,gb_ipw,wrangler_23,wrangler_16
0,0.029723709623879005,0.04324897543176428,0.007301956028133244,0.003308788866535753
