,gb,gb_ipw,wrangler_23,wrangler_16
0,0.0183229655490332,0.03578185877558859,0.005468336432939104,0.0035938993876130482
