,gb,gb_ipw,wrangler_23,wrangler_16
0,0.008917028705279032,0.013835169374942783,0.003980807960033416,0.001339036971330643
