,gb,gb_ipw,wrangler_23,wrangler_16
0,0.011348085173333298,0.018221443523989928,0.003746303732209806,0.0014317898584115282
