,gb,gb_ipw,wrangler_23,wrangler_16
0,0.013274260989041987,0.022727193890599028,0.004527188428298433,0.002368270432800098
