,gb,gb_ipw,wrangler_23,wrangler_16
0,0.012853206732334236,0.02333893735184629,0.004829504551031651,0.0020748529678735975
