,gb,gb_ipw,wrangler_23,wrangler_16
0,0.01393915191898501,0.02301805387667524,0.0050550069266218495,0.002094400607473482
