,gb,gb_ipw,wrangler_23,wrangler_16
0,0.02200181088434956,0.03879772568190539,0.00658594860286309,0.004469487664981276
