,Correlation,Causal
0,0.0,0.0
1,0.0,6.444444444444445
2,0.0,6.373626373626375
3,0.0,6.304347826086956
4,0.0,6.236559139784946
5,0.0,6.391752577319589
6,0.0,6.415094339622642
