,Correlation,Causal,Wrangler_23,Wrangler_16,GB_23,GB_16
0,0.0,0.0,0.0,0.0,0.0,0.0
1,0.0,100.0,0.0,0.0,6.870229007633588,0.0
2,0.0,100.0,0.0,0.0,9.923664122137405,0.7633587786259541
3,100.0,100.0,100.0,100.0,100.0,100.0
