,Correlation,Causal,Wrangler_23,Wrangler_16,GB_23,GB_16
0,0.0,0.0,0.0,0.0,0.0,0.0
1,0.0,63.1578947368421,0.0,0.0,100.0,0.0
2,0.0,89.47368421052632,0.0,0.0,100.0,0.0
3,0.0,100.0,0.0,0.0,100.0,0.0
4,0.0,100.0,0.0,0.0,100.0,10.526315789473683
5,0.0,100.0,0.0,0.0,100.0,47.368421052631575
6,0.0,100.0,0.0,0.0,100.0,78.94736842105263
7,0.0,100.0,0.0,0.0,100.0,84.21052631578947
8,0.0,100.0,0.0,0.0,100.0,94.73684210526315
9,0.0,100.0,0.0,0.0,100.0,100.0
10,0.0,100.0,0.0,0.0,100.0,100.0
11,0.0,100.0,0.0,0.0,100.0,100.0
12,0.0,100.0,0.0,0.0,100.0,100.0
13,0.0,100.0,0.0,0.0,100.0,100.0
14,0.0,100.0,0.0,0.0,100.0,100.0
15,100.0,100.0,100.0,100.0,100.0,100.0
