,Correlation,Causal,Wrangler_23,Wrangler_16,GB_23,GB_16
0,0.0,0.0,0.0,0.0,0.0,0.0
1,0.0,100.0,0.0,23.52941176470588,100.0,29.411764705882355
2,0.0,100.0,0.0,35.294117647058826,100.0,52.94117647058824
3,0.0,100.0,0.0,58.82352941176471,100.0,82.35294117647058
4,0.0,100.0,0.0,100.0,100.0,100.0
5,0.0,100.0,0.0,100.0,100.0,100.0
6,100.0,100.0,100.0,100.0,100.0,100.0
