,Correlation,Causal,Wrangler_23,Wrangler_16,GB_23,GB_16
0,0.0,0.0,0.0,0.0,0.0,0.0
1,0.0,0.0,0.0,0.0,100.0,9.090909090909092
2,0.0,0.0,0.0,0.0,100.0,9.090909090909092
3,0.0,0.0,0.0,0.0,100.0,9.090909090909092
4,0.0,0.0,0.0,0.0,100.0,9.090909090909092
5,0.0,0.0,0.0,0.0,100.0,9.090909090909092
6,0.0,36.36363636363637,0.0,0.0,100.0,9.090909090909092
7,0.0,36.36363636363637,0.0,0.0,100.0,9.090909090909092
8,100.0,100.0,100.0,100.0,100.0,100.0
