,Correlation,Causal,Wrangler_23,Wrangler_16,GB_23,GB_16
0,0.0,0.0,0.0,0.0,0.0,0.0
1,0.0,96.15384615384616,3.8461538461538463,96.15384615384616,0.0,19.230769230769234
2,0.0,100.0,23.076923076923077,100.0,0.0,34.61538461538461
3,0.0,100.0,69.23076923076923,100.0,0.0,80.76923076923077
4,0.0,100.0,96.15384615384616,100.0,0.0,100.0
5,0.0,100.0,100.0,100.0,0.0,100.0
6,0.0,100.0,100.0,100.0,0.0,100.0
7,100.0,100.0,100.0,100.0,100.0,100.0
