,Correlation,Causal,Wrangler_23,Wrangler_16,GB_23,GB_16
0,0.0,0.0,0.0,0.0,0.0,0.0
1,0.0,0.0,100.0,0.0,84.21052631578947,0.0
2,0.0,0.0,100.0,0.0,84.21052631578947,0.0
3,0.0,0.0,100.0,0.0,84.21052631578947,0.0
4,5.263157894736842,5.263157894736842,100.0,0.0,84.21052631578947,0.0
5,5.263157894736842,5.263157894736842,100.0,0.0,84.21052631578947,0.0
6,100.0,100.0,100.0,100.0,100.0,100.0
