,Correlation,Causal,Wrangler_23,Wrangler_16,GB_23,GB_16
0,0.0,0.0,0.0,0.0,0.0,0.0
1,0.0,0.0,96.15384615384616,0.0,0.0,100.0
2,0.0,0.0,96.15384615384616,0.0,0.0,100.0
3,0.0,0.0,100.0,0.0,0.0,100.0
4,0.0,0.0,100.0,0.0,0.0,100.0
5,0.0,0.0,100.0,0.0,0.0,100.0
6,0.0,0.0,100.0,0.0,0.0,100.0
7,61.53846153846154,61.53846153846154,100.0,0.0,0.0,100.0
8,61.53846153846154,61.53846153846154,100.0,0.0,0.0,100.0
9,61.53846153846154,61.53846153846154,100.0,0.0,0.0,100.0
10,61.53846153846154,61.53846153846154,100.0,0.0,0.0,100.0
11,61.53846153846154,61.53846153846154,100.0,0.0,0.0,100.0
12,61.53846153846154,61.53846153846154,100.0,0.0,0.0,100.0
13,61.53846153846154,61.53846153846154,100.0,0.0,0.0,100.0
14,100.0,100.0,100.0,100.0,100.0,100.0
