,Correlation,Causal,Wrangler_23,Wrangler_16,GB_23,GB_16
0,0.0,0.0,0.0,0.0,0.0,0.0
1,0.0,87.17948717948718,87.17948717948718,87.17948717948718,87.17948717948718,87.17948717948718
2,0.0,87.17948717948718,87.17948717948718,87.17948717948718,87.17948717948718,87.17948717948718
3,0.0,87.17948717948718,87.17948717948718,87.17948717948718,87.17948717948718,87.17948717948718
4,100.0,100.0,100.0,100.0,100.0,100.0
