,Correlation,Causal,Wrangler_23,Wrangler_16,GB_23,GB_16
0,0.0,0.0,0.0,0.0,0.0,0.0
1,0.0,95.65217391304348,7.608695652173914,2.1739130434782608,15.217391304347828,40.21739130434783
2,0.0,95.65217391304348,22.82608695652174,9.782608695652174,20.652173913043477,41.30434782608695
3,100.0,100.0,100.0,100.0,100.0,100.0
