,Correlation,Causal,Wrangler_23,Wrangler_16,GB_23,GB_16
0,0.0,0.0,0.0,0.0,0.0,0.0
1,0.0,0.0,0.0,0.0,65.0,0.0
2,0.0,0.0,0.0,2.5,65.0,0.0
3,0.0,0.0,0.0,5.0,65.0,0.0
4,45.0,77.5,0.0,5.0,65.0,0.0
5,47.5,80.0,0.0,5.0,65.0,0.0
6,55.00000000000001,85.0,0.0,12.5,65.0,0.0
7,55.00000000000001,85.0,0.0,17.5,65.0,0.0
8,55.00000000000001,85.0,0.0,20.0,65.0,0.0
9,100.0,100.0,100.0,100.0,100.0,100.0
