,Correlation,Causal,Wrangler_23,Wrangler_16,GB_23,GB_16
0,0.0,0.0,0.0,0.0,0.0,0.0
1,0.0,0.0,17.391304347826086,47.82608695652174,0.0,0.0
2,0.0,0.0,26.08695652173913,47.82608695652174,0.0,0.0
3,43.47826086956522,43.47826086956522,34.78260869565217,47.82608695652174,0.0,0.0
4,100.0,100.0,100.0,100.0,100.0,100.0
