,Correlation,Causal,Wrangler_23,Wrangler_16,GB_23,GB_16
0,0.0,0.0,0.0,0.0,0.0,0.0
1,0.0,0.0,0.0,0.0,0.0,89.47368421052632
2,0.0,0.0,47.368421052631575,47.368421052631575,0.0,89.47368421052632
3,0.0,0.0,89.47368421052632,89.47368421052632,0.0,89.47368421052632
4,100.0,100.0,89.47368421052632,89.47368421052632,0.0,89.47368421052632
5,100.0,100.0,89.47368421052632,89.47368421052632,0.0,89.47368421052632
6,100.0,100.0,100.0,100.0,100.0,100.0
