,Correlation,Causal,Wrangler_23,Wrangler_16,GB_23,GB_16
0,0.0,0.0,0.0,0.0,0.0,0.0
1,0.0,16.666666666666664,0.0,0.0,5.555555555555555,0.0
2,0.0,100.0,0.0,0.0,5.555555555555555,5.555555555555555
3,0.0,100.0,0.0,0.0,5.555555555555555,5.555555555555555
4,100.0,100.0,100.0,100.0,100.0,100.0
