,Correlation,Causal,Wrangler_23,Wrangler_16,GB_23,GB_16
0,0.0,0.0,0.0,0.0,0.0,0.0
1,0.0,0.0,100.0,28.28282828282828,97.97979797979798,0.0
2,0.0,75.75757575757575,100.0,70.70707070707071,100.0,0.0
3,0.0,100.0,100.0,88.88888888888889,100.0,0.0
4,0.0,100.0,100.0,89.8989898989899,100.0,0.0
5,0.0,100.0,100.0,89.8989898989899,100.0,0.0
6,0.0,100.0,100.0,89.8989898989899,100.0,0.0
7,100.0,100.0,100.0,100.0,100.0,100.0
