,Correlation,Causal,Wrangler_23,Wrangler_16,GB_23,GB_16
0,0.0,0.0,0.0,0.0,0.0,0.0
1,0.0,0.0,0.0,0.0,100.0,66.66666666666666
2,0.0,0.0,0.0,0.0,100.0,83.33333333333334
3,0.0,0.0,38.88888888888889,0.0,100.0,83.33333333333334
4,0.0,0.0,44.44444444444444,0.0,100.0,88.88888888888889
5,38.88888888888889,38.88888888888889,44.44444444444444,0.0,100.0,88.88888888888889
6,38.88888888888889,38.88888888888889,44.44444444444444,0.0,100.0,88.88888888888889
7,38.88888888888889,38.88888888888889,50.0,0.0,100.0,88.88888888888889
8,38.88888888888889,38.88888888888889,50.0,0.0,100.0,88.88888888888889
9,38.88888888888889,38.88888888888889,50.0,0.0,100.0,88.88888888888889
10,38.88888888888889,38.88888888888889,50.0,5.555555555555555,100.0,88.88888888888889
11,38.88888888888889,38.88888888888889,50.0,5.555555555555555,100.0,88.88888888888889
12,100.0,100.0,100.0,100.0,100.0,100.0
