,Correlation,Causal,Wrangler_23,Wrangler_16,GB_23,GB_16
0,0.0,0.0,0.0,0.0,0.0,0.0
1,0.0,0.0,89.47368421052632,0.0,94.73684210526315,94.73684210526315
2,0.0,0.0,94.73684210526315,89.47368421052632,94.73684210526315,94.73684210526315
3,0.0,0.0,100.0,94.73684210526315,94.73684210526315,100.0
4,0.0,0.0,100.0,94.73684210526315,100.0,100.0
5,100.0,100.0,100.0,100.0,100.0,100.0
