,Correlation,Causal,Wrangler_23,Wrangler_16,GB_23,GB_16
0,0.0,0.0,0.0,0.0,0.0,0.0
1,0.0,0.0,100.0,100.0,38.46153846153847,41.02564102564102
2,0.0,0.0,100.0,100.0,38.46153846153847,41.02564102564102
3,0.0,0.0,100.0,100.0,38.46153846153847,41.02564102564102
4,100.0,100.0,100.0,100.0,100.0,100.0
