,Correlation,Causal,Wrangler_23,Wrangler_16,GB_23,GB_16
0,0.0,0.0,0.0,0.0,0.0,0.0
1,0.0,0.0,0.0,0.0,95.83333333333334,95.83333333333334
2,0.0,0.0,0.0,0.0,95.83333333333334,95.83333333333334
3,0.0,87.5,0.0,0.0,95.83333333333334,95.83333333333334
4,100.0,100.0,100.0,100.0,100.0,100.0
