,Correlation,Causal,Wrangler_23,Wrangler_16,GB_23,GB_16
0,0.0,0.0,0.0,0.0,0.0,0.0
1,0.0,0.0,100.0,0.0,100.0,52.63157894736842
2,0.0,0.0,100.0,0.0,100.0,57.89473684210527
3,0.0,0.0,100.0,0.0,100.0,57.89473684210527
4,5.263157894736842,5.263157894736842,100.0,0.0,100.0,57.89473684210527
5,5.263157894736842,5.263157894736842,100.0,0.0,100.0,57.89473684210527
6,100.0,100.0,100.0,100.0,100.0,100.0
