,Correlation,Causal,Wrangler_23,Wrangler_16,GB_23,GB_16
0,0.0,0.0,0.0,0.0,0.0,0.0
1,78.94736842105263,78.94736842105263,78.94736842105263,78.94736842105263,10.526315789473683,78.94736842105263
2,94.73684210526315,94.73684210526315,94.73684210526315,94.73684210526315,42.10526315789473,94.73684210526315
3,94.73684210526315,94.73684210526315,94.73684210526315,94.73684210526315,73.68421052631578,94.73684210526315
4,94.73684210526315,94.73684210526315,94.73684210526315,94.73684210526315,78.94736842105263,94.73684210526315
5,94.73684210526315,94.73684210526315,94.73684210526315,94.73684210526315,78.94736842105263,94.73684210526315
6,94.73684210526315,94.73684210526315,94.73684210526315,94.73684210526315,78.94736842105263,94.73684210526315
7,94.73684210526315,94.73684210526315,94.73684210526315,94.73684210526315,78.94736842105263,94.73684210526315
8,100.0,100.0,100.0,100.0,78.94736842105263,100.0
9,100.0,100.0,100.0,100.0,78.94736842105263,100.0
10,100.0,100.0,100.0,100.0,78.94736842105263,100.0
11,100.0,100.0,100.0,100.0,78.94736842105263,100.0
12,100.0,100.0,100.0,100.0,78.94736842105263,100.0
13,100.0,100.0,100.0,100.0,78.94736842105263,100.0
14,100.0,100.0,100.0,100.0,78.94736842105263,100.0
15,100.0,100.0,100.0,100.0,78.94736842105263,100.0
16,100.0,100.0,100.0,100.0,78.94736842105263,100.0
17,100.0,100.0,100.0,100.0,78.94736842105263,100.0
18,100.0,100.0,100.0,100.0,78.94736842105263,100.0
19,100.0,100.0,100.0,100.0,100.0,100.0
