,Correlation,Causal,Wrangler_23,Wrangler_16,GB_23,GB_16
0,0.0,0.0,0.0,0.0,0.0,0.0
1,0.0,0.0,0.0,0.0,0.0,0.0
2,0.0,94.33962264150944,0.0,0.0,0.0,0.0
3,0.0,95.28301886792453,0.0,0.0,0.0,0.0
4,0.0,96.22641509433963,0.0,0.0,0.0,0.0
5,100.0,100.0,100.0,100.0,100.0,100.0
