,Correlation,Causal,Wrangler_23,Wrangler_16,GB_23,GB_16
0,0.0,0.0,0.0,0.0,0.0,0.0
1,0.0,0.0,43.47826086956522,0.0,0.0,0.0
2,0.0,0.0,47.82608695652174,0.0,0.0,0.0
3,43.47826086956522,43.47826086956522,47.82608695652174,0.0,0.0,0.0
4,100.0,100.0,100.0,100.0,100.0,100.0
