,Correlation,Causal,Wrangler_23,Wrangler_16,GB_23,GB_16
0,0.0,0.0,0.0,0.0,0.0,0.0
1,0.0,20.618556701030926,21.649484536082475,19.587628865979383,24.742268041237114,0.0
2,0.0,43.29896907216495,43.29896907216495,36.08247422680412,46.391752577319586,0.0
3,0.0,100.0,43.29896907216495,39.175257731958766,47.42268041237113,0.0
4,100.0,100.0,100.0,100.0,100.0,100.0
