,Correlation,Causal,Wrangler_23,Wrangler_16,GB_23,GB_16
0,0.0,0.0,0.0,0.0,0.0,0.0
1,0.0,0.0,51.0,84.0,87.0,88.0
2,0.0,0.0,56.00000000000001,89.0,95.0,96.0
3,0.0,0.0,56.00000000000001,89.0,96.0,96.0
4,0.0,47.0,56.00000000000001,89.0,96.0,96.0
5,0.0,73.0,56.00000000000001,89.0,96.0,96.0
6,0.0,73.0,56.00000000000001,89.0,96.0,96.0
7,0.0,73.0,56.00000000000001,89.0,96.0,96.0
8,100.0,100.0,100.0,100.0,100.0,100.0
