,Correlation,Causal,Wrangler_23,Wrangler_16,GB_23,GB_16
0,0.0,0.0,0.0,0.0,0.0,0.0
1,0.0,95.04950495049505,95.04950495049505,95.04950495049505,95.04950495049505,95.04950495049505
2,0.0,99.00990099009901,99.00990099009901,99.00990099009901,99.00990099009901,99.00990099009901
3,0.0,99.00990099009901,99.00990099009901,99.00990099009901,99.00990099009901,99.00990099009901
4,0.0,99.00990099009901,99.00990099009901,99.00990099009901,99.00990099009901,99.00990099009901
5,19.801980198019802,99.00990099009901,99.00990099009901,99.00990099009901,99.00990099009901,99.00990099009901
6,19.801980198019802,99.00990099009901,99.00990099009901,99.00990099009901,99.00990099009901,99.00990099009901
7,100.0,100.0,100.0,100.0,100.0,100.0
