,gb,gb_ipw,wrangler_23,wrangler_16
0,0.014841845992369825,0.01755200695999786,0.007475493395034943,0.0012169643445764198
