,gb,gb_ipw,wrangler_23,wrangler_16
0,0.015377535103516256,0.025886636941544132,0.004706913943117764,0.0021957980536426286
