,gb,gb_ipw,wrangler_23,wrangler_16
0,0.016220815440560574,0.028653842646901205,0.0067886013211615635,0.0035446947810183526
