,gb,gb_ipw,wrangler_23,wrangler_16
0,0.015067999557833165,0.01782616009868858,0.005309344066564503,0.0010821271070184555
