,gb,gb_ipw,wrangler_23,wrangler_16
0,0.03575206254467819,0.0688569676695448,0.010064210404049267,0.00634241962071621
