,gb,gb_ipw,wrangler_23,wrangler_16
0,0.005899556477864583,0.011591339111328123,0.004008102416992188,0.001409912109375
