,gb,gb_ipw,wrangler_23,wrangler_16
0,0.013948635936932446,0.016402598928805898,0.005377553356908215,0.0011021057659546427
