,gb,gb_ipw,wrangler_23,wrangler_16
0,0.02019864096611945,0.029990689603896767,0.004536916670811441,0.002361466824551402
