,gb,gb_ipw,wrangler_23,wrangler_16
0,0.014878686969619649,0.017358336093418247,0.005569500537884323,0.0011480409142519887
