,gb,gb_ipw,wrangler_23,wrangler_16
0,0.014856955761724263,0.022352118694577653,0.006778722640729317,0.0019380393713147334
