,gb,gb_ipw,wrangler_23,wrangler_16
0,0.016791355166991675,0.026525595249273833,0.004694949638650157,0.0022041554353675065
