,gb,gb_ipw,wrangler_23,wrangler_16
0,0.027817199033210078,0.044876354032771876,0.004341120054239561,0.003277066766027032
