,gb,gb_ipw,wrangler_23,wrangler_16
0,0.02555549144744873,0.04475439588228862,0.005771716435750326,0.004261111219724019
