,gb,gb_ipw,wrangler_23,wrangler_16
0,0.030341948318838963,0.053782941251574214,0.005833769693705335,0.004460237354682558
