,gb,gb_ipw,wrangler_23,wrangler_16
0,0.01849249956455637,0.028730389919686825,0.0035383916915731227,0.0022272480295059526
