,gb,gb_ipw,wrangler_23,wrangler_16
0,0.0331377496524733,0.06142278917792704,0.011897411476187156,0.006555699977745005
