,gb,gb_ipw,wrangler_23,wrangler_16
0,0.01839338204799554,0.031381881862915184,0.004698141445024838,0.002820849855304201
