,gb,gb_ipw,wrangler_23,wrangler_16
0,0.010951278135948574,0.02174197193683218,0.005699105279142505,0.0024112229494704413
