,gb,gb_ipw,wrangler_23,wrangler_16
0,0.03330553371211358,0.051101123269965076,0.005335369843015519,0.004135791453224762
