,gb,gb_ipw,wrangler_23,wrangler_16
0,0.016662291918689485,0.019472741229916993,0.005360873148617545,0.0011806592470433935
