,gb,gb_ipw,wrangler_23,wrangler_16
0,0.015716153786951802,0.023113643166417758,0.003153245151891041,0.001749126627557849
