,gb,gb_ipw,wrangler_23,wrangler_16
0,0.028234261732835036,0.04821353488498264,0.004847504814126213,0.004051757334304331
