,gb,gb_ipw,wrangler_23,wrangler_16
0,0.013043379185090005,0.01522215963906324,0.0057636319842797445,0.0011618229634592224
