,gb,gb_ipw,wrangler_23,wrangler_16
0,0.028037663662072387,0.045037630832556526,0.005413185466419567,0.004473960760867956
