,gb,gb_ipw,wrangler_23,wrangler_16
0,0.01579513881197307,0.02572591700609126,0.005532001436447083,0.00254969799380505
