,gb,gb_ipw,wrangler_23,wrangler_16
0,0.025322591816937478,0.04508760240342881,0.006111352531998245,0.00464408485977738
