,gb,gb_ipw,wrangler_23,wrangler_16
0,0.014669553380325055,0.017797352206638754,0.006275068921092403,0.001359283958922648
