,gb,gb_ipw,wrangler_23,wrangler_16
0,0.015216029208639393,0.024066995019498078,0.0037742049797721542,0.002210184654093677
