,gb,gb_ipw,wrangler_23,wrangler_16
0,0.026749468397820136,0.040372212727864586,0.005191084982334882,0.00337896675899111
