,gb,gb_ipw,wrangler_23,wrangler_16
0,0.03754870096842448,0.06241018121892756,0.006780219800544508,0.008018262458570076
