,gb,gb_ipw,wrangler_23,wrangler_16
0,0.01568239815557242,0.01845281973298165,0.006065032677875462,0.0011486127134593136
