,gb,gb_ipw,wrangler_23,wrangler_16
0,0.023678566018740337,0.044296806057294205,0.005807727575302123,0.0043263037999471034
