,gb,gb_ipw,wrangler_23,wrangler_16
0,0.021721950914493943,0.03662847337268648,0.006094496086160972,0.0033621434812192564
