,gb,gb_ipw,wrangler_23,wrangler_16
0,0.0287745561864641,0.04966805378595988,0.005671547518836127,0.004337272710270352
