,gb,gb_ipw,wrangler_23,wrangler_16
0,0.024502553909923588,0.036454424962728375,0.008420286507442079,0.0029230566234050505
