,gb,gb_ipw,wrangler_23,wrangler_16
0,0.010353115433496787,0.020976776772357052,0.003790348134142287,0.002416651299659242
