,gb,gb_ipw,wrangler_23,wrangler_16
0,0.017227936376091893,0.029835598600422675,0.005782381888547558,0.0026902538135739193
