,gb,gb_ipw,wrangler_23,wrangler_16
0,0.023868348863389757,0.03893187396415246,0.005334295252318023,0.003390842013888889
