,gb,gb_ipw,wrangler_23,wrangler_16
0,0.014897362858641383,0.018005715865714877,0.006190722896939233,0.0013316504093779235
