,gb,gb_ipw,wrangler_23,wrangler_16
0,0.013614407616422158,0.016819986691630023,0.00615316322943096,0.0012876604686628986
