,gb,gb_ipw,wrangler_23,wrangler_16
0,0.030361364285151165,0.047885378201802574,0.006591280301411947,0.004077702760696411
