,gb,gb_ipw,wrangler_23,wrangler_16
0,0.016871045847408103,0.034417285293829245,0.004987247654649077,0.0035401250495285283
