,gb,gb_ipw,wrangler_23,wrangler_16
0,0.010065916600017122,0.01817301585305672,0.007859783103202334,0.0019036766194930037
