,gb,gb_ipw,wrangler_23,wrangler_16
0,0.0146133043307427,0.01722913112701189,0.0036884253640737347,0.0009665327041739484
