,gb,gb_ipw,wrangler_23,wrangler_16
0,0.007776743616939576,0.010188453453631442,0.004716648543176572,0.0012385204803845114
