,gb,gb_ipw,wrangler_23,wrangler_16
0,0.01939094718641787,0.02572558612646333,0.0028773234970675414,0.0015807225608235173
