,gb,gb_ipw,wrangler_23,wrangler_16
0,0.0215359745390812,0.041880909578438534,0.006017698981800557,0.0046742682253313695
