,gb,gb_ipw,wrangler_23,wrangler_16
0,0.017715867482855835,0.024658367579749475,0.00387575568222418,0.0019449426620803331
