,gb,gb_ipw,wrangler_23,wrangler_16
0,0.01479743558251091,0.02457840996862911,0.003616616424265505,0.002121314024313903
