,gb,gb_ipw,wrangler_23,wrangler_16
0,0.007775601369401238,0.010393304856249399,0.013681814606014524,0.0017623029795473036
