,gb,gb_ipw,wrangler_23,wrangler_16
0,0.03974900600758005,0.06687121188386957,0.008827067436055934,0.006182523483925678
