,gb,gb_ipw,wrangler_23,wrangler_16
0,0.015288418268070444,0.02282414086329603,0.0048075274585145725,0.0020072737581145277
