,gb,gb_ipw,wrangler_23,wrangler_16
0,0.026280967352902078,0.03706943206234032,0.004627125617529277,0.0023294541800257377
