,gb,gb_ipw,wrangler_23,wrangler_16
0,0.0168767453505394,0.020048067315826645,0.006600098584066065,0.0012230127620025807
