,gb,gb_ipw,wrangler_23,wrangler_16
0,0.020171811193652477,0.023502212951363146,0.005656267397512277,0.0013008397778248185
