,gb,gb_ipw,wrangler_23,wrangler_16
0,0.017797029935396634,0.028282600444751782,0.005495024251413869,0.0026239143623100532
