,gb,gb_ipw,wrangler_23,wrangler_16
0,0.014302760875305314,0.01721093256971064,0.005346318190010431,0.0010881659337274156
