,gb,gb_ipw,wrangler_23,wrangler_16
0,0.013642537544479529,0.016471737413426116,0.006214123581753999,0.001512591266237184
