,gb,gb_ipw,wrangler_23,wrangler_16
0,0.011597336450300394,0.014950760467835784,0.003631436499837824,0.0009617128194319124
