,gb,gb_ipw,wrangler_23,wrangler_16
0,0.022881797381809777,0.04294124387559437,0.009101061593918573,0.004273085367111932
