,gb,gb_ipw,wrangler_23,wrangler_16
0,0.005151482145530215,0.00801903115074627,0.005291947731757935,0.0016709810998815193
