,gb,gb_ipw,wrangler_23,wrangler_16
0,0.029633186527134217,0.04796791322452506,0.007582386744391058,0.00420166659600956
