,gb,gb_ipw,wrangler_23,wrangler_16
0,0.025963454734622023,0.042092143081304594,0.00610079352311262,0.003481709112332562
