,gb,gb_ipw,wrangler_23,wrangler_16
0,0.026828256146661168,0.04688967233416678,0.00710665494546123,0.0039181490054075755
