,gb,gb_ipw,wrangler_23,wrangler_16
0,0.015587011378651334,0.01825039834341365,0.006091532282804319,0.0012319660400755832
