,gb,gb_ipw,wrangler_23,wrangler_16
0,0.030367531710200842,0.047466614180141024,0.0054629312621222595,0.004320508903927273
