,gb,gb_ipw,wrangler_23,wrangler_16
0,0.02286956482326861,0.040684164184884936,0.00610265535177644,0.004435200052163035
