,gb,gb_ipw,wrangler_23,wrangler_16
0,0.015227401510198066,0.025808724720657907,0.003933243640848008,0.0027957402991141754
