,gb,gb_ipw,wrangler_23,wrangler_16
0,0.028448580614293242,0.04613075126596048,0.005409020144923203,0.003964992877847754
