,gb,gb_ipw,wrangler_23,wrangler_16
0,0.028001306779708596,0.04800908379992264,0.009304416581174915,0.004169694499548581
