,gb,gb_ipw,wrangler_23,wrangler_16
0,0.014738674351998262,0.017415323071561264,0.005954134442271346,0.0011570960237859982
