,gb,gb_ipw,wrangler_23,wrangler_16
0,0.013655774733599494,0.02625269048354205,0.004054518306956571,0.002795107224408318
