,gb,gb_ipw,wrangler_23,wrangler_16
0,0.021559242310562755,0.03542512412962875,0.004592368273231072,0.0032041130996331942
