,gb,gb_ipw,wrangler_23,wrangler_16
0,0.01572772855358408,0.018754457790653944,0.008254199238068272,0.0012111341295827813
