,gb,gb_ipw,wrangler_23,wrangler_16
0,0.015087074440702904,0.02443065714303672,0.0036634424681304604,0.0021345266337430215
