,gb,gb_ipw,wrangler_23,wrangler_16
0,0.021946265958546728,0.030393960079998106,0.0032374096400846685,0.002141444902648262
