,gb,gb_ipw,wrangler_23,wrangler_16
0,0.01761972428169908,0.02771758792679968,0.003389271932171392,0.0026788266580011627
