,gb,gb_ipw,wrangler_23,wrangler_16
0,0.009935380962750975,0.0122153009410804,0.005467523184074107,0.001050250767210676
