,gb,gb_ipw,wrangler_23,wrangler_16
0,0.018468269935021032,0.028630479788168885,0.0048604531165881044,0.002498141466042934
