,gb,gb_ipw,wrangler_23,wrangler_16
0,0.01398240780526426,0.026153981933244027,0.004549932213468924,0.0027708262055706726
