,gb,gb_ipw,wrangler_23,wrangler_16
0,0.01563657164698235,0.018532273662252234,0.005943075118269167,0.0010462016521202734
