,gb,gb_ipw,wrangler_23,wrangler_16
0,0.007255018250016142,0.009351340699786983,0.01136681511382426,0.002350873690991362
