,gb,gb_ipw,wrangler_23,wrangler_16
0,0.027111985466697,0.04675577987324108,0.005566712581750118,0.0038871710950678044
