,gb,gb_ipw,wrangler_23,wrangler_16
0,0.015584920995556055,0.01822111259922224,0.005568312770750599,0.0011374756661500878
