,gb,gb_ipw,wrangler_23,wrangler_16
0,0.02224184572696686,0.04043771574894587,0.005296121040980021,0.003717529277006785
