,gb,gb_ipw,wrangler_23,wrangler_16
0,0.016000221172968548,0.02032733211914698,0.003543818990389506,0.0011443222562472022
