,gb,gb_ipw,wrangler_23,wrangler_16
0,0.01910088038203692,0.03564247378596553,0.006409405859231146,0.0037366794014619268
