,gb,gb_ipw,wrangler_23,wrangler_16
0,0.0043610588162692285,0.0064888590503614325,0.007108168369016402,0.0016073322691324188
