,gb,gb_ipw,wrangler_23,wrangler_16
0,0.026715298493703205,0.045595483647452466,0.005165942841105991,0.003780755731794569
