,gb,gb_ipw,wrangler_23,wrangler_16
0,0.012123129017636089,0.014147596751248983,0.005268063754931233,0.001252537042322293
