,gb,gb_ipw,wrangler_23,wrangler_16
0,0.019803574326760935,0.03252830160621236,0.004007817316877085,0.0026423974215558418
