,gb,gb_ipw,wrangler_23,wrangler_16
0,0.016270707711955813,0.02909580330034806,0.004859723220182669,0.002929460040551986
