,gb,gb_ipw,wrangler_23,wrangler_16
0,0.014976255611173822,0.01777969791256382,0.00626771960585628,0.001282098800542862
