,gb,gb_ipw,wrangler_23,wrangler_16
0,0.011825893568725973,0.01506227862359502,0.004597921667282128,0.001066318165025874
