,gb,gb_ipw,wrangler_23,wrangler_16
0,0.013863340770249795,0.016387972857166238,0.008093262736356556,0.001225496936745888
