,gb,gb_ipw,wrangler_23,wrangler_16
0,0.01643939433416268,0.02992193475176697,0.0042233140611688865,0.003087651598584521
