,gb,gb_ipw,wrangler_23,wrangler_16
0,0.014006265379809745,0.01629593435988534,0.004505474709387432,0.0009078999074822334
