,gb,gb_ipw,wrangler_23,wrangler_16
0,0.02623663521280476,0.04789357384045918,0.006915234467562508,0.005194515574212168
