,gb,gb_ipw,wrangler_23,wrangler_16
0,0.0265606856286916,0.037247466028988235,0.004000455430410445,0.002671335103630776
