,gb,gb_ipw,wrangler_23,wrangler_16
0,0.013911676972279907,0.021703158442681957,0.004678166221514782,0.001814577942832709
