,gb,gb_ipw,wrangler_23,wrangler_16
0,0.0416749180891575,0.06873275224979108,0.006584975963983781,0.005569595556992751
