,gb,gb_ipw,wrangler_23,wrangler_16
0,0.014021562989781985,0.016806821744547566,0.005233008510420669,0.0011186766698112445
