,gb,gb_ipw,wrangler_23,wrangler_16
0,0.037318838901296,0.05500817527730312,0.00516316494906114,0.004421567052359094
