,gb,gb_ipw,wrangler_23,wrangler_16
0,0.022620305247690486,0.03686170468385192,0.005224655414449757,0.004129848260989134
