,gb,gb_ipw,wrangler_23,wrangler_16
0,0.014912952143826588,0.01722775391948062,0.00452608458102059,0.000974285268337927
