,gb,gb_ipw,wrangler_23,wrangler_16
0,0.016407082717337283,0.0183267202990794,0.0038477639413992105,0.0007202556210116726
