,gb,gb_ipw,wrangler_23,wrangler_16
0,0.014934627821286852,0.017551003910863245,0.006971189843698977,0.001216964495800713
