,gb,gb_ipw,wrangler_23,wrangler_16
0,0.025710271250817082,0.04189317264864521,0.004537884266145768,0.0036637629232098984
