,gb,gb_ipw,wrangler_23,wrangler_16
0,0.015849526594524925,0.023938480176423724,0.0033655629949531094,0.0019531983595628007
