,gb,gb_ipw,wrangler_23,wrangler_16
0,0.019309915197445664,0.03317462372958278,0.006880647485439636,0.004215745736431604
