,gb,gb_ipw,wrangler_23,wrangler_16
0,0.038014448201830114,0.055510625693453115,0.005183252116941363,0.0041570436306115
