,gb,gb_ipw,wrangler_23,wrangler_16
0,0.00475664607814101,0.01049562881553108,0.005204006622397834,0.0016993837929814239
