,gb,gb_ipw,wrangler_23,wrangler_16
0,0.02592381676197199,0.038685415354294886,0.004236610772097922,0.0029366531113606074
