,gb,gb_ipw,wrangler_23,wrangler_16
0,0.015553701054918894,0.026061148433894905,0.005954978885231437,0.002471136522817088
