,gb,gb_ipw,wrangler_23,wrangler_16
0,0.013503592631538507,0.015937688992108186,0.0055661984103181844,0.0010908033238651385
