,gb,gb_ipw,wrangler_23,wrangler_16
0,0.013951414099363523,0.016600032833135013,0.005668095339124449,0.0010844981558969086
