,gb,gb_ipw,wrangler_23,wrangler_16
0,0.016309397736775505,0.026778462006873692,0.0038727657082154583,0.00237082083200671
