,gb,gb_ipw,wrangler_23,wrangler_16
0,0.011171613420758928,0.027019898970048507,0.0065735408238002235,0.0025033950805664062
