,gb,gb_ipw,wrangler_23,wrangler_16
0,0.01343744943331475,0.016410792223080433,0.006414606980200094,0.0013774533650865114
