,gb,gb_ipw,wrangler_23,wrangler_16
0,0.020129188352268238,0.0311615978657958,0.004732753583776806,0.0022736638181122693
