,gb,gb_ipw,wrangler_23,wrangler_16
0,0.013029406427854467,0.022296601461495466,0.0031633898314194155,0.0019927739131788496
