,gb,gb_ipw,wrangler_23,wrangler_16
0,0.01160447575313722,0.013797828058915398,0.00476717990006056,0.0009128283895487951
