,gb,gb_ipw,wrangler_23,wrangler_16
0,0.012775397425546696,0.015179337007213014,0.005898207270038066,0.0012055741554779533
