,gb,gb_ipw,wrangler_23,wrangler_16
0,0.015099737095960323,0.017726462337240366,0.005120148268977225,0.0010468834133162764
