,gb,gb_ipw,wrangler_23,wrangler_16
0,0.024116148234831224,0.04827746673023411,0.007846031947232828,0.004167215711360224
