,gb,gb_ipw,wrangler_23,wrangler_16
0,0.021299545707571546,0.03979951655332165,0.005805615297297842,0.004248930416565991
