,gb,gb_ipw,wrangler_23,wrangler_16
0,0.013305821567623758,0.01584160604025542,0.0033568279500694313,0.0008156172338449223
