,gb,gb_ipw,wrangler_23,wrangler_16
0,0.021940718094507854,0.0415898859500885,0.005777428547541301,0.004463642835617065
