,gb,gb_ipw,wrangler_23,wrangler_16
0,0.006135432950911983,0.012232197655571833,0.0036177242101306985,0.0015178888929360229
