,gb,gb_ipw,wrangler_23,wrangler_16
0,0.016228120396102688,0.02684908500616101,0.005495289097661557,0.0024793156679125796
