,gb,gb_ipw,wrangler_23,wrangler_16
0,0.014978225785072402,0.017644220509623786,0.007079769534460139,0.0013418830425138883
