,gb,gb_ipw,wrangler_23,wrangler_16
0,0.019517294678533307,0.028146720888311022,0.003247420990015201,0.0020611796549434786
