,gb,gb_ipw,wrangler_23,wrangler_16
0,0.0337486465771993,0.06648578814097814,0.0074033935864766445,0.005810743286496117
