,gb,gb_ipw,wrangler_23,wrangler_16
0,0.029913460214932765,0.051048066880967885,0.006253313687112597,0.004577346973949009
