,gb,gb_ipw,wrangler_23,wrangler_16
0,0.013979122092540272,0.02345468141655213,0.005042381916018775,0.002150527602003728
