,gb,gb_ipw,wrangler_23,wrangler_16
0,0.013393648056377154,0.023330693958881543,0.005906980717372171,0.0024571380136777436
