,gb,gb_ipw,wrangler_23,wrangler_16
0,0.025176178149091517,0.0411599147610548,0.005289064190252039,0.0034633690748757462
