,gb,gb_ipw,wrangler_23,wrangler_16
0,0.016217740873495735,0.01899587611357371,0.004592382659514745,0.0010917584101359048
