,gb,gb_ipw,wrangler_23,wrangler_16
0,0.016710189648453583,0.024320579800209987,0.004229416803251927,0.0017919088069629288
