,gb,gb_ipw,wrangler_23,wrangler_16
0,0.009574532508850098,0.017263293266296387,0.003180384635925293,0.00171661376953125
