,gb,gb_ipw,wrangler_23,wrangler_16
0,0.012988203080796042,0.015379189191431152,0.008242833501533002,0.001165706401869075
