,gb,gb_ipw,wrangler_23,wrangler_16
0,0.013617377414881626,0.016171241475042897,0.005755608326920838,0.0009933921778313467
