,gb,gb_ipw,wrangler_23,wrangler_16
0,0.013688373109795935,0.016376162459275742,0.005822922781212311,0.0013235469541030428
