,gb,gb_ipw,wrangler_23,wrangler_16
0,0.022541908990769157,0.04254068647112165,0.005738366217840285,0.004291534423828124
