,gb,gb_ipw,wrangler_23,wrangler_16
0,0.0301212781951541,0.052287819839659196,0.007208968911852154,0.004301113741738456
