,gb,gb_ipw,wrangler_23,wrangler_16
0,0.013258245562304972,0.015826347996206844,0.005156928751648975,0.0010766088962554932
