,gb,gb_ipw,wrangler_23,wrangler_16
0,0.030673477846294057,0.046222744364633236,0.006121210104912416,0.0034500082195428193
