,gb,gb_ipw,wrangler_23,wrangler_16
0,0.016689024749279295,0.026759141576710707,0.0038414486851424687,0.002432034979533984
