,gb,gb_ipw,wrangler_23,wrangler_16
0,0.017692472623742145,0.027124778084132987,0.003541725269262342,0.0023343424866164933
