,gb,gb_ipw,wrangler_23,wrangler_16
0,0.008674231703152398,0.01076777616818109,0.006807447674279222,0.0017768156552362539
