,gb,gb_ipw,wrangler_23,wrangler_16
0,0.013966365803656572,0.01721284036649543,0.004121335545351232,0.0010893305307601994
