,gb,gb_ipw,wrangler_23,wrangler_16
0,0.015983223051264667,0.028747363366942474,0.00528678082037663,0.0028731166452601337
