,gb,gb_ipw,wrangler_23,wrangler_16
0,0.014357708749316989,0.02032436075664702,0.004448379789079939,0.0016406888053530741
