,gb,gb_ipw,wrangler_23,wrangler_16
0,0.013287516607754471,0.017561527512828756,0.004656196380994335,0.0013048851218529617
