,gb,gb_ipw,wrangler_23,wrangler_16
0,0.028981309798028737,0.0509586599138048,0.005907275610499912,0.0046193599700927734
