,gb,gb_ipw,wrangler_23,wrangler_16
0,0.02468130090734461,0.03792479798033997,0.007333074297223773,0.007630442525004293
