,gb,gb_ipw,wrangler_23,wrangler_16
0,0.047619144121805825,0.10644694169362386,0.10455350081125896,0.006670753161112467
