,gb,gb_ipw,wrangler_23,wrangler_16
0,0.009303384192488455,0.012499904369304227,0.005304196359701532,0.0014504619595756031
