,gb,gb_ipw,wrangler_23,wrangler_16
0,0.01679266066778274,0.022463117327008928,0.002876554216657366,0.0014227912539527528
