,gb,gb_ipw,wrangler_23,wrangler_16
0,0.01577090695907509,0.027287801106770836,0.0039596244937083755,0.0023394725361808406
