,gb,gb_ipw,wrangler_23,wrangler_16
0,0.007815565606548449,0.014569919363762547,0.0036974551260668055,0.0016770084830138288
