,gb,gb_ipw,wrangler_23,wrangler_16
0,0.005959377995801438,0.008654725312493693,0.00577553159783622,0.0012580175275562048
