,gb,gb_ipw,wrangler_23,wrangler_16
0,0.03231124779612748,0.05180073767593227,0.006350045351638008,0.004976680598308131
