,gb,gb_ipw,wrangler_23,wrangler_16
0,0.02810489332015591,0.05290702897675185,0.010183531758389042,0.00509263475156734
