,gb,gb_ipw,wrangler_23,wrangler_16
0,0.025689956687745593,0.04775822162628173,0.005772426014854794,0.004494474047706241
