,gb,gb_ipw,wrangler_23,wrangler_16
0,0.016735840474800003,0.026951800504925825,0.0040755970010686446,0.0026051025927017507
