,gb,gb_ipw,wrangler_23,wrangler_16
0,0.018212745721639542,0.02616308281774156,0.004216799783405142,0.0021206402915028765
