,gb,gb_ipw,wrangler_23,wrangler_16
0,0.014384012687590503,0.017051939776104544,0.005606966437983767,0.0011277978763867015
