,gb,gb_ipw,wrangler_23,wrangler_16
0,0.020301342010498047,0.03476805157131619,0.006603863504197863,0.0030524200863308376
