,gb,gb_ipw,wrangler_23,wrangler_16
0,0.01873862572150871,0.02213671633723704,0.00463257690890701,0.0009709977465965421
