,gb,gb_ipw,wrangler_23,wrangler_16
0,0.030206143856048587,0.05309747325049506,0.0063295165697733555,0.004541873931884766
