,gb,gb_ipw,wrangler_23,wrangler_16
0,0.015948587061499084,0.02492510754129161,0.006526784823678643,0.0025046908337136974
