,gb,gb_ipw,wrangler_23,wrangler_16
0,0.014684410011201557,0.027064323301744034,0.0074177860734931916,0.004922684215946446
