,gb,gb_ipw,wrangler_23,wrangler_16
0,0.011201450462613508,0.01318736056912079,0.004742427460401186,0.000995051241066842
