,gb,gb_ipw,wrangler_23,wrangler_16
0,0.02537454877580915,0.046463573680204505,0.004883573836639148,0.005688987860158711
