,gb,gb_ipw,wrangler_23,wrangler_16
0,0.024729074086046385,0.041191586218644514,0.007309564730016197,0.003675412079459976
