,gb,gb_ipw,wrangler_23,wrangler_16
0,0.012069421436623071,0.021895818171279096,0.006780944767262731,0.0028044059528306076
