,gb,gb_ipw,wrangler_23,wrangler_16
0,0.021369447592298998,0.02545939765961064,0.01009952684163082,0.0020883343963005283
