,gb,gb_ipw,wrangler_23,wrangler_16
0,0.027872432361949574,0.04285760359330611,0.004849520596590909,0.003369418057528409
