,gb,gb_ipw,wrangler_23,wrangler_16
0,0.01498718082718357,0.017477399489926843,0.005975567635704255,0.0011181516451764363
