,gb,gb_ipw,wrangler_23,wrangler_16
0,0.016044232802559285,0.0262383162596103,0.005830568409572797,0.0024742305175357642
