,gb,gb_ipw,wrangler_23,wrangler_16
0,0.016465904266853643,0.025064189259598895,0.0031159176089899324,0.0019872091649993646
