,gb,gb_ipw,wrangler_23,wrangler_16
0,0.015012848360875344,0.026853977407447594,0.004339283549409508,0.0025885912943605857
