,gb,gb_ipw,wrangler_23,wrangler_16
0,0.014824030522085465,0.02350127147788278,0.0040817874556957545,0.0018323178536846713
