,gb,gb_ipw,wrangler_23,wrangler_16
0,0.016247777030973354,0.0264293543388009,0.005573248568368362,0.0022794105281835316
