,gb,gb_ipw,wrangler_23,wrangler_16
0,0.014532204036853633,0.01691358897602923,0.0044387207615337754,0.0009851445617998038
