,gb,gb_ipw,wrangler_23,wrangler_16
0,0.009964779778070702,0.011980800667508312,0.004943567963578793,0.0010533633882790622
