,gb,gb_ipw,wrangler_23,wrangler_16
0,0.01592898420778495,0.01835582822496335,0.010062471713895113,0.0015874444009951257
