,gb,gb_ipw,wrangler_23,wrangler_16
0,0.012733834855099942,0.02539791959397336,0.007125925510487658,0.003271914542989528
