,gb,gb_ipw,wrangler_23,wrangler_16
0,0.014961195421648456,0.024685236784788938,0.004712310997215478,0.0021896920762620527
