,gb,gb_ipw,wrangler_23,wrangler_16
0,0.028247860344973477,0.04781579429453069,0.006249005144292657,0.005022820198174678
