,gb,gb_ipw,wrangler_23,wrangler_16
0,0.010006160349058182,0.015336060663482313,0.004592815015943146,0.0016181477570791963
