,gb,gb_ipw,wrangler_23,wrangler_16
0,0.011537165097431636,0.014328609465747776,0.003998881780942751,0.0009919098344727591
