,gb,gb_ipw,wrangler_23,wrangler_16
0,0.028189023335774742,0.04723593592643738,0.00599101185798645,0.004162391026814779
