,gb,gb_ipw,wrangler_23,wrangler_16
0,0.028771658738454182,0.049032022555669144,0.005618234475453695,0.004202127456665038
