,gb,gb_ipw,wrangler_23,wrangler_16
0,0.03146214617623224,0.05107766224278345,0.006550095147556729,0.004575484328799778
