,gb,gb_ipw,wrangler_23,wrangler_16
0,0.02377226714688446,0.03317575804226061,0.004627317658269592,0.0023958882736285943
