,gb,gb_ipw,wrangler_23,wrangler_16
0,0.00952216777724293,0.017744133829587866,0.003984775620433483,0.0018923871430308232
