,gb,gb_ipw,wrangler_23,wrangler_16
0,0.015086639518924397,0.017909154785337517,0.006346707573976657,0.0012629645258958818
