,gb,gb_ipw,wrangler_23,wrangler_16
0,0.03168538764671043,0.05656673952385232,0.006148384677039253,0.005683689205734817
