,gb,gb_ipw,wrangler_23,wrangler_16
0,0.018071903260975287,0.028809799937188064,0.005673900268827572,0.0025672339350799388
