,gb,gb_ipw,wrangler_23,wrangler_16
0,0.02695309747125685,0.054834798439261846,0.0061187547506745335,0.005275195406884261
