,gb,gb_ipw,wrangler_23,wrangler_16
0,0.013298056765120286,0.01404137719822805,0.02596076296441733,0.0029237683527632698
