,gb,gb_ipw,wrangler_23,wrangler_16
0,0.015066302378117825,0.025095905454355333,0.005802159668296897,0.0026445021338787557
