,gb,gb_ipw,wrangler_23,wrangler_16
0,0.01584865786286018,0.02370778365656432,0.0031758899148176555,0.002037658382523881
