,gb,gb_ipw,wrangler_23,wrangler_16
0,0.011809666951497396,0.019872850841946073,0.003068645795186361,0.0018490685356987847
