,gb,gb_ipw,wrangler_23,wrangler_16
0,0.012799743398548549,0.014875425583476204,0.0037816375271446916,0.0008113596282358163
