,gb,gb_ipw,wrangler_23,wrangler_16
0,0.019515588460511574,0.027988956182329487,0.0036523439962229676,0.0018049022908472369
