,gb,gb_ipw,wrangler_23,wrangler_16
0,0.012439999452317656,0.016669028534371903,0.003983413132719293,0.0012495251787124082
