,gb,gb_ipw,wrangler_23,wrangler_16
0,0.0216951721264892,0.025009214980601442,0.01128511327133992,0.0018417527678089123
