,gb,gb_ipw,wrangler_23,wrangler_16
0,0.01621279852297906,0.026602672781604473,0.004898116052653442,0.002235221536391784
