,gb,gb_ipw,wrangler_23,wrangler_16
0,0.028279092576768663,0.052710995078086846,0.006208403242958917,0.004629294077555339
