,gb,gb_ipw,wrangler_23,wrangler_16
0,0.03049516270303319,0.0514413556482038,0.004821693116103822,0.003977378888687177
