,gb,gb_ipw,wrangler_23,wrangler_16
0,0.0035885257947426454,0.005575419087722613,0.008800131916445929,0.002199956050039753
