,gb,gb_ipw,wrangler_23,wrangler_16
0,0.013170242309570312,0.01550715220601935,0.006897543606005217,0.001160816142433568
