,gb,gb_ipw,wrangler_23,wrangler_16
0,0.016894863872993285,0.025842635612177655,0.0031896722995168798,0.001985076966324473
