,gb,gb_ipw,wrangler_23,wrangler_16
0,0.012145905828279725,0.014381276236640081,0.005150331881801778,0.0009979976057515713
