,gb,gb_ipw,wrangler_23,wrangler_16
0,0.011594924707221932,0.022108798551049816,0.004199897795384732,0.002496077217902834
