,gb,gb_ipw,wrangler_23,wrangler_16
0,0.007279570569697115,0.009688704284196048,0.004140126336481153,0.0009603107098451596
