,gb,gb_ipw,wrangler_23,wrangler_16
0,0.0232445825006544,0.04186673262684615,0.005538623357556529,0.004370187975696682
