,gb,gb_ipw,wrangler_23,wrangler_16
0,0.01258884298886925,0.015065732115662383,0.00452293275031741,0.000988205558956382
