,gb,gb_ipw,wrangler_23,wrangler_16
0,0.016545388787825476,0.026271304982231264,0.0039001996504431733,0.0024498465226933277
