,gb,gb_ipw,wrangler_23,wrangler_16
0,0.015871903706883742,0.025939995023621615,0.005552168192713334,0.0024756034096141623
