,gb,gb_ipw,wrangler_23,wrangler_16
0,0.02081134692341292,0.03942178220165019,0.005577697234899819,0.004569689432779947
