,gb,gb_ipw,wrangler_23,wrangler_16
0,0.02170262629525703,0.03395247006276895,0.007524694267072175,0.003150854891503763
