,gb,gb_ipw,wrangler_23,wrangler_16
0,0.053577125072479255,0.09118020534515382,0.012837971250216166,0.007666440473662482
