,gb,gb_ipw,wrangler_23,wrangler_16
0,0.01382197947860453,0.030721970376251753,0.00591745266335548,0.002873977484730627
