,gb,gb_ipw,wrangler_23,wrangler_16
0,0.014614483267319869,0.017336092448859912,0.005868822395959317,0.001267364855670141
