,gb,gb_ipw,wrangler_23,wrangler_16
0,0.03233031621054997,0.056537843885875884,0.008242470877511161,0.004523330264621311
