,gb,gb_ipw,wrangler_23,wrangler_16
0,0.017818336278363007,0.028854510823234186,0.0036401175410369704,0.0023540251893423947
