,gb,gb_ipw,wrangler_23,wrangler_16
0,0.00417351418320759,0.007430818603703135,0.007923394013547,0.0016741523566125801
