,gb,gb_ipw,wrangler_23,wrangler_16
0,0.015002532281737398,0.02507057742796082,0.0035548987595931344,0.0021280153937961745
