,gb,gb_ipw,wrangler_23,wrangler_16
0,0.021129948986354976,0.03908589943168089,0.005348441527061856,0.004042464842911029
