,gb,gb_ipw,wrangler_23,wrangler_16
0,0.015364415103717029,0.025586641840885542,0.0037303990956815813,0.002437215950585068
