,gb,gb_ipw,wrangler_23,wrangler_16
0,0.009633234205793833,0.012087297062304653,0.005471612072745507,0.001113030112482733
