,gb,gb_ipw,wrangler_23,wrangler_16
0,0.011514838446270333,0.020604908014788773,0.005893544717268508,0.0023486149130445538
