,gb,gb_ipw,wrangler_23,wrangler_16
0,0.028741480124117147,0.04649884773023201,0.00543907435253413,0.004468542156797466
