,gb,gb_ipw,wrangler_23,wrangler_16
0,0.022346142955952733,0.0334916791807221,0.0034878721668935384,0.00236942689529668
