,gb,gb_ipw,wrangler_23,wrangler_16
0,0.01478699950484542,0.024353276501904744,0.004289708695970141,0.002206553210009326
