,gb,gb_ipw,wrangler_23,wrangler_16
0,0.026274886396196157,0.04834626559857969,0.005843186819994891,0.004891168188165735
