,gb,gb_ipw,wrangler_23,wrangler_16
0,0.017551292615181513,0.027749729395211115,0.005005298180037058,0.0026979494154527875
