,gb,gb_ipw,wrangler_23,wrangler_16
0,0.011549048421486664,0.018713825079274677,0.007340464507604204,0.001942182145923705
