,gb,gb_ipw,wrangler_23,wrangler_16
0,0.0264129638671875,0.04162940979003906,0.004257392883300781,0.006001091003417969
