,gb,gb_ipw,wrangler_23,wrangler_16
0,0.017013450827499596,0.02266543640273346,0.003559636933851106,0.001521240563522668
