,gb,gb_ipw,wrangler_23,wrangler_16
0,0.016728916507907417,0.027473517645936703,0.004436356319356661,0.0025452244864489462
