,gb,gb_ipw,wrangler_23,wrangler_16
0,0.015972260146113165,0.01877868384645696,0.00484502803512484,0.000911288791232639
