,gb,gb_ipw,wrangler_23,wrangler_16
0,0.013397184974582898,0.01598121902190785,0.006964038705108383,0.0013699922940955864
