,gb,gb_ipw,wrangler_23,wrangler_16
0,0.016062415164449943,0.02656242121820864,0.003507344619087552,0.0022341807683308925
