,gb,gb_ipw,wrangler_23,wrangler_16
0,0.0033737949489318214,0.007713357197869685,0.006032924062197971,0.0017365721083178963
