,gb,gb_ipw,wrangler_23,wrangler_16
0,0.027659897492310712,0.053377909081004496,0.00543070730761947,0.004760015790707597
