,gb,gb_ipw,wrangler_23,wrangler_16
0,0.014388646922806695,0.01703579078219999,0.004525026746354308,0.0009654544951734602
