,gb,gb_ipw,wrangler_23,wrangler_16
0,0.015893432544266166,0.02659392613236622,0.004500115074422054,0.0028531183905926225
