,gb,gb_ipw,wrangler_23,wrangler_16
0,0.015219682062404585,0.017401803254551748,0.006688144099350596,0.0011306793755023767
