,gb,gb_ipw,wrangler_23,wrangler_16
0,0.020994006336985765,0.03921202012708971,0.00463015549666398,0.0032996797895098067
