,gb,gb_ipw,wrangler_23,wrangler_16
0,0.017345192943989986,0.025771310937549426,0.0037517624828014304,0.001914781114833075
