,gb,gb_ipw,wrangler_23,wrangler_16
0,0.016603646075515517,0.028590011214171724,0.005315665340819754,0.002841180348666105
