,gb,gb_ipw,wrangler_23,wrangler_16
0,0.03154054284095764,0.05672151843706767,0.005689760049184164,0.004454205433527628
