,gb,gb_ipw,wrangler_23,wrangler_16
0,0.02890218187261511,0.049270965434886786,0.00554240412182278,0.004586798173409921
