,gb,gb_ipw,wrangler_23,wrangler_16
0,0.02160976672994679,0.0366911120798396,0.004941019518622036,0.0036756197611490884
