,gb,gb_ipw,wrangler_23,wrangler_16
0,0.02832475906056341,0.040540112659774405,0.006952810855138868,0.0028298183633626997
