,gb,gb_ipw,wrangler_23,wrangler_16
0,0.008535203665704304,0.016115616300346143,0.005689270323277636,0.0017923130642893174
