,gb,gb_ipw,wrangler_23,wrangler_16
0,0.021464091766745456,0.025043865594742632,0.008045619516650867,0.0016850683344952994
