,gb,gb_ipw,wrangler_23,wrangler_16
0,0.017038264561220595,0.02815710390851798,0.0057544864592005,0.002528083780424191
