,gb,gb_ipw,wrangler_23,wrangler_16
0,0.015948676862846768,0.01856304207395198,0.005269992931108452,0.0010289608827626301
