,gb,gb_ipw,wrangler_23,wrangler_16
0,0.014435072414210588,0.02507490864216956,0.005080237414667515,0.002399738369092264
