,gb,gb_ipw,wrangler_23,wrangler_16
0,0.015001244597382597,0.025138592982030174,0.00454514891236693,0.0025420136504120876
