,gb,gb_ipw,wrangler_23,wrangler_16
0,0.012100693540729042,0.02188860753555476,0.0074957544341419805,0.002488956317767964
