,gb,gb_ipw,wrangler_23,wrangler_16
0,0.030069668835633147,0.0464912447827284,0.005601796718176918,0.004371511472963701
