,gb,gb_ipw,wrangler_23,wrangler_16
0,0.014208507829485318,0.023422984901918187,0.00276696791342639,0.002006142875834707
