,gb,gb_ipw,wrangler_23,wrangler_16
0,0.012823626879722841,0.022756212180660613,0.006828745526652183,0.0021860724495303247
