,gb,gb_ipw,wrangler_23,wrangler_16
0,0.01762827139814597,0.02746353571186488,0.004613487374870432,0.0022744663810261344
