,gb,gb_ipw,wrangler_23,wrangler_16
0,0.013721204018807625,0.024179939751152523,0.004264470693227407,0.0024964143564035223
