,gb,gb_ipw,wrangler_23,wrangler_16
0,0.027043038401110418,0.049411222852509595,0.005015525324591276,0.004348056069735823
