,gb,gb_ipw,wrangler_23,wrangler_16
0,0.026433646273450784,0.04627347803440224,0.00573461558543095,0.004398579500159439
