,gb,gb_ipw,wrangler_23,wrangler_16
0,0.024141344767285716,0.03763182226959134,0.003474002259021179,0.002254933227986207
