,gb,gb_ipw,wrangler_23,wrangler_16
0,0.012076479089425838,0.01434485117594401,0.00375955943214,0.0007708382307371474
