,gb,gb_ipw,wrangler_23,wrangler_16
0,0.00982803087854533,0.016858980013490094,0.005267675816090114,0.0017629503834727376
