,gb,gb_ipw,wrangler_23,wrangler_16
0,0.008576403382003947,0.014220386423090453,0.0025092914540280576,0.001159662841468729
