,gb,gb_ipw,wrangler_23,wrangler_16
0,0.01678592790433062,0.025671865881943125,0.004743948215391578,0.0019191726436459922
