,gb,gb_ipw,wrangler_23,wrangler_16
0,0.01824861285330235,0.021248018614167467,0.006026369267630717,0.001504062676811111
