,gb,gb_ipw,wrangler_23,wrangler_16
0,0.01819017007178867,0.028492402784603157,0.00420827226540477,0.0023659049850149254
