,gb,gb_ipw,wrangler_23,wrangler_16
0,0.0486464211435029,0.0815186837706903,0.01610770370021011,0.007568585752236723
