,gb,gb_ipw,wrangler_23,wrangler_16
0,0.026452382405598957,0.041870329115125865,0.007826275295681424,0.0037831200493706595
