,gb,gb_ipw,wrangler_23,wrangler_16
0,0.013553807204802202,0.015885723359034445,0.005364157777400753,0.0010173676631155609
