,gb,gb_ipw,wrangler_23,wrangler_16
0,0.022095820260426356,0.038455403040325825,0.007810573729257734,0.0037233980875166633
