,gb,gb_ipw,wrangler_23,wrangler_16
0,0.010280009588538027,0.014929521468377883,0.004209119203852768,0.0012646759710004253
