,gb,gb_ipw,wrangler_23,wrangler_16
0,0.005674055394004372,0.010283602998147604,0.004708693892348047,0.001477162822399264
