,gb,gb_ipw,wrangler_23,wrangler_16
0,0.027945998943213257,0.04790362083550656,0.005542554638602517,0.004149070291808158
