,gb,gb_ipw,wrangler_23,wrangler_16
0,0.027240032241457983,0.047705357982998804,0.005866800035749163,0.00449518362681071
