,gb,gb_ipw,wrangler_23,wrangler_16
0,0.028266365995112157,0.04723096631236913,0.006198637264291035,0.004346346117786525
