,gb,gb_ipw,wrangler_23,wrangler_16
0,0.02549658890396823,0.02714930424878991,0.004157237732275394,0.0007899697840145497
