,gb,gb_ipw,wrangler_23,wrangler_16
0,0.008668784865874326,0.01090213148770686,0.006281350084201606,0.00120781227677523
