,gb,gb_ipw,wrangler_23,wrangler_16
0,0.024147331714630127,0.04261285066604615,0.005843738714853922,0.004810094833374024
