,gb,gb_ipw,wrangler_23,wrangler_16
0,0.006170841015236281,0.008366957365537912,0.009293263139350836,0.0014683294533009686
