,gb,gb_ipw,wrangler_23,wrangler_16
0,0.01485115666348337,0.022318471886074647,0.003381002916666094,0.0020060566944296227
