,gb,gb_ipw,wrangler_23,wrangler_16
0,0.008569918956953224,0.012522997315396966,0.002835460544861469,0.0011000436605866422
