,gb,gb_ipw,wrangler_23,wrangler_16
0,0.02362772270485207,0.043359067704942494,0.006764851234577322,0.004854467180040147
