,gb,gb_ipw,wrangler_23,wrangler_16
0,0.03289223037740236,0.04866703223156673,0.005434597692181987,0.004436860802353069
