,gb,gb_ipw,wrangler_23,wrangler_16
0,0.019749872612230705,0.038876244516083694,0.010185964179761482,0.0036301757350112457
