,gb,gb_ipw,wrangler_23,wrangler_16
0,0.014403389365065331,0.01702554085675408,0.006164420469134462,0.0011698726345511046
