,gb,gb_ipw,wrangler_23,wrangler_16
0,0.017704536825807256,0.0260610919356936,0.003541958423224967,0.0020680103653784652
