,gb,gb_ipw,wrangler_23,wrangler_16
0,0.02300056318442027,0.042650227745374046,0.006438957320319281,0.004287188251813253
