,gb,gb_ipw,wrangler_23,wrangler_16
0,0.0257943615768895,0.043143527676360774,0.0058256014428957545,0.0047135834742074055
