,gb,gb_ipw,wrangler_23,wrangler_16
0,0.012964412036578304,0.015125004206630365,0.005808529439276178,0.0012087467269861992
