,gb,gb_ipw,wrangler_23,wrangler_16
0,0.0188055461392485,0.03178574413856495,0.007093467368061539,0.002862754010330751
