,gb,gb_ipw,wrangler_23,wrangler_16
0,0.0313581879605952,0.05179803396008679,0.005925316171547802,0.004448104150516471
