,gb,gb_ipw,wrangler_23,wrangler_16
0,0.012556395365346501,0.014877208572369972,0.0035891747304569216,0.0008521674184512792
