,gb,gb_ipw,wrangler_23,wrangler_16
0,0.016683839863131506,0.02761064849284865,0.004372009949654526,0.002522738823979538
