,gb,gb_ipw,wrangler_23,wrangler_16
0,0.013989522522100612,0.01681150880249791,0.006169193195846846,0.0012817122901260729
