,gb,gb_ipw,wrangler_23,wrangler_16
0,0.017597709876903588,0.02747523611870365,0.004711617594179899,0.002462794815284618
