,gb,gb_ipw,wrangler_23,wrangler_16
0,0.01939610829429021,0.03575805633787125,0.004877646764119466,0.003017603404938228
