,gb,gb_ipw,wrangler_23,wrangler_16
0,0.019865817037122004,0.03939250419879782,0.005056118143015894,0.00461627697122508
