,gb,gb_ipw,wrangler_23,wrangler_16
0,0.021720925966898598,0.04432201385498047,0.012734035650889078,0.004254778226216635
