,gb,gb_ipw,wrangler_23,wrangler_16
0,0.02442669664692675,0.04030904199323083,0.0073624472332815835,0.004239911027783343
