,gb,gb_ipw,wrangler_23,wrangler_16
0,0.01370754555194047,0.016116343897003078,0.006468657780986384,0.0012594666545657101
