,gb,gb_ipw,wrangler_23,wrangler_16
0,0.009834642780695362,0.012566704224699458,0.006219013881974022,0.0013073018851376534
