,gb,gb_ipw,wrangler_23,wrangler_16
0,0.02432407604323493,0.047993742757373385,0.006186879343456692,0.004822181330786812
