,gb,gb_ipw,wrangler_23,wrangler_16
0,0.016396058434471093,0.026146597403256016,0.004028413384993447,0.0022973287551798292
