,gb,gb_ipw,wrangler_23,wrangler_16
0,0.015115017692248026,0.017656162381172184,0.005608201026916504,0.0012031694253285723
