,gb,gb_ipw,wrangler_23,wrangler_16
0,0.010045284920550408,0.021081021491517412,0.004065797684040476,0.0032617690715383975
