,gb,gb_ipw,wrangler_23,wrangler_16
0,0.023227267795138888,0.04030429955684777,0.0061213368117207225,0.004103689482717803
