,gb,gb_ipw,wrangler_23,wrangler_16
0,0.010345844512290142,0.01927005483749065,0.004045506741138215,0.002148303579776845
