,gb,gb_ipw,wrangler_23,wrangler_16
0,0.026063024126298247,0.03739285190203037,0.006016104193458779,0.0027422057954888594
