,gb,gb_ipw,wrangler_23,wrangler_16
0,0.015319639063080726,0.027879493024256484,0.004256741098559045,0.002804234724495427
