,gb,gb_ipw,wrangler_23,wrangler_16
0,0.010999780210595639,0.021766358207398247,0.0034848388711151163,0.0020727380975946647
