,gb,gb_ipw,wrangler_23,wrangler_16
0,0.014669997956121965,0.025962130658624537,0.003712316337321033,0.0025483378896447233
