,gb,gb_ipw,wrangler_23,wrangler_16
0,0.01395473877588908,0.01617399354775747,0.005025118589401245,0.0010586281617482505
