,gb,gb_ipw,wrangler_23,wrangler_16
0,0.014089001631884842,0.023425921149875805,0.0034135691127421693,0.0020550644916036854
