,gb,gb_ipw,wrangler_23,wrangler_16
0,0.006600362913949149,0.008997321128845215,0.008116084702160895,0.0011823615249322386
