,gb,gb_ipw,wrangler_23,wrangler_16
0,0.01751282054525583,0.02112177781284576,0.006446130123369022,0.0013818065531307345
