,gb,gb_ipw,wrangler_23,wrangler_16
0,0.01149184126066611,0.013561546288864731,0.00403219977151686,0.0008022896136468297
