,gb,gb_ipw,wrangler_23,wrangler_16
0,0.022386982268893844,0.0400087575322574,0.007887107809794321,0.005186802333163231
