,gb,gb_ipw,wrangler_23,wrangler_16
0,0.016628154205711378,0.0271782414726438,0.003920400511805912,0.002262327406141493
