,gb,gb_ipw,wrangler_23,wrangler_16
0,0.011648825179098425,0.013839210148793588,0.004821985506164241,0.001053317952680507
