,gb,gb_ipw,wrangler_23,wrangler_16
0,0.01864027760556253,0.028838851607933712,0.004348946255585023,0.0021846682844239448
