,gb,gb_ipw,wrangler_23,wrangler_16
0,0.014727845984385046,0.0260856442036103,0.006023690233809969,0.002486266648413015
