,gb,gb_ipw,wrangler_23,wrangler_16
0,0.013508501741075023,0.024267078674945635,0.008002753110276054,0.0025201089603384746
