,gb,gb_ipw,wrangler_23,wrangler_16
0,0.01071713944917084,0.018150896154424195,0.003945763393114973,0.0015958662955991682
