,gb,gb_ipw,wrangler_23,wrangler_16
0,0.009624064585683757,0.012100557362811166,0.005094703927049972,0.0010900615905382618
