,gb,gb_ipw,wrangler_23,wrangler_16
0,0.009427972408156321,0.01193105865636638,0.005499871901279905,0.0012318087365343162
