,gb,gb_ipw,wrangler_23,wrangler_16
0,0.015009761694164412,0.02433246788245267,0.0035089035689318954,0.0021680084454836464
