,gb,gb_ipw,wrangler_23,wrangler_16
0,0.013957869218504067,0.01655453858403903,0.006591493994174782,0.0012219473380815655
