,gb,gb_ipw,wrangler_23,wrangler_16
0,0.031756858030954994,0.06453018812906174,0.00799234424318586,0.006668979213351295
