,gb,gb_ipw,wrangler_23,wrangler_16
0,0.017213243037221247,0.023787362234933034,0.003775946213550002,0.0014450350861665053
