,gb,gb_ipw,wrangler_23,wrangler_16
0,0.009700963812426102,0.012328186311012457,0.008983922398780004,0.0017965751245987318
