,gb,gb_ipw,wrangler_23,wrangler_16
0,0.02459661770052845,0.033706345288609434,0.003844999198095608,0.0022930940921776014
