,gb,gb_ipw,wrangler_23,wrangler_16
0,0.030206516385078434,0.051359749502605856,0.005665338701672024,0.004342032803429497
