,gb,gb_ipw,wrangler_23,wrangler_16
0,0.017750514474908975,0.029037075057614128,0.005334136450690837,0.002447838526419789
