,gb,gb_ipw,wrangler_23,wrangler_16
0,0.01764631209274133,0.02850312739610672,0.0036732914547125493,0.002360980336864789
