,gb,gb_ipw,wrangler_23,wrangler_16
0,0.015380173459255027,0.017920449542592996,0.00521431646875204,0.0011026164590617717
