,gb,gb_ipw,wrangler_23,wrangler_16
0,0.016453136862602087,0.028795783085801014,0.004614386652737618,0.0026396414270517254
