,gb,gb_ipw,wrangler_23,wrangler_16
0,0.017233604802808673,0.027319806876179943,0.004077062100481973,0.0026378073063324757
