,gb,gb_ipw,wrangler_23,wrangler_16
0,0.016014866924459602,0.02629581768728417,0.004324684305196829,0.002346693130428312
