,gb,gb_ipw,wrangler_23,wrangler_16
0,0.013303557200411872,0.02212280010079739,0.003539867480928429,0.002068455747979455
