,gb,gb_ipw,wrangler_23,wrangler_16
0,0.010353326797485352,0.014925334188673233,0.004437069098154703,0.0015212429894341363
