,gb,gb_ipw,wrangler_23,wrangler_16
0,0.01478415603439013,0.017347466200590134,0.0041002097229162855,0.0010279938578605652
