,gb,gb_ipw,wrangler_23,wrangler_16
0,0.03375526931550768,0.050493412547641336,0.005792826414108276,0.004450480143229167
