,gb,gb_ipw,wrangler_23,wrangler_16
0,0.014274211529174137,0.02423067561915664,0.003609110097416112,0.0020809903170893105
