,gb,gb_ipw,wrangler_23,wrangler_16
0,0.017085112631320953,0.030764068166414898,0.005539351453383764,0.0027256707350413007
