,gb,gb_ipw,wrangler_23,wrangler_16
0,0.0239432549799434,0.0406492436646954,0.004861352522091894,0.0032724621678689924
