,gb,gb_ipw,wrangler_23,wrangler_16
0,0.020037624155839782,0.028273736255503577,0.004033102303255481,0.0018361801471663698
