,gb,gb_ipw,wrangler_23,wrangler_16
0,0.009145948217086327,0.01058159222902131,0.018115523787892593,0.0016416453964128877
