,gb,gb_ipw,wrangler_23,wrangler_16
0,0.016795050713323777,0.028338804039903864,0.0053309838831638355,0.0029355821643678947
