,gb,gb_ipw,wrangler_23,wrangler_16
0,0.021052566878862686,0.022323359601959202,0.0025002164696257293,0.0005627514464232822
