,gb,gb_ipw,wrangler_23,wrangler_16
0,0.01409840076527697,0.02337072757964439,0.004164398984706148,0.0024187438031460376
