,gb,gb_ipw,wrangler_23,wrangler_16
0,0.013612867683492682,0.02276455202410298,0.005614052536667033,0.0020222638242988174
