,gb,gb_ipw,wrangler_23,wrangler_16
0,0.02621378629438338,0.041561020958808155,0.004435739209575039,0.0034416875531596523
