,gb,gb_ipw,wrangler_23,wrangler_16
0,0.05916122234228885,0.09161053281841856,0.010224002780336323,0.008107134790131539
