,gb,gb_ipw,wrangler_23,wrangler_16
0,0.026170478379430852,0.04192462637404765,0.004631231639010846,0.0036491835412900313
