,gb,gb_ipw,wrangler_23,wrangler_16
0,0.016112985086316124,0.024275088145580142,0.003890668701404445,0.0018010567585381194
