,gb,gb_ipw,wrangler_23,wrangler_16
0,0.006658514750372504,0.009741795431707324,0.013683690238244754,0.0024436675396162207
