,gb,gb_ipw,wrangler_23,wrangler_16
0,0.004726518047311918,0.009953161406386744,0.004798173904418945,0.0015347381758559597
