,gb,gb_ipw,wrangler_23,wrangler_16
0,0.02928649385770162,0.0491991639137268,0.0058079759279886884,0.004283090432484944
