,gb,gb_ipw,wrangler_23,wrangler_16
0,0.009781707610402784,0.01766204479194823,0.005941607412837802,0.0019933969255477675
