,gb,gb_ipw,wrangler_23,wrangler_16
0,0.014189806851473722,0.022375973788174717,0.003282373601740057,0.0018241188742897727
