,gb,gb_ipw,wrangler_23,wrangler_16
0,0.024198196255243738,0.044720342908150114,0.007339633810214504,0.005007840884037508
