,gb,gb_ipw,wrangler_23,wrangler_16
0,0.011874507377523012,0.022655745303287213,0.004354343974669597,0.0035286676592943145
