,gb,gb_ipw,wrangler_23,wrangler_16
0,0.013307892801376758,0.015989883140947833,0.00807377402387575,0.0011914681088749468
