,gb,gb_ipw,wrangler_23,wrangler_16
0,0.01207733154296875,0.022841135660807293,0.005587132771809895,0.0020473480224609377
