,gb,gb_ipw,wrangler_23,wrangler_16
0,0.019682156600921957,0.022684541860021144,0.005043529454643755,0.0009727044024390103
