,gb,gb_ipw,wrangler_23,wrangler_16
0,0.0184564750431936,0.029208017634106923,0.005433763260449167,0.0025875124580416325
