,gb,gb_ipw,wrangler_23,wrangler_16
0,0.013875758348827294,0.01918286832857303,0.0029364367112463953,0.0014637319845110712
