,gb,gb_ipw,wrangler_23,wrangler_16
0,0.017056187782832365,0.020340401633862876,0.008227288702231009,0.0014496322958696102
