,gb,gb_ipw,wrangler_23,wrangler_16
0,0.016768293405422574,0.027325566829125153,0.00539695458882562,0.0022949073929741425
