,gb,gb_ipw,wrangler_23,wrangler_16
0,0.011966889163097703,0.025690000858332417,0.01345341464123094,0.002793040141523124
