,gb,gb_ipw,wrangler_23,wrangler_16
0,0.03264761633343167,0.054838756720225014,0.006201780504650541,0.0049883706702126395
