,gb,gb_ipw,wrangler_23,wrangler_16
0,0.012961693671571108,0.015580197091863937,0.00632234982081822,0.001086313434007789
