,gb,gb_ipw,wrangler_23,wrangler_16
0,0.027660901347796123,0.047932275467448764,0.005539506673812866,0.004261939062012566
