,gb,gb_ipw,wrangler_23,wrangler_16
0,0.023397593161998652,0.042837160902145587,0.005840682066403902,0.004619980851809185
