,gb,gb_ipw,wrangler_23,wrangler_16
0,0.022384855482313365,0.04293604029549492,0.005670305755403306,0.004179775714874268
