,gb,gb_ipw,wrangler_23,wrangler_16
0,0.014897179357784313,0.0190247211259665,0.003560154708390383,0.0013328827533525289
