,gb,gb_ipw,wrangler_23,wrangler_16
0,0.013400495758314828,0.01584443545785249,0.0061373057099163245,0.001110199542618443
