,gb,gb_ipw,wrangler_23,wrangler_16
0,0.009225194821683476,0.011552169975283381,0.004592319963889314,0.0010196834424087938
