,gb,gb_ipw,wrangler_23,wrangler_16
0,0.013390290133069693,0.01562115537571608,0.006713710901960003,0.0012983892308673652
