,gb,gb_ipw,wrangler_23,wrangler_16
0,0.023637380864885118,0.04285601554093537,0.00569058789147271,0.004132588704427083
