,gb,gb_ipw,wrangler_23,wrangler_16
0,0.02611053119587216,0.03677580177039808,0.005304453308621674,0.002553757764714119
