,gb,gb_ipw,wrangler_23,wrangler_16
0,0.019997688276427134,0.021318438507261728,0.00837090469542004,0.0009427432503019063
