,gb,gb_ipw,wrangler_23,wrangler_16
0,0.018758078416188557,0.024183863593686013,0.0030436823444981724,0.0014010296073011172
