,gb,gb_ipw,wrangler_23,wrangler_16
0,0.01556127861824961,0.020949859824784683,0.0035166419098640704,0.0013153508024395639
