,gb,gb_ipw,wrangler_23,wrangler_16
0,0.02704058666970133,0.043322184975338934,0.005034142608780417,0.006117687208111908
