,gb,gb_ipw,wrangler_23,wrangler_16
0,0.01893236190925699,0.028898337387633005,0.0049026792126026396,0.0024465509533656794
