,gb,gb_ipw,wrangler_23,wrangler_16
0,0.014560080709911527,0.020693455423627584,0.0038046212423415416,0.0016342458270844958
