,gb,gb_ipw,wrangler_23,wrangler_16
0,0.02114937223237136,0.0397511597337394,0.005774456879188275,0.004655328290215853
