,gb,gb_ipw,wrangler_23,wrangler_16
0,0.00684137706639096,0.008954832930829246,0.004440790818702024,0.0009484114832946653
