,gb,gb_ipw,wrangler_23,wrangler_16
0,0.0068317958564020976,0.008932510930912178,0.0032523034911674737,0.0007924446618205292
