,gb,gb_ipw,wrangler_23,wrangler_16
0,0.01816913357570151,0.029430940316860613,0.006887486537483685,0.00338558104706406
