,gb,gb_ipw,wrangler_23,wrangler_16
0,0.01036875136864228,0.01860914691801994,0.0035055649323275442,0.001871137208836053
