,gb,gb_ipw,wrangler_23,wrangler_16
0,0.004733367622265825,0.01059983545260263,0.006967011907996583,0.0017411410196605894
