,gb,gb_ipw,wrangler_23,wrangler_16
0,0.008308954935505557,0.010963143021972092,0.007788898277675171,0.0015765827133822341
