,gb,gb_ipw,wrangler_23,wrangler_16
0,0.014699566827943877,0.02442851629106993,0.003761204443955797,0.0021919028546717417
