,gb,gb_ipw,wrangler_23,wrangler_16
0,0.014009172083273399,0.01650176044010991,0.00613925554855692,0.0011642301437754473
