,gb,gb_ipw,wrangler_23,wrangler_16
0,0.015429692659353865,0.02518873142168266,0.0048020283045248765,0.0023282592012432803
