,gb,gb_ipw,wrangler_23,wrangler_16
0,0.01856138978257226,0.02471691621710134,0.004941326802845806,0.0015463147844587055
