,gb,gb_ipw,wrangler_23,wrangler_16
0,0.02225306855530298,0.0401695235436704,0.009263263029210708,0.004540972349022617
