,gb,gb_ipw,wrangler_23,wrangler_16
0,0.029283942598285095,0.04911174376805623,0.005175669987996419,0.003995091626138398
