,gb,gb_ipw,wrangler_23,wrangler_16
0,0.01394670196030856,0.01692018881746771,0.005326447663483796,0.0012142668045106737
