,gb,gb_ipw,wrangler_23,wrangler_16
0,0.022226184280562413,0.03556067324535697,0.0060846837142039525,0.0024999636099403044
