,gb,gb_ipw,wrangler_23,wrangler_16
0,0.01941369066314644,0.022796052257178512,0.006535586110825418,0.0013132082077625688
