,gb,gb_ipw,wrangler_23,wrangler_16
0,0.012616927275248303,0.015405415105709067,0.003246482453047538,0.0007529408085373881
