,gb,gb_ipw,wrangler_23,wrangler_16
0,0.016568968397107565,0.0278826223999215,0.00467381821696762,0.0025669764873558535
