,gb,gb_ipw,wrangler_23,wrangler_16
0,0.01996400523144362,0.031597770108454076,0.004233274244724359,0.0026012308132862204
