,gb,gb_ipw,wrangler_23,wrangler_16
0,0.008847226491549705,0.015478445402116708,0.005726224999310641,0.001626142355649953
