,gb,gb_ipw,wrangler_23,wrangler_16
0,0.023448693396922377,0.04033732220409362,0.007400667764307037,0.00409414451619797
