,gb,gb_ipw,wrangler_23,wrangler_16
0,0.018011797503166393,0.029859052696808944,0.00673078643489005,0.0025570997731939786
