,gb,gb_ipw,wrangler_23,wrangler_16
0,0.007222203812086593,0.010226073303842932,0.005544093458525426,0.001389052055930919
