,gb,gb_ipw,wrangler_23,wrangler_16
0,0.014368838411036547,0.022595571631661603,0.003560367961563069,0.0018836036930239299
