,gb,gb_ipw,wrangler_23,wrangler_16
0,0.030114576890394765,0.0486620418079845,0.006080090582787573,0.0045128040142230815
