,gb,gb_ipw,wrangler_23,wrangler_16
0,0.015143754977534936,0.024410981486960887,0.0039406012797701204,0.0021878791892010236
