,gb,gb_ipw,wrangler_23,wrangler_16
0,0.013177470507824267,0.0138711544344912,0.02597494716867229,0.0027647993760828746
