,gb,gb_ipw,wrangler_23,wrangler_16
0,0.009756251032572674,0.012881066425737128,0.0065916393655371,0.0014155504693946685
