,gb,gb_ipw,wrangler_23,wrangler_16
0,0.017189937054367204,0.027222095447731656,0.004148981120102515,0.0025179357603970207
