,gb,gb_ipw,wrangler_23,wrangler_16
0,0.02210429220488577,0.04230541261759671,0.007507927490003182,0.004360847400896477
