,gb,gb_ipw,wrangler_23,wrangler_16
0,0.013250752455417522,0.015346019601697038,0.005668944524476998,0.0011024344685398842
