,gb,gb_ipw,wrangler_23,wrangler_16
0,0.017328514346647235,0.027277593148559376,0.00534052626741051,0.0023515607473552076
