,gb,gb_ipw,wrangler_23,wrangler_16
0,0.013539705190572649,0.022759738269152948,0.005432990220215942,0.0023808028246905346
