,gb,gb_ipw,wrangler_23,wrangler_16
0,0.011496671080293489,0.02018667332291899,0.003635513575437938,0.002011471883238989
