,gb,gb_ipw,wrangler_23,wrangler_16
0,0.017843356257990783,0.030452788573259504,0.009858512390426727,0.002989687069117674
