,gb,gb_ipw,wrangler_23,wrangler_16
0,0.01242914886185617,0.014668178586137325,0.006189695743969826,0.0011804567906128498
