,gb,gb_ipw,wrangler_23,wrangler_16
0,0.025099988062289212,0.03533221381196058,0.005528750665513585,0.0027326242141683076
