,gb,gb_ipw,wrangler_23,wrangler_16
0,0.014895969821560764,0.022860688547934254,0.0026842278818930343,0.0016715257398543816
