,gb,gb_ipw,wrangler_23,wrangler_16
0,0.031583333752818944,0.054657582155207995,0.006190280324405001,0.004882665024590246
