,gb,gb_ipw,wrangler_23,wrangler_16
0,0.021711018004238213,0.03216077068503936,0.003441943940897048,0.0021626209770172337
