,gb,gb_ipw,wrangler_23,wrangler_16
0,0.02754878788540623,0.029603431695447015,0.02287990344798776,0.003044205499775123
