,gb,gb_ipw,wrangler_23,wrangler_16
0,0.02074135909323682,0.0346133379432244,0.004729780548163369,0.0031197062264701125
