,gb,gb_ipw,wrangler_23,wrangler_16
0,0.007261903585525528,0.009658570430860821,0.009153361705277377,0.0017094173762601049
