,gb,gb_ipw,wrangler_23,wrangler_16
0,0.023953789465302227,0.04014594796521905,0.003932742117671011,0.002806221609150533
