,gb,gb_ipw,wrangler_23,wrangler_16
0,0.020933151245117184,0.035884870705029645,0.006748767609291888,0.003010161379550366
