,gb,gb_ipw,wrangler_23,wrangler_16
0,0.03057329551033352,0.0494498736369684,0.004922473652762654,0.003440224606057872
