,gb,gb_ipw,wrangler_23,wrangler_16
0,0.02759945492784516,0.04094688832258978,0.0054485657635857075,0.0033742573414864
