,gb,gb_ipw,wrangler_23,wrangler_16
0,0.013444744355497303,0.015883613051029675,0.007035829867535866,0.0011454688178168403
