,gb,gb_ipw,wrangler_23,wrangler_16
0,0.017619843823236222,0.023979070948715434,0.002486090506276777,0.0014404747143518888
