,gb,gb_ipw,wrangler_23,wrangler_16
0,0.02017379789562016,0.033390964125538915,0.005439333208314664,0.002915878872295003
