,gb,gb_ipw,wrangler_23,wrangler_16
0,0.017054528269394284,0.028450704735557306,0.005581991268637402,0.0025791041982774665
