,gb,gb_ipw,wrangler_23,wrangler_16
0,0.01860895801396185,0.027604858030813362,0.003333234966025036,0.0023893331257959774
