,gb,gb_ipw,wrangler_23,wrangler_16
0,0.009341871659137193,0.011692444483439129,0.004578698412718283,0.0009633000480274051
