,gb,gb_ipw,wrangler_23,wrangler_16
0,0.025198917196254538,0.04123497490931039,0.009350704424309006,0.0044245912571146025
