,gb,gb_ipw,wrangler_23,wrangler_16
0,0.013315556948058702,0.015735502431202034,0.005754138326595381,0.0011082564558938287
