,gb,gb_ipw,wrangler_23,wrangler_16
0,0.015384726301084792,0.02633090003278343,0.0033737923389294475,0.0022536137430962905
