,gb,gb_ipw,wrangler_23,wrangler_16
0,0.00642080587014839,0.008873741861452093,0.011091232299804688,0.001400410614277209
