,gb,gb_ipw,wrangler_23,wrangler_16
0,0.0329871756443079,0.050067145755325546,0.005585235961969348,0.004075899504233099
