,gb,gb_ipw,wrangler_23,wrangler_16
0,0.011891868599222904,0.015855824798963872,0.004383909257121106,0.0011624142342088627
