,gb,gb_ipw,wrangler_23,wrangler_16
0,0.013969277822843162,0.023544777201218815,0.004810520850126688,0.0024662976925468078
