,gb,gb_ipw,wrangler_23,wrangler_16
0,0.015706358892487123,0.018739114970818493,0.005357274284080818,0.001137492019749997
