,gb,gb_ipw,wrangler_23,wrangler_16
0,0.010729596178138973,0.014242524612472588,0.0065185322696327316,0.0015038734736873192
