,gb,gb_ipw,wrangler_23,wrangler_16
0,0.013057454173783381,0.02157379431553571,0.0032967780215806693,0.0020636030402316516
