,gb,gb_ipw,wrangler_23,wrangler_16
0,0.027271608511606853,0.0468169649442037,0.00540001524819268,0.004015862941741943
