,gb,gb_ipw,wrangler_23,wrangler_16
0,0.02461623760961717,0.03897374676119897,0.0043643578406303155,0.0036945266108359062
