,gb,gb_ipw,wrangler_23,wrangler_16
0,0.015323817979341771,0.018112018517370505,0.0060916861397119415,0.0010848959785791288
