,gb,gb_ipw,wrangler_23,wrangler_16
0,0.01380850697121425,0.01655762655693188,0.007043442530938758,0.0012006815413982549
