,gb,gb_ipw,wrangler_23,wrangler_16
0,0.01578176824990083,0.025914666431197705,0.005007441578015605,0.0024195794416472776
