,gb,gb_ipw,wrangler_23,wrangler_16
0,0.013245763005437079,0.022910011781228555,0.005220561414151579,0.0022855964866844384
