,gb,gb_ipw,wrangler_23,wrangler_16
0,0.01998756976936909,0.030365691807971624,0.004113521040286481,0.0022947424351805147
