,gb,gb_ipw,wrangler_23,wrangler_16
0,0.013601345320542654,0.024005770683288574,0.006067877014478047,0.0024617960055669146
