,gb,gb_ipw,wrangler_23,wrangler_16
0,0.007044446715517669,0.013493559957501225,0.004933734069410504,0.0016181425234537564
