,gb,gb_ipw,wrangler_23,wrangler_16
0,0.012409674572645371,0.014711467541411331,0.006209887470660349,0.0012523521938084558
