,gb,gb_ipw,wrangler_23,wrangler_16
0,0.00894946627498605,0.014525001809745268,0.004921281900772057,0.0016576491202621125
