,gb,gb_ipw,wrangler_23,wrangler_16
0,0.017712873537183385,0.030853322162720315,0.005250247780251618,0.0028652701400904263
