,gb,gb_ipw,wrangler_23,wrangler_16
0,0.014933976062989476,0.0176065324194242,0.006002056386012971,0.0013797464133893413
