,gb,gb_ipw,wrangler_23,wrangler_16
0,0.03153511456080845,0.054576567241123745,0.005529243118908941,0.004520221632354113
