,gb,gb_ipw,wrangler_23,wrangler_16
0,0.01603411078083995,0.018158256700041373,0.005105823678251883,0.0009460776459937002
