,gb,gb_ipw,wrangler_23,wrangler_16
0,0.020671974528919564,0.03306612823948716,0.005263993234345407,0.002543131510416667
