,gb,gb_ipw,wrangler_23,wrangler_16
0,0.011450176101174566,0.013592981926040169,0.003527954234232639,0.0008185543018951004
