,gb,gb_ipw,wrangler_23,wrangler_16
0,0.01643060111728196,0.02649233995765914,0.0047870245291871324,0.002700336288083159
