,gb,gb_ipw,wrangler_23,wrangler_16
0,0.021490629318756508,0.03475514161338878,0.003967032766071744,0.002837248695820627
