,gb,gb_ipw,wrangler_23,wrangler_16
0,0.045182528319182215,0.07284267081154716,0.010743185325905128,0.006332993507385254
