,gb,gb_ipw,wrangler_23,wrangler_16
0,0.015466117160224217,0.025350008255396135,0.004457379435444926,0.0023855831160213485
