,gb,gb_ipw,wrangler_23,wrangler_16
0,0.015716418494504163,0.0211098623261476,0.0027905470170314964,0.0012190836780476121
