,gb,gb_ipw,wrangler_23,wrangler_16
0,0.006554037372430804,0.00906469352752808,0.007634261844946519,0.0013159301226716765
