,gb,gb_ipw,wrangler_23,wrangler_16
0,0.019747823003738642,0.029955177553116327,0.0052067140738169355,0.0026337802410125732
