,gb,gb_ipw,wrangler_23,wrangler_16
0,0.01591318496330665,0.02360832440154283,0.003198635598509978,0.0018888260738783148
