,gb,gb_ipw,wrangler_23,wrangler_16
0,0.03482263112805554,0.0537781371283777,0.006360122837971166,0.004487799614975132
