,gb,gb_ipw,wrangler_23,wrangler_16
0,0.019507926134836102,0.03199616358393715,0.004740875391733078,0.0027431441204888484
