,gb,gb_ipw,wrangler_23,wrangler_16
0,0.029576807906947188,0.048337523470219884,0.00842453278217119,0.004744406827946299
