,gb,gb_ipw,wrangler_23,wrangler_16
0,0.0133996710911533,0.016099167495197925,0.006579649567373211,0.0013449180326855308
