,gb,gb_ipw,wrangler_23,wrangler_16
0,0.021780701197357692,0.04118837491430417,0.0062735393793895994,0.004519115794788708
