,gb,gb_ipw,wrangler_23,wrangler_16
0,0.012198263931574315,0.021235583900655594,0.005128225253063179,0.0026652460578102726
