,gb,gb_ipw,wrangler_23,wrangler_16
0,0.01523015326533177,0.020064936885884878,0.0028306613339176123,0.0011058659080525825
