,gb,gb_ipw,wrangler_23,wrangler_16
0,0.010376576236005245,0.0128539048634001,0.005789944414676566,0.0011189714164811266
