,gb,gb_ipw,wrangler_23,wrangler_16
0,0.011342642067363429,0.019973507092433906,0.005773169064671739,0.002153897247974228
