,gb,gb_ipw,wrangler_23,wrangler_16
0,0.01842619358808145,0.030287380876212282,0.004432393216538703,0.002865955747407058
