,gb,gb_ipw,wrangler_23,wrangler_16
0,0.018797951303558914,0.028693108331589466,0.003680030068198403,0.0025312542478680175
