,gb,gb_ipw,wrangler_23,wrangler_16
0,0.019040479454942933,0.02502081214740712,0.003837930258884225,0.0013550977125817302
