,gb,gb_ipw,wrangler_23,wrangler_16
0,0.006508827209472656,0.008354854138418175,0.01484476800622611,0.0022783618548820753
