,gb,gb_ipw,wrangler_23,wrangler_16
0,0.02344625967520254,0.04383161011769716,0.014646045286647398,0.00482713333284012
