,gb,gb_ipw,wrangler_23,wrangler_16
0,0.017038242847324504,0.0269651847241789,0.004408644703423246,0.002198314840459216
