,gb,gb_ipw,wrangler_23,wrangler_16
0,0.0073568748705314865,0.01117525678692442,0.0058546933260830965,0.0012952631170099435
