,gb,gb_ipw,wrangler_23,wrangler_16
0,0.01770776251088018,0.03045169930709036,0.005425795810446314,0.0025164890071074533
