,gb,gb_ipw,wrangler_23,wrangler_16
0,0.018724716899248192,0.031701571875570184,0.00566737667010848,0.0029982022165999044
