,gb,gb_ipw,wrangler_23,wrangler_16
0,0.020331298412919856,0.03782518866921771,0.007699817216315239,0.004595639754314813
