,gb,gb_ipw,wrangler_23,wrangler_16
0,0.01453130835554425,0.01716436412458592,0.004236807098550827,0.0009548144690161937
