,gb,gb_ipw,wrangler_23,wrangler_16
0,0.023095702563188915,0.04635397920903472,0.006522977826170436,0.004764860262751404
