,gb,gb_ipw,wrangler_23,wrangler_16
0,0.018475102443321074,0.028157671518826467,0.0046827158243274635,0.002335552020136274
