,gb,gb_ipw,wrangler_23,wrangler_16
0,0.016760444566665637,0.028636472286608514,0.005224456459539743,0.0030528186914234026
