,gb,gb_ipw,wrangler_23,wrangler_16
0,0.019277288577581098,0.026987714259898297,0.004770820325607457,0.002093341838078005
