,gb,gb_ipw,wrangler_23,wrangler_16
0,0.021782699078258822,0.032976145702232174,0.005483687450125119,0.0025560195428977347
