,gb,gb_ipw,wrangler_23,wrangler_16
0,0.011798620388199147,0.013927885487716717,0.003846859964785826,0.0008498587884193611
