,gb,gb_ipw,wrangler_23,wrangler_16
0,0.01770661327206522,0.027728812340780083,0.004061534155211864,0.0025363166876428518
