,gb,gb_ipw,wrangler_23,wrangler_16
0,0.018224546428857454,0.032619238657626996,0.006818346968139727,0.003381360509330425
