,gb,gb_ipw,wrangler_23,wrangler_16
0,0.01360177993774414,0.0233820966772131,0.0037904258246894353,0.0022295359018686656
