,gb,gb_ipw,wrangler_23,wrangler_16
0,0.014472270989643663,0.017849366120860907,0.006049213349255102,0.0013560213375793523
