,gb,gb_ipw,wrangler_23,wrangler_16
0,0.016297554709220844,0.0268684221747143,0.00371226196080609,0.002419280875575998
