,gb,gb_ipw,wrangler_23,wrangler_16
0,0.014199130041240769,0.017251314048887426,0.006209130542887498,0.0012026537605389937
