,gb,gb_ipw,wrangler_23,wrangler_16
0,0.02264515275046939,0.04151321592785063,0.005680535520826068,0.003886364755176362
