,gb,gb_ipw,wrangler_23,wrangler_16
0,0.019283609075860665,0.03052919338911008,0.005508604503813244,0.002269605140546303
