,gb,gb_ipw,wrangler_23,wrangler_16
0,0.018159792722900057,0.02980965082762671,0.00573890131027972,0.0026715420634368728
