,gb,gb_ipw,wrangler_23,wrangler_16
0,0.014390168236751183,0.017015709012162455,0.0077558937026005175,0.0012131152199763877
