,gb,gb_ipw,wrangler_23,wrangler_16
0,0.017274463758853335,0.028793472646401436,0.006844789865416832,0.0038278583761486525
