,gb,gb_ipw,wrangler_23,wrangler_16
0,0.0270846159869532,0.045903317340008624,0.005548208233155655,0.004466256759162295
