,gb,gb_ipw,wrangler_23,wrangler_16
0,0.011686231789802288,0.015243779360069569,0.005517802302968862,0.001278987908338533
