,gb,gb_ipw,wrangler_23,wrangler_16
0,0.01408503605769231,0.02256916602130844,0.0033394688697639912,0.0016654712146753885
