,gb,gb_ipw,wrangler_23,wrangler_16
0,0.018108825900918994,0.02325476014901742,0.003317206219118338,0.0014866005639288446
