,gb,gb_ipw,wrangler_23,wrangler_16
0,0.015109157017999962,0.017617870091951197,0.005979168483101567,0.0011218378910076653
