,gb,gb_ipw,wrangler_23,wrangler_16
0,0.012809806584481161,0.015205899459005925,0.0041440210869325336,0.000874597040875468
