,gb,gb_ipw,wrangler_23,wrangler_16
0,0.011789402443336561,0.01926199338078392,0.003026395045414982,0.0013630345182598762
