,gb,gb_ipw,wrangler_23,wrangler_16
0,0.006458976052024148,0.008695427951320387,0.004050145646939776,0.0009156504330276507
