,gb,gb_ipw,wrangler_23,wrangler_16
0,0.01664758762781023,0.0267562458044949,0.0054543938093477755,0.0024421701822893143
