,gb,gb_ipw,wrangler_23,wrangler_16
0,0.020173688729604084,0.03910871843496958,0.005424022674560546,0.0038258731365203857
