,gb,gb_ipw,wrangler_23,wrangler_16
0,0.027609249902149993,0.04087617157628297,0.004380941390991212,0.0031115832152190034
