,gb,gb_ipw,wrangler_23,wrangler_16
0,0.01126243954613095,0.02156115174452083,0.003988262693055546,0.002756116237371455
