,gb,gb_ipw,wrangler_23,wrangler_16
0,0.01852765031482862,0.028177690894707383,0.00405335879844168,0.0023813513310059252
