,gb,gb_ipw,wrangler_23,wrangler_16
0,0.023627906842218348,0.04159264622610534,0.005596803523942255,0.003954240285914527
