,gb,gb_ipw,wrangler_23,wrangler_16
0,0.015219221518508241,0.02473130734722953,0.006075451620627308,0.002466795102374029
