,gb,gb_ipw,wrangler_23,wrangler_16
0,0.0060649166458077546,0.008701980764485981,0.008548424925653964,0.001865344735964236
