,gb,gb_ipw,wrangler_23,wrangler_16
0,0.01701318992758697,0.022196277025467837,0.002706618536086309,0.0013248189975844772
