,gb,gb_ipw,wrangler_23,wrangler_16
0,0.03723303476969401,0.07147124024475514,0.010740189325241817,0.008068928102246757
