,gb,gb_ipw,wrangler_23,wrangler_16
0,0.014981996255574817,0.024877264348160864,0.0040720039386813065,0.002355729058434732
