,Correlation,Causal,Wrangler_23,Wrangler_16,GB_23,GB_16
0,0.0,0.0,0.0,0.0,0.0,100.0
1,0.0,90.0709219858156,0.0,0.0,0.7092198581560284,100.0
2,0.0,90.96774193548387,0.0,0.0,0.6451612903225806,100.0
3,0.0,92.70833333333334,0.0,0.0,0.5208333333333333,100.0
4,0.0,89.44723618090453,0.0,0.0,0.5025125628140703,100.0
5,0.0,89.15094339622641,0.0,0.0,0.4716981132075472,100.0
