,Correlation,Causal,Wrangler_23,Wrangler_16,GB_23,GB_16
0,0.0,0.0,0.0,0.0,100.0,0.0
1,0.0,46.06060606060606,0.0,0.0,78.78787878787878,0.0
2,0.0,45.562130177514796,0.0,0.0,77.51479289940828,0.0
3,0.0,45.348837209302324,0.0,0.0,76.74418604651163,0.0
4,0.0,50.78534031413613,0.0,0.0,71.20418848167539,0.0
5,0.0,60.0,0.0,0.0,62.97872340425532,0.0
6,0.0,61.78861788617886,0.0,0.0,60.16260162601627,0.0
7,0.0,61.44578313253012,0.0,0.0,59.83935742971887,0.0
