,Correlation,Causal,Wrangler_23,Wrangler_16,GB_23,GB_16
0,0.0,0.0,100.0,100.0,100.0,100.0
1,0.0,63.13131313131313,81.31313131313132,100.0,100.0,100.0
2,0.0,73.16176470588235,68.01470588235294,100.0,100.0,100.0
3,0.0,72.10144927536231,67.02898550724638,100.0,100.0,100.0
4,0.0,71.84115523465704,66.78700361010831,100.0,100.0,100.0
5,0.0,70.8185053380783,65.83629893238434,100.0,100.0,100.0
6,0.0,66.77852348993288,62.41610738255034,100.0,100.0,100.0
