,Correlation,Causal,Wrangler_23,Wrangler_16,GB_23,GB_16
0,0.0,0.0,0.0,0.0,0.0,0.0
1,0.0,8.88888888888889,0.0,0.0,0.0,0.0
2,0.0,23.60248447204969,0.0,0.0,0.0,0.0
