,Correlation,Causal,Wrangler_23,Wrangler_16,GB_23,GB_16
0,0.0,0.0,0.0,100.0,0.0,0.0
1,0.0,0.0,0.0,92.5925925925926,0.0,0.0
2,0.0,0.0,0.0,82.35294117647058,0.0,0.0
3,0.0,0.0,0.0,73.21428571428571,0.0,0.0
4,0.0,0.0,0.0,62.980769230769226,0.0,0.0
