,Correlation,Causal,Wrangler_23,Wrangler_16,GB_23,GB_16
0,0.0,0.0,2.0771513353115725,0.0,16.913946587537094,97.3293768545994
