,Correlation,Causal,Wrangler_23,Wrangler_16,GB_23,GB_16
0,0.0,0.0,22.0,0.0,100.0,100.0
1,0.0,0.0,16.233766233766232,20.12987012987013,100.0,100.0
2,0.0,0.0,15.822784810126583,22.151898734177212,100.0,100.0
3,0.0,0.0,15.337423312883436,24.539877300613497,100.0,100.0
