,Correlation,Causal,Wrangler_23,Wrangler_16,GB_23,GB_16
0,0.0,0.0,0.0,0.0,100.0,0.0
1,0.0,81.61764705882352,0.0,10.294117647058822,100.0,10.294117647058822
2,0.0,88.26291079812206,0.0,29.107981220657276,100.0,29.107981220657276
