,Correlation,Causal,Wrangler_23,Wrangler_16,GB_23,GB_16
0,0.0,0.0,3.8461538461538463,0.0,79.8076923076923,100.0
1,0.0,59.30232558139535,24.8062015503876,0.3875968992248062,81.78294573643412,100.0
