,Correlation,Causal,Wrangler_23,Wrangler_16,GB_23,GB_16
0,0.0,0.0,100.0,100.0,100.0,100.0
1,30.630630630630627,30.630630630630627,100.0,100.0,100.0,100.0
