,Correlation,Causal,Wrangler_23,Wrangler_16,GB_23,GB_16
0,0.0,0.0,0.0,0.0,100.0,100.0
1,0.0,33.730158730158735,0.0,0.0,78.96825396825396,78.96825396825396
2,0.0,35.521235521235525,0.0,0.0,76.83397683397683,76.83397683397683
3,0.0,35.38461538461539,0.0,0.0,76.53846153846153,76.53846153846153
4,0.0,35.11450381679389,0.0,0.0,75.95419847328245,75.95419847328245
5,0.0,34.98098859315589,0.0,0.0,75.66539923954373,75.66539923954373
