,Correlation,Causal,Wrangler_23,Wrangler_16,GB_23,GB_16
0,0.0,0.0,100.0,8.333333333333332,0.0,0.0
1,24.18300653594771,92.15686274509804,100.0,5.88235294117647,0.0,0.0
