,Correlation,Causal,Wrangler_23,Wrangler_16,GB_23,GB_16
0,0.0,0.0,0.0,0.0,0.0,0.0
1,0.0,0.0,0.0,0.0,0.0,0.0
2,0.0,80.0,0.0,0.0,20.0,0.0
3,0.0,93.10344827586206,0.0,0.0,10.344827586206897,0.0
4,0.0,93.93939393939394,0.0,0.0,9.090909090909092,0.0
5,0.0,95.34883720930233,0.0,0.0,9.30232558139535,0.0
6,0.0,83.60655737704919,0.0,0.0,6.557377049180328,0.0
7,0.0,84.84848484848484,0.0,0.0,6.0606060606060606,0.0
8,0.0,86.48648648648648,0.0,0.0,5.405405405405405,0.0
