,Correlation,Causal,Wrangler_23,Wrangler_16,GB_23,GB_16
0,0.0,0.0,100.0,100.0,100.0,100.0
1,26.31578947368421,26.31578947368421,100.0,100.0,100.0,100.0
