,Correlation,Causal,Wrangler_23,Wrangler_16,GB_23,GB_16
0,0.0,0.0,0.0,0.0,0.0,0.0
1,0.0,57.446808510638306,0.0,0.0,0.0,9.574468085106384
2,0.0,79.38144329896907,0.0,0.0,0.0,34.02061855670103
