,Correlation,Causal,Wrangler_23,Wrangler_16,GB_23,GB_16
0,0.0,0.0,75.0,0.0,0.0,0.0
1,0.0,37.5,75.0,0.0,0.0,0.0
2,0.0,58.333333333333336,50.0,0.0,0.0,0.0
3,0.0,86.48648648648648,59.45945945945946,0.0,0.0,0.0
4,0.0,93.33333333333333,49.333333333333336,0.0,0.0,0.0
5,0.0,93.67088607594937,48.10126582278481,0.0,0.0,0.0
6,0.0,93.82716049382715,46.913580246913575,0.0,0.0,0.0
7,0.0,92.6829268292683,46.34146341463415,0.0,0.0,0.0
8,0.0,91.56626506024097,45.78313253012048,0.0,0.0,0.0
