,Correlation,Causal,Wrangler_23,Wrangler_16,GB_23,GB_16
0,0.0,0.0,100.0,100.0,16.129032258064516,100.0
1,0.0,0.0,100.0,100.0,16.0,100.0
2,0.0,0.0,100.0,100.0,15.210355987055015,100.0
3,0.0,0.0,100.0,100.0,15.18987341772152,100.0
4,0.0,0.0,100.0,100.0,15.047021943573668,100.0
