,Correlation,Causal,Wrangler_23,Wrangler_16,GB_23,GB_16
0,0.0,0.0,100.0,0.0,100.0,0.0
1,64.86486486486487,64.86486486486487,79.27927927927928,0.0,100.0,0.0
