,Correlation,Causal,Wrangler_23,Wrangler_16,GB_23,GB_16
0,0.0,0.0,100.0,100.0,0.0,100.0
1,0.0,33.33333333333333,100.0,100.0,0.0,100.0
2,0.0,60.0,100.0,100.0,20.0,100.0
3,0.0,71.42857142857143,100.0,100.0,14.285714285714285,100.0
4,0.0,86.66666666666667,100.0,100.0,20.0,100.0
5,0.0,90.9090909090909,100.0,100.0,22.727272727272727,100.0
6,18.51851851851852,92.5925925925926,100.0,100.0,29.629629629629626,100.0
7,48.837209302325576,95.34883720930233,100.0,100.0,34.883720930232556,100.0
8,60.71428571428571,96.42857142857143,100.0,100.0,42.857142857142854,100.0
