,Correlation,Causal,Wrangler_23,Wrangler_16,GB_23,GB_16
0,0.0,0.0,0.0,0.0,0.0,0.0
1,0.0,34.22818791946309,0.0,0.0,0.0,0.0
2,0.0,38.36477987421384,0.0,0.0,0.0,0.0
