,Correlation,Causal,Wrangler_23,Wrangler_16,GB_23,GB_16
0,0.0,0.0,0.0,25.0,0.0,0.0
1,0.0,0.0,0.0,38.297872340425535,0.0,0.0
2,0.0,0.0,0.0,30.136986301369863,0.0,0.0
