,Correlation,Causal,Wrangler_23,Wrangler_16,GB_23,GB_16
0,0.0,0.0,100.0,100.0,100.0,100.0
1,0.0,0.0,100.0,100.0,100.0,100.0
2,0.0,0.0,100.0,98.24561403508771,98.24561403508771,98.24561403508771
