,Correlation,Causal,Wrangler_23,Wrangler_16,GB_23,GB_16
0,0.0,0.0,0.0,0.0,50.0,0.0
1,0.0,0.0,0.0,0.0,77.41935483870968,0.0
2,0.0,50.74626865671642,0.0,0.0,65.67164179104478,0.0
3,0.0,49.275362318840585,0.0,0.0,65.21739130434783,0.0
4,0.0,47.22222222222222,0.0,0.0,65.27777777777779,0.0
5,0.0,40.963855421686745,0.0,0.0,65.06024096385542,0.0
6,0.0,39.53488372093023,0.0,0.0,66.27906976744185,0.0
