,Correlation,Causal,Wrangler_23,Wrangler_16,GB_23,GB_16
0,0.0,0.0,0.0,28.57142857142857,0.0,21.428571428571427
1,0.0,0.0,0.0,35.483870967741936,0.0,29.03225806451613
2,0.0,2.941176470588235,0.0,35.294117647058826,0.0,29.411764705882355
3,0.0,2.7027027027027026,0.0,32.432432432432435,0.0,27.027027027027028
