,Correlation,Causal,Wrangler_23,Wrangler_16,GB_23,GB_16
0,0.0,0.0,100.0,38.88888888888889,0.0,100.0
1,68.78612716763006,68.78612716763006,100.0,45.08670520231214,23.699421965317917,100.0
