,Correlation,Causal,Wrangler_23,Wrangler_16,GB_23,GB_16
0,0.0,0.0,100.0,0.0,0.0,100.0
1,0.0,0.0,100.0,0.0,0.0,100.0
2,0.0,33.33333333333333,100.0,0.0,0.0,100.0
3,0.0,63.63636363636363,100.0,0.0,0.0,100.0
4,0.0,77.77777777777779,100.0,0.0,0.0,100.0
5,0.0,84.0,100.0,0.0,0.0,100.0
6,0.0,88.23529411764706,100.0,0.0,0.0,100.0
7,0.0,91.30434782608695,100.0,0.0,0.0,97.82608695652173
