,Correlation,Causal,Wrangler_23,Wrangler_16,GB_23,GB_16
0,0.0,0.0,0.0,100.0,0.0,0.0
1,0.0,60.0,0.0,90.0,0.0,0.0
2,0.0,25.53191489361702,0.0,78.72340425531915,0.0,0.0
3,0.0,15.384615384615385,0.0,70.51282051282051,0.0,0.0
4,0.0,13.636363636363635,0.0,67.04545454545455,0.0,0.0
5,0.0,12.903225806451612,0.0,64.51612903225806,0.0,0.0
6,0.0,12.5,0.0,63.541666666666664,0.0,0.0
7,0.0,12.0,0.0,61.0,0.0,0.0
8,0.0,11.538461538461538,0.0,59.61538461538461,0.0,0.0
