,Correlation,Causal,Wrangler_23,Wrangler_16,GB_23,GB_16
0,0.0,0.0,99.35275080906149,100.0,99.67637540453075,0.0
1,0.0,0.9615384615384616,99.35897435897436,100.0,99.67948717948718,0.0
2,0.0,3.1347962382445136,99.37304075235109,100.0,99.68652037617555,0.0
3,0.0,6.927710843373494,99.3975903614458,100.0,99.69879518072288,0.0
