,Correlation,Causal,Wrangler_23,Wrangler_16,GB_23,GB_16
0,0.0,0.0,3.8461538461538463,100.0,1.282051282051282,100.0
1,8.13953488372093,8.13953488372093,11.627906976744185,100.0,9.30232558139535,100.0
