,Correlation,Causal,Wrangler_23,Wrangler_16,GB_23,GB_16
0,0.0,0.0,100.0,0.0,75.43859649122807,0.0
1,0.0,0.0,97.43589743589743,0.0,73.50427350427351,0.0
