,Correlation,Causal,Wrangler_23,Wrangler_16,GB_23,GB_16
0,0.0,0.0,0.0,0.0,100.0,0.0
1,0.0,4.166666666666666,0.0,0.0,97.91666666666666,0.0
2,0.0,45.23809523809524,0.0,0.0,76.19047619047619,0.0
