,Correlation,Causal,Wrangler_23,Wrangler_16,GB_23,GB_16
0,0.0,0.0,100.0,0.0,100.0,100.0
1,98.1981981981982,98.1981981981982,100.0,1.8018018018018018,100.0,100.0
