,Correlation,Causal,Wrangler_23,Wrangler_16,GB_23,GB_16
0,0.0,0.0,0.0,0.0,64.59627329192547,0.0
1,0.0,0.0,0.0,0.0,65.03067484662577,0.0
