,Correlation,Causal,Wrangler_23,Wrangler_16,GB_23,GB_16
0,0.0,0.0,100.0,0.0,100.0,0.0
1,0.0,0.0,80.0,10.0,100.0,0.0
2,0.0,0.0,93.75,5.555555555555555,96.875,0.0
3,0.0,1.1904761904761905,81.54761904761905,5.059523809523809,84.22619047619048,0.0
