,Correlation,Causal,Wrangler_23,Wrangler_16,GB_23,GB_16
0,0.0,0.0,70.58823529411765,0.0,64.70588235294117,100.0
1,83.9622641509434,83.9622641509434,95.28301886792453,0.0,86.79245283018868,100.0
