,Correlation,Causal,Wrangler_23,Wrangler_16,GB_23,GB_16
0,0.0,0.0,100.0,100.0,100.0,0.0
1,87.76119402985074,87.76119402985074,100.0,100.0,100.0,0.0
