,Correlation,Causal,Wrangler_23,Wrangler_16,GB_23,GB_16
0,0.0,0.0,0.0,0.0,100.0,0.0
1,0.0,57.48031496062992,0.0,0.0,100.0,13.385826771653544
2,0.0,68.6046511627907,0.0,0.0,100.0,31.3953488372093
3,0.0,68.20809248554913,0.0,0.0,100.0,31.79190751445087
4,0.0,67.81609195402298,0.0,0.0,100.0,32.18390804597701
5,0.0,68.71508379888269,0.0,0.0,100.0,34.07821229050279
6,0.0,68.33333333333333,0.0,0.0,100.0,34.44444444444444
