,Correlation,Causal,Wrangler_23,Wrangler_16,GB_23,GB_16
0,0.0,0.0,0.0,0.0,0.0,100.0
1,0.0,15.454545454545453,3.6363636363636362,0.0,0.0,100.0
2,0.0,21.1864406779661,7.627118644067797,0.0,0.0,100.0
3,0.0,56.94444444444444,27.77777777777778,0.0,0.0,100.0
4,0.0,56.68202764976959,28.110599078341014,0.0,0.0,100.0
5,0.0,56.42201834862385,28.440366972477065,0.0,0.0,100.0
