,Correlation,Causal,Wrangler_23,Wrangler_16,GB_23,GB_16
0,0.0,0.0,100.0,100.0,100.0,100.0
1,0.0,0.0,100.0,100.0,97.36842105263158,97.36842105263158
2,56.32183908045977,56.32183908045977,100.0,100.0,73.5632183908046,73.5632183908046
