,Correlation,Causal,Wrangler_23,Wrangler_16,GB_23,GB_16
0,0.0,0.0,100.0,100.0,100.0,100.0
1,73.05389221556887,73.05389221556887,100.0,100.0,100.0,80.53892215568862
