,Correlation,Causal,Wrangler_23,Wrangler_16,GB_23,GB_16
0,0.0,0.0,0.0,0.0,0.0,100.0
1,0.0,98.76543209876543,0.0,0.0,0.0,100.0
2,0.0,98.91304347826086,0.0,0.0,0.0,100.0
3,0.0,99.19354838709677,0.0,0.0,0.0,100.0
4,0.0,98.4,0.0,0.0,0.0,100.0
5,0.0,98.4375,0.0,0.0,0.0,100.0
6,0.0,97.67441860465115,0.0,0.0,0.0,100.0
