,Correlation,Causal,Wrangler_23,Wrangler_16,GB_23,GB_16
0,0.0,0.0,100.0,0.0,0.0,100.0
1,0.0,0.0,100.0,0.6535947712418301,0.0,100.0
2,3.7735849056603774,3.7735849056603774,100.0,0.628930817610063,0.0,100.0
