,Correlation,Causal,Wrangler_23,Wrangler_16,GB_23,GB_16
0,0.0,0.0,0.0,0.0,0.0,100.0
1,0.0,67.5,0.0,0.0,0.0,100.0
2,0.0,71.11111111111111,0.0,0.0,0.0,100.0
3,0.0,69.56521739130434,0.0,0.0,0.0,100.0
