,Correlation,Causal,Wrangler_23,Wrangler_16,GB_23,GB_16
0,0.0,0.0,0.0,0.0,100.0,0.0
1,0.0,0.0,0.0,0.0,13.636363636363635,0.0
2,0.0,33.66834170854271,0.0,0.0,29.145728643216078,0.0
3,0.0,33.663366336633665,0.0,0.0,29.7029702970297,0.0
4,0.0,33.99014778325123,0.0,0.0,29.55665024630542,0.0
5,0.0,33.980582524271846,0.0,0.0,30.097087378640776,0.0
