,Correlation,Causal,Wrangler_23,Wrangler_16,GB_23,GB_16
0,0.0,0.0,100.0,0.0,100.0,0.0
1,0.0,27.083333333333332,79.86111111111111,0.0,80.55555555555556,0.0
2,10.303030303030303,36.36363636363637,70.9090909090909,0.0,72.72727272727273,0.0
3,12.941176470588237,38.23529411764706,68.82352941176471,0.0,70.58823529411765,0.0
4,13.450292397660817,38.59649122807017,68.42105263157895,0.0,70.17543859649122,0.0
5,14.450867052023122,39.30635838150289,67.63005780346822,0.0,69.36416184971098,0.0
