,Correlation,Causal,Wrangler_23,Wrangler_16,GB_23,GB_16
0,0.0,0.0,0.0,0.0,100.0,0.0
1,0.0,84.70588235294117,3.5294117647058822,0.0,100.0,0.0
2,0.0,83.72093023255815,3.488372093023256,0.0,100.0,0.0
