,Correlation,Causal,Wrangler_23,Wrangler_16,GB_23,GB_16
0,0.0,0.0,0.0,100.0,100.0,100.0
1,0.0,0.0,0.0,100.0,100.0,100.0
2,0.0,0.0,0.0,96.96969696969697,100.0,100.0
3,0.0,59.756097560975604,2.4390243902439024,98.78048780487805,100.0,100.0
4,0.0,62.06896551724138,2.2988505747126435,98.85057471264368,100.0,100.0
