,Correlation,Causal,Wrangler_23,Wrangler_16,GB_23,GB_16
0,0.0,100.0,0.0,0.0,0.0,0.0
1,0.0,2.727272727272727,0.0,0.0,0.0,0.0
2,0.0,6.956521739130435,0.0,0.0,0.0,0.0
