,gb_opt,gb_ipw_opt,wrangler
0,0.08074307441711426,0.08717083930969238,0.004634335266416939
