,gb_opt,gb_ipw_opt,wrangler
0,0.21088075637817383,0.2169511318206787,0.009375810623168945
