,gb_opt,gb_ipw_opt,wrangler
0,0.31011080741882324,0.33155202865600586,0.004486755211594213
