,gb_opt,gb_ipw_opt,wrangler
0,0.34693098068237305,0.36453795433044434,0.012596497624557211
