,gb_opt,gb_ipw_opt,wrangler
0,0.39310479164123535,0.40549516677856445,0.00874866307477543
