,gb_opt,gb_ipw_opt,wrangler
0,0.03950929641723633,0.043546199798583984,0.006997585296630859
