,gb_opt,gb_ipw_opt,wrangler
0,0.04223036766052246,0.051621198654174805,0.0048482418060302734
