,gb_opt,gb_ipw_opt,wrangler
0,0.0864720344543457,0.09403228759765625,0.003788401098812328
