,gb_opt,gb_ipw_opt,wrangler
0,0.3400301933288574,0.3514838218688965,0.0038889738229604866
