,gb_opt,gb_ipw_opt,wrangler
0,0.08496522903442383,0.09080362319946289,0.003040713422438678
