,gb_opt,gb_ipw_opt,wrangler
0,0.055295705795288086,0.06249856948852539,0.006935993830362955
