,gb_opt,gb_ipw_opt,wrangler
0,0.06357622146606445,0.06984853744506836,0.005362611828428327
