,gb_opt,gb_ipw_opt,wrangler
0,0.13772201538085938,0.14657235145568848,0.004282230284155869
