,gb_opt,gb_ipw_opt,wrangler
0,0.0438690185546875,0.04916048049926758,0.007212162017822266
