,gb_opt,gb_ipw_opt,wrangler
0,0.04400157928466797,0.04867267608642578,0.005600353082021077
