,gb_opt,gb_ipw_opt,wrangler
0,0.05852937698364258,0.06525135040283203,0.007172425587972005
