,gb_opt,gb_ipw_opt,wrangler
0,0.04089546203613281,0.045248985290527344,0.006144245465596517
