,gb_opt,gb_ipw_opt,wrangler
0,0.06155991554260254,0.06691551208496094,0.0037915778882575755
