,gb_opt,gb_ipw_opt,wrangler
0,0.04040980339050293,0.04569101333618164,0.007650256156921387
