,gb_opt,gb_ipw_opt,wrangler
0,0.0396115779876709,0.044348955154418945,0.006797909736633301
