,gb_opt,gb_ipw_opt,wrangler
0,0.039832353591918945,0.044748783111572266,0.007271766662597656
