,gb_opt,gb_ipw_opt,wrangler
0,0.02766585350036621,0.032064199447631836,0.0039255619049072266
