,gb_opt,gb_ipw_opt,wrangler
0,0.055450439453125,0.06242704391479492,0.005339582761128743
