,gb_opt,gb_ipw_opt,wrangler
0,0.09175848960876465,0.09819269180297852,0.003977616628011067
