,gb_opt,gb_ipw_opt,wrangler
0,0.06364607810974121,0.07008886337280273,0.0052585364868922265
