,gb_opt,gb_ipw_opt,wrangler
0,0.04487037658691406,0.050830841064453125,0.00797708829243978
