,gb_opt,gb_ipw_opt,wrangler
0,0.13251566886901855,0.13867735862731934,0.004767775535583496
