,gb_opt,gb_ipw_opt,wrangler
0,0.0438687801361084,0.048197031021118164,0.005774199962615967
