,gb_opt,gb_ipw_opt,wrangler
0,0.514655590057373,0.55507493019104,0.014610141515731812
