,gb_opt,gb_ipw_opt,wrangler
0,0.03802943229675293,0.04201054573059082,0.006368756294250488
