,gb_opt,gb_ipw_opt,wrangler
0,0.051310062408447266,0.05810904502868652,0.006620373044695173
