,gb_opt,gb_ipw_opt,wrangler
0,0.0639798641204834,0.06916546821594238,0.004874958711511948
