,gb_opt,gb_ipw_opt,wrangler
0,0.050844669342041016,0.05647706985473633,0.004492700099945068
