,gb_opt,gb_ipw_opt,wrangler
0,0.07464361190795898,0.08038806915283203,0.003961324691772461
