,gb_opt,gb_ipw_opt,wrangler
0,0.0640859603881836,0.07044124603271484,0.0053027096916647525
