,gb_opt,gb_ipw_opt,wrangler
0,0.07605957984924316,0.08319497108459473,0.004222393035888672
