,gb_opt,gb_ipw_opt,wrangler
0,0.07270359992980957,0.07943105697631836,0.004580441643210018
