,gb_opt,gb_ipw_opt,wrangler
0,0.08524894714355469,0.09384417533874512,0.007376526341293797
