,gb_opt,gb_ipw_opt,wrangler
0,0.042498111724853516,0.04825448989868164,0.007127722104390462
