,gb_opt,gb_ipw_opt,wrangler
0,0.2678718566894531,0.2780036926269531,0.002431516729653543
