,gb_opt,gb_ipw_opt,wrangler
0,0.0429682731628418,0.04723477363586426,0.005891524165509695
