,gb_opt,gb_ipw_opt,wrangler
0,0.03765749931335449,0.0413510799407959,0.005810349075882523
