,gb_opt,gb_ipw_opt,wrangler
0,0.038572072982788086,0.042411088943481445,0.0062465667724609375
