,gb_opt,gb_ipw_opt,wrangler
0,0.03722214698791504,0.04100489616394043,0.005835440100693121
