,gb_opt,gb_ipw_opt,wrangler
0,0.05926203727722168,0.06633877754211426,0.004602515179177989
