,gb_opt,gb_ipw_opt,wrangler
0,0.1252744197845459,0.13169407844543457,0.0037986040115356445
