,gb_opt,gb_ipw_opt,wrangler
0,0.05756115913391113,0.061318159103393555,0.0031394159008642872
