,gb_opt,gb_ipw_opt,wrangler
0,0.04152655601501465,0.04622030258178711,0.00688176096221547
