,gb_opt,gb_ipw_opt,wrangler
0,0.31250929832458496,0.3383500576019287,0.0026886829276209913
