,gb_opt,gb_ipw_opt,wrangler
0,0.0971212387084961,0.10308265686035156,0.003910612785953215
