,gb_opt,gb_ipw_opt,wrangler
0,0.0432436466217041,0.047466278076171875,0.007023046046127508
