,gb_opt,gb_ipw_opt,wrangler
0,0.27213120460510254,0.2825450897216797,0.005487203598022461
