,gb_opt,gb_ipw_opt,wrangler
0,0.10723328590393066,0.1138601303100586,0.0038203738984607517
