,gb_opt,gb_ipw_opt,wrangler
0,0.061527252197265625,0.0700998306274414,0.005206251456067453
