,gb_opt,gb_ipw_opt,wrangler
0,0.045806169509887695,0.05028223991394043,0.00584009781624507
