,gb_opt,gb_ipw_opt,wrangler
0,0.03719615936279297,0.0401921272277832,0.004826170025449811
