,gb_opt,gb_ipw_opt,wrangler
0,0.10166501998901367,0.10995984077453613,0.0027526508678089485
