,gb_opt,gb_ipw_opt,wrangler
0,0.036149024963378906,0.04024028778076172,0.005619025524751639
