,gb_opt,gb_ipw_opt,wrangler
0,0.05184149742126465,0.056342363357543945,0.0036070423741494453
