,gb_opt,gb_ipw_opt,wrangler
0,0.07039594650268555,0.07637906074523926,0.0045415831775200075
