,gb_opt,gb_ipw_opt,wrangler
0,0.03698873519897461,0.04039311408996582,0.00568672462745949
