,gb_opt,gb_ipw_opt,wrangler
0,0.1423029899597168,0.15166139602661133,0.0024248914020817453
