,gb_opt,gb_ipw_opt,wrangler
0,0.0996088981628418,0.10719132423400879,0.00255085457828725
