,gb_opt,gb_ipw_opt,wrangler
0,0.059105873107910156,0.0662531852722168,0.00574000894206844
