,gb_opt,gb_ipw_opt,wrangler
0,0.0949101448059082,0.0990746021270752,0.002602736155192057
