,gb_opt,gb_ipw_opt,wrangler
0,0.038085222244262695,0.0422518253326416,0.006320930662609282
