,gb_opt,gb_ipw_opt,wrangler
0,0.11224603652954102,0.12232708930969238,0.005173683166503906
