,gb_opt,gb_ipw_opt,wrangler
0,0.2656693458557129,0.2790708541870117,0.002496630366783575
