,gb_opt,gb_ipw_opt,wrangler
0,0.2827181816101074,0.2914290428161621,0.004248913551074324
