,gb_opt,gb_ipw_opt,wrangler
0,0.0692744255065918,0.07456541061401367,0.003896607943107746
