,gb_opt,gb_ipw_opt,wrangler
0,0.16630125045776367,0.17340755462646484,0.005600849787394206
