,gb_opt,gb_ipw_opt,wrangler
0,0.30217528343200684,0.3159775733947754,0.004841983318328857
