,gb_opt,gb_ipw_opt,wrangler
0,0.18756818771362305,0.1952037811279297,0.00393372889602593
