,gb_opt,gb_ipw_opt,wrangler
0,0.2888171672821045,0.2993919849395752,0.0017257536494867196
