,gb_opt,gb_ipw_opt,wrangler
0,1.7410850524902344,1.7976033687591553,0.033295205619009005
