,gb_opt,gb_ipw_opt,wrangler
0,0.25295543670654297,0.2666454315185547,0.0023821125859799595
