,gb_opt,gb_ipw_opt,wrangler
0,0.25180649757385254,0.26230454444885254,0.002272943458934822
