,gb_opt,gb_ipw_opt,wrangler
0,0.10592007637023926,0.11355090141296387,0.0024754134788390527
