,gb_opt,gb_ipw_opt,wrangler
0,0.05805611610412598,0.06412053108215332,0.00466014209546541
