,gb_opt,gb_ipw_opt,wrangler
0,0.03816056251525879,0.04230690002441406,0.006318092346191406
