,gb_opt,gb_ipw_opt,wrangler
0,0.09884428977966309,0.10679173469543457,0.0035809905161499505
