,gb_opt,gb_ipw_opt,wrangler
0,0.2417006492614746,0.25446653366088867,0.001947235011454648
