,gb_opt,gb_ipw_opt,wrangler
0,0.05574607849121094,0.061313629150390625,0.004188476070280998
