,gb_opt,gb_ipw_opt,wrangler
0,0.03844809532165527,0.04332613945007324,0.0052371721589163445
