,gb_opt,gb_ipw_opt,wrangler
0,0.03841114044189453,0.04250764846801758,0.005790986210466868
