,gb_opt,gb_ipw_opt,wrangler
0,0.27990198135375977,0.29708147048950195,0.002852604638733449
