,gb_opt,gb_ipw_opt,wrangler
0,0.03880929946899414,0.04256129264831543,0.006494067964099702
