,gb_opt,gb_ipw_opt,wrangler
0,0.06436705589294434,0.07317209243774414,0.006037873107117492
