,gb_opt,gb_ipw_opt,wrangler
0,0.10611772537231445,0.11496686935424805,0.0033295869075161424
