,gb_opt,gb_ipw_opt,wrangler
0,0.03809475898742676,0.04245901107788086,0.006267002650669643
