,gb_opt,gb_ipw_opt,wrangler
0,0.09763836860656738,0.10158920288085938,0.001976344363099126
