,gb_opt,gb_ipw_opt,wrangler
0,0.034569740295410156,0.037923574447631836,0.005367325573432736
