,gb_opt,gb_ipw_opt,wrangler
0,0.029803991317749023,0.036512136459350586,0.004234837322700314
