,gb_opt,gb_ipw_opt,wrangler
0,0.06051826477050781,0.0673365592956543,0.004685782139597376
