,gb_opt,gb_ipw_opt,wrangler
0,0.07039356231689453,0.08026003837585449,0.0054836273193359375
