,gb_opt,gb_ipw_opt,wrangler
0,0.10080170631408691,0.10764551162719727,0.002596622858292017
