,gb_opt,gb_ipw_opt,wrangler
0,0.24028348922729492,0.25035929679870605,0.0015300253163213315
