,gb_opt,gb_ipw_opt,wrangler
0,0.045813560485839844,0.05336260795593262,0.007140139738718669
