,gb_opt,gb_ipw_opt,wrangler
0,0.04619956016540527,0.05310940742492676,0.008002068232564094
