,gb_opt,gb_ipw_opt,wrangler
0,0.0444333553314209,0.05149650573730469,0.007320423515475526
