,gb_opt,gb_ipw_opt,wrangler
0,0.052703142166137695,0.06010723114013672,0.006082403750820014
