,gb_opt,gb_ipw_opt,wrangler
0,0.0354461669921875,0.03885173797607422,0.005741452061852744
