,gb_opt,gb_ipw_opt,wrangler
0,0.09680056571960449,0.10164904594421387,0.0024138928983158197
