,gb_opt,gb_ipw_opt,wrangler
0,0.06947755813598633,0.07470870018005371,0.004489247391863567
