,gb_opt,gb_ipw_opt,wrangler
0,0.03844928741455078,0.0424652099609375,0.0058927653748312115
