,gb_opt,gb_ipw_opt,wrangler
0,0.03988027572631836,0.046227216720581055,0.00822827929542178
