,gb_opt,gb_ipw_opt,wrangler
0,0.21836137771606445,0.22520875930786133,0.0013169930807909174
