,gb_opt,gb_ipw_opt,wrangler
0,0.035982608795166016,0.03960299491882324,0.0057637691497802734
