,gb_opt,gb_ipw_opt,wrangler
0,0.03702545166015625,0.04001903533935547,0.005646312938017004
