,gb_opt,gb_ipw_opt,wrangler
0,0.035856008529663086,0.039209604263305664,0.00584721565246582
