,gb_opt,gb_ipw_opt,wrangler
0,0.035813093185424805,0.03926825523376465,0.005399308553556116
