,gb_opt,gb_ipw_opt,wrangler
0,0.07621073722839355,0.08061456680297852,0.002736630647078804
