,gb_opt,gb_ipw_opt,wrangler
0,0.04887652397155762,0.05414414405822754,0.005520758081655033
