,gb_opt,gb_ipw_opt,wrangler
0,0.043436288833618164,0.049689531326293945,0.006664257783156175
