,gb_opt,gb_ipw_opt,wrangler
0,0.03966188430786133,0.04397225379943848,0.00635683536529541
