,gb_opt,gb_ipw_opt,wrangler
0,0.05895185470581055,0.06591677665710449,0.006096927743209035
