,gb_opt,gb_ipw_opt,wrangler
0,0.06743001937866211,0.07068824768066406,0.0027853709000807544
