,gb_opt,gb_ipw_opt,wrangler
0,0.020729780197143555,0.025214195251464844,0.006848070994917168
