,gb_opt,gb_ipw_opt,wrangler
0,0.09762215614318848,0.1025090217590332,0.001980944078451568
