,gb_opt,gb_ipw_opt,wrangler
0,0.06770086288452148,0.07319259643554688,0.004256643900057165
