,gb_opt,gb_ipw_opt,wrangler
0,0.1455097198486328,0.1534585952758789,0.002384185791015625
