,gb_opt,gb_ipw_opt,wrangler
0,0.03954815864562988,0.04425764083862305,0.006138560283614928
