,gb_opt,gb_ipw_opt,wrangler
0,0.24016427993774414,0.251415491104126,0.0018843044578807505
