,gb_opt,gb_ipw_opt,wrangler
0,0.049861907958984375,0.05477142333984375,0.0043855096301893244
