,gb_opt,gb_ipw_opt,wrangler
0,0.05857086181640625,0.06371879577636719,0.003959821618121604
