,gb_opt,gb_ipw_opt,wrangler
0,0.06949114799499512,0.07597613334655762,0.004955908147300162
