,gb_opt,gb_ipw_opt,wrangler
0,0.04839920997619629,0.05522656440734863,0.005233483236344134
