,gb_opt,gb_ipw_opt,wrangler
0,0.03801107406616211,0.04214143753051758,0.005445261111204652
