,gb_opt,gb_ipw_opt,wrangler
0,0.089324951171875,0.0989992618560791,0.006189997892202058
