,gb_opt,gb_ipw_opt,wrangler
0,0.03907346725463867,0.042958974838256836,0.004902482032775879
