,gb_opt,gb_ipw_opt,wrangler
0,0.11411499977111816,0.12035059928894043,0.0030307830134524575
