,gb_opt,gb_ipw_opt,wrangler
0,0.027211904525756836,0.03285789489746094,0.006425727918310072
