,gb_opt,gb_ipw_opt,wrangler
0,0.2534618377685547,0.26143598556518555,0.0011658011223738055
