,gb_opt,gb_ipw_opt,wrangler
0,0.03765988349914551,0.04105973243713379,0.005829625013397961
