,gb_opt,gb_ipw_opt,wrangler
0,0.3019523620605469,0.3139488697052002,0.0046125867150046615
