,gb_opt,gb_ipw_opt,wrangler
0,0.09555864334106445,0.10198760032653809,0.0032699514099687986
