,gb_opt,gb_ipw_opt,wrangler
0,0.24273419380187988,0.25287342071533203,0.001633641731679736
