,gb_opt,gb_ipw_opt,wrangler
0,0.07759237289428711,0.08455467224121094,0.00421361225407298
