,gb_opt,gb_ipw_opt,wrangler
0,0.05069541931152344,0.05864715576171875,0.006973743438720703
