,gb_opt,gb_ipw_opt,wrangler
0,0.9574816226959229,0.9877612590789795,0.018176535765329994
