,gb_opt,gb_ipw_opt,wrangler
0,0.07944345474243164,0.08763813972473145,0.005793280717803211
