,gb_opt,gb_ipw_opt,wrangler
0,0.07176566123962402,0.07749271392822266,0.003920010993817101
