,gb_opt,gb_ipw_opt,wrangler
0,0.0360112190246582,0.04014444351196289,0.005874037742614746
