,gb_opt,gb_ipw_opt,wrangler
0,0.20246481895446777,0.21178960800170898,0.0024868742279384446
