,gb_opt,gb_ipw_opt,wrangler
0,0.2700917720794678,0.2855241298675537,0.002702275416500253
