,gb_opt,gb_ipw_opt,wrangler
0,0.0943601131439209,0.10103940963745117,0.003990956715175084
