,gb_opt,gb_ipw_opt,wrangler
0,0.10244274139404297,0.1083991527557373,0.002395539056687128
