,gb_opt,gb_ipw_opt,wrangler
0,0.25707268714904785,0.26923465728759766,0.002030852418508589
