,gb_opt,gb_ipw_opt,wrangler
0,0.06497669219970703,0.07201123237609863,0.0039113113303589665
