,gb_opt,gb_ipw_opt,wrangler
0,0.038342952728271484,0.04265904426574707,0.006163561785662615
