,gb_opt,gb_ipw_opt,wrangler
0,0.11087870597839355,0.11837291717529297,0.002248169945888832
