,gb_opt,gb_ipw_opt,wrangler
0,0.09408998489379883,0.09817004203796387,0.0024766952081433607
