,gb_opt,gb_ipw_opt,wrangler
0,0.06334781646728516,0.07111382484436035,0.005884604020552202
