,gb_opt,gb_ipw_opt,wrangler
0,0.03860020637512207,0.043020009994506836,0.006451839353980088
