,gb_opt,gb_ipw_opt,wrangler
0,0.06818866729736328,0.07366728782653809,0.0039193688369378804
