,gb_opt,gb_ipw_opt,wrangler
0,0.0433962345123291,0.04773354530334473,0.0064373016357421875
