,gb_opt,gb_ipw_opt,wrangler
0,0.25521087646484375,0.2655904293060303,0.0018153065910671896
