,gb_opt,gb_ipw_opt,wrangler
0,0.21623969078063965,0.23087167739868164,0.0062400102615356445
