,gb_opt,gb_ipw_opt,wrangler
0,0.15446186065673828,0.16698789596557617,0.007383227348327637
