,gb_opt,gb_ipw_opt,wrangler
0,0.03592872619628906,0.03927922248840332,0.0054159282166280865
