,gb_opt,gb_ipw_opt,wrangler
0,0.07267427444458008,0.07984232902526855,0.005288557572798296
