,gb_opt,gb_ipw_opt,wrangler
0,0.24262547492980957,0.2522439956665039,0.002353680059776543
