,gb_opt,gb_ipw_opt,wrangler
0,0.03706836700439453,0.04191756248474121,0.005146731501040251
