,gb_opt,gb_ipw_opt,wrangler
0,0.09708070755004883,0.10283327102661133,0.0018115423939710747
