,gb_opt,gb_ipw_opt,wrangler
0,0.21749591827392578,0.22655606269836426,0.0016954210069444443
