,gb_opt,gb_ipw_opt,wrangler
0,0.06173968315124512,0.06791400909423828,0.008788704872131348
