,gb_opt,gb_ipw_opt,wrangler
0,0.24301743507385254,0.2502620220184326,0.001427504935150339
