,gb_opt,gb_ipw_opt,wrangler
0,0.09287643432617188,0.09868359565734863,0.0028165559920053634
