,gb_opt,gb_ipw_opt,wrangler
0,0.23665523529052734,0.2432873249053955,0.000959924990764718
