,gb_opt,gb_ipw_opt,wrangler
0,0.2125258445739746,0.21932721138000488,0.0014802319320602034
