,gb_opt,gb_ipw_opt,wrangler
0,0.04398488998413086,0.048247337341308594,0.006032486756642659
