,gb_opt,gb_ipw_opt,wrangler
0,0.043552398681640625,0.04928946495056152,0.007507701714833577
