,gb_opt,gb_ipw_opt,wrangler
0,0.03776288032531738,0.04194974899291992,0.006175335542655285
