,gb_opt,gb_ipw_opt,wrangler
0,0.04983711242675781,0.05352020263671875,0.004562639421032321
