,gb_opt,gb_ipw_opt,wrangler
0,0.03828263282775879,0.04152226448059082,0.006425527878749518
