,gb_opt,gb_ipw_opt,wrangler
0,0.038826942443847656,0.04295039176940918,0.006611754254596989
