,gb_opt,gb_ipw_opt,wrangler
0,0.03816509246826172,0.04200887680053711,0.006124377250671387
