,gb_opt,gb_ipw_opt,wrangler
0,0.04410290718078613,0.048015594482421875,0.003682888620268039
