,gb_opt,gb_ipw_opt,wrangler
0,0.09578680992126465,0.0998678207397461,0.0022991358885291026
