,gb_opt,gb_ipw_opt,wrangler
0,0.08116555213928223,0.08789753913879395,0.0054336175685975605
