,gb_opt,gb_ipw_opt,wrangler
0,0.057791948318481445,0.06262040138244629,0.004092041327028858
