,gb_opt,gb_ipw_opt,wrangler
0,0.06106925010681152,0.07059073448181152,0.011500716209411621
