,gb_opt,gb_ipw_opt,wrangler
0,0.238525390625,0.24659371376037598,0.0011719281400614117
