,gb_opt,gb_ipw_opt,wrangler
0,0.038564205169677734,0.04249286651611328,0.00646967946747203
