,gb_opt,gb_ipw_opt,wrangler
0,0.04203629493713379,0.04600691795349121,0.0041658228093927555
