,gb_opt,gb_ipw_opt,wrangler
0,0.08131074905395508,0.0900716781616211,0.0037416681513056027
