,gb_opt,gb_ipw_opt,wrangler
0,0.25166893005371094,0.25942349433898926,0.0012674619929316062
