,gb_opt,gb_ipw_opt,wrangler
0,0.03791499137878418,0.042380332946777344,0.006534967077783792
