,gb_opt,gb_ipw_opt,wrangler
0,0.07218408584594727,0.08024811744689941,0.0047437522722327185
