,gb_opt,gb_ipw_opt,wrangler
0,0.15427899360656738,0.16625642776489258,0.005336403846740723
