,gb_opt,gb_ipw_opt,wrangler
0,0.09944891929626465,0.10477924346923828,0.002205943147214457
