,gb_opt,gb_ipw_opt,wrangler
0,0.038843631744384766,0.04286909103393555,0.006052384893578219
