,gb_opt,gb_ipw_opt,wrangler
0,0.26787590980529785,0.28200721740722656,0.002174864373498064
