,gb_opt,gb_ipw_opt,wrangler
0,0.23460936546325684,0.2410414218902588,0.0014261017598294447
