,gb_opt,gb_ipw_opt,wrangler
0,0.09566211700439453,0.10074782371520996,0.0026048119388409514
