,gb_opt,gb_ipw_opt,wrangler
0,0.037351369857788086,0.04140067100524902,0.00551809747535062
