,gb_opt,gb_ipw_opt,wrangler
0,0.03847813606262207,0.04262423515319824,0.006006985175900343
