,gb_opt,gb_ipw_opt,wrangler
0,0.054830312728881836,0.06112265586853027,0.008824467658996582
