,gb_opt,gb_ipw_opt,wrangler
0,0.07025814056396484,0.07461094856262207,0.002867645687527127
