,gb_opt,gb_ipw_opt,wrangler
0,0.24888062477111816,0.2597677707672119,0.004545730703017291
