,gb_opt,gb_ipw_opt,wrangler
0,0.03940773010253906,0.043428897857666016,0.006110579879195602
