,gb_opt,gb_ipw_opt,wrangler
0,0.036407470703125,0.040035247802734375,0.005573761172410919
