,gb_opt,gb_ipw_opt,wrangler
0,0.24132943153381348,0.25382399559020996,0.002081993898731068
