,gb_opt,gb_ipw_opt,wrangler
0,0.24069666862487793,0.25052595138549805,0.0017706831644413916
