,gb_opt,gb_ipw_opt,wrangler
0,0.09484386444091797,0.09871864318847656,0.0023737222797070925
