,gb_opt,gb_ipw_opt,wrangler
0,0.03910708427429199,0.042394161224365234,0.00506578032503423
