,gb_opt,gb_ipw_opt,wrangler
0,0.04133439064025879,0.046892404556274414,0.007932568773811247
