,gb_opt,gb_ipw_opt,wrangler
0,0.09727883338928223,0.10516858100891113,0.004396251603668811
