,gb_opt,gb_ipw_opt,wrangler
0,0.06908226013183594,0.07478737831115723,0.004009502690012862
