,gb_opt,gb_ipw_opt,wrangler
0,0.04919624328613281,0.0529782772064209,0.0033040418692514405
