,gb_opt,gb_ipw_opt,wrangler
0,0.04504680633544922,0.04888653755187988,0.004791519016895479
