,gb_opt,gb_ipw_opt,wrangler
0,0.04398632049560547,0.04844307899475098,0.00495818054791793
