,gb_opt,gb_ipw_opt,wrangler
0,0.03596162796020508,0.03952789306640625,0.006039937337239583
