,gb_opt,gb_ipw_opt,wrangler
0,0.2707808017730713,0.2931022644042969,0.0029834348763992536
