,gb_opt,gb_ipw_opt,wrangler
0,0.03898954391479492,0.04324769973754883,0.006183981895446777
