,gb_opt,gb_ipw_opt,wrangler
0,0.03878188133239746,0.04253959655761719,0.00570169309290444
