,gb_opt,gb_ipw_opt,wrangler
0,0.0604703426361084,0.06712150573730469,0.005690587891472711
