,gb_opt,gb_ipw_opt,wrangler
0,0.037694692611694336,0.041863203048706055,0.005852885362578601
