,gb_opt,gb_ipw_opt,wrangler
0,0.23776030540466309,0.2491927146911621,0.0019543734028111747
