,gb_opt,gb_ipw_opt,wrangler
0,0.040900230407714844,0.045526981353759766,0.005612770716349284
