,gb_opt,gb_ipw_opt,wrangler
0,0.04706287384033203,0.052603721618652344,0.005364418029785156
