,gb_opt,gb_ipw_opt,wrangler
0,0.03800010681152344,0.0417180061340332,0.005161220377141779
