,gb_opt,gb_ipw_opt,wrangler
0,0.0570530891418457,0.06207442283630371,0.003626547664044851
