,gb_opt,gb_ipw_opt,wrangler
0,0.10719060897827148,0.11568927764892578,0.0027638332099671576
