,gb_opt,gb_ipw_opt,wrangler
0,0.13626790046691895,0.14650392532348633,0.0033359778554815996
