,gb_opt,gb_ipw_opt,wrangler
0,0.18845534324645996,0.1969754695892334,0.002799517866493999
