,gb_opt,gb_ipw_opt,wrangler
0,0.2475283145904541,0.257810115814209,0.0016930699348449707
