,gb_opt,gb_ipw_opt,wrangler
0,0.038420915603637695,0.042014122009277344,0.004604884556361607
