,gb_opt,gb_ipw_opt,wrangler
0,0.03746986389160156,0.04131150245666504,0.005759843965856041
