,gb_opt,gb_ipw_opt,wrangler
0,0.042523860931396484,0.04720354080200195,0.006227958493116425
