,gb_opt,gb_ipw_opt,wrangler
0,0.2491307258605957,0.25972628593444824,0.0019427573326790686
