,gb_opt,gb_ipw_opt,wrangler
0,0.25995826721191406,0.26962780952453613,0.0016092515494005092
