,gb_opt,gb_ipw_opt,wrangler
0,0.24072718620300293,0.2515268325805664,0.002144583993159216
