,gb_opt,gb_ipw_opt,wrangler
0,0.25229501724243164,0.2632458209991455,0.001844856309594575
