,gb_opt,gb_ipw_opt,wrangler
0,0.05979442596435547,0.0668642520904541,0.00450956194024337
