,gb_opt,gb_ipw_opt,wrangler
0,0.03607630729675293,0.03921175003051758,0.005136365475861923
