,gb_opt,gb_ipw_opt,wrangler
0,0.05215334892272949,0.05824708938598633,0.006071572164887363
