,gb_opt,gb_ipw_opt,wrangler
0,0.14727425575256348,0.155029296875,0.0026451976519273105
