,gb_opt,gb_ipw_opt,wrangler
0,0.06242108345031738,0.06759333610534668,0.0038437727021008003
