,gb_opt,gb_ipw_opt,wrangler
0,0.03599143028259277,0.039057254791259766,0.005245208740234375
