,gb_opt,gb_ipw_opt,wrangler
0,0.07480764389038086,0.0844717025756836,0.005705654621124268
