,gb_opt,gb_ipw_opt,wrangler
0,0.035994768142700195,0.04021573066711426,0.005736070520737592
