,gb_opt,gb_ipw_opt,wrangler
0,0.26120543479919434,0.27058935165405273,0.001315772533416748
