,gb_opt,gb_ipw_opt,wrangler
0,0.09931325912475586,0.10623359680175781,0.0032139202905079674
