,gb_opt,gb_ipw_opt,wrangler
0,0.055170536041259766,0.06041979789733887,0.004646065947297332
