,gb_opt,gb_ipw_opt,wrangler
0,0.03756546974182129,0.0413060188293457,0.0049644046359592015
