,gb_opt,gb_ipw_opt,wrangler
0,0.10797238349914551,0.11723661422729492,0.0034727850910934986
