,gb_opt,gb_ipw_opt,wrangler
0,0.14438915252685547,0.15294814109802246,0.0039235017543421714
