,gb_opt,gb_ipw_opt,wrangler
0,0.28768110275268555,0.3000459671020508,0.006598532199859619
