,gb_opt,gb_ipw_opt,wrangler
0,0.10772037506103516,0.11857104301452637,0.006354938853870739
