,gb_opt,gb_ipw_opt,wrangler
0,0.04744553565979004,0.05438590049743652,0.008122434893858086
