,gb_opt,gb_ipw_opt,wrangler
0,0.060617923736572266,0.06752490997314453,0.005221834369734222
