,gb_opt,gb_ipw_opt,wrangler
0,0.050919294357299805,0.056558847427368164,0.003929679275404477
