,gb_opt,gb_ipw_opt,wrangler
0,0.03854632377624512,0.042427778244018555,0.00667572021484375
