,gb_opt,gb_ipw_opt,wrangler
0,0.2905888557434082,0.2975437641143799,0.001200822868732491
