,gb_opt,gb_ipw_opt,wrangler
0,0.0416569709777832,0.04651784896850586,0.006690467755819105
