,gb_opt,gb_ipw_opt,wrangler
0,0.058815717697143555,0.06489944458007812,0.005052829610890356
