,gb_opt,gb_ipw_opt,wrangler
0,0.03946042060852051,0.04367971420288086,0.0053877415864363966
