,gb_opt,gb_ipw_opt,wrangler
0,0.12598443031311035,0.13240909576416016,0.005326732512443297
