,gb_opt,gb_ipw_opt,wrangler
0,0.03696918487548828,0.04082918167114258,0.005624380456395896
