,gb_opt,gb_ipw_opt,wrangler
0,0.05585527420043945,0.06006669998168945,0.0026616673011564266
