,gb_opt,gb_ipw_opt,wrangler
0,0.09044218063354492,0.09877395629882812,0.004295645088985048
