,gb_opt,gb_ipw_opt,wrangler
0,0.1827700138092041,0.1945815086364746,0.0030805667241414385
