,gb_opt,gb_ipw_opt,wrangler
0,0.035474300384521484,0.03903794288635254,0.0057756900787353516
