,gb_opt,gb_ipw_opt,wrangler
0,0.05514359474182129,0.06063532829284668,0.0035593586583291333
