,gb_opt,gb_ipw_opt,wrangler
0,0.037567138671875,0.04126453399658203,0.006152362358279344
