,gb_opt,gb_ipw_opt,wrangler
0,0.23966622352600098,0.24941730499267578,0.002301463111773447
