,gb_opt,gb_ipw_opt,wrangler
0,0.25698232650756836,0.2645876407623291,0.004036511134224089
