,gb_opt,gb_ipw_opt,wrangler
0,0.8469927310943604,0.9034087657928467,0.01838745234848617
