,gb_opt,gb_ipw_opt,wrangler
0,0.255582332611084,0.2742629051208496,0.002696658625747218
