,gb_opt,gb_ipw_opt,wrangler
0,0.19771146774291992,0.20748686790466309,0.0023174036235709466
