,gb_opt,gb_ipw_opt,wrangler
0,0.03722572326660156,0.04102969169616699,0.006467103958129883
