,gb_opt,gb_ipw_opt,wrangler
0,0.24012398719787598,0.24742650985717773,0.0013129557817610634
