,gb_opt,gb_ipw_opt,wrangler
0,0.156203031539917,0.1629505157470703,0.0012795130411783853
