,gb_opt,gb_ipw_opt,wrangler
0,0.03978252410888672,0.04494500160217285,0.007107853889465332
