,gb_opt,gb_ipw_opt,wrangler
0,0.0365605354309082,0.039437055587768555,0.004899117254441784
