,gb_opt,gb_ipw_opt,wrangler
0,0.04601693153381348,0.05320286750793457,0.007925681697512135
