,gb_opt,gb_ipw_opt,wrangler
0,0.055297136306762695,0.05960440635681152,0.004311925486514443
