,gb_opt,gb_ipw_opt,wrangler
0,0.037383317947387695,0.041176795959472656,0.0067234039306640625
