,gb_opt,gb_ipw_opt,wrangler
0,0.03627920150756836,0.039856672286987305,0.005963444709777832
