,gb_opt,gb_ipw_opt,wrangler
0,0.06863689422607422,0.07448959350585938,0.006810976908757137
