,gb_opt,gb_ipw_opt,wrangler
0,0.2355659008026123,0.2435309886932373,0.0016573216584737829
