,gb_opt,gb_ipw_opt,wrangler
0,0.03939676284790039,0.04386258125305176,0.0073762587559076005
