,gb_opt,gb_ipw_opt,wrangler
0,0.0523679256439209,0.0600275993347168,0.006829411530297649
