,gb_opt,gb_ipw_opt,wrangler
0,0.03595376014709473,0.0400083065032959,0.006402411111971228
