,gb_opt,gb_ipw_opt,wrangler
0,0.03987526893615723,0.04719138145446777,0.00980165269639757
