,gb_opt,gb_ipw_opt,wrangler
0,0.039003610610961914,0.043466806411743164,0.0062400912061149685
