,gb_opt,gb_ipw_opt,wrangler
0,0.07509803771972656,0.07937264442443848,0.0034809112548828125
