,gb_opt,gb_ipw_opt,wrangler
0,0.055980682373046875,0.06073474884033203,0.0035845000168372846
