,gb_opt,gb_ipw_opt,wrangler
0,0.06833887100219727,0.07588362693786621,0.005140900611877441
