,gb_opt,gb_ipw_opt,wrangler
0,0.0375826358795166,0.04135584831237793,0.006076693534851074
