,gb_opt,gb_ipw_opt,wrangler
0,0.07360124588012695,0.0779261589050293,0.003135320052359868
