,gb_opt,gb_ipw_opt,wrangler
0,0.053884029388427734,0.058593034744262695,0.004151288200827206
