,gb_opt,gb_ipw_opt,wrangler
0,0.07246971130371094,0.07848000526428223,0.004005737793751252
