,gb_opt,gb_ipw_opt,wrangler
0,0.037995100021362305,0.0410153865814209,0.0046118341311059815
