,gb_opt,gb_ipw_opt,wrangler
0,0.24004673957824707,0.25096654891967773,0.0021196432618109944
