,gb_opt,gb_ipw_opt,wrangler
0,0.03950667381286621,0.04373431205749512,0.006293073112581983
