,gb_opt,gb_ipw_opt,wrangler
0,0.2621786594390869,0.282393217086792,0.003114659735497008
