,gb_opt,gb_ipw_opt,wrangler
0,0.04318737983703613,0.04766440391540527,0.0064373016357421875
