,gb_opt,gb_ipw_opt,wrangler
0,0.10642695426940918,0.11393094062805176,0.004093108638640373
