,gb_opt,gb_ipw_opt,wrangler
0,0.04774641990661621,0.05545783042907715,0.008071462313334147
