,gb_opt,gb_ipw_opt,wrangler
0,0.14058876037597656,0.14966392517089844,0.004012496383101851
