,gb_opt,gb_ipw_opt,wrangler
0,0.04425048828125,0.04924941062927246,0.006457169850667317
