,gb_opt,gb_ipw_opt,wrangler
0,0.03619241714477539,0.04022336006164551,0.006070733070373535
