,gb_opt,gb_ipw_opt,wrangler
0,0.09668421745300293,0.10460162162780762,0.0034924081191715045
