,gb_opt,gb_ipw_opt,wrangler
0,0.13891005516052246,0.14902329444885254,0.003289594882872046
