,gb_opt,gb_ipw_opt,wrangler
0,0.2628295421600342,0.27348780632019043,0.0032525283686471187
