,gb_opt,gb_ipw_opt,wrangler
0,0.06352639198303223,0.06947755813598633,0.005106627941131592
