,gb_opt,gb_ipw_opt,wrangler
0,0.060726165771484375,0.06731152534484863,0.005107421379584771
