,gb_opt,gb_ipw_opt,wrangler
0,1.608177661895752,1.6523411273956299,0.030733908002822087
