,gb_opt,gb_ipw_opt,wrangler
0,0.05449533462524414,0.059545278549194336,0.004758437474568685
