,gb_opt,gb_ipw_opt,wrangler
0,0.05076026916503906,0.05652761459350586,0.004188831035907452
