,gb_opt,gb_ipw_opt,wrangler
0,0.037058115005493164,0.040776729583740234,0.006069371729721258
