,gb_opt,gb_ipw_opt,wrangler
0,0.3025493621826172,0.3173708915710449,0.006329715251922607
