,gb_opt,gb_ipw_opt,wrangler
0,0.03750205039978027,0.04133868217468262,0.0062744791914777056
