,gb_opt,gb_ipw_opt,wrangler
0,0.03880119323730469,0.04317021369934082,0.006207398005894252
