,gb_opt,gb_ipw_opt,wrangler
0,0.03982138633728027,0.044890403747558594,0.006387263168523341
