,gb_opt,gb_ipw_opt,wrangler
0,0.03824567794799805,0.04198479652404785,0.005534717014857701
