,gb_opt,gb_ipw_opt,wrangler
0,0.26793575286865234,0.28376197814941406,0.002923905849456787
