,gb_opt,gb_ipw_opt,wrangler
0,0.06560921669006348,0.0715034008026123,0.004617791426809211
