,gb_opt,gb_ipw_opt,wrangler
0,0.038425445556640625,0.04288196563720703,0.006556510925292969
