,gb_opt,gb_ipw_opt,wrangler
0,0.04633140563964844,0.05051922798156738,0.0051561028066307605
