,gb_opt,gb_ipw_opt,wrangler
0,0.26712775230407715,0.27971839904785156,0.001908241586292281
