,gb_opt,gb_ipw_opt,wrangler
0,0.052314043045043945,0.06015181541442871,0.007347627119584517
