,gb_opt,gb_ipw_opt,wrangler
0,0.05124831199645996,0.05541658401489258,0.0050067901611328125
