,gb_opt,gb_ipw_opt,wrangler
0,0.025773048400878906,0.031214237213134766,0.004601187822295398
