,gb_opt,gb_ipw_opt,wrangler
0,0.04335331916809082,0.04764127731323242,0.00629425048828125
