,gb_opt,gb_ipw_opt,wrangler
0,0.1559615135192871,0.16331720352172852,0.0042107797438098536
