,gb_opt,gb_ipw_opt,wrangler
0,0.10557961463928223,0.10962772369384766,0.0020780870991368447
