,gb_opt,gb_ipw_opt,wrangler
0,0.03908205032348633,0.04349255561828613,0.007664715802228009
