,gb_opt,gb_ipw_opt,wrangler
0,0.05448460578918457,0.0596919059753418,0.004618621069537707
