,gb_opt,gb_ipw_opt,wrangler
0,0.13253164291381836,0.13836884498596191,0.00491023063659668
