,gb_opt,gb_ipw_opt,wrangler
0,0.07296323776245117,0.07790470123291016,0.002877305193645198
