,gb_opt,gb_ipw_opt,wrangler
0,0.03857421875,0.04293394088745117,0.006858895464641292
