,gb_opt,gb_ipw_opt,wrangler
0,0.04546546936035156,0.04904913902282715,0.004587428910391671
