,gb_opt,gb_ipw_opt,wrangler
0,0.058057308197021484,0.06325101852416992,0.004980124925312243
