,gb_opt,gb_ipw_opt,wrangler
0,0.0665738582611084,0.07249069213867188,0.004829144945331648
