,gb_opt,gb_ipw_opt,wrangler
0,0.07702398300170898,0.08249425888061523,0.002227226893107096
