,gb_opt,gb_ipw_opt,wrangler
0,0.0993201732635498,0.10714864730834961,0.0038629486447288876
