,gb_opt,gb_ipw_opt,wrangler
0,0.2560601234436035,0.26694679260253906,0.0013319691221917694
