,gb_opt,gb_ipw_opt,wrangler
0,0.09718680381774902,0.101898193359375,0.0022168342883770284
