,gb_opt,gb_ipw_opt,wrangler
0,0.07417058944702148,0.08182954788208008,0.0051434447125690745
