,gb_opt,gb_ipw_opt,wrangler
0,0.03758811950683594,0.04071545600891113,0.004937968303247825
