,gb_opt,gb_ipw_opt,wrangler
0,0.05661582946777344,0.06267523765563965,0.005010171984949856
