,gb_opt,gb_ipw_opt,wrangler
0,0.18210458755493164,0.19311213493347168,0.0042820970217386884
