,gb_opt,gb_ipw_opt,wrangler
0,0.05211329460144043,0.05698657035827637,0.0040620120603646805
