,gb_opt,gb_ipw_opt,wrangler
0,0.2540931701660156,0.2645871639251709,0.0019907349287861522
