,gb_opt,gb_ipw_opt,wrangler
0,0.037963151931762695,0.04179239273071289,0.006022276701750579
