,gb_opt,gb_ipw_opt,wrangler
0,0.24756264686584473,0.25444841384887695,0.001060531082820059
