,gb_opt,gb_ipw_opt,wrangler
0,0.05626344680786133,0.06075429916381836,0.007496939765082465
