,gb_opt,gb_ipw_opt,wrangler
0,0.24347543716430664,0.2520420551300049,0.005760752325331205
