,gb_opt,gb_ipw_opt,wrangler
0,0.07909584045410156,0.0865023136138916,0.003385991557663035
