,gb_opt,gb_ipw_opt,wrangler
0,1.2114472389221191,1.2535474300384521,0.006978992817179997
