,gb_opt,gb_ipw_opt,wrangler
0,0.0358731746673584,0.03914284706115723,0.00550947993634695
