,gb_opt,gb_ipw_opt,wrangler
0,0.253650426864624,0.26193809509277344,0.0013721846091040747
