,gb_opt,gb_ipw_opt,wrangler
0,0.2498917579650879,0.26036882400512695,0.0025722551049653045
