,gb_opt,gb_ipw_opt,wrangler
0,0.0920114517211914,0.09955573081970215,0.004592537879943848
