,gb_opt,gb_ipw_opt,wrangler
0,0.25043511390686035,0.25896692276000977,0.0020295456238557824
