,gb_opt,gb_ipw_opt,wrangler
0,0.04393315315246582,0.04813337326049805,0.00526584111727201
