,gb_opt,gb_ipw_opt,wrangler
0,0.10255837440490723,0.11088347434997559,0.004460554167698247
