,gb_opt,gb_ipw_opt,wrangler
0,0.11422920227050781,0.12356233596801758,0.00293716307609312
