,gb_opt,gb_ipw_opt,wrangler
0,0.05777597427368164,0.062030792236328125,0.00386895804569639
