,gb_opt,gb_ipw_opt,wrangler
0,0.5353455543518066,0.5511417388916016,0.004870365753634818
