,gb_opt,gb_ipw_opt,wrangler
0,0.06282544136047363,0.06931853294372559,0.005682794059195169
