,gb_opt,gb_ipw_opt,wrangler
0,0.07202887535095215,0.07873964309692383,0.00789485026880638
