,gb_opt,gb_ipw_opt,wrangler
0,0.037578582763671875,0.04094648361206055,0.004441397530691965
