,gb_opt,gb_ipw_opt,wrangler
0,0.045307159423828125,0.04967617988586426,0.005473350656443629
