,TPR,FPR
gb_opt,0.0,0.0
gb_ipw_opt,100.0,100.0
wrangler,65.21739130434783,32.94849023090586
