,TPR,FPR
gb_opt,4.0,0.0
gb_ipw_opt,98.0,44.44444444444444
wrangler,98.0,45.58404558404558
