,TPR,FPR
gb_opt,76.92307692307693,0.0
gb_ipw_opt,88.46153846153845,4.0201005025125625
wrangler,46.15384615384615,33.66834170854271
