,TPR,FPR
gb_opt,90.0,0.7194244604316548
gb_ipw_opt,95.0,3.597122302158273
wrangler,85.0,28.05755395683453
