,TPR,FPR
gb_opt,47.16981132075472,0.0
gb_ipw_opt,66.0377358490566,6.145251396648044
wrangler,54.71698113207547,8.938547486033519
