,TPR,FPR
gb_opt,48.07692307692308,0.8379888268156425
gb_ipw_opt,98.07692307692307,35.47486033519553
wrangler,55.769230769230774,36.312849162011176
