,TPR,FPR
gb_opt,61.111111111111114,1.1235955056179776
gb_ipw_opt,100.0,100.0
wrangler,0.0,0.0
