,TPR,FPR
gb_opt,45.23809523809524,2.336448598130841
gb_ipw_opt,100.0,99.06542056074767
wrangler,76.19047619047619,49.06542056074766
