,TPR,FPR
gb_opt,100.0,0.0
gb_ipw_opt,100.0,14.084507042253522
wrangler,80.0,18.30985915492958
