,TPR,FPR
gb_opt,77.55102040816327,0.7320644216691069
gb_ipw_opt,91.83673469387756,4.099560761346998
wrangler,90.81632653061224,14.202049780380674
