,TPR,FPR
gb_opt,32.0,0.0
gb_ipw_opt,76.0,2.2857142857142856
wrangler,48.0,50.857142857142854
