,TPR,FPR
gb_opt,43.47826086956522,0.0
gb_ipw_opt,95.65217391304348,3.7267080745341614
wrangler,30.434782608695656,36.64596273291926
