,TPR,FPR
gb_opt,54.0,0.0
gb_ipw_opt,84.0,20.51282051282051
wrangler,60.0,60.96866096866097
