,TPR,FPR
gb_opt,75.0,0.0
gb_ipw_opt,100.0,25.0
wrangler,16.666666666666664,48.529411764705884
