,TPR,FPR
gb_opt,100.0,0.3597122302158274
gb_ipw_opt,100.0,3.237410071942446
wrangler,97.43589743589743,2.5179856115107913
