,TPR,FPR
gb_opt,80.0,0.0
gb_ipw_opt,100.0,22.857142857142858
wrangler,50.0,5.714285714285714
