,TPR,FPR
gb_opt,30.0,0.0
gb_ipw_opt,100.0,5.714285714285714
wrangler,10.0,5.714285714285714
