,TPR,FPR
gb_opt,93.33333333333333,0.0
gb_ipw_opt,100.0,1.8867924528301887
wrangler,100.0,14.150943396226415
