,TPR,FPR
gb_opt,61.53846153846154,0.0
gb_ipw_opt,92.3076923076923,9.157509157509157
wrangler,97.43589743589743,25.274725274725274
