,TPR,FPR
gb_opt,6.666666666666667,3.8095238095238098
gb_ipw_opt,100.0,77.14285714285715
wrangler,73.33333333333333,65.71428571428571
