,TPR,FPR
gb_opt,92.3076923076923,0.0
gb_ipw_opt,100.0,5.555555555555555
wrangler,100.0,8.88888888888889
