,TPR,FPR
gb_opt,92.3076923076923,0.0
gb_ipw_opt,92.3076923076923,0.0
wrangler,61.53846153846154,7.291666666666667
