,TPR,FPR
gb_opt,29.166666666666668,0.0
gb_ipw_opt,100.0,3.8461538461538463
wrangler,4.166666666666666,0.0
