,TPR,FPR
gb_opt,38.095238095238095,0.0
gb_ipw_opt,85.71428571428571,4.929577464788732
wrangler,61.904761904761905,43.66197183098591
