,TPR,FPR
gb_opt,16.666666666666664,0.4608294930875576
gb_ipw_opt,66.66666666666666,13.82488479262673
wrangler,52.77777777777778,31.797235023041477
