,TPR,FPR
gb_opt,79.48717948717949,0.3703703703703704
gb_ipw_opt,94.87179487179486,10.0
wrangler,74.35897435897436,9.62962962962963
