,TPR,FPR
gb_opt,95.0,0.0
gb_ipw_opt,100.0,5.755395683453238
wrangler,20.0,0.7194244604316548
