,TPR,FPR
gb_opt,100.0,0.0
gb_ipw_opt,100.0,2.5423728813559325
wrangler,89.47368421052632,10.16949152542373
