,TPR,FPR
gb_opt,56.09756097560976,0.7547169811320755
gb_ipw_opt,92.6829268292683,8.30188679245283
wrangler,82.92682926829268,12.075471698113208
