,TPR,FPR
gb_opt,70.0,0.7462686567164178
gb_ipw_opt,100.0,5.970149253731343
wrangler,85.0,23.134328358208954
