,TPR,FPR
gb_opt,85.71428571428571,1.1111111111111112
gb_ipw_opt,100.0,10.0
wrangler,42.857142857142854,7.777777777777778
