,TPR,FPR
gb_opt,35.08771929824561,0.5012531328320802
gb_ipw_opt,63.1578947368421,6.516290726817042
wrangler,50.877192982456144,19.047619047619047
