,TPR,FPR
gb_opt,80.0,0.0
gb_ipw_opt,100.0,9.722222222222223
wrangler,20.0,11.11111111111111
