,TPR,FPR
gb_opt,3.3333333333333335,0.2380952380952381
gb_ipw_opt,46.666666666666664,9.047619047619047
wrangler,6.666666666666667,2.142857142857143
