,TPR,FPR
gb_opt,33.33333333333333,0.0
gb_ipw_opt,100.0,15.853658536585366
wrangler,0.0,0.0
