,TPR,FPR
gb_opt,68.0,1.1428571428571428
gb_ipw_opt,90.0,13.142857142857142
wrangler,4.0,2.2857142857142856
