,TPR,FPR
gb_opt,81.81818181818183,0.0
gb_ipw_opt,100.0,2.7777777777777777
wrangler,9.090909090909092,1.3888888888888888
