,TPR,FPR
gb_opt,32.467532467532465,0.0
gb_ipw_opt,100.0,100.0
wrangler,19.480519480519483,7.024029574861368
