,TPR,FPR
gb_opt,84.61538461538461,1.1111111111111112
gb_ipw_opt,100.0,4.814814814814815
wrangler,97.43589743589743,12.592592592592592
