,TPR,FPR
gb_opt,23.076923076923077,0.0
gb_ipw_opt,100.0,68.96551724137932
wrangler,0.0,0.0
