,TPR,FPR
gb_opt,50.0,0.7936507936507936
gb_ipw_opt,50.0,2.380952380952381
wrangler,11.11111111111111,7.142857142857142
