,TPR,FPR
gb_opt,68.75,1.098901098901099
gb_ipw_opt,93.75,2.197802197802198
wrangler,0.0,0.0
