,TPR,FPR
gb_opt,9.523809523809524,0.0
gb_ipw_opt,95.23809523809523,24.647887323943664
wrangler,42.857142857142854,26.76056338028169
