,TPR,FPR
gb_opt,61.458333333333336,0.0
gb_ipw_opt,76.04166666666666,2.623906705539359
wrangler,65.625,8.892128279883382
