,TPR,FPR
gb_opt,28.57142857142857,0.0
gb_ipw_opt,90.47619047619048,1.5151515151515151
wrangler,57.14285714285714,7.575757575757576
