,TPR,FPR
gb_opt,18.91891891891892,0.0
gb_ipw_opt,100.0,100.0
wrangler,45.94594594594595,51.96850393700787
