,TPR,FPR
gb_opt,82.14285714285714,0.0
gb_ipw_opt,100.0,4.519774011299435
wrangler,53.57142857142857,40.11299435028249
