,TPR,FPR
gb_opt,67.3076923076923,0.5586592178770949
gb_ipw_opt,92.3076923076923,9.776536312849162
wrangler,94.23076923076923,46.36871508379888
