,TPR,FPR
gb_opt,20.87912087912088,0.0
gb_ipw_opt,37.362637362637365,0.3125
wrangler,0.0,0.0
