,TPR,FPR
gb_opt,91.66666666666666,2.3529411764705883
gb_ipw_opt,100.0,43.529411764705884
wrangler,33.33333333333333,1.1764705882352942
