,TPR,FPR
gb_opt,94.87179487179486,0.0
gb_ipw_opt,100.0,2.564102564102564
wrangler,94.87179487179486,4.395604395604396
