,TPR,FPR
gb_opt,100.0,0.7462686567164178
gb_ipw_opt,100.0,0.7462686567164178
wrangler,73.68421052631578,8.955223880597014
