,TPR,FPR
gb_opt,63.63636363636363,0.0
gb_ipw_opt,81.81818181818183,5.797101449275362
wrangler,9.090909090909092,5.797101449275362
