,TPR,FPR
gb_opt,95.0,0.7407407407407408
gb_ipw_opt,100.0,7.037037037037037
wrangler,95.0,11.851851851851853
