,TPR,FPR
gb_opt,95.0,0.0
gb_ipw_opt,100.0,1.4388489208633095
wrangler,90.0,10.071942446043165
