,TPR,FPR
gb_opt,84.61538461538461,0.0
gb_ipw_opt,100.0,3.4482758620689653
wrangler,69.23076923076923,8.045977011494253
