,TPR,FPR
gb_opt,85.71428571428571,0.0
gb_ipw_opt,100.0,12.162162162162163
wrangler,100.0,14.864864864864865
