,TPR,FPR
gb_opt,57.99999999999999,0.2840909090909091
gb_ipw_opt,74.0,1.4204545454545454
wrangler,24.0,13.636363636363635
