,TPR,FPR
gb_opt,47.008547008547005,1.103448275862069
gb_ipw_opt,91.45299145299145,12.0
wrangler,64.95726495726495,21.379310344827587
