,TPR,FPR
gb_opt,66.66666666666666,0.0
gb_ipw_opt,88.88888888888889,2.793296089385475
wrangler,0.0,0.0
