,TPR,FPR
gb_opt,100.0,0.0
gb_ipw_opt,100.0,4.10958904109589
wrangler,90.0,27.397260273972602
