,TPR,FPR
gb_opt,17.647058823529413,4.678362573099415
gb_ipw_opt,88.23529411764706,52.046783625730995
wrangler,0.0,0.0
