,TPR,FPR
gb_opt,0.0,0.0
gb_ipw_opt,87.17948717948718,30.51643192488263
wrangler,0.0,0.0
