,TPR,FPR
gb_opt,61.111111111111114,0.0
gb_ipw_opt,83.33333333333334,0.0
wrangler,27.77777777777778,25.954198473282442
