,TPR,FPR
gb_opt,100.0,0.0
gb_ipw_opt,100.0,3.731343283582089
wrangler,15.789473684210526,15.671641791044777
