,TPR,FPR
gb_opt,5.0,0.9523809523809524
gb_ipw_opt,81.66666666666667,31.19047619047619
wrangler,70.0,47.14285714285714
