,TPR,FPR
gb_opt,100.0,0.8403361344537815
gb_ipw_opt,100.0,3.361344537815126
wrangler,64.70588235294117,26.05042016806723
