,TPR,FPR
gb_opt,32.142857142857146,0.5649717514124294
gb_ipw_opt,100.0,84.7457627118644
wrangler,50.0,44.06779661016949
