,TPR,FPR
gb_opt,100.0,0.0
gb_ipw_opt,100.0,2.1505376344086025
wrangler,100.0,5.376344086021505
