,TPR,FPR
gb_opt,36.36363636363637,0.0
gb_ipw_opt,100.0,8.571428571428571
wrangler,18.181818181818183,2.857142857142857
