,TPR,FPR
gb_opt,94.87179487179486,1.4184397163120568
gb_ipw_opt,97.43589743589743,4.609929078014184
wrangler,89.74358974358975,17.73049645390071
