,TPR,FPR
gb_opt,80.0,0.0
gb_ipw_opt,100.0,5.405405405405405
wrangler,60.0,4.054054054054054
