,TPR,FPR
gb_opt,62.5,1.4492753623188406
gb_ipw_opt,100.0,4.3478260869565215
wrangler,68.75,14.492753623188406
