,TPR,FPR
gb_opt,80.0,0.0
gb_ipw_opt,100.0,3.9215686274509802
wrangler,73.33333333333333,3.9215686274509802
