,TPR,FPR
gb_opt,40.0,0.40816326530612246
gb_ipw_opt,51.42857142857142,4.489795918367347
wrangler,14.285714285714285,1.6326530612244898
