,TPR,FPR
gb_opt,61.111111111111114,0.78125
gb_ipw_opt,77.77777777777779,2.34375
wrangler,27.77777777777778,7.03125
