,TPR,FPR
gb_opt,18.75,0.8928571428571428
gb_ipw_opt,71.875,12.946428571428573
wrangler,65.625,36.160714285714285
