,TPR,FPR
gb_opt,96.15384615384616,0.546448087431694
gb_ipw_opt,100.0,0.546448087431694
wrangler,76.92307692307693,0.546448087431694
