,TPR,FPR
gb_opt,85.45454545454545,0.6877579092159559
gb_ipw_opt,97.27272727272728,3.7138927097661623
wrangler,91.81818181818183,10.729023383768913
