,TPR,FPR
gb_opt,72.22222222222221,0.0
gb_ipw_opt,83.33333333333334,0.0
wrangler,0.0,0.0
