,TPR,FPR
gb_opt,42.0,0.7462686567164178
gb_ipw_opt,92.0,9.701492537313433
wrangler,46.0,5.970149253731343
