,TPR,FPR
gb_opt,80.0,0.0
gb_ipw_opt,80.0,0.7142857142857143
wrangler,45.0,42.142857142857146
