,TPR,FPR
gb_opt,33.33333333333333,0.0
gb_ipw_opt,100.0,11.76470588235294
wrangler,0.0,0.0
