,TPR,FPR
gb_opt,50.0,0.0
gb_ipw_opt,91.66666666666666,5.952380952380952
wrangler,58.333333333333336,16.666666666666664
