,TPR,FPR
gb_opt,47.16981132075472,0.0
gb_ipw_opt,66.0377358490566,6.145251396648044
wrangler,39.62264150943396,3.910614525139665
