,TPR,FPR
gb_opt,8.333333333333332,1.4492753623188406
gb_ipw_opt,100.0,10.144927536231885
wrangler,83.33333333333334,50.72463768115942
