,TPR,FPR
gb_opt,54.54545454545454,0.0
gb_ipw_opt,100.0,5.263157894736842
wrangler,72.72727272727273,19.736842105263158
