,TPR,FPR
gb_opt,72.72727272727273,0.0
gb_ipw_opt,100.0,14.864864864864865
wrangler,54.54545454545454,8.108108108108109
