,TPR,FPR
gb_opt,81.08108108108108,0.0
gb_ipw_opt,100.0,9.398496240601503
wrangler,97.2972972972973,16.165413533834585
