,TPR,FPR
gb_opt,48.717948717948715,0.0
gb_ipw_opt,87.17948717948718,21.40221402214022
wrangler,58.97435897435898,31.365313653136536
