,TPR,FPR
gb_opt,52.63157894736842,1.1904761904761905
gb_ipw_opt,100.0,32.142857142857146
wrangler,5.263157894736842,0.0
