,TPR,FPR
gb_opt,61.53846153846154,0.0
gb_ipw_opt,92.3076923076923,0.0
wrangler,46.15384615384615,18.88888888888889
