,TPR,FPR
gb_opt,35.714285714285715,0.0
gb_ipw_opt,85.71428571428571,1.1235955056179776
wrangler,0.0,0.0
