,TPR,FPR
gb_opt,78.78787878787878,2.2988505747126435
gb_ipw_opt,100.0,14.942528735632186
wrangler,6.0606060606060606,2.8735632183908044
