,TPR,FPR
gb_opt,70.0,0.2857142857142857
gb_ipw_opt,82.0,3.7142857142857144
wrangler,84.0,24.285714285714285
