,TPR,FPR
gb_opt,75.0,0.0
gb_ipw_opt,100.0,25.0
wrangler,8.333333333333332,2.941176470588235
