,TPR,FPR
gb_opt,95.0,0.6756756756756757
gb_ipw_opt,100.0,15.54054054054054
wrangler,75.0,12.162162162162163
