,TPR,FPR
gb_opt,76.47058823529412,0.0
gb_ipw_opt,100.0,13.592233009708737
wrangler,76.47058823529412,33.980582524271846
