,TPR,FPR
gb_opt,70.0,0.0
gb_ipw_opt,100.0,41.42857142857143
wrangler,30.0,5.714285714285714
