,TPR,FPR
gb_opt,69.23076923076923,9.411764705882353
gb_ipw_opt,100.0,81.17647058823529
wrangler,0.0,0.0
