,TPR,FPR
gb_opt,53.84615384615385,0.0
gb_ipw_opt,92.3076923076923,15.555555555555555
wrangler,30.76923076923077,34.44444444444444
