,TPR,FPR
gb_opt,90.9090909090909,0.0
gb_ipw_opt,100.0,9.859154929577464
wrangler,9.090909090909092,0.0
