,TPR,FPR
gb_opt,28.125,0.0
gb_ipw_opt,59.375,24.88888888888889
wrangler,84.375,74.22222222222223
