,TPR,FPR
gb_opt,50.0,0.0
gb_ipw_opt,78.57142857142857,2.2598870056497176
wrangler,64.28571428571429,40.11299435028249
