,TPR,FPR
gb_opt,8.0,2.2857142857142856
gb_ipw_opt,88.0,46.85714285714286
wrangler,76.0,47.14285714285714
