,TPR,FPR
gb_opt,2.0,0.2857142857142857
gb_ipw_opt,90.0,43.714285714285715
wrangler,90.0,46.285714285714285
