,TPR,FPR
gb_opt,80.0,0.0
gb_ipw_opt,100.0,1.7699115044247788
wrangler,86.66666666666667,21.238938053097346
