,TPR,FPR
gb_opt,66.66666666666666,1.5384615384615385
gb_ipw_opt,72.22222222222221,3.076923076923077
wrangler,5.555555555555555,3.8461538461538463
