,TPR,FPR
gb_opt,86.66666666666667,0.0
gb_ipw_opt,93.33333333333333,0.9615384615384616
wrangler,80.0,2.8846153846153846
