,TPR,FPR
gb_opt,81.81818181818183,0.0
gb_ipw_opt,100.0,2.564102564102564
wrangler,0.0,1.282051282051282
