,TPR,FPR
gb_opt,90.0,0.7142857142857143
gb_ipw_opt,95.0,5.714285714285714
wrangler,85.0,24.285714285714285
