,TPR,FPR
gb_opt,70.0,0.7462686567164178
gb_ipw_opt,100.0,5.970149253731343
wrangler,55.00000000000001,19.402985074626866
