,TPR,FPR
gb_opt,76.84729064039408,0.7580978635423846
gb_ipw_opt,90.64039408866995,3.1702274293590627
wrangler,72.41379310344827,7.856650585802895
