,TPR,FPR
gb_opt,93.93939393939394,0.881057268722467
gb_ipw_opt,100.0,5.726872246696035
wrangler,75.75757575757575,11.013215859030836
