,TPR,FPR
gb_opt,13.043478260869565,0.7246376811594203
gb_ipw_opt,82.6086956521739,18.115942028985508
wrangler,26.08695652173913,18.115942028985508
