,TPR,FPR
gb_opt,92.85714285714286,1.0416666666666665
gb_ipw_opt,100.0,10.416666666666668
wrangler,71.42857142857143,29.166666666666668
