,TPR,FPR
gb_opt,91.66666666666666,0.0
gb_ipw_opt,100.0,1.1904761904761905
wrangler,83.33333333333334,10.714285714285714
