,TPR,FPR
gb_opt,61.111111111111114,0.0
gb_ipw_opt,83.33333333333334,0.0
wrangler,61.111111111111114,17.21311475409836
