,TPR,FPR
gb_opt,0.0,0.0
gb_ipw_opt,61.53846153846154,7.734806629834254
wrangler,15.384615384615385,4.41988950276243
