,TPR,FPR
gb_opt,53.84615384615385,0.0
gb_ipw_opt,100.0,6.593406593406594
wrangler,15.384615384615385,2.197802197802198
