,TPR,FPR
gb_opt,28.57142857142857,0.0
gb_ipw_opt,71.42857142857143,5.0359712230215825
wrangler,57.14285714285714,48.92086330935252
