,TPR,FPR
gb_opt,73.68421052631578,0.0
gb_ipw_opt,100.0,10.655737704918032
wrangler,0.0,0.0
