,TPR,FPR
gb_opt,6.25,0.0
gb_ipw_opt,12.5,1.1494252873563218
wrangler,62.5,49.42528735632184
