,TPR,FPR
gb_opt,33.33333333333333,0.0
gb_ipw_opt,66.66666666666666,1.7857142857142856
wrangler,0.0,0.0
