,TPR,FPR
gb_opt,70.58823529411765,0.0
gb_ipw_opt,100.0,60.526315789473685
wrangler,23.52941176470588,26.31578947368421
