,TPR,FPR
gb_opt,72.22222222222221,0.0
gb_ipw_opt,100.0,45.23809523809524
wrangler,22.22222222222222,13.492063492063492
