,TPR,FPR
gb_opt,7.6923076923076925,0.0
gb_ipw_opt,100.0,0.0
wrangler,23.076923076923077,14.444444444444443
