,TPR,FPR
gb_opt,3.571428571428571,1.2121212121212122
gb_ipw_opt,60.71428571428571,10.303030303030303
wrangler,53.57142857142857,41.21212121212121
