,TPR,FPR
gb_opt,61.53846153846154,0.0
gb_ipw_opt,92.3076923076923,24.175824175824175
wrangler,76.92307692307693,21.978021978021978
