,TPR,FPR
gb_opt,100.0,1.3888888888888888
gb_ipw_opt,100.0,13.88888888888889
wrangler,70.0,8.333333333333332
