,TPR,FPR
gb_opt,95.0,0.0
gb_ipw_opt,100.0,8.51063829787234
wrangler,65.0,20.56737588652482
