,TPR,FPR
gb_opt,71.42857142857143,0.0
gb_ipw_opt,90.47619047619048,12.949640287769784
wrangler,19.047619047619047,5.755395683453238
