,TPR,FPR
gb_opt,82.35294117647058,0.0
gb_ipw_opt,94.11764705882352,0.0
wrangler,41.17647058823529,0.8130081300813009
