,TPR,FPR
gb_opt,7.6923076923076925,0.0
gb_ipw_opt,73.07692307692307,3.910614525139665
wrangler,38.46153846153847,21.787709497206702
