,TPR,FPR
gb_opt,82.6086956521739,0.6211180124223602
gb_ipw_opt,100.0,0.6211180124223602
wrangler,26.08695652173913,0.0
