,TPR,FPR
gb_opt,40.0,0.0
gb_ipw_opt,90.0,9.285714285714286
wrangler,15.0,7.142857142857142
