,TPR,FPR
gb_opt,7.6923076923076925,0.0
gb_ipw_opt,69.23076923076923,24.175824175824175
wrangler,15.384615384615385,8.791208791208792
