,TPR,FPR
gb_opt,84.61538461538461,0.0
gb_ipw_opt,92.3076923076923,8.695652173913043
wrangler,23.076923076923077,8.695652173913043
