,TPR,FPR
gb_opt,76.92307692307693,0.0
gb_ipw_opt,92.3076923076923,3.1578947368421053
wrangler,30.76923076923077,17.894736842105264
