,TPR,FPR
gb_opt,47.05882352941176,0.9615384615384616
gb_ipw_opt,76.47058823529412,14.423076923076922
wrangler,64.70588235294117,47.11538461538461
