,TPR,FPR
gb_opt,41.17647058823529,0.0
gb_ipw_opt,100.0,15.238095238095239
wrangler,0.0,0.0
