,TPR,FPR
gb_opt,72.72727272727273,0.0
gb_ipw_opt,86.36363636363636,3.205128205128205
wrangler,77.27272727272727,23.076923076923077
