,TPR,FPR
gb_opt,5.88235294117647,0.0
gb_ipw_opt,88.23529411764706,26.605504587155966
wrangler,0.0,0.0
