,TPR,FPR
gb_opt,1.2987012987012987,0.0
gb_ipw_opt,81.81818181818183,44.98141263940521
wrangler,55.84415584415584,37.732342007434944
