,TPR,FPR
gb_opt,85.0,0.6896551724137931
gb_ipw_opt,100.0,7.586206896551724
wrangler,60.0,13.10344827586207
