,TPR,FPR
gb_opt,3.3333333333333335,0.0
gb_ipw_opt,99.16666666666667,91.06881405563689
wrangler,60.83333333333333,45.534407027818446
