,TPR,FPR
gb_opt,80.0,0.0
gb_ipw_opt,95.0,2.2388059701492535
wrangler,70.0,21.641791044776117
