,TPR,FPR
gb_opt,19.230769230769234,0.0
gb_ipw_opt,73.07692307692307,12.849162011173185
wrangler,38.46153846153847,31.843575418994412
