,TPR,FPR
gb_opt,90.0,0.7142857142857143
gb_ipw_opt,95.0,5.714285714285714
wrangler,30.0,5.714285714285714
