,TPR,FPR
gb_opt,35.483870967741936,0.9803921568627451
gb_ipw_opt,100.0,27.450980392156865
wrangler,100.0,54.90196078431373
