,TPR,FPR
gb_opt,28.57142857142857,0.0
gb_ipw_opt,92.85714285714286,10.975609756097562
wrangler,85.71428571428571,51.21951219512195
