,TPR,FPR
gb_opt,0.0,0.0
gb_ipw_opt,96.29629629629629,53.93258426966292
wrangler,70.37037037037037,66.85393258426966
