,TPR,FPR
gb_opt,17.647058823529413,4.678362573099415
gb_ipw_opt,88.23529411764706,52.046783625730995
wrangler,52.94117647058824,56.72514619883041
