,TPR,FPR
gb_opt,100.0,0.0
gb_ipw_opt,100.0,2.8169014084507045
wrangler,90.0,23.943661971830984
