,TPR,FPR
gb_opt,100.0,0.0
gb_ipw_opt,100.0,2.3255813953488373
wrangler,91.66666666666666,5.813953488372093
