,TPR,FPR
gb_opt,91.66666666666666,0.0
gb_ipw_opt,100.0,2.380952380952381
wrangler,50.0,40.476190476190474
