,TPR,FPR
gb_opt,63.63636363636363,0.0
gb_ipw_opt,100.0,14.285714285714285
wrangler,27.27272727272727,18.571428571428573
