,TPR,FPR
gb_opt,86.66666666666667,0.0
gb_ipw_opt,100.0,4.901960784313726
wrangler,80.0,11.76470588235294
