,TPR,FPR
gb_opt,89.47368421052632,0.0
gb_ipw_opt,100.0,4.724409448818897
wrangler,89.47368421052632,25.984251968503933
