,TPR,FPR
gb_opt,47.368421052631575,0.0
gb_ipw_opt,57.89473684210527,0.7692307692307693
wrangler,0.0,0.0
