,TPR,FPR
gb_opt,7.4074074074074066,2.247191011235955
gb_ipw_opt,77.77777777777779,19.662921348314608
wrangler,0.0,0.5617977528089888
