,TPR,FPR
gb_opt,100.0,0.0
gb_ipw_opt,100.0,2.5423728813559325
wrangler,94.73684210526315,11.864406779661017
