,TPR,FPR
gb_opt,69.23076923076923,0.0
gb_ipw_opt,97.43589743589743,6.227106227106227
wrangler,89.74358974358975,28.93772893772894
