,gb_opt,gb_ipw_opt,wrangler
0,0.23264813423156738,0.23955368995666504,0.0017877016102523522
