,gb_opt,gb_ipw_opt,wrangler
0,0.2549245357513428,0.2665841579437256,0.0035506486892700195
