,gb_opt,gb_ipw_opt,wrangler
0,0.04928326606750488,0.053922176361083984,0.0034749507904052734
