,gb_opt,gb_ipw_opt,wrangler
0,0.14848995208740234,0.15893959999084473,0.0027526508678089485
