,gb_opt,gb_ipw_opt,wrangler
0,0.038071632385253906,0.04157423973083496,0.004330135527111235
