,gb_opt,gb_ipw_opt,wrangler
0,0.22615456581115723,0.23566031455993652,0.0027489949421710277
