,gb_opt,gb_ipw_opt,wrangler
0,0.045519113540649414,0.05001473426818848,0.004599564266900946
