,gb_opt,gb_ipw_opt,wrangler
0,0.04789924621582031,0.052967071533203125,0.0037777808404737905
