,gb_opt,gb_ipw_opt,wrangler
0,0.24440884590148926,0.2552652359008789,0.006909511949373707
