,gb_opt,gb_ipw_opt,wrangler
0,0.20458579063415527,0.2128918170928955,0.0020804470532561005
