,gb_opt,gb_ipw_opt,wrangler
0,0.050040245056152344,0.05506706237792969,0.0037629920316029747
