,gb_opt,gb_ipw_opt,wrangler
0,0.22725939750671387,0.23925328254699707,0.0018290851427161176
