,gb_opt,gb_ipw_opt,wrangler
0,0.22902345657348633,0.24174213409423828,0.0025491521816061002
