,gb_opt,gb_ipw_opt,wrangler
0,0.06054830551147461,0.06862807273864746,0.005480550950573337
