,gb_opt,gb_ipw_opt,wrangler
0,0.06417632102966309,0.06835579872131348,0.0031302420146157297
