,gb_opt,gb_ipw_opt,wrangler
0,0.04562878608703613,0.04941225051879883,0.0031963984171549478
