,gb_opt,gb_ipw_opt,wrangler
0,0.048726558685302734,0.05208873748779297,0.003258387247721354
