,gb_opt,gb_ipw_opt,wrangler
0,0.0414881706237793,0.04582977294921875,0.006416865757533482
