,gb_opt,gb_ipw_opt,wrangler
0,0.10448408126831055,0.11168336868286133,0.0023126602172851562
