,gb_opt,gb_ipw_opt,wrangler
0,0.047616004943847656,0.052855491638183594,0.0037810741326747797
