,gb_opt,gb_ipw_opt,wrangler
0,0.03457379341125488,0.04395914077758789,0.010475516319274902
