,gb_opt,gb_ipw_opt,wrangler
0,0.23118114471435547,0.2448422908782959,0.0034575082041734565
