,gb_opt,gb_ipw_opt,wrangler
0,0.18016958236694336,0.19063758850097656,0.004685133175362375
