,gb_opt,gb_ipw_opt,wrangler
0,0.052666425704956055,0.05753350257873535,0.004851155810885959
