,gb_opt,gb_ipw_opt,wrangler
0,0.3153665065765381,0.33870434761047363,0.007257029651282321
