,gb_opt,gb_ipw_opt,wrangler
0,0.21597886085510254,0.2252054214477539,0.0019785183579174442
