,gb_opt,gb_ipw_opt,wrangler
0,0.04539608955383301,0.04949498176574707,0.005313328334263393
