,gb_opt,gb_ipw_opt,wrangler
0,0.09731650352478027,0.10547161102294922,0.0036052454297787672
