,gb_opt,gb_ipw_opt,wrangler
0,0.2355952262878418,0.24721789360046387,0.003012258615066756
