,gb_opt,gb_ipw_opt,wrangler
0,0.03586268424987793,0.039740800857543945,0.006309151649475098
