,gb_opt,gb_ipw_opt,wrangler
0,0.20794916152954102,0.21943354606628418,0.00686105340719223
