,gb_opt,gb_ipw_opt,wrangler
0,0.05338644981384277,0.059140682220458984,0.004267542617126081
