,gb_opt,gb_ipw_opt,wrangler
0,0.0431363582611084,0.04807448387145996,0.00431969409852516
