,gb_opt,gb_ipw_opt,wrangler
0,0.2312774658203125,0.23991107940673828,0.0017721261551131063
