,gb_opt,gb_ipw_opt,wrangler
0,0.0787343978881836,0.08329439163208008,0.004144509633382161
