,gb_opt,gb_ipw_opt,wrangler
0,0.056525468826293945,0.06379175186157227,0.008000267876519097
