,gb_opt,gb_ipw_opt,wrangler
0,0.04291391372680664,0.048294782638549805,0.004252722096997639
