,gb_opt,gb_ipw_opt,wrangler
0,0.0897529125213623,0.09912395477294922,0.007157263002897564
