,gb_opt,gb_ipw_opt,wrangler
0,0.27609682083129883,0.29285645484924316,0.007906250378459255
