,gb_opt,gb_ipw_opt,wrangler
0,0.2232048511505127,0.23495793342590332,0.003058778727712807
