,gb_opt,gb_ipw_opt,wrangler
0,0.23736119270324707,0.24572157859802246,0.0021423424146452003
