,gb_opt,gb_ipw_opt,wrangler
0,0.3484628200531006,0.3629262447357178,0.0022261330250943645
