,gb_opt,gb_ipw_opt,wrangler
0,0.14596891403198242,0.1562941074371338,0.00365647798918283
