,gb_opt,gb_ipw_opt,wrangler
0,0.22831416130065918,0.23859429359436035,0.004761748843722873
