,gb_opt,gb_ipw_opt,wrangler
0,0.21352028846740723,0.22316503524780273,0.0024334930381438168
