,gb_opt,gb_ipw_opt,wrangler
0,0.03611922264099121,0.040514230728149414,0.006817005298755787
