,gb_opt,gb_ipw_opt,wrangler
0,0.04500699043273926,0.0500032901763916,0.004325326033464567
