,gb_opt,gb_ipw_opt,wrangler
0,0.050963401794433594,0.05810689926147461,0.005186339955271026
