,gb_opt,gb_ipw_opt,wrangler
0,0.21061325073242188,0.21831130981445312,0.003316814331208622
