,gb_opt,gb_ipw_opt,wrangler
0,0.05235886573791504,0.057505130767822266,0.003414769326486895
