,gb_opt,gb_ipw_opt,wrangler
0,0.03401350975036621,0.03751063346862793,0.006472192159513147
