,gb_opt,gb_ipw_opt,wrangler
0,0.08058714866638184,0.09002947807312012,0.007016930037629818
