,gb_opt,gb_ipw_opt,wrangler
0,0.05045366287231445,0.05705976486206055,0.005273442519338508
