,gb_opt,gb_ipw_opt,wrangler
0,0.05063152313232422,0.05458354949951172,0.003271042161686405
