,gb_opt,gb_ipw_opt,wrangler
0,0.2196948528289795,0.23004770278930664,0.002317240672745728
