,gb_opt,gb_ipw_opt,wrangler
0,0.03522944450378418,0.04032778739929199,0.006354885336793499
