,gb_opt,gb_ipw_opt,wrangler
0,0.05389285087585449,0.05956745147705078,0.004879333688028204
