,gb_opt,gb_ipw_opt,wrangler
0,0.22717547416687012,0.2410738468170166,0.0020548982440300708
