,gb_opt,gb_ipw_opt,wrangler
0,0.035318613052368164,0.039305686950683594,0.006288290023803711
