,gb_opt,gb_ipw_opt,wrangler
0,0.2279360294342041,0.2411189079284668,0.0035050511360168457
