,gb_opt,gb_ipw_opt,wrangler
0,0.035498619079589844,0.04004168510437012,0.005844162731635861
