,gb_opt,gb_ipw_opt,wrangler
0,0.23027992248535156,0.24722766876220703,0.004056951787212108
