,gb_opt,gb_ipw_opt,wrangler
0,0.05509686470031738,0.061842918395996094,0.0051143122654335165
