,gb_opt,gb_ipw_opt,wrangler
0,0.0955040454864502,0.10420703887939453,0.0054306454128689235
