,gb_opt,gb_ipw_opt,wrangler
0,0.09185385704040527,0.10010123252868652,0.0034287571907043457
