,gb_opt,gb_ipw_opt,wrangler
0,0.21613025665283203,0.22438669204711914,0.003216543582954792
