,gb_opt,gb_ipw_opt,wrangler
0,0.25246715545654297,0.26003551483154297,0.0033333111558565254
