,gb_opt,gb_ipw_opt,wrangler
0,0.050579071044921875,0.05811762809753418,0.007767196095317876
