,gb_opt,gb_ipw_opt,wrangler
0,0.05326700210571289,0.05775785446166992,0.00358835051331339
