,gb_opt,gb_ipw_opt,wrangler
0,0.05324983596801758,0.05994272232055664,0.004559755325317383
