,gb_opt,gb_ipw_opt,wrangler
0,0.05218672752380371,0.059459686279296875,0.005590288262618215
