,gb_opt,gb_ipw_opt,wrangler
0,0.22599482536315918,0.23497247695922852,0.002654373720009924
