,gb_opt,gb_ipw_opt,wrangler
0,0.20511555671691895,0.21347904205322266,0.003086063927248529
