,gb_opt,gb_ipw_opt,wrangler
0,0.07759952545166016,0.08473420143127441,0.005392564667595758
