,gb_opt,gb_ipw_opt,wrangler
0,0.042539358139038086,0.04923725128173828,0.007867813110351562
