,gb_opt,gb_ipw_opt,wrangler
0,0.4699976444244385,0.48503923416137695,0.006432319317555677
