,gb_opt,gb_ipw_opt,wrangler
0,0.0354917049407959,0.03920316696166992,0.00587216130009404
