,gb_opt,gb_ipw_opt,wrangler
0,0.08194947242736816,0.09188437461853027,0.0064296107138356855
