,gb_opt,gb_ipw_opt,wrangler
0,0.04984021186828613,0.056714534759521484,0.003736669367009943
