,gb_opt,gb_ipw_opt,wrangler
0,0.053356170654296875,0.06017446517944336,0.004284220970481451
