,gb_opt,gb_ipw_opt,wrangler
0,0.033458709716796875,0.037099599838256836,0.006136298179626465
