,gb_opt,gb_ipw_opt,wrangler
0,0.03477311134338379,0.03888821601867676,0.005710956662200218
