,gb_opt,gb_ipw_opt,wrangler
0,0.05806374549865723,0.0655667781829834,0.004965259182837701
