,gb_opt,gb_ipw_opt,wrangler
0,0.15757131576538086,0.16644930839538574,0.004912357704312194
