,gb_opt,gb_ipw_opt,wrangler
0,0.03362107276916504,0.03693413734436035,0.005882978439331055
