,gb_opt,gb_ipw_opt,wrangler
0,0.03561067581176758,0.03978991508483887,0.006783008575439453
