,gb_opt,gb_ipw_opt,wrangler
0,0.04163765907287598,0.04886960983276367,0.009784102439880371
