,gb_opt,gb_ipw_opt,wrangler
0,0.13174986839294434,0.1366100311279297,0.12716550505563115
