,gb_opt,gb_ipw_opt,wrangler
0,0.058020830154418945,0.06329798698425293,0.003745284261582773
