,gb_opt,gb_ipw_opt,wrangler
0,0.0522763729095459,0.05994772911071777,0.005725044874275256
