,gb_opt,gb_ipw_opt,wrangler
0,0.038459062576293945,0.04244852066040039,0.004619922278062353
