,gb_opt,gb_ipw_opt,wrangler
0,0.08171224594116211,0.0882110595703125,0.003789746484091116
