,gb_opt,gb_ipw_opt,wrangler
0,0.05011749267578125,0.05556845664978027,0.00415977678800884
