,gb_opt,gb_ipw_opt,wrangler
0,0.1949915885925293,0.2030191421508789,0.0027154988430916
