,gb_opt,gb_ipw_opt,wrangler
0,0.2042255401611328,0.21399712562561035,0.0028787054149123146
