,gb_opt,gb_ipw_opt,wrangler
0,0.03230786323547363,0.035309553146362305,0.005916851322825362
