,gb_opt,gb_ipw_opt,wrangler
0,0.20659279823303223,0.21352934837341309,0.0018280625483404174
