,gb_opt,gb_ipw_opt,wrangler
0,0.06736564636230469,0.07195782661437988,0.003158755418730945
