,gb_opt,gb_ipw_opt,wrangler
0,0.21372127532958984,0.2241199016571045,0.004204891080545602
