,gb_opt,gb_ipw_opt,wrangler
0,0.1676480770111084,0.1773853302001953,0.005903940999784146
