,gb_opt,gb_ipw_opt,wrangler
0,0.05901622772216797,0.06470465660095215,0.0032976616260617275
