,gb_opt,gb_ipw_opt,wrangler
0,0.03655648231506348,0.04003596305847168,0.005819359604193239
