,gb_opt,gb_ipw_opt,wrangler
0,0.19465184211730957,0.20566892623901367,0.003640815552956259
