,gb_opt,gb_ipw_opt,wrangler
0,0.06089901924133301,0.06874322891235352,0.004696218590987356
