,gb_opt,gb_ipw_opt,wrangler
0,0.04806637763977051,0.05458664894104004,0.004378232088955966
