,gb_opt,gb_ipw_opt,wrangler
0,0.03242015838623047,0.03561735153198242,0.005435407831427756
