,gb_opt,gb_ipw_opt,wrangler
0,0.0971231460571289,0.1054844856262207,0.0031417775376934875
