,gb_opt,gb_ipw_opt,wrangler
0,0.2078566551208496,0.21676206588745117,0.0018163536856461043
