,gb_opt,gb_ipw_opt,wrangler
0,0.0752115249633789,0.08202505111694336,0.004185727362096662
