,gb_opt,gb_ipw_opt,wrangler
0,0.24406933784484863,0.2564544677734375,0.003200386002746939
