,gb_opt,gb_ipw_opt,wrangler
0,0.23698878288269043,0.2513594627380371,0.004124552123109053
