,gb_opt,gb_ipw_opt,wrangler
0,0.03244972229003906,0.035681724548339844,0.005581974983215332
