,gb_opt,gb_ipw_opt,wrangler
0,0.06179642677307129,0.06868791580200195,0.004711747169494629
