,gb_opt,gb_ipw_opt,wrangler
0,0.051325321197509766,0.05722379684448242,0.004821009450144582
