,gb_opt,gb_ipw_opt,wrangler
0,0.20589256286621094,0.21482539176940918,0.003408513784709223
