,gb_opt,gb_ipw_opt,wrangler
0,0.21738815307617188,0.22893857955932617,0.002819792668622239
