,gb_opt,gb_ipw_opt,wrangler
0,0.05643725395202637,0.06297993659973145,0.004324465166797954
