,gb_opt,gb_ipw_opt,wrangler
0,0.06197547912597656,0.07111120223999023,0.004520723896641885
