,gb_opt,gb_ipw_opt,wrangler
0,0.06162738800048828,0.06698441505432129,0.0037848949432373047
