,gb_opt,gb_ipw_opt,wrangler
0,0.04916667938232422,0.05360245704650879,0.0035090324206229965
