,gb_opt,gb_ipw_opt,wrangler
0,0.03365683555603027,0.0377960205078125,0.006113733564104352
