,gb_opt,gb_ipw_opt,wrangler
0,0.03512716293334961,0.03980612754821777,0.006401538848876953
