,gb_opt,gb_ipw_opt,wrangler
0,0.045784950256347656,0.052407264709472656,0.006653681522657892
