,gb_opt,gb_ipw_opt,wrangler
0,0.051740169525146484,0.058733463287353516,0.004310356943230879
