,gb_opt,gb_ipw_opt,wrangler
0,0.2913393974304199,0.3055763244628906,0.0021476445235605315
