,gb_opt,gb_ipw_opt,wrangler
0,0.03425264358520508,0.038512468338012695,0.006014108657836914
