,gb_opt,gb_ipw_opt,wrangler
0,0.03527641296386719,0.0393674373626709,0.0067174434661865234
