,gb_opt,gb_ipw_opt,wrangler
0,0.031403541564941406,0.034464359283447266,0.0054617037718323455
