,gb_opt,gb_ipw_opt,wrangler
0,0.29314684867858887,0.304302453994751,0.0020205372511738475
