,gb_opt,gb_ipw_opt,wrangler
0,0.04716086387634277,0.05182194709777832,0.005321595275286332
