,gb_opt,gb_ipw_opt,wrangler
0,0.08512496948242188,0.09188055992126465,0.0038177899594576854
