,gb_opt,gb_ipw_opt,wrangler
0,0.04933667182922363,0.05408811569213867,0.0035643577575683594
