,gb_opt,gb_ipw_opt,wrangler
0,0.05010676383972168,0.05607151985168457,0.0048683535668157755
