,gb_opt,gb_ipw_opt,wrangler
0,0.04762125015258789,0.0508270263671875,0.0030345554593243177
