,gb_opt,gb_ipw_opt,wrangler
0,0.1424853801727295,0.15286016464233398,0.00546837201719964
