,gb_opt,gb_ipw_opt,wrangler
0,0.05303311347961426,0.05734515190124512,0.0036448240280151367
