,gb_opt,gb_ipw_opt,wrangler
0,0.053839683532714844,0.0604548454284668,0.005998545222812229
