,gb_opt,gb_ipw_opt,wrangler
0,0.49109911918640137,0.5083749294281006,0.005776963366812597
