,gb_opt,gb_ipw_opt,wrangler
0,0.03415393829345703,0.03697800636291504,0.0049372514088948565
