,gb_opt,gb_ipw_opt,wrangler
0,0.03321504592895508,0.037164926528930664,0.006255507469177246
