,gb_opt,gb_ipw_opt,wrangler
0,0.04962944984436035,0.053362369537353516,0.0032057428056267417
