,gb_opt,gb_ipw_opt,wrangler
0,0.07483458518981934,0.08204889297485352,0.004851433538621472
