,gb_opt,gb_ipw_opt,wrangler
0,0.03516244888305664,0.03931140899658203,0.006575643280406057
