,gb_opt,gb_ipw_opt,wrangler
0,0.0349268913269043,0.03904366493225098,0.005909374782017299
