,gb_opt,gb_ipw_opt,wrangler
0,0.059916019439697266,0.06840753555297852,0.00558472886870179
