,gb_opt,gb_ipw_opt,wrangler
0,0.035635948181152344,0.039444923400878906,0.006275412477092978
