,gb_opt,gb_ipw_opt,wrangler
0,0.05430197715759277,0.061937808990478516,0.004432703319348787
