,gb_opt,gb_ipw_opt,wrangler
0,0.07157206535339355,0.0808408260345459,0.00420779716677782
