,gb_opt,gb_ipw_opt,wrangler
0,0.20394301414489746,0.21132445335388184,0.0014487240049574112
