,gb_opt,gb_ipw_opt,wrangler
0,0.2298908233642578,0.24535465240478516,0.0033334503926419445
