,gb_opt,gb_ipw_opt,wrangler
0,0.04790663719177246,0.05252218246459961,0.004065582175659978
