,gb_opt,gb_ipw_opt,wrangler
0,0.05682826042175293,0.061196327209472656,0.0038790075402510794
