,gb_opt,gb_ipw_opt,wrangler
0,0.06147146224975586,0.06838178634643555,0.00391840934753418
