,gb_opt,gb_ipw_opt,wrangler
0,0.08183598518371582,0.08877229690551758,0.004814517113470263
