,gb_opt,gb_ipw_opt,wrangler
0,0.09253811836242676,0.1006159782409668,0.002999459543535786
