,gb_opt,gb_ipw_opt,wrangler
0,0.06341028213500977,0.06850433349609375,0.0034339392363135495
