,gb_opt,gb_ipw_opt,wrangler
0,0.05051875114440918,0.05326724052429199,0.003417332967122396
