,gb_opt,gb_ipw_opt,wrangler
0,0.22971796989440918,0.24230599403381348,0.002948335301861369
