,gb_opt,gb_ipw_opt,wrangler
0,0.05477619171142578,0.06086921691894531,0.005284195426125197
