,gb_opt,gb_ipw_opt,wrangler
0,0.05677056312561035,0.06357812881469727,0.004636087725239415
