,gb_opt,gb_ipw_opt,wrangler
0,0.04030013084411621,0.044390201568603516,0.004746498317893492
