,gb_opt,gb_ipw_opt,wrangler
0,0.08801007270812988,0.09510970115661621,0.007767736175913869
