,gb_opt,gb_ipw_opt,wrangler
0,0.059468984603881836,0.06456422805786133,0.0031371505893006617
