,gb_opt,gb_ipw_opt,wrangler
0,0.23122239112854004,0.24518632888793945,0.0038276006081594013
