,gb_opt,gb_ipw_opt,wrangler
0,0.032525062561035156,0.035851478576660156,0.00540316104888916
