,gb_opt,gb_ipw_opt,wrangler
0,0.9230716228485107,1.0731163024902344,0.009042868990804477
