,gb_opt,gb_ipw_opt,wrangler
0,0.06406283378601074,0.07110261917114258,0.00461825618037471
