,gb_opt,gb_ipw_opt,wrangler
0,0.3448801040649414,0.35879087448120117,0.004374966441788331
