,gb_opt,gb_ipw_opt,wrangler
0,0.15371179580688477,0.16451382637023926,0.0060620980385022285
