,gb_opt,gb_ipw_opt,wrangler
0,0.040033817291259766,0.04492831230163574,0.00680387020111084
