,gb_opt,gb_ipw_opt,wrangler
0,0.03359556198120117,0.03719329833984375,0.00539292459902556
