,gb_opt,gb_ipw_opt,wrangler
0,0.053048133850097656,0.060132741928100586,0.004612006150282823
