,gb_opt,gb_ipw_opt,wrangler
0,0.03984832763671875,0.04442453384399414,0.0064879655838012695
