,gb_opt,gb_ipw_opt,wrangler
0,0.16116762161254883,0.1677227020263672,0.0036117792532932135
