,gb_opt,gb_ipw_opt,wrangler
0,0.050371646881103516,0.05393552780151367,0.004265552912002955
