,gb_opt,gb_ipw_opt,wrangler
0,0.23491334915161133,0.2420947551727295,0.0014915842140836668
