,gb_opt,gb_ipw_opt,wrangler
0,0.048113346099853516,0.054963111877441406,0.005970830502717392
