,gb_opt,gb_ipw_opt,wrangler
0,0.03579449653625488,0.040189504623413086,0.006154731467918113
