,gb_opt,gb_ipw_opt,wrangler
0,0.10276985168457031,0.10700201988220215,0.008945111875180845
