,gb_opt,gb_ipw_opt,wrangler
0,0.22903919219970703,0.2414076328277588,0.0035484232495178528
