,gb_opt,gb_ipw_opt,wrangler
0,0.21816539764404297,0.22679734230041504,0.0024173492775823834
