,gb_opt,gb_ipw_opt,wrangler
0,0.09088444709777832,0.09865403175354004,0.0028433338288337954
