,gb_opt,gb_ipw_opt,wrangler
0,0.05269265174865723,0.05710411071777344,0.0035872584895083777
