,gb_opt,gb_ipw_opt,wrangler
0,0.04977154731750488,0.05469346046447754,0.0032563363352129536
