,gb_opt,gb_ipw_opt,wrangler
0,0.049411773681640625,0.05382347106933594,0.0034952475354562396
