,gb_opt,gb_ipw_opt,wrangler
0,0.05656838417053223,0.06365251541137695,0.004921410534832928
