,gb_opt,gb_ipw_opt,wrangler
0,0.17885899543762207,0.18957138061523438,0.0038286000859944457
