,gb_opt,gb_ipw_opt,wrangler
0,0.052532196044921875,0.060126543045043945,0.005267701059017541
