,gb_opt,gb_ipw_opt,wrangler
0,0.05050158500671387,0.055405616760253906,0.0035915619287735377
