,gb_opt,gb_ipw_opt,wrangler
0,0.05677294731140137,0.06314778327941895,0.013273954391479492
