,gb_opt,gb_ipw_opt,wrangler
0,0.06304621696472168,0.06997060775756836,0.003291088998602908
