,gb_opt,gb_ipw_opt,wrangler
0,0.0643301010131836,0.06937360763549805,0.009876925770829364
