,gb_opt,gb_ipw_opt,wrangler
0,0.03319287300109863,0.03733253479003906,0.006079673767089844
