,gb_opt,gb_ipw_opt,wrangler
0,0.055262088775634766,0.06317734718322754,0.004846344953812893
