,gb_opt,gb_ipw_opt,wrangler
0,0.7449166774749756,0.8340535163879395,0.013525297688581035
