,gb_opt,gb_ipw_opt,wrangler
0,0.2263493537902832,0.23845267295837402,0.0034230306505125445
