,gb_opt,gb_ipw_opt,wrangler
0,0.06838822364807129,0.07778167724609375,0.005711578741306212
