,gb_opt,gb_ipw_opt,wrangler
0,0.213484525680542,0.2253866195678711,0.0023172244016709796
