,gb_opt,gb_ipw_opt,wrangler
0,0.2635202407836914,0.27437686920166016,0.004774324605229791
