,gb_opt,gb_ipw_opt,wrangler
0,0.08669686317443848,0.09746789932250977,0.0068994215977044755
