,gb_opt,gb_ipw_opt,wrangler
0,0.03238248825073242,0.036104440689086914,0.005590915679931641
