,gb_opt,gb_ipw_opt,wrangler
0,0.06638932228088379,0.07674884796142578,0.013431870793721762
