,gb_opt,gb_ipw_opt,wrangler
0,0.24905037879943848,0.26003003120422363,0.0033375879400941335
