,gb_opt,gb_ipw_opt,wrangler
0,0.05080127716064453,0.055063486099243164,0.0032089041463983885
