,gb_opt,gb_ipw_opt,wrangler
0,0.27346277236938477,0.2991783618927002,0.00324249267578125
