,gb_opt,gb_ipw_opt,wrangler
0,0.054076433181762695,0.06378746032714844,0.011673787745033823
