,gb_opt,gb_ipw_opt,wrangler
0,0.03534650802612305,0.04010415077209473,0.006321072578430176
