,gb_opt,gb_ipw_opt,wrangler
0,0.09913229942321777,0.10546278953552246,0.0028881159695712004
