,gb_opt,gb_ipw_opt,wrangler
0,0.31954407691955566,0.3359227180480957,0.003636102197803511
