,gb_opt,gb_ipw_opt,wrangler
0,0.349578857421875,0.3584773540496826,0.00340953017726089
