,gb_opt,gb_ipw_opt,wrangler
0,0.05077052116394043,0.05750560760498047,0.01703202724456787
