,gb_opt,gb_ipw_opt,wrangler
0,0.12444233894348145,0.13923859596252441,0.011055214891155947
