,gb_opt,gb_ipw_opt,wrangler
0,0.0528559684753418,0.05941486358642578,0.004449008423605083
