,gb_opt,gb_ipw_opt,wrangler
0,0.09609508514404297,0.10467243194580078,0.004171560972164839
