,gb_opt,gb_ipw_opt,wrangler
0,0.03969883918762207,0.04513072967529297,0.005975002195776963
