,gb_opt,gb_ipw_opt,wrangler
0,0.03423619270324707,0.03789353370666504,0.0060134463840060765
