,gb_opt,gb_ipw_opt,wrangler
0,1.7638545036315918,1.805518388748169,0.02319605804753008
