,gb_opt,gb_ipw_opt,wrangler
0,0.20315980911254883,0.21385741233825684,0.00354081392288208
