,gb_opt,gb_ipw_opt,wrangler
0,0.05444598197937012,0.06070566177368164,0.0045128117978962415
