,gb_opt,gb_ipw_opt,wrangler
0,0.05315518379211426,0.05955362319946289,0.007953172848548419
