,gb_opt,gb_ipw_opt,wrangler
0,0.24534344673156738,0.25667452812194824,0.004452587378145469
