,gb_opt,gb_ipw_opt,wrangler
0,0.05273842811584473,0.05949711799621582,0.005539108372334414
