,gb_opt,gb_ipw_opt,wrangler
0,0.06026506423950195,0.06732654571533203,0.004641981009977409
