,gb_opt,gb_ipw_opt,wrangler
0,0.08968210220336914,0.09753251075744629,0.004504277155949519
