,gb_opt,gb_ipw_opt,wrangler
0,0.23910737037658691,0.24944782257080078,0.002428542735964753
