,gb_opt,gb_ipw_opt,wrangler
0,0.1858816146850586,0.19638562202453613,0.004126020699493156
