,gb_opt,gb_ipw_opt,wrangler
0,0.040418386459350586,0.04640054702758789,0.007361173629760742
