,gb_opt,gb_ipw_opt,wrangler
0,0.03635144233703613,0.040573835372924805,0.00763520961854516
