,gb_opt,gb_ipw_opt,wrangler
0,0.07034111022949219,0.07795023918151855,0.003770629376596749
