,gb_opt,gb_ipw_opt,wrangler
0,0.2097022533416748,0.21770691871643066,0.0023709403143988717
