,gb_opt,gb_ipw_opt,wrangler
0,0.035323143005371094,0.03956961631774902,0.006428360939025879
