,gb_opt,gb_ipw_opt,wrangler
0,0.050737619400024414,0.05443000793457031,0.003499420065628855
