,gb_opt,gb_ipw_opt,wrangler
0,0.03083324432373047,0.03375506401062012,0.005168476323971803
