,gb_opt,gb_ipw_opt,wrangler
0,0.041912078857421875,0.04680013656616211,0.0061194101969401045
