,gb_opt,gb_ipw_opt,wrangler
0,0.07005834579467773,0.07703042030334473,0.0039218128591343975
