,gb_opt,gb_ipw_opt,wrangler
0,0.03539609909057617,0.03888297080993652,0.005826354026794434
