,gb_opt,gb_ipw_opt,wrangler
0,0.046317100524902344,0.05032944679260254,0.0033348611315841196
