,gb_opt,gb_ipw_opt,wrangler
0,0.11317920684814453,0.12122106552124023,0.0033153230278053095
