,gb_opt,gb_ipw_opt,wrangler
0,0.035790443420410156,0.03934645652770996,0.005223313156439333
