,gb_opt,gb_ipw_opt,wrangler
0,0.14162564277648926,0.14835619926452637,0.002011592253978118
