,gb_opt,gb_ipw_opt,wrangler
0,0.06560993194580078,0.07016301155090332,0.003767918936813934
