,gb_opt,gb_ipw_opt,wrangler
0,0.05743265151977539,0.06411409378051758,0.004093631420260161
