,gb_opt,gb_ipw_opt,wrangler
0,0.16696405410766602,0.1823887825012207,0.004468371938868551
