,gb_opt,gb_ipw_opt,wrangler
0,0.23208975791931152,0.24003815650939941,0.0022166166293782754
