,gb_opt,gb_ipw_opt,wrangler
0,0.22063136100769043,0.22838091850280762,0.0021822416960303463
