,gb_opt,gb_ipw_opt,wrangler
0,0.05169081687927246,0.05662059783935547,0.0030261924467891096
