,gb_opt,gb_ipw_opt,wrangler
0,0.05072307586669922,0.05789375305175781,0.004213942578558386
