,gb_opt,gb_ipw_opt,wrangler
0,0.03168177604675293,0.03457498550415039,0.004981426482504987
