,gb_opt,gb_ipw_opt,wrangler
0,0.07871627807617188,0.08799338340759277,0.004820003631008658
