,gb_opt,gb_ipw_opt,wrangler
0,0.09490537643432617,0.10134196281433105,0.0021993713890946153
