,gb_opt,gb_ipw_opt,wrangler
0,0.06715154647827148,0.07136702537536621,0.0033563780553132585
