,gb_opt,gb_ipw_opt,wrangler
0,0.03259897232055664,0.03609967231750488,0.005713105201721191
