,gb_opt,gb_ipw_opt,wrangler
0,0.20863747596740723,0.21661138534545898,0.0008991209127135197
