,gb_opt,gb_ipw_opt,wrangler
0,0.23581457138061523,0.24570393562316895,0.0025066954484941686
