,gb_opt,gb_ipw_opt,wrangler
0,0.2410573959350586,0.2518901824951172,0.001988574570300532
