,gb_opt,gb_ipw_opt,wrangler
0,0.03549480438232422,0.03966665267944336,0.006523728370666504
