,gb_opt,gb_ipw_opt,wrangler
0,0.0635521411895752,0.06806230545043945,0.003586709499359131
