,gb_opt,gb_ipw_opt,wrangler
0,0.053985595703125,0.06264090538024902,0.0057471425909745065
