,gb_opt,gb_ipw_opt,wrangler
0,0.30971455574035645,0.32199621200561523,0.0045987504038644674
