,gb_opt,gb_ipw_opt,wrangler
0,0.05036282539367676,0.05580902099609375,0.004563576135879908
