,gb_opt,gb_ipw_opt,wrangler
0,0.22030162811279297,0.2308635711669922,0.00328081517131782
