,gb_opt,gb_ipw_opt,wrangler
0,0.09506416320800781,0.10380244255065918,0.0037752091884613037
