,gb_opt,gb_ipw_opt,wrangler
0,0.0541841983795166,0.058844804763793945,0.00406252710442794
