,gb_opt,gb_ipw_opt,wrangler
0,0.06290340423583984,0.06940460205078125,0.00940859317779541
