,gb_opt,gb_ipw_opt,wrangler
0,0.057753801345825195,0.06174063682556152,0.0033484229558630833
