,gb_opt,gb_ipw_opt,wrangler
0,0.034386396408081055,0.03812670707702637,0.006046891212463379
