,gb_opt,gb_ipw_opt,wrangler
0,0.03333306312561035,0.03682279586791992,0.005835294723510742
