,gb_opt,gb_ipw_opt,wrangler
0,0.6141886711120605,0.6520054340362549,0.0107953452613055
