,gb_opt,gb_ipw_opt,wrangler
0,0.3164682388305664,0.3299684524536133,0.003207813609730114
