,gb_opt,gb_ipw_opt,wrangler
0,0.21871376037597656,0.2269754409790039,0.0019743944627490053
