,gb_opt,gb_ipw_opt,wrangler
0,0.041724205017089844,0.0462801456451416,0.004633114888117863
