,gb_opt,gb_ipw_opt,wrangler
0,0.033429861068725586,0.037065982818603516,0.005742649973174673
