,gb_opt,gb_ipw_opt,wrangler
0,0.06878352165222168,0.07475018501281738,0.0027040155922494285
