,gb_opt,gb_ipw_opt,wrangler
0,0.21785211563110352,0.22546744346618652,0.0031190087096859714
