,gb_opt,gb_ipw_opt,wrangler
0,0.09412097930908203,0.1021878719329834,0.003136885471833058
