,gb_opt,gb_ipw_opt,wrangler
0,0.04877972602844238,0.05336713790893555,0.004641215006510416
