,gb_opt,gb_ipw_opt,wrangler
0,0.19977235794067383,0.2098696231842041,0.0017847163549225577
