,gb_opt,gb_ipw_opt,wrangler
0,0.0845177173614502,0.09303665161132812,0.007081031799316406
