,gb_opt,gb_ipw_opt,wrangler
0,0.22202801704406738,0.23360848426818848,0.0020886894473411202
