,gb_opt,gb_ipw_opt,wrangler
0,0.03578782081604004,0.04013776779174805,0.005655074387453916
