,gb_opt,gb_ipw_opt,wrangler
0,0.2519993782043457,0.2644779682159424,0.0019372207498662085
