,gb_opt,gb_ipw_opt,wrangler
0,0.053936004638671875,0.0620424747467041,0.0055694580078125
