,gb_opt,gb_ipw_opt,wrangler
0,0.042939186096191406,0.0501401424407959,0.007114912334241365
