,gb_opt,gb_ipw_opt,wrangler
0,0.06897497177124023,0.07330513000488281,0.0037196223721182417
