,gb_opt,gb_ipw_opt,wrangler
0,0.20303010940551758,0.21195244789123535,0.00207970664843504
