,gb_opt,gb_ipw_opt,wrangler
0,0.05382227897644043,0.06065988540649414,0.005099177360534668
