,gb_opt,gb_ipw_opt,wrangler
0,0.053946495056152344,0.060717105865478516,0.004982798354430769
