,gb_opt,gb_ipw_opt,wrangler
0,0.08059024810791016,0.09041190147399902,0.004151421135635738
