,gb_opt,gb_ipw_opt,wrangler
0,0.2304689884185791,0.24419260025024414,0.00595956928888161
