,gb_opt,gb_ipw_opt,wrangler
0,0.033441781997680664,0.037520408630371094,0.005836946418486445
