,gb_opt,gb_ipw_opt,wrangler
0,0.04135251045227051,0.04582524299621582,0.00618742062495305
