,gb_opt,gb_ipw_opt,wrangler
0,0.05661177635192871,0.06229376792907715,0.0053126561014275805
