,gb_opt,gb_ipw_opt,wrangler
0,0.19955968856811523,0.20714807510375977,0.0011199438111719722
