,gb_opt,gb_ipw_opt,wrangler
0,0.05471444129943848,0.06202077865600586,0.005920728047688802
