,gb_opt,gb_ipw_opt,wrangler
0,0.06523895263671875,0.0717473030090332,0.009459257125854492
