,gb_opt,gb_ipw_opt,wrangler
0,0.05956530570983887,0.06467175483703613,0.0028427766293895487
