,gb_opt,gb_ipw_opt,wrangler
0,0.039067745208740234,0.0434415340423584,0.004704351778383608
