,gb_opt,gb_ipw_opt,wrangler
0,0.04726266860961914,0.05130434036254883,0.003706467779059159
