,gb_opt,gb_ipw_opt,wrangler
0,0.1000211238861084,0.1122894287109375,0.004773772650166237
