,gb_opt,gb_ipw_opt,wrangler
0,0.06240224838256836,0.06743788719177246,0.0035836829902222435
