,gb_opt,gb_ipw_opt,wrangler
0,0.20185017585754395,0.20824050903320312,0.0016301870346069336
