,gb_opt,gb_ipw_opt,wrangler
0,0.03984332084655762,0.044927358627319336,0.006565451622009277
