,gb_opt,gb_ipw_opt,wrangler
0,0.041579484939575195,0.046033382415771484,0.0052020663306826635
