,gb_opt,gb_ipw_opt,wrangler
0,0.08761906623840332,0.09541583061218262,0.0038571342295427536
