,gb_opt,gb_ipw_opt,wrangler
0,0.049462318420410156,0.05327796936035156,0.0031691092949408988
