,gb_opt,gb_ipw_opt,wrangler
0,0.05218863487243652,0.05830955505371094,0.008121132850646973
