,gb_opt,gb_ipw_opt,wrangler
0,0.11699390411376953,0.12256836891174316,0.0022364825737185593
