,gb_opt,gb_ipw_opt,wrangler
0,0.3116636276245117,0.3437316417694092,0.005477407704228941
