,gb_opt,gb_ipw_opt,wrangler
0,0.053910255432128906,0.05760550498962402,0.003355114083541067
