,gb_opt,gb_ipw_opt,wrangler
0,0.10065078735351562,0.1084902286529541,0.0056575197692311134
