,gb_opt,gb_ipw_opt,wrangler
0,0.04981040954589844,0.05700230598449707,0.006302197774251302
