,gb_opt,gb_ipw_opt,wrangler
0,0.09869527816772461,0.11211228370666504,0.008442822624655332
