,gb_opt,gb_ipw_opt,wrangler
0,0.31004810333251953,0.3359513282775879,0.005723213186462477
