,gb_opt,gb_ipw_opt,wrangler
0,0.4700324535369873,0.4852030277252197,0.008138763296435637
