,gb_opt,gb_ipw_opt,wrangler
0,0.05464673042297363,0.06264662742614746,0.005621659128289473
