,gb_opt,gb_ipw_opt,wrangler
0,0.04300832748413086,0.04629182815551758,0.0029976960200413017
