,gb_opt,gb_ipw_opt,wrangler
0,0.05202436447143555,0.05866074562072754,0.009686858565719039
