,gb_opt,gb_ipw_opt,wrangler
0,0.0522305965423584,0.05616402626037598,0.0036609800238358347
