,gb_opt,gb_ipw_opt,wrangler
0,0.03443264961242676,0.03916215896606445,0.0060134463840060765
