,gb_opt,gb_ipw_opt,wrangler
0,0.25646352767944336,0.26776123046875,0.0037158619273792615
