,gb_opt,gb_ipw_opt,wrangler
0,0.12444424629211426,0.13170409202575684,0.0022565240090517075
