,gb_opt,gb_ipw_opt,wrangler
0,0.05278754234313965,0.05874133110046387,0.00832993307231385
