,gb_opt,gb_ipw_opt,wrangler
0,0.09740400314331055,0.10836243629455566,0.006389389768171539
