,gb_opt,gb_ipw_opt,wrangler
0,0.07929468154907227,0.08499789237976074,0.002346443853783331
