,gb_opt,gb_ipw_opt,wrangler
0,0.05210566520690918,0.05655550956726074,0.0034274393423444276
