,gb_opt,gb_ipw_opt,wrangler
0,0.03297877311706543,0.0363316535949707,0.005868077278137207
