,gb_opt,gb_ipw_opt,wrangler
0,0.04722142219543457,0.054125308990478516,0.004490701163687357
