,gb_opt,gb_ipw_opt,wrangler
0,0.04939413070678711,0.05401349067687988,0.003549613450702868
