,gb_opt,gb_ipw_opt,wrangler
0,0.03893017768859863,0.04287123680114746,0.004376683916364398
