,gb_opt,gb_ipw_opt,wrangler
0,0.1602780818939209,0.16960525512695312,0.002670207402831205
