,gb_opt,gb_ipw_opt,wrangler
0,0.22811460494995117,0.2395932674407959,0.002715142607246842
