,gb_opt,gb_ipw_opt,wrangler
0,0.05347752571105957,0.060155391693115234,0.003958677316640879
