,gb_opt,gb_ipw_opt,wrangler
0,0.08357548713684082,0.0893869400024414,0.004528462886810303
