,gb_opt,gb_ipw_opt,wrangler
0,0.0552058219909668,0.060441017150878906,0.008532404899597168
