,gb_opt,gb_ipw_opt,wrangler
0,0.22352886199951172,0.23393726348876953,0.0021147998554859907
