,gb_opt,gb_ipw_opt,wrangler
0,0.0355072021484375,0.03932380676269531,0.005644488047404462
