,gb_opt,gb_ipw_opt,wrangler
0,0.3178520202636719,0.34505224227905273,0.004464305834716491
