,gb_opt,gb_ipw_opt,wrangler
0,0.21664071083068848,0.22732329368591309,0.002509451562439494
