,gb_opt,gb_ipw_opt,wrangler
0,0.03461098670959473,0.0380253791809082,0.005716300872435053
