,gb_opt,gb_ipw_opt,wrangler
0,0.07774233818054199,0.08766627311706543,0.008745100891705855
