,gb_opt,gb_ipw_opt,wrangler
0,0.21997475624084473,0.22662830352783203,0.0012403006082052713
