,gb_opt,gb_ipw_opt,wrangler
0,0.05620574951171875,0.06294107437133789,0.005454212040096135
