,gb_opt,gb_ipw_opt,wrangler
0,0.05374956130981445,0.0614011287689209,0.0051975250244140625
