,gb_opt,gb_ipw_opt,wrangler
0,0.22361493110656738,0.23440265655517578,0.002958571218294915
