,gb_opt,gb_ipw_opt,wrangler
0,0.035097360610961914,0.03937411308288574,0.006357828776041667
