,gb_opt,gb_ipw_opt,wrangler
0,0.0901021957397461,0.09501409530639648,0.0022431278535407456
