,gb_opt,gb_ipw_opt,wrangler
0,0.05527305603027344,0.05951213836669922,0.0032090252230626455
