,gb_opt,gb_ipw_opt,wrangler
0,0.137223482131958,0.14763283729553223,0.005098668540396342
