,gb_opt,gb_ipw_opt,wrangler
0,0.05610966682434082,0.06368231773376465,0.009882450103759766
