,gb_opt,gb_ipw_opt,wrangler
0,0.05027294158935547,0.0547792911529541,0.0039052359665496437
