,gb_opt,gb_ipw_opt,wrangler
0,0.03417563438415527,0.03798174858093262,0.006181001663208008
