,gb_opt,gb_ipw_opt,wrangler
0,0.07138586044311523,0.0784459114074707,0.0034130944146050345
