,gb_opt,gb_ipw_opt,wrangler
0,0.05237078666687012,0.05871391296386719,0.004478320953952279
