,gb_opt,gb_ipw_opt,wrangler
0,0.04782533645629883,0.052605390548706055,0.00428160031636556
