,gb_opt,gb_ipw_opt,wrangler
0,0.03280329704284668,0.03631091117858887,0.005716085433959961
