,gb_opt,gb_ipw_opt,wrangler
0,0.07701659202575684,0.08497071266174316,0.004537594624054737
