,gb_opt,gb_ipw_opt,wrangler
0,0.2113480567932129,0.2215564250946045,0.0031383367137030084
