,gb_opt,gb_ipw_opt,wrangler
0,0.03287100791931152,0.036463260650634766,0.005936622619628906
