,gb_opt,gb_ipw_opt,wrangler
0,0.23350882530212402,0.24286961555480957,0.002681396560007164
