,gb_opt,gb_ipw_opt,wrangler
0,0.06441831588745117,0.0697777271270752,0.003566298373909884
