,gb_opt,gb_ipw_opt,wrangler
0,0.0688619613647461,0.0755150318145752,0.003814697265625
