,gb_opt,gb_ipw_opt,wrangler
0,0.052054405212402344,0.056864023208618164,0.0038382254148784435
