,gb_opt,gb_ipw_opt,wrangler
0,0.041143178939819336,0.04570317268371582,0.016759943079065392
