,gb_opt,gb_ipw_opt,wrangler
0,0.03337907791137695,0.03704571723937988,0.006085634231567383
