,gb_opt,gb_ipw_opt,wrangler
0,0.05092144012451172,0.05925488471984863,0.007420215966566553
