,gb_opt,gb_ipw_opt,wrangler
0,0.23576593399047852,0.24600577354431152,0.0020953430526558007
