,gb_opt,gb_ipw_opt,wrangler
0,0.04285907745361328,0.050052642822265625,0.010101883499710649
