,gb_opt,gb_ipw_opt,wrangler
0,0.05985736846923828,0.06496667861938477,0.003240325234153054
