,gb_opt,gb_ipw_opt,wrangler
0,0.05101299285888672,0.0551300048828125,0.0032748816148290096
