,gb_opt,gb_ipw_opt,wrangler
0,0.03540325164794922,0.039870262145996094,0.00668749397183642
