,gb_opt,gb_ipw_opt,wrangler
0,0.05624079704284668,0.06586718559265137,0.011291032955970294
