,gb_opt,gb_ipw_opt,wrangler
0,0.0529325008392334,0.056862831115722656,0.004540720293598791
