,gb_opt,gb_ipw_opt,wrangler
0,0.25964856147766113,0.27478504180908203,0.004683800463406545
