,gb_opt,gb_ipw_opt,wrangler
0,0.03382706642150879,0.03772306442260742,0.0057697296142578125
