,gb_opt,gb_ipw_opt,wrangler
0,0.05030012130737305,0.05667281150817871,0.004215673966841265
