,gb_opt,gb_ipw_opt,wrangler
0,0.22283291816711426,0.23208212852478027,0.002013119784268466
