,gb_opt,gb_ipw_opt,wrangler
0,0.06317806243896484,0.06718564033508301,0.0032773831995522103
