,gb_opt,gb_ipw_opt,wrangler
0,0.053598642349243164,0.05798172950744629,0.0032314472952804994
