,gb_opt,gb_ipw_opt,wrangler
0,0.04562711715698242,0.0528101921081543,0.006050144860503871
