,gb_opt,gb_ipw_opt,wrangler
0,0.09546542167663574,0.1037290096282959,0.0029474496841430664
