,gb_opt,gb_ipw_opt,wrangler
0,0.1453557014465332,0.16079306602478027,0.009062886238098145
