,gb_opt,gb_ipw_opt,wrangler
0,0.048339128494262695,0.05443239212036133,0.004678740537256226
