,gb_opt,gb_ipw_opt,wrangler
0,0.04778790473937988,0.05271458625793457,0.003978317859126073
