,gb_opt,gb_ipw_opt,wrangler
0,0.20749187469482422,0.21456599235534668,0.0021594951912042816
