,gb_opt,gb_ipw_opt,wrangler
0,0.051171064376831055,0.056124210357666016,0.004003319559218009
