,gb_opt,gb_ipw_opt,wrangler
0,0.14199233055114746,0.15429353713989258,0.003956873482520428
