,gb_opt,gb_ipw_opt,wrangler
0,0.0520176887512207,0.06080460548400879,0.005852092396129262
