,gb_opt,gb_ipw_opt,wrangler
0,0.07902717590332031,0.08779501914978027,0.005517207400899538
