,gb_opt,gb_ipw_opt,wrangler
0,0.22325563430786133,0.23078131675720215,0.0012502221777887627
