,gb_opt,gb_ipw_opt,wrangler
0,0.20062804222106934,0.21061444282531738,0.0017359015646945225
