,gb_opt,gb_ipw_opt,wrangler
0,0.12932991981506348,0.13603997230529785,0.0038052445466297837
