,gb_opt,gb_ipw_opt,wrangler
0,0.21840810775756836,0.2279069423675537,0.0033536333467517492
