,gb_opt,gb_ipw_opt,wrangler
0,0.05800747871398926,0.0666813850402832,0.00560205746320338
