,gb_opt,gb_ipw_opt,wrangler
0,0.09678101539611816,0.1064920425415039,0.007406095179115854
