,gb_opt,gb_ipw_opt,wrangler
0,0.2289121150970459,0.23692989349365234,0.002249131291549398
