,gb_opt,gb_ipw_opt,wrangler
0,0.04932689666748047,0.052909135818481445,0.0035470531832787295
