,gb_opt,gb_ipw_opt,wrangler
0,0.10875678062438965,0.11668014526367188,0.0033506845786693915
