,gb_opt,gb_ipw_opt,wrangler
0,0.23502659797668457,0.24815011024475098,0.0061319843947666396
