,gb_opt,gb_ipw_opt,wrangler
0,0.23369383811950684,0.24229097366333008,0.0020141341254373934
