,gb_opt,gb_ipw_opt,wrangler
0,0.06503558158874512,0.06998252868652344,0.0042159382889910444
