,gb_opt,gb_ipw_opt,wrangler
0,0.03958439826965332,0.044834136962890625,0.007012486457824707
