,gb_opt,gb_ipw_opt,wrangler
0,0.0515749454498291,0.05541372299194336,0.003155273727223843
