,gb_opt,gb_ipw_opt,wrangler
0,0.22706198692321777,0.24097347259521484,0.00271703337684622
