,gb_opt,gb_ipw_opt,wrangler
0,0.3154571056365967,0.32826709747314453,0.004895329475402832
