,gb_opt,gb_ipw_opt,wrangler
0,0.05042886734008789,0.05466794967651367,0.002943827006631269
