,gb_opt,gb_ipw_opt,wrangler
0,0.03479361534118652,0.0376744270324707,0.004466842202579274
