,gb_opt,gb_ipw_opt,wrangler
0,0.22461271286010742,0.24534988403320312,0.04815138303316556
