,gb_opt,gb_ipw_opt,wrangler
0,0.2858767509460449,0.3018684387207031,0.0037133224367156743
