,gb_opt,gb_ipw_opt,wrangler
0,0.03316998481750488,0.03688192367553711,0.005925143206561053
