,gb_opt,gb_ipw_opt,wrangler
0,0.051142215728759766,0.05609750747680664,0.0041111519462183905
