,gb_opt,gb_ipw_opt,wrangler
0,0.03356194496154785,0.036913156509399414,0.005229659702466882
