,gb_opt,gb_ipw_opt,wrangler
0,0.09015178680419922,0.09740471839904785,0.005005290673213935
