,gb_opt,gb_ipw_opt,wrangler
0,0.20464611053466797,0.21487784385681152,0.0011427233917544587
