,gb_opt,gb_ipw_opt,wrangler
0,0.053446292877197266,0.059056758880615234,0.00928640365600586
