,gb_opt,gb_ipw_opt,wrangler
0,0.15429258346557617,0.16856050491333008,0.005696665856146044
