,gb_opt,gb_ipw_opt,wrangler
0,0.042793989181518555,0.04788923263549805,0.004998973158539319
