,gb_opt,gb_ipw_opt,wrangler
0,0.056554555892944336,0.06190991401672363,0.004012882709503174
