,gb_opt,gb_ipw_opt,wrangler
0,0.056638479232788086,0.06424760818481445,0.005972769952589466
