,gb_opt,gb_ipw_opt,wrangler
0,0.05951356887817383,0.06838107109069824,0.004586383435853134
