,gb_opt,gb_ipw_opt,wrangler
0,0.22368931770324707,0.24459409713745117,0.0029781303117497443
