,gb_opt,gb_ipw_opt,wrangler
0,0.057859182357788086,0.06623411178588867,0.005032606185621517
