,gb_opt,gb_ipw_opt,wrangler
0,0.04181861877441406,0.045755624771118164,0.0050720178856039945
