,gb_opt,gb_ipw_opt,wrangler
0,0.049475908279418945,0.05475735664367676,0.004572026869829963
