,gb_opt,gb_ipw_opt,wrangler
0,0.05686759948730469,0.062209129333496094,0.003353341833337561
