,gb_opt,gb_ipw_opt,wrangler
0,0.0532526969909668,0.05794167518615723,0.0030963451831371755
