,gb_opt,gb_ipw_opt,wrangler
0,0.06709003448486328,0.07341217994689941,0.003877195339758419
