,gb_opt,gb_ipw_opt,wrangler
0,0.2638571262359619,0.27447032928466797,0.0019249590960415928
