,gb_opt,gb_ipw_opt,wrangler
0,0.2164616584777832,0.2282731533050537,0.002345144748687744
