,gb_opt,gb_ipw_opt,wrangler
0,0.0681161880493164,0.0746011734008789,0.0028226047895530955
