,gb_opt,gb_ipw_opt,wrangler
0,0.07859206199645996,0.0885918140411377,0.007430468600220476
