,gb_opt,gb_ipw_opt,wrangler
0,0.09485173225402832,0.10463809967041016,0.003169831775483631
