,gb_opt,gb_ipw_opt,wrangler
0,0.04955148696899414,0.05456089973449707,0.0034086165889616934
