,gb_opt,gb_ipw_opt,wrangler
0,0.035051822662353516,0.03937554359436035,0.006127357482910156
