,gb_opt,gb_ipw_opt,wrangler
0,0.08929228782653809,0.09909892082214355,0.003820307114545037
