,gb_opt,gb_ipw_opt,wrangler
0,0.22104263305664062,0.23169684410095215,0.002441683200874714
