,gb_opt,gb_ipw_opt,wrangler
0,0.12714695930480957,0.13724708557128906,0.005323546273367745
