,gb_opt,gb_ipw_opt,wrangler
0,0.05059552192687988,0.054019927978515625,0.0034843394958895017
