,gb_opt,gb_ipw_opt,wrangler
0,0.103424072265625,0.11141037940979004,0.0048926656280083676
