,gb_opt,gb_ipw_opt,wrangler
0,0.24274945259094238,0.25446152687072754,0.0018972982009065795
