,gb_opt,gb_ipw_opt,wrangler
0,0.03519749641418457,0.03926277160644531,0.005817994838807641
