,gb_opt,gb_ipw_opt,wrangler
0,0.05682945251464844,0.06362628936767578,0.004752082113893876
