,gb_opt,gb_ipw_opt,wrangler
0,0.25425219535827637,0.2791616916656494,0.005467337851198563
