,gb_opt,gb_ipw_opt,wrangler
0,0.10065031051635742,0.10992050170898438,0.003566280488044985
