,gb_opt,gb_ipw_opt,wrangler
0,0.03656125068664551,0.04024982452392578,0.005749083056892317
