,gb_opt,gb_ipw_opt,wrangler
0,0.22073078155517578,0.2319011688232422,0.0048094987869262695
