,gb_opt,gb_ipw_opt,wrangler
0,0.061799049377441406,0.07060074806213379,0.006384150997088973
