,gb_opt,gb_ipw_opt,wrangler
0,0.03402066230773926,0.03666210174560547,0.004345295475978478
