,gb_opt,gb_ipw_opt,wrangler
0,0.05416250228881836,0.05960369110107422,0.004147871946677184
