,gb_opt,gb_ipw_opt,wrangler
0,0.23098969459533691,0.2412257194519043,0.0020098912207436224
