,gb_opt,gb_ipw_opt,wrangler
0,0.05972123146057129,0.06718325614929199,0.00582850954067782
