,gb_opt,gb_ipw_opt,wrangler
0,0.21648335456848145,0.23054003715515137,0.00790705407349546
