,gb_opt,gb_ipw_opt,wrangler
0,0.07878494262695312,0.09861063957214355,0.005028464577414772
