,gb_opt,gb_ipw_opt,wrangler
0,0.025911331176757812,0.029272079467773438,0.0029897397281202073
