,gb_opt,gb_ipw_opt,wrangler
0,0.20585942268371582,0.21382546424865723,0.002344694950966664
