,gb_opt,gb_ipw_opt,wrangler
0,0.046265602111816406,0.05047965049743652,0.0040587477796659695
