,gb_opt,gb_ipw_opt,wrangler
0,0.05703902244567871,0.06468081474304199,0.004782488471583316
