,gb_opt,gb_ipw_opt,wrangler
0,0.06842732429504395,0.07440710067749023,0.0041346800954718335
