,gb_opt,gb_ipw_opt,wrangler
0,0.05922746658325195,0.06978321075439453,0.009179115295410156
