,gb_opt,gb_ipw_opt,wrangler
0,0.060268402099609375,0.06478047370910645,0.0034584240479902787
