,gb_opt,gb_ipw_opt,wrangler
0,0.23520135879516602,0.24514079093933105,0.003544135501767658
