,gb_opt,gb_ipw_opt,wrangler
0,0.0473325252532959,0.05544543266296387,0.008612308862074366
