,gb_opt,gb_ipw_opt,wrangler
0,0.05085420608520508,0.055527448654174805,0.0038101988018683667
