,gb_opt,gb_ipw_opt,wrangler
0,0.05228710174560547,0.05651712417602539,0.003438246877569901
