,gb_opt,gb_ipw_opt,wrangler
0,0.1083536148071289,0.11557459831237793,0.00238826630459438
