,gb_opt,gb_ipw_opt,wrangler
0,0.22713708877563477,0.24006962776184082,0.0021484662901680427
