,gb_opt,gb_ipw_opt,wrangler
0,0.0587310791015625,0.06818318367004395,0.010658193517614293
