,gb_opt,gb_ipw_opt,wrangler
0,0.05821871757507324,0.06203818321228027,0.003549950254475412
