,gb_opt,gb_ipw_opt,wrangler
0,0.14125967025756836,0.15346884727478027,0.003923908356697328
