,gb_opt,gb_ipw_opt,wrangler
0,0.15336894989013672,0.16447162628173828,0.004653405988872245
