,gb_opt,gb_ipw_opt,wrangler
0,0.22934699058532715,0.24487948417663574,0.004674856525315975
