,gb_opt,gb_ipw_opt,wrangler
0,0.03964805603027344,0.043447256088256836,0.0058882164232658615
