,gb_opt,gb_ipw_opt,wrangler
0,0.058226585388183594,0.06607317924499512,0.005145370960235596
