,gb_opt,gb_ipw_opt,wrangler
0,0.30403828620910645,0.3150143623352051,0.006696016121283903
