,gb_opt,gb_ipw_opt,wrangler
0,0.04980182647705078,0.05488252639770508,0.003634314788015265
