,gb_opt,gb_ipw_opt,wrangler
0,0.826103925704956,0.8492426872253418,0.01521369877498141
