,gb_opt,gb_ipw_opt,wrangler
0,0.03519630432128906,0.03904128074645996,0.0063866376876831055
