,gb_opt,gb_ipw_opt,wrangler
0,0.19999146461486816,0.20659112930297852,0.0012667854328203322
