,gb_opt,gb_ipw_opt,wrangler
0,0.07771944999694824,0.08855223655700684,0.010437690294705905
