,gb_opt,gb_ipw_opt,wrangler
0,0.04673123359680176,0.05134463310241699,0.00313202046459506
