,gb_opt,gb_ipw_opt,wrangler
0,0.048917531967163086,0.05246853828430176,0.004322992430792914
