,gb_opt,gb_ipw_opt,wrangler
0,0.05539083480834961,0.06241273880004883,0.005028050416594099
