,gb_opt,gb_ipw_opt,wrangler
0,0.2183678150177002,0.22958636283874512,0.0028273463249206543
