,gb_opt,gb_ipw_opt,wrangler
0,0.21780037879943848,0.22891736030578613,0.0034840629325502506
