,gb_opt,gb_ipw_opt,wrangler
0,0.26082277297973633,0.29073357582092285,0.004249127957189507
