,gb_opt,gb_ipw_opt,wrangler
0,0.12041807174682617,0.1272420883178711,0.0019409868976857404
