,gb_opt,gb_ipw_opt,wrangler
0,0.07240581512451172,0.07877326011657715,0.0033887844641231797
