,gb_opt,gb_ipw_opt,wrangler
0,0.06802749633789062,0.07582998275756836,0.0035410835629417783
