,gb_opt,gb_ipw_opt,wrangler
0,0.2189185619354248,0.22842049598693848,0.0019086880630321717
