,gb_opt,gb_ipw_opt,wrangler
0,0.03305625915527344,0.03631019592285156,0.005757808685302734
