,gb_opt,gb_ipw_opt,wrangler
0,0.04231834411621094,0.049402713775634766,0.008722369590502108
