,gb_opt,gb_ipw_opt,wrangler
0,0.08890604972839355,0.0973966121673584,0.002988503903758769
