,gb_opt,gb_ipw_opt,wrangler
0,0.08297967910766602,0.09252405166625977,0.004901691358916613
