,gb_opt,gb_ipw_opt,wrangler
0,0.07993412017822266,0.08752679824829102,0.006715128244447314
