,gb_opt,gb_ipw_opt,wrangler
0,0.12518310546875,0.1312870979309082,0.0019697774378141563
