,gb_opt,gb_ipw_opt,wrangler
0,0.05133509635925293,0.0583798885345459,0.005365187121975807
