,gb_opt,gb_ipw_opt,wrangler
0,0.14537787437438965,0.1537950038909912,0.002824091443828508
