,gb_opt,gb_ipw_opt,wrangler
0,0.03363823890686035,0.03650403022766113,0.004934767882029216
