,gb_opt,gb_ipw_opt,wrangler
0,0.21843194961547852,0.2289261817932129,0.003871250986011138
