,gb_opt,gb_ipw_opt,wrangler
0,0.313124418258667,0.3362903594970703,0.0071489631231106705
