,gb_opt,gb_ipw_opt,wrangler
0,0.1994640827178955,0.21341514587402344,0.08005077399096443
