,gb_opt,gb_ipw_opt,wrangler
0,0.05327463150024414,0.06036663055419922,0.00447460583278111
