,gb_opt,gb_ipw_opt,wrangler
0,0.050756216049194336,0.055304527282714844,0.003393538697750982
