,gb_opt,gb_ipw_opt,wrangler
0,0.06947684288024902,0.0765528678894043,0.00380462324115592
