,gb_opt,gb_ipw_opt,wrangler
0,0.059531211853027344,0.0679018497467041,0.005260791653901144
