,TPR,FPR
gb_opt,0.9259259259259258,0.0
gb_ipw_opt,97.22222222222221,80.58510638297872
wrangler,85.18518518518519,64.49468085106383
