,TPR,FPR
gb_opt,0.9259259259259258,0.0
gb_ipw_opt,97.22222222222221,80.58510638297872
wrangler,91.66666666666666,73.5372340425532
