,TPR,FPR
gb_opt,30.0,0.7575757575757576
gb_ipw_opt,100.0,12.121212121212121
wrangler,50.0,41.66666666666667
