,TPR,FPR
gb_opt,59.4059405940594,1.5580736543909348
gb_ipw_opt,93.06930693069307,22.096317280453256
wrangler,98.01980198019803,48.583569405099155
