,TPR,FPR
gb_opt,0.0,0.0
gb_ipw_opt,55.55555555555556,4.49438202247191
wrangler,7.4074074074074066,1.1235955056179776
