,TPR,FPR
gb_opt,100.0,0.0
gb_ipw_opt,100.0,1.3793103448275863
wrangler,85.0,5.517241379310345
