,TPR,FPR
gb_opt,89.74358974358975,0.36231884057971014
gb_ipw_opt,97.43589743589743,6.521739130434782
wrangler,87.17948717948718,11.231884057971014
