,TPR,FPR
gb_opt,100.0,0.0
gb_ipw_opt,100.0,3.4482758620689653
wrangler,92.3076923076923,2.2988505747126435
