,TPR,FPR
gb_opt,82.05128205128204,0.0
gb_ipw_opt,92.3076923076923,4.029304029304029
wrangler,33.33333333333333,7.326007326007327
