,TPR,FPR
gb_opt,90.0,0.0
gb_ipw_opt,100.0,4.225352112676056
wrangler,50.0,4.225352112676056
