,TPR,FPR
gb_opt,54.347826086956516,1.5037593984962405
gb_ipw_opt,97.82608695652173,7.142857142857142
wrangler,69.56521739130434,7.518796992481203
