,TPR,FPR
gb_opt,44.11764705882353,1.3888888888888888
gb_ipw_opt,82.35294117647058,20.37037037037037
wrangler,70.58823529411765,48.148148148148145
