,TPR,FPR
gb_opt,58.58585858585859,0.8645533141210375
gb_ipw_opt,93.93939393939394,11.239193083573488
wrangler,93.93939393939394,45.24495677233429
