,TPR,FPR
gb_opt,14.485981308411214,0.3563791874554526
gb_ipw_opt,100.0,99.64362081254454
wrangler,58.87850467289719,40.12829650748396
