,TPR,FPR
gb_opt,47.82608695652174,1.3071895424836601
gb_ipw_opt,95.65217391304348,13.725490196078432
wrangler,34.78260869565217,9.803921568627452
