,TPR,FPR
gb_opt,100.0,0.0
gb_ipw_opt,100.0,1.1173184357541899
wrangler,23.076923076923077,4.4692737430167595
