,TPR,FPR
gb_opt,50.0,0.5555555555555556
gb_ipw_opt,84.61538461538461,5.555555555555555
wrangler,0.0,0.0
