,TPR,FPR
gb_opt,89.74358974358975,1.4760147601476015
gb_ipw_opt,97.43589743589743,7.380073800738007
wrangler,58.97435897435898,15.867158671586715
