,TPR,FPR
gb_opt,61.40350877192983,1.2594458438287155
gb_ipw_opt,73.68421052631578,4.030226700251889
wrangler,19.298245614035086,2.2670025188916876
