,TPR,FPR
gb_opt,50.0,0.0
gb_ipw_opt,61.111111111111114,0.7751937984496124
wrangler,0.0,0.0
