,TPR,FPR
gb_opt,95.65217391304348,0.0
gb_ipw_opt,100.0,4.320987654320987
wrangler,100.0,40.74074074074074
