,TPR,FPR
gb_opt,23.52941176470588,2.722063037249284
gb_ipw_opt,72.54901960784314,24.92836676217765
wrangler,47.05882352941176,32.23495702005731
