,TPR,FPR
gb_opt,89.74358974358975,0.3676470588235294
gb_ipw_opt,94.87179487179486,3.308823529411765
wrangler,94.87179487179486,8.088235294117647
