,TPR,FPR
gb_opt,63.54515050167224,1.4804202483285578
gb_ipw_opt,75.25083612040135,4.202483285577841
wrangler,80.60200668896321,14.231136580706782
