,TPR,FPR
gb_opt,26.923076923076923,0.0
gb_ipw_opt,46.15384615384615,0.5102040816326531
wrangler,53.84615384615385,29.081632653061224
