,TPR,FPR
gb_opt,22.22222222222222,0.28776978417266186
gb_ipw_opt,88.88888888888889,26.47482014388489
wrangler,35.35353535353536,17.985611510791365
