,TPR,FPR
gb_opt,87.17948717948718,0.0
gb_ipw_opt,92.3076923076923,2.5925925925925926
wrangler,94.87179487179486,19.62962962962963
