,TPR,FPR
gb_opt,44.44444444444444,0.5747126436781609
gb_ipw_opt,97.22222222222221,21.839080459770116
wrangler,69.44444444444444,31.03448275862069
