,TPR,FPR
gb_opt,64.28571428571429,1.0752688172043012
gb_ipw_opt,100.0,11.827956989247312
wrangler,78.57142857142857,8.60215053763441
