,TPR,FPR
gb_opt,20.454545454545457,1.9047619047619049
gb_ipw_opt,97.72727272727273,83.80952380952381
wrangler,72.72727272727273,53.333333333333336
