,TPR,FPR
gb_opt,35.294117647058826,0.7194244604316548
gb_ipw_opt,93.13725490196079,28.776978417266186
wrangler,97.05882352941177,46.18705035971223
