,TPR,FPR
gb_opt,61.61616161616161,0.28368794326241137
gb_ipw_opt,93.93939393939394,17.30496453900709
wrangler,91.91919191919192,44.680851063829785
