,TPR,FPR
gb_opt,88.23529411764706,0.0
gb_ipw_opt,100.0,2.912621359223301
wrangler,88.23529411764706,5.825242718446602
