,TPR,FPR
gb_opt,46.464646464646464,1.7142857142857144
gb_ipw_opt,93.93939393939394,27.0
wrangler,97.97979797979798,49.57142857142857
