,TPR,FPR
gb_opt,90.0,0.0
gb_ipw_opt,100.0,2.666666666666667
wrangler,90.0,10.666666666666668
