,TPR,FPR
gb_opt,56.56565656565656,0.42134831460674155
gb_ipw_opt,89.8989898989899,13.06179775280899
wrangler,53.535353535353536,26.40449438202247
