,TPR,FPR
gb_opt,56.52173913043478,0.8333333333333334
gb_ipw_opt,100.0,8.333333333333332
wrangler,73.91304347826086,30.833333333333336
