,TPR,FPR
gb_opt,11.76470588235294,0.0
gb_ipw_opt,88.23529411764706,16.666666666666664
wrangler,5.88235294117647,4.385964912280701
