,TPR,FPR
gb_opt,28.155339805825243,0.0
gb_ipw_opt,56.310679611650485,3.6931818181818183
wrangler,6.796116504854369,2.556818181818182
