,TPR,FPR
gb_opt,78.0,1.1560693641618496
gb_ipw_opt,89.0,5.202312138728324
wrangler,93.0,30.491329479768787
