,TPR,FPR
gb_opt,10.0,0.0
gb_ipw_opt,100.0,12.676056338028168
wrangler,70.0,30.985915492957744
