,TPR,FPR
gb_opt,50.0,0.0
gb_ipw_opt,96.66666666666667,16.93548387096774
wrangler,26.666666666666668,19.35483870967742
