,TPR,FPR
gb_opt,65.0,2.527075812274368
gb_ipw_opt,95.0,16.967509025270758
wrangler,100.0,54.87364620938629
