,TPR,FPR
gb_opt,6.153846153846154,0.0
gb_ipw_opt,100.0,99.11699779249447
wrangler,61.53846153846154,45.916114790286976
