,TPR,FPR
gb_opt,13.043478260869565,0.0
gb_ipw_opt,30.434782608695656,0.8264462809917356
wrangler,66.66666666666666,45.24793388429752
