,TPR,FPR
gb_opt,58.58585858585859,1.443001443001443
gb_ipw_opt,93.93939393939394,21.356421356421357
wrangler,95.95959595959596,43.722943722943725
