,TPR,FPR
gb_opt,61.53846153846154,0.0
gb_ipw_opt,92.3076923076923,9.497206703910614
wrangler,69.23076923076923,32.402234636871505
