,TPR,FPR
gb_opt,80.0,0.3508771929824561
gb_ipw_opt,95.0,3.1578947368421053
wrangler,85.0,10.87719298245614
