,TPR,FPR
gb_opt,45.0,0.7142857142857143
gb_ipw_opt,100.0,20.0
wrangler,85.0,28.57142857142857
