,TPR,FPR
gb_opt,85.71428571428571,0.0
gb_ipw_opt,92.85714285714286,4.787234042553192
wrangler,32.142857142857146,11.170212765957446
