,TPR,FPR
gb_opt,4.081632653061225,0.0
gb_ipw_opt,100.0,100.0
wrangler,56.12244897959183,38.87468030690537
