,TPR,FPR
gb_opt,5.747126436781609,0.0
gb_ipw_opt,100.0,100.0
wrangler,17.24137931034483,25.601374570446733
