,TPR,FPR
gb_opt,38.88888888888889,0.0
gb_ipw_opt,100.0,97.6470588235294
wrangler,55.55555555555556,54.11764705882353
