,TPR,FPR
gb_opt,65.0,0.0
gb_ipw_opt,100.0,11.347517730496454
wrangler,70.0,27.659574468085108
