,TPR,FPR
gb_opt,78.0,1.1560693641618496
gb_ipw_opt,89.0,5.202312138728324
wrangler,86.0,19.07514450867052
