,TPR,FPR
gb_opt,26.0,0.860832137733142
gb_ipw_opt,90.0,25.107604017216644
wrangler,69.0,32.281205164992826
