,TPR,FPR
gb_opt,92.3076923076923,0.7352941176470588
gb_ipw_opt,97.43589743589743,4.044117647058823
wrangler,89.74358974358975,7.720588235294118
