,TPR,FPR
gb_opt,73.33333333333333,0.0
gb_ipw_opt,100.0,5.333333333333334
wrangler,6.666666666666667,0.0
