,TPR,FPR
gb_opt,20.2020202020202,1.4265335235378032
gb_ipw_opt,95.95959595959596,32.09700427960057
wrangler,89.8989898989899,43.794579172610554
