,TPR,FPR
gb_opt,75.0,0.0
gb_ipw_opt,100.0,2.6785714285714284
wrangler,56.25,28.57142857142857
