,TPR,FPR
gb_opt,76.76767676767676,2.1216407355021216
gb_ipw_opt,97.97979797979798,14.56859971711457
wrangler,100.0,48.23196605374823
