,TPR,FPR
gb_opt,83.33333333333334,1.1904761904761905
gb_ipw_opt,100.0,13.095238095238097
wrangler,41.66666666666667,15.476190476190476
