,TPR,FPR
gb_opt,62.5,0.0
gb_ipw_opt,100.0,60.65573770491803
wrangler,95.83333333333334,88.52459016393442
