,TPR,FPR
gb_opt,53.84615384615385,0.0
gb_ipw_opt,100.0,97.14285714285714
wrangler,0.0,0.0
