,TPR,FPR
gb_opt,74.07407407407408,0.5208333333333333
gb_ipw_opt,96.29629629629629,4.166666666666666
wrangler,22.22222222222222,3.6458333333333335
