,TPR,FPR
gb_opt,74.22680412371135,0.5988023952095809
gb_ipw_opt,84.5360824742268,3.44311377245509
wrangler,31.958762886597935,14.221556886227546
