,TPR,FPR
gb_opt,55.172413793103445,0.0
gb_ipw_opt,89.65517241379311,4.4692737430167595
wrangler,10.344827586206897,3.910614525139665
