,TPR,FPR
gb_opt,33.33333333333333,4.424778761061947
gb_ipw_opt,100.0,12.389380530973451
wrangler,50.0,8.849557522123893
