,TPR,FPR
gb_opt,74.74747474747475,0.9735744089012517
gb_ipw_opt,94.94949494949495,8.762169680111267
wrangler,81.81818181818183,36.57858136300417
