,TPR,FPR
gb_opt,10.0,0.0
gb_ipw_opt,85.0,6.7669172932330826
wrangler,25.0,12.030075187969924
