,TPR,FPR
gb_opt,89.47368421052632,0.0
gb_ipw_opt,89.47368421052632,0.6896551724137931
wrangler,0.0,0.0
