,TPR,FPR
gb_opt,78.0,1.4204545454545454
gb_ipw_opt,92.0,4.545454545454546
wrangler,12.0,0.2840909090909091
