,TPR,FPR
gb_opt,90.0,0.0
gb_ipw_opt,100.0,2.857142857142857
wrangler,65.0,26.42857142857143
