,TPR,FPR
gb_opt,9.090909090909092,0.0
gb_ipw_opt,81.81818181818183,9.929078014184398
wrangler,45.45454545454545,18.439716312056735
