,TPR,FPR
gb_opt,57.89473684210527,0.0
gb_ipw_opt,100.0,61.15702479338842
wrangler,0.0,0.0
