,TPR,FPR
gb_opt,40.909090909090914,0.0
gb_ipw_opt,100.0,25.547445255474454
wrangler,77.27272727272727,72.26277372262774
