,TPR,FPR
gb_opt,42.857142857142854,0.0
gb_ipw_opt,100.0,60.0
wrangler,50.0,23.333333333333332
