,TPR,FPR
gb_opt,28.999999999999996,0.5649717514124294
gb_ipw_opt,91.0,28.24858757062147
wrangler,73.0,32.34463276836158
