,TPR,FPR
gb_opt,8.695652173913043,0.0
gb_ipw_opt,100.0,100.0
wrangler,2.1739130434782608,0.4761904761904762
