,TPR,FPR
gb_opt,2.8913260219341974,1.5187676285528313
gb_ipw_opt,99.70089730807578,99.80472987632892
wrangler,64.90528414755732,41.80950314601866
