,TPR,FPR
gb_opt,86.66666666666667,0.0
gb_ipw_opt,93.33333333333333,2.2222222222222223
wrangler,6.666666666666667,0.0
