,TPR,FPR
gb_opt,100.0,0.0
gb_ipw_opt,100.0,6.25
wrangler,92.3076923076923,8.333333333333332
