,TPR,FPR
gb_opt,12.844036697247708,0.2801120448179272
gb_ipw_opt,82.56880733944955,16.946778711484594
wrangler,73.39449541284404,22.969187675070028
