,TPR,FPR
gb_opt,18.81188118811881,0.5763688760806917
gb_ipw_opt,100.0,100.0
wrangler,0.0,0.0
