,TPR,FPR
gb_opt,90.0,0.0
gb_ipw_opt,100.0,2.857142857142857
wrangler,45.0,7.142857142857142
