,TPR,FPR
gb_opt,97.22222222222221,0.0
gb_ipw_opt,100.0,7.450980392156863
wrangler,97.22222222222221,9.019607843137255
