,TPR,FPR
gb_opt,42.10526315789473,0.0
gb_ipw_opt,100.0,25.185185185185183
wrangler,0.0,0.7407407407407408
