,TPR,FPR
gb_opt,34.65346534653465,2.167630057803468
gb_ipw_opt,88.11881188118812,20.08670520231214
wrangler,59.4059405940594,36.84971098265896
