,TPR,FPR
gb_opt,31.25,0.0
gb_ipw_opt,100.0,92.76018099547511
wrangler,90.625,69.23076923076923
