,TPR,FPR
gb_opt,5.555555555555555,0.0
gb_ipw_opt,83.33333333333334,0.7936507936507936
wrangler,50.0,36.507936507936506
