,TPR,FPR
gb_opt,58.58585858585859,0.7102272727272727
gb_ipw_opt,89.8989898989899,9.375
wrangler,84.84848484848484,41.61931818181818
