,TPR,FPR
gb_opt,90.0,1.3333333333333335
gb_ipw_opt,100.0,4.0
wrangler,100.0,33.33333333333333
