,TPR,FPR
gb_opt,38.46153846153847,0.0
gb_ipw_opt,79.48717948717949,0.3703703703703704
wrangler,5.128205128205128,2.9629629629629632
