,TPR,FPR
gb_opt,38.46153846153847,0.5813953488372093
gb_ipw_opt,92.3076923076923,9.883720930232558
wrangler,65.38461538461539,22.674418604651162
