,TPR,FPR
gb_opt,57.89473684210527,0.0
gb_ipw_opt,63.1578947368421,0.0
wrangler,26.31578947368421,0.7751937984496124
