,TPR,FPR
gb_opt,30.0,0.5376344086021506
gb_ipw_opt,96.66666666666667,9.13978494623656
wrangler,83.33333333333334,20.43010752688172
