,TPR,FPR
gb_opt,89.47368421052632,0.0
gb_ipw_opt,100.0,3.7593984962406015
wrangler,52.63157894736842,6.015037593984962
