,TPR,FPR
gb_opt,100.0,0.0
gb_ipw_opt,100.0,1.1173184357541899
wrangler,26.923076923076923,8.379888268156424
