,TPR,FPR
gb_opt,33.33333333333333,22.36842105263158
gb_ipw_opt,100.0,100.0
wrangler,70.83333333333334,65.78947368421053
