,TPR,FPR
gb_opt,24.444444444444443,13.716814159292035
gb_ipw_opt,100.0,100.0
wrangler,11.11111111111111,9.734513274336283
