,TPR,FPR
gb_opt,72.22222222222221,0.0
gb_ipw_opt,94.44444444444444,0.819672131147541
wrangler,66.66666666666666,13.114754098360656
