,TPR,FPR
gb_opt,69.23076923076923,0.0
gb_ipw_opt,100.0,29.577464788732392
wrangler,38.46153846153847,29.577464788732392
