,TPR,FPR
gb_opt,36.53846153846153,0.0
gb_ipw_opt,98.07692307692307,6.153846153846154
wrangler,67.3076923076923,19.230769230769234
