,TPR,FPR
gb_opt,89.74358974358975,0.7380073800738007
gb_ipw_opt,97.43589743589743,7.7490774907749085
wrangler,71.7948717948718,9.22509225092251
