,TPR,FPR
gb_opt,39.39393939393939,0.0
gb_ipw_opt,100.0,42.62295081967213
wrangler,72.72727272727273,52.459016393442624
