,TPR,FPR
gb_opt,8.823529411764707,0.0
gb_ipw_opt,67.64705882352942,6.008583690987124
wrangler,73.52941176470588,55.793991416309005
