,TPR,FPR
gb_opt,66.66666666666666,0.0
gb_ipw_opt,77.77777777777779,0.7936507936507936
wrangler,55.55555555555556,26.190476190476193
