,TPR,FPR
gb_opt,23.0,0.0
gb_ipw_opt,89.0,27.59601706970128
wrangler,78.0,36.273115220483646
