,TPR,FPR
gb_opt,92.3076923076923,0.0
gb_ipw_opt,100.0,0.0
wrangler,100.0,10.526315789473683
