,TPR,FPR
gb_opt,36.206896551724135,0.0
gb_ipw_opt,100.0,100.0
wrangler,89.65517241379311,55.55555555555556
