,TPR,FPR
gb_opt,67.54385964912281,0.4273504273504274
gb_ipw_opt,92.10526315789474,5.128205128205128
wrangler,60.526315789473685,23.78917378917379
