,TPR,FPR
gb_opt,73.73737373737373,1.6877637130801686
gb_ipw_opt,98.98989898989899,15.330520393811534
wrangler,98.98989898989899,47.9606188466948
