,TPR,FPR
gb_opt,38.23529411764706,1.25
gb_ipw_opt,88.23529411764706,5.833333333333333
wrangler,79.41176470588235,20.0
