,TPR,FPR
gb_opt,57.89473684210527,0.0
gb_ipw_opt,66.66666666666666,4.282115869017632
wrangler,12.280701754385964,4.030226700251889
