,TPR,FPR
gb_opt,61.61616161616161,0.28368794326241137
gb_ipw_opt,93.93939393939394,17.30496453900709
wrangler,97.97979797979798,47.23404255319149
