,TPR,FPR
gb_opt,100.0,0.0
gb_ipw_opt,100.0,2.898550724637681
wrangler,94.44444444444444,17.391304347826086
