,TPR,FPR
gb_opt,69.6969696969697,2.5974025974025974
gb_ipw_opt,91.91919191919192,15.584415584415584
wrangler,96.96969696969697,48.62914862914863
