,TPR,FPR
gb_opt,92.5,0.0
gb_ipw_opt,100.0,4.059040590405904
wrangler,65.0,2.952029520295203
