,TPR,FPR
gb_opt,69.64285714285714,1.2265512265512266
gb_ipw_opt,94.64285714285714,3.67965367965368
wrangler,17.857142857142858,4.112554112554113
