,TPR,FPR
gb_opt,92.3076923076923,0.0
gb_ipw_opt,100.0,3.867403314917127
wrangler,76.92307692307693,23.204419889502763
