,TPR,FPR
gb_opt,30.76923076923077,1.1173184357541899
gb_ipw_opt,96.15384615384616,65.92178770949721
wrangler,0.0,1.1173184357541899
