,TPR,FPR
gb_opt,31.683168316831683,2.0114942528735633
gb_ipw_opt,78.21782178217822,24.281609195402297
wrangler,71.28712871287128,37.06896551724138
