,TPR,FPR
gb_opt,52.63157894736842,1.5037593984962405
gb_ipw_opt,100.0,33.83458646616541
wrangler,15.789473684210526,9.774436090225564
