,TPR,FPR
gb_opt,53.333333333333336,0.0
gb_ipw_opt,100.0,45.28301886792453
wrangler,26.666666666666668,22.641509433962266
