,TPR,FPR
gb_opt,61.61616161616161,0.9859154929577465
gb_ipw_opt,91.91919191919192,21.12676056338028
wrangler,97.97979797979798,55.35211267605634
