,TPR,FPR
gb_opt,86.66666666666667,0.0
gb_ipw_opt,93.33333333333333,6.730769230769231
wrangler,46.666666666666664,0.9615384615384616
