,TPR,FPR
gb_opt,42.30769230769231,0.0
gb_ipw_opt,100.0,92.85714285714286
wrangler,0.0,1.098901098901099
