,TPR,FPR
gb_opt,90.0,0.35714285714285715
gb_ipw_opt,100.0,7.857142857142857
wrangler,55.00000000000001,7.5
