,TPR,FPR
gb_opt,22.22222222222222,0.5494505494505495
gb_ipw_opt,77.77777777777779,21.978021978021978
wrangler,0.0,0.0
