,TPR,FPR
gb_opt,17.647058823529413,0.0
gb_ipw_opt,100.0,100.0
wrangler,35.294117647058826,23.853211009174313
