,TPR,FPR
gb_opt,53.535353535353536,1.6973125884016973
gb_ipw_opt,88.88888888888889,19.660537482319658
wrangler,73.73737373737373,32.248939179632245
