,TPR,FPR
gb_opt,62.857142857142854,1.0460251046025104
gb_ipw_opt,74.28571428571429,2.510460251046025
wrangler,0.0,0.0
