,TPR,FPR
gb_opt,70.29702970297029,1.440922190201729
gb_ipw_opt,99.00990099009901,22.19020172910663
wrangler,99.00990099009901,48.70317002881844
