,TPR,FPR
gb_opt,53.535353535353536,1.6973125884016973
gb_ipw_opt,88.88888888888889,19.660537482319658
wrangler,68.68686868686868,31.824611032531823
