,TPR,FPR
gb_opt,92.3076923076923,0.7352941176470588
gb_ipw_opt,97.43589743589743,4.044117647058823
wrangler,92.3076923076923,8.455882352941178
