,TPR,FPR
gb_opt,19.047619047619047,1.5267175572519083
gb_ipw_opt,100.0,5.343511450381679
wrangler,0.0,0.0
