,TPR,FPR
gb_opt,42.42424242424242,2.5316455696202533
gb_ipw_opt,84.84848484848484,22.925457102672294
wrangler,71.71717171717171,47.39803094233474
