,TPR,FPR
gb_opt,17.647058823529413,0.0
gb_ipw_opt,100.0,100.0
wrangler,41.17647058823529,29.357798165137616
