,TPR,FPR
gb_opt,83.33333333333334,0.0
gb_ipw_opt,100.0,29.411764705882355
wrangler,58.333333333333336,14.705882352941178
