,TPR,FPR
gb_opt,65.0,2.527075812274368
gb_ipw_opt,95.0,16.967509025270758
wrangler,22.5,8.664259927797833
