,TPR,FPR
gb_opt,77.77777777777779,0.0
gb_ipw_opt,83.33333333333334,1.6
wrangler,16.666666666666664,26.400000000000002
