,TPR,FPR
gb_opt,89.47368421052632,0.0
gb_ipw_opt,100.0,3.731343283582089
wrangler,0.0,0.0
