,TPR,FPR
gb_opt,64.6766169154229,0.42765502494654317
gb_ipw_opt,85.57213930348259,3.6350677120456165
wrangler,0.9950248756218906,0.0
