,TPR,FPR
gb_opt,37.37373737373738,1.5781922525107603
gb_ipw_opt,81.81818181818183,19.51219512195122
wrangler,76.76767676767676,44.47632711621234
