,TPR,FPR
gb_opt,3.8461538461538463,0.5555555555555556
gb_ipw_opt,100.0,20.0
wrangler,76.92307692307693,48.888888888888886
