,TPR,FPR
gb_opt,68.75,0.0
gb_ipw_opt,96.875,3.9301310043668125
wrangler,56.25,71.17903930131004
