,TPR,FPR
gb_opt,85.0,0.7017543859649122
gb_ipw_opt,100.0,4.2105263157894735
wrangler,100.0,13.333333333333334
