,TPR,FPR
gb_opt,92.0,0.2849002849002849
gb_ipw_opt,98.0,7.977207977207977
wrangler,92.0,76.06837606837607
