,TPR,FPR
gb_opt,80.0,0.0
gb_ipw_opt,100.0,11.267605633802818
wrangler,80.0,11.267605633802818
