,TPR,FPR
gb_opt,68.11594202898551,0.7619047619047619
gb_ipw_opt,85.5072463768116,2.0952380952380953
wrangler,53.62318840579711,10.095238095238095
