,TPR,FPR
gb_opt,76.47058823529412,0.0
gb_ipw_opt,100.0,15.555555555555555
wrangler,11.76470588235294,5.555555555555555
