,Correlation,Causal,Wrangler_23,Wrangler_16,GB_23,GB_16
0,0.0,0.0,29.441624365482234,3.5532994923857872,0.0,0.0
1,0.0,0.0,24.65753424657534,3.7181996086105675,0.0,0.0
2,0.0,0.0,23.809523809523807,3.47985347985348,0.0,0.0
3,0.0,0.0,37.234042553191486,2.2458628841607564,0.0,0.0
