,Correlation,Causal,Wrangler_23,Wrangler_16,GB_23,GB_16
0,0.0,0.0,100.0,84.93150684931507,100.0,0.0
1,0.0,51.973684210526315,78.28947368421053,69.07894736842105,78.28947368421053,0.0
2,3.5294117647058822,57.05882352941176,71.76470588235294,63.52941176470588,73.52941176470588,0.0
3,4.022988505747127,56.32183908045977,70.6896551724138,62.643678160919535,72.41379310344827,0.0
