,Correlation,Causal,Wrangler_23,Wrangler_16,GB_23,GB_16
0,0.0,0.0,100.0,100.0,100.0,100.0
1,0.0,95.06172839506173,100.0,100.0,100.0,100.0
2,5.813953488372093,95.34883720930233,100.0,100.0,100.0,100.0
