,Correlation,Causal,Wrangler_23,Wrangler_16,GB_23,GB_16
0,0.0,0.0,100.0,100.0,100.0,100.0
1,40.36458333333333,40.36458333333333,100.0,100.0,78.21180555555556,100.0
2,46.49532710280374,46.49532710280374,100.0,100.0,71.10591900311528,100.0
3,46.578538102643854,46.578538102643854,100.0,100.0,70.99533437013997,100.0
4,46.620046620046615,46.620046620046615,100.0,100.0,70.94017094017094,100.0
5,46.661490683229815,46.58385093167702,100.0,100.0,70.88509316770187,100.0
