,Correlation,Causal,Wrangler_23,Wrangler_16,GB_23,GB_16
0,0.0,0.0,100.0,100.0,99.6551724137931,99.3103448275862
1,0.0,10.493827160493826,91.35802469135803,91.35802469135803,99.69135802469135,99.38271604938271
2,0.0,10.461538461538462,91.07692307692308,91.07692307692308,99.6923076923077,99.38461538461539
3,0.0,10.429447852760736,90.79754601226993,90.79754601226993,99.69325153374233,99.38650306748467
4,0.0,10.33434650455927,89.96960486322189,89.96960486322189,99.69604863221885,99.3920972644377
5,0.0,10.21021021021021,88.88888888888889,88.88888888888889,99.69969969969969,99.3993993993994
6,0.0,10.179640718562874,88.62275449101796,88.62275449101796,99.7005988023952,99.40119760479041
