,Correlation,Causal,Wrangler_23,Wrangler_16,GB_23,GB_16
0,0.0,0.0,95.34883720930233,100.0,100.0,94.18604651162791
