,Correlation,Causal,Wrangler_23,Wrangler_16,GB_23,GB_16
0,0.0,0.0,86.19246861924687,3.765690376569038,0.0,0.0
1,0.0,0.0,53.099173553719005,2.272727272727273,0.0,0.0
2,0.0,0.0,54.49915110356537,1.8675721561969438,0.0,0.0
3,0.0,0.0,60.28202115158637,1.2925969447708578,0.0,0.0
