,Correlation,Causal,Wrangler_23,Wrangler_16,GB_23,GB_16
0,0.0,0.0,100.0,0.0,100.0,0.0
1,0.0,0.0,99.35897435897436,0.0,100.0,0.0
2,0.0,1.2658227848101267,99.36708860759494,0.0,100.0,0.0
3,0.0,2.5,99.375,0.0,100.0,0.0
4,0.0,2.4691358024691357,99.38271604938271,0.0,100.0,0.0
