,Correlation,Causal,Wrangler_23,Wrangler_16,GB_23,GB_16
0,0.0,0.0,100.0,0.0,100.0,0.0
1,0.0,1.0309278350515463,100.0,0.0,98.96907216494846,0.0
2,0.0,39.24050632911392,96.83544303797468,0.0,62.65822784810127,0.0
3,0.0,41.46341463414634,96.95121951219512,0.0,63.41463414634146,0.0
4,0.0,43.19526627218935,97.0414201183432,0.0,64.49704142011834,0.0
