,Correlation,Causal,Wrangler_23,Wrangler_16,GB_23,GB_16
0,0.0,0.0,100.0,100.0,0.0,100.0
1,0.0,80.0,100.0,100.0,98.0,100.0
2,0.0,90.82568807339449,100.0,100.0,82.56880733944955,100.0
3,0.0,92.7007299270073,100.0,100.0,73.72262773722628,100.0
4,0.0,93.82716049382715,100.0,100.0,66.0493827160494,100.0
5,0.0,93.86503067484662,100.0,100.0,65.6441717791411,100.0
