,Correlation,Causal,Wrangler_23,Wrangler_16,GB_23,GB_16
0,0.0,0.0,23.414634146341466,7.804878048780488,0.0,0.0
1,0.0,0.0,20.428015564202333,6.420233463035019,0.0,0.0
2,0.0,0.0,19.37269372693727,6.088560885608856,0.0,0.0
3,0.0,0.0,29.214929214929214,4.375804375804376,0.0,0.0
4,0.0,1.7605633802816902,28.52112676056338,3.9906103286384975,0.0,0.0
