,Correlation,Causal,Wrangler_23,Wrangler_16,GB_23,GB_16
0,0.0,0.0,0.0,0.7556675062972292,2.2670025188916876,0.2518891687657431
1,0.0,0.0,0.0,0.5576208178438662,1.6728624535315983,0.18587360594795538
2,0.0,0.0,0.0,0.35046728971962615,1.8691588785046727,0.35046728971962615
