,Correlation,Causal,Wrangler_23,Wrangler_16,GB_23,GB_16
0,0.0,0.0,0.0,0.0,0.0,0.0
1,0.0,39.56343792633015,0.0,0.0,0.1364256480218281,14.32469304229195
