,Correlation,Causal,Wrangler_23,Wrangler_16,GB_23,GB_16
0,0.0,0.0,100.0,100.0,0.0,100.0
1,0.0,0.0,100.0,100.0,1.2195121951219512,98.78048780487805
2,3.5294117647058822,3.5294117647058822,100.0,100.0,4.705882352941177,95.29411764705881
