,Correlation,Causal,Wrangler_23,Wrangler_16,GB_23,GB_16
0,0.0,0.0,0.0,0.0,1.639344262295082,100.0
1,0.0,1.6129032258064515,0.0,0.0,1.6129032258064515,100.0
2,0.0,2.898550724637681,0.0,0.0,1.4492753623188406,100.0
