,Correlation,Causal,Wrangler_23,Wrangler_16,GB_23,GB_16
0,0.0,0.0,100.0,100.0,100.0,100.0
1,0.0,16.516516516516518,100.0,100.0,83.48348348348348,83.48348348348348
