,Correlation,Causal,Wrangler_23,Wrangler_16,GB_23,GB_16
0,0.0,0.0,0.0,0.0,100.0,0.0
1,0.0,0.0,0.0,0.0,95.65217391304348,0.0
2,0.0,0.0,0.0,0.0,43.66197183098591,0.0
3,0.0,6.578947368421052,0.0,0.0,43.42105263157895,0.0
4,0.0,55.90062111801242,0.0,0.0,41.61490683229814,0.0
5,0.0,55.55555555555556,0.0,0.0,41.9753086419753,0.0
6,0.0,55.21472392638037,0.0,0.0,42.331288343558285,0.0
