,Correlation,Causal,Wrangler_23,Wrangler_16,GB_23,GB_16
0,0.0,0.0,0.0,0.0,0.0,100.0
1,0.0,75.5813953488372,0.0,0.0,18.6046511627907,81.3953488372093
