,Correlation,Causal,Wrangler_23,Wrangler_16,GB_23,GB_16
0,0.0,0.0,0.0,0.0,0.0,0.0
1,0.0,0.0,0.0,0.0,0.0,5.298013245033113
2,0.0,0.0,0.0,0.0,0.0,7.741935483870968
