,Correlation,Causal,Wrangler_23,Wrangler_16,GB_23,GB_16
0,0.0,0.0,0.0,0.0,100.0,0.0
1,0.0,94.9074074074074,14.351851851851851,0.0,94.9074074074074,0.0
2,0.0,94.95412844036697,14.220183486238533,0.0,94.03669724770643,0.0
3,0.0,95.0,14.09090909090909,0.0,93.18181818181817,0.0
