,Correlation,Causal,Wrangler_23,Wrangler_16,GB_23,GB_16
0,0.0,0.0,0.0,0.0,0.0,0.0
1,0.0,4.705882352941177,0.0,0.0,0.0,0.0
2,1.1627906976744187,5.813953488372093,0.0,0.0,0.0,0.0
