,Correlation,Causal,Wrangler_23,Wrangler_16,GB_23,GB_16
0,0.0,0.0,100.0,0.0,66.66666666666666,0.0
1,0.0,0.0,100.0,0.0,75.0,0.0
2,0.0,0.0,100.0,0.0,30.0,0.0
3,0.0,0.0,100.0,0.3115264797507788,31.15264797507788,0.0
4,0.0,0.0,100.0,0.3105590062111801,31.05590062111801,0.0
5,0.0,0.0,100.0,0.30864197530864196,30.864197530864196,0.0
6,0.0,0.0,100.0,0.3076923076923077,30.76923076923077,0.0
7,0.0,0.0,100.0,0.30120481927710846,30.120481927710845,0.0
8,0.0,0.0,100.0,0.3003003003003003,30.03003003003003,0.0
