,Correlation,Causal,Wrangler_23,Wrangler_16,GB_23,GB_16
0,0.0,0.0,5.687203791469194,0.0,0.0,0.0
1,0.0,0.0,4.979253112033195,0.0,0.0,0.0
2,0.0,0.0,4.597701149425287,0.0,0.0,0.0
3,0.0,0.0,3.3057851239669422,0.0,0.0,0.0
4,0.0,0.0,2.8469750889679712,0.0,0.0,0.0
5,0.0,0.0,2.813599062133646,0.0,0.0,0.0
6,0.0,0.0,2.810304449648712,0.0,0.0,0.0
