,Correlation,Causal,Wrangler_23,Wrangler_16,GB_23,GB_16
0,0.0,0.0,0.0,0.0,100.0,100.0
1,23.85861561119293,44.62444771723123,0.0,0.0,100.0,100.0
2,23.97058823529412,44.70588235294118,0.0,0.0,100.0,100.0
