,Correlation,Causal,Wrangler_23,Wrangler_16,GB_23,GB_16
0,0.0,0.0,16.27906976744186,0.0,0.0,0.0
1,0.0,0.0,11.57495256166983,0.0,0.0,0.0
2,0.0,0.0,11.11111111111111,0.0,0.0,0.0
3,0.0,0.0,7.1345029239766085,0.0,0.0,0.0
