,Correlation,Causal,Wrangler_23,Wrangler_16,GB_23,GB_16
0,0.0,0.0,0.0,0.0,2.4390243902439024,100.0
1,0.0,90.07263922518159,0.0,0.0,0.48426150121065376,92.00968523002422
2,0.0,91.56378600823045,0.0,0.0,0.411522633744856,79.83539094650206
3,0.0,91.18852459016394,0.0,0.0,0.4098360655737705,79.50819672131148
