,Correlation,Causal,Wrangler_23,Wrangler_16,GB_23,GB_16
0,0.0,0.0,100.0,30.0,70.0,0.0
1,0.0,87.53993610223642,93.9297124600639,37.38019169329074,62.30031948881789,1.9169329073482428
