,Correlation,Causal,Wrangler_23,Wrangler_16,GB_23,GB_16
0,0.0,0.0,0.0,94.20289855072464,100.0,0.0
1,54.3046357615894,54.3046357615894,0.0,97.35099337748345,100.0,0.0
