,Correlation,Causal,Wrangler_23,Wrangler_16,GB_23,GB_16
0,0.0,0.0,0.0,0.0,0.0,0.0
1,0.0,0.0,0.0,0.0,0.0,0.0
2,0.0,44.639376218323584,0.0,0.0,0.0,0.0
3,0.0,41.63636363636364,0.0,0.0,0.0,0.0
4,0.0,28.987341772151897,0.0,0.0,0.0,0.0
5,0.0,34.46261682242991,0.0,0.0,0.0,0.0
