,Correlation,Causal,Wrangler_23,Wrangler_16,GB_23,GB_16
0,0.0,0.0,100.0,100.0,100.0,100.0
1,44.871794871794876,44.871794871794876,100.0,100.0,100.0,100.0
2,50.57471264367817,50.57471264367817,100.0,100.0,100.0,100.0
