,Correlation,Causal,Wrangler_23,Wrangler_16,GB_23,GB_16
0,0.0,0.0,14.705882352941178,100.0,0.0,100.0
1,0.0,20.930232558139537,29.069767441860467,100.0,17.441860465116278,100.0
