,Correlation,Causal,Wrangler_23,Wrangler_16,GB_23,GB_16
0,0.0,0.0,0.0,0.0,0.0,0.0
1,0.0,0.0,0.0,0.0,0.0,0.0
2,0.0,7.514450867052023,0.0,0.0,0.0,0.0
3,0.0,6.565656565656567,0.0,0.0,0.0,0.0
