,Correlation,Causal,Wrangler_23,Wrangler_16,GB_23,GB_16
0,0.0,0.0,100.0,90.0,100.0,83.33333333333334
1,30.23255813953488,30.23255813953488,100.0,69.76744186046511,100.0,66.27906976744185
