,Correlation,Causal,Wrangler_23,Wrangler_16,GB_23,GB_16
0,0.0,0.0,100.0,100.0,0.0,0.0
1,2.484472049689441,19.25465838509317,83.22981366459628,83.22981366459628,0.0,0.0
