,Correlation,Causal,Wrangler_23,Wrangler_16,GB_23,GB_16
0,0.0,100.0,100.0,0.0,0.0,100.0
1,15.454545454545453,100.0,86.36363636363636,0.0,0.0,86.36363636363636
