,Correlation,Causal,Wrangler_23,Wrangler_16,GB_23,GB_16
0,0.0,0.0,100.0,100.0,100.0,0.0
1,0.0,98.75389408099689,100.0,100.0,84.11214953271028,64.69366562824507
2,0.0,98.7551867219917,100.0,100.0,84.12863070539419,64.62655601659752
