,Correlation,Causal,Wrangler_23,Wrangler_16,GB_23,GB_16
0,0.0,0.0,0.0,0.0,100.0,0.0
1,0.0,0.0,0.0,0.0,100.0,0.0
2,0.0,0.0,0.0,0.0,100.0,0.0
3,0.0,8.256880733944955,0.0,0.0,100.0,0.0
4,0.0,8.181818181818182,0.0,0.0,100.0,0.0
