,Correlation,Causal,Wrangler_23,Wrangler_16,GB_23,GB_16
0,0.0,0.0,100.0,100.0,100.0,57.971014492753625
1,0.0,35.51401869158878,80.37383177570094,80.37383177570094,100.0,68.22429906542055
2,0.0,39.473684210526315,75.43859649122807,75.43859649122807,100.0,70.17543859649122
3,0.0,40.0,74.78260869565217,74.78260869565217,100.0,70.43478260869566
