,Correlation,Causal,Wrangler_23,Wrangler_16,GB_23,GB_16
0,0.0,0.0,100.0,100.0,5.714285714285714,100.0
1,0.0,0.0,100.0,100.0,20.945945945945947,100.0
2,0.0,7.5,100.0,100.0,26.875,100.0
3,0.0,7.453416149068323,100.0,100.0,27.32919254658385,100.0
4,0.0,7.361963190184049,100.0,100.0,28.22085889570552,100.0
