,Correlation,Causal,Wrangler_23,Wrangler_16,GB_23,GB_16
0,0.0,0.0,0.0,92.17391304347827,0.0,0.0
1,71.17794486215539,71.17794486215539,0.0,74.93734335839599,0.0,0.0
2,73.68421052631578,73.68421052631578,0.0,69.10755148741418,0.0,0.0
3,73.74429223744292,73.74429223744292,0.0,68.94977168949772,0.0,0.0
