,Correlation,Causal,Wrangler_23,Wrangler_16,GB_23,GB_16
0,0.0,0.0,100.0,100.0,0.0,0.0
1,23.214285714285715,34.523809523809526,76.78571428571429,100.0,0.0,0.0
