,Correlation,Causal,Wrangler_23,Wrangler_16,GB_23,GB_16
0,0.0,0.0,93.07692307692308,100.0,6.153846153846154,100.0
