,Correlation,Causal,Wrangler_23,Wrangler_16,GB_23,GB_16
0,0.0,0.0,0.0,0.0,0.0,0.0
1,0.0,97.12230215827337,0.0,0.0,0.0,0.0
2,0.0,97.27891156462584,0.0,0.0,0.0,0.0
3,0.0,97.53086419753086,0.0,0.0,0.0,0.0
4,0.0,98.06763285024155,0.0,0.0,0.0,0.0
