,Correlation,Causal,Wrangler_23,Wrangler_16,GB_23,GB_16
0,0.0,0.0,100.0,100.0,100.0,100.0
1,0.0,91.78082191780823,93.15068493150685,96.57534246575342,93.15068493150685,100.0
