,Correlation,Causal,Wrangler_23,Wrangler_16,GB_23,GB_16
0,0.0,0.0,0.0,0.0,0.0,0.0
1,0.0,50.0,0.0,0.0,0.0,0.0
2,0.0,96.875,0.0,0.0,0.0,0.0
3,0.0,99.79591836734694,0.0,0.0,0.0,0.0
4,0.6048387096774194,99.79838709677419,0.0,0.0,0.0,0.0
5,15.162454873646208,99.87966305655837,0.0,0.0,0.0,0.0
6,14.719626168224298,99.88317757009347,0.0,0.0,0.0,0.0
