,Correlation,Causal,Wrangler_23,Wrangler_16,GB_23,GB_16
0,0.0,0.0,0.0,100.0,0.0,0.0
1,0.0,0.0,0.0,100.0,0.0,1.524390243902439
2,0.0,0.0,0.0,100.0,0.0,1.82370820668693
