,Correlation,Causal,Wrangler_23,Wrangler_16,GB_23,GB_16
0,0.0,0.0,100.0,77.68052516411379,100.0,100.0
1,37.653478854024556,37.653478854024556,100.0,85.40245566166439,100.0,100.0
2,45.85308056872038,45.85308056872038,100.0,87.32227488151659,100.0,100.0
3,46.04486422668241,46.04486422668241,100.0,87.36717827626919,100.0,100.0
4,46.10849056603774,46.10849056603774,100.0,87.38207547169812,100.0,100.0
