,Correlation,Causal,Wrangler_23,Wrangler_16,GB_23,GB_16
0,0.0,0.0,0.0,19.841269841269842,5.555555555555555,5.555555555555555
