,Correlation,Causal,Wrangler_23,Wrangler_16,GB_23,GB_16
0,0.0,0.0,100.0,100.0,100.0,100.0
1,94.57274826789839,94.57274826789839,100.0,100.0,100.0,100.0
2,94.72502805836139,94.72502805836139,100.0,100.0,100.0,100.0
