,Correlation,Causal,Wrangler_23,Wrangler_16,GB_23,GB_16
0,0.0,0.0,100.0,100.0,100.0,0.0
1,0.625,0.625,100.0,100.0,100.0,0.0
2,0.6134969325153374,2.4539877300613497,100.0,100.0,100.0,0.0
