,Correlation,Causal,Wrangler_23,Wrangler_16,GB_23,GB_16
0,0.0,0.0,17.82178217821782,6.435643564356436,0.0,0.0
1,0.0,0.0,12.449799196787147,4.216867469879518,0.0,0.0
2,0.0,0.0,11.580882352941178,4.044117647058823,0.0,0.0
3,0.0,0.0,8.928571428571429,2.806122448979592,0.0,0.0
4,0.0,0.0,8.215962441314554,2.5821596244131455,0.0,0.0
