,Correlation,Causal,Wrangler_23,Wrangler_16,GB_23,GB_16
0,0.0,0.0,100.0,100.0,0.0,100.0
1,0.0,40.69767441860465,84.88372093023256,84.88372093023256,0.0,84.88372093023256
