,Correlation,Causal,Wrangler_23,Wrangler_16,GB_23,GB_16
0,0.0,0.0,100.0,0.0,0.0,0.0
1,0.0,6.25,100.0,43.75,0.0,0.0
2,0.0,30.357142857142854,100.0,83.92857142857143,0.0,0.0
3,0.0,38.095238095238095,100.0,84.12698412698413,0.0,0.0
4,45.51282051282051,75.0,100.0,79.48717948717949,0.0,0.0
5,44.375,73.125,100.0,77.5,0.0,0.0
6,44.099378881987576,72.67080745341616,100.0,77.01863354037268,0.0,0.0
7,43.82716049382716,72.22222222222221,100.0,76.5432098765432,0.0,0.0
8,43.558282208588956,71.77914110429448,100.0,76.07361963190185,0.0,0.0
