,Correlation,Causal,Wrangler_23,Wrangler_16,GB_23,GB_16
0,0.0,0.0,0.0,0.0,0.0,100.0
1,0.0,33.33333333333333,0.0,0.0,41.66666666666667,66.66666666666666
2,0.5076142131979695,95.93908629441624,0.0,0.0,79.18781725888326,21.82741116751269
