,Correlation,Causal,Wrangler_23,Wrangler_16,GB_23,GB_16
0,0.0,0.0,100.0,100.0,100.0,100.0
1,0.0,0.0,100.0,100.0,100.0,100.0
2,0.0,20.60185185185185,100.0,100.0,100.0,100.0
3,0.0,20.967741935483872,100.0,100.0,100.0,100.0
