,Correlation,Causal,Wrangler_23,Wrangler_16,GB_23,GB_16
0,0.0,0.0,100.0,100.0,100.0,0.0
1,9.195402298850574,9.195402298850574,100.0,100.0,100.0,0.0
