,Correlation,Causal,Wrangler_23,Wrangler_16,GB_23,GB_16
0,0.0,0.0,100.0,100.0,0.0,0.0
1,0.0,24.766355140186917,78.97196261682244,78.97196261682244,21.02803738317757,21.02803738317757
