,Correlation,Causal,Wrangler_23,Wrangler_16,GB_23,GB_16
0,0.0,100.0,100.0,100.0,100.0,100.0
1,5.1080550098231825,99.80353634577604,99.80353634577604,99.80353634577604,99.80353634577604,99.80353634577604
2,66.6031573217202,99.97278170930866,90.33750680457267,90.33750680457267,90.33750680457267,90.33750680457267
3,72.97356828193833,99.97797356828194,77.81938325991189,77.81938325991189,77.81938325991189,77.81938325991189
4,70.73118738008954,99.97868258367086,75.42101897250053,75.42101897250053,75.42101897250053,75.42101897250053
5,70.99704267004647,99.97887621461766,74.73595268272074,74.73595268272074,74.73595268272074,74.73595268272074
6,70.87726697595951,99.81020666385491,74.60986925347954,74.60986925347954,74.60986925347954,74.60986925347954
