,Correlation,Causal,Wrangler_23,Wrangler_16,GB_23,GB_16
0,0.0,0.0,0.0,0.0,0.0,0.0
1,0.0,0.0,0.0,0.0,0.0,0.0
2,0.0,0.0,0.0,0.0,0.0,0.0
3,0.0,0.0,0.0,0.0,0.0,0.0
4,0.0,70.94594594594594,2.027027027027027,0.0,0.0,0.0
5,0.0,65.26946107784431,1.7964071856287425,0.0,0.0,0.0
6,0.0,64.11764705882354,1.7647058823529411,0.0,0.0,0.0
