,Correlation,Causal,Wrangler_23,Wrangler_16,GB_23,GB_16
0,0.0,0.0,100.0,0.0,94.54545454545455,0.0
1,34.48275862068966,36.7816091954023,100.0,0.0,94.25287356321839,0.0
