,Correlation,Causal,Wrangler_23,Wrangler_16,GB_23,GB_16
0,0.0,0.0,100.0,0.0,100.0,100.0
1,0.0,0.0,28.57142857142857,0.0,28.57142857142857,28.57142857142857
2,0.0,0.0,4.958677685950414,0.0,4.958677685950414,4.958677685950414
3,0.0,2.4193548387096775,6.451612903225806,0.0,6.451612903225806,6.451612903225806
4,0.0,25.308641975308642,23.456790123456788,0.0,23.456790123456788,23.456790123456788
