,Correlation,Causal,Wrangler_23,Wrangler_16,GB_23,GB_16
0,0.0,0.0,0.0,15.74074074074074,0.0,0.0
1,0.0,0.0,0.0,13.06930693069307,0.0,0.0
2,0.0,0.0,0.0,12.293577981651376,0.0,0.0
3,0.0,0.0,0.0,8.6340206185567,0.0,0.0
4,0.0,0.0,0.0,7.845433255269321,0.0,0.0
