,Correlation,Causal,Wrangler_23,Wrangler_16,GB_23,GB_16
0,0.0,100.0,0.0,100.0,100.0,100.0
1,16.3265306122449,100.0,0.0,85.71428571428571,100.0,85.71428571428571
