,Correlation,Causal,Wrangler_23,Wrangler_16,GB_23,GB_16
0,0.0,0.0,0.0,0.0,97.53954305799648,0.0
1,0.0,0.0,0.0,0.0,95.03424657534246,0.0
