,Correlation,Causal,Wrangler_23,Wrangler_16,GB_23,GB_16
0,0.0,0.0,0.0,0.0,0.0,100.0
1,0.0,0.0,0.0,0.0,0.0,100.0
2,0.0,0.0,0.0,0.0,3.278688524590164,100.0
3,0.0,44.54545454545455,0.0,0.0,24.545454545454547,100.0
