,Correlation,Causal,Wrangler_23,Wrangler_16,GB_23,GB_16
0,0.0,0.0,0.0,10.982658959537572,0.0,0.0
1,0.0,0.0,0.0,10.01890359168242,0.0,0.0
2,0.0,0.0,0.0,7.029177718832891,0.0,0.0
