,Correlation,Causal,Wrangler_23,Wrangler_16,GB_23,GB_16
0,0.0,0.0,100.0,100.0,100.0,93.25153374233128
1,0.0,0.6097560975609756,100.0,100.0,100.0,92.6829268292683
2,0.0,1.8072289156626504,100.0,100.0,100.0,91.56626506024097
