,Correlation,Causal,Wrangler_23,Wrangler_16,GB_23,GB_16
0,0.0,0.0,100.0,100.0,0.0,100.0
1,11.363636363636363,11.363636363636363,100.0,100.0,0.0,100.0
