,Correlation,Causal,Wrangler_23,Wrangler_16,GB_23,GB_16
0,0.0,0.0,6.145251396648044,5.865921787709497,0.0,0.0
1,0.0,0.0,7.0342205323193925,5.133079847908745,0.0,0.0
2,0.0,0.0,4.868421052631579,3.552631578947368,0.0,0.0
3,0.0,0.0,4.4205495818399045,3.225806451612903,0.0,0.0
4,0.0,0.0,4.410011918951132,3.2181168057210967,0.0,0.0
5,0.0,0.0,4.404761904761905,3.214285714285714,0.0,0.0
