,Correlation,Causal,Wrangler_23,Wrangler_16,GB_23,GB_16
0,0.0,0.0,100.0,100.0,100.0,100.0
1,1.25,1.25,100.0,100.0,100.0,100.0
2,2.4691358024691357,2.4691358024691357,100.0,100.0,100.0,100.0
3,3.6585365853658534,3.6585365853658534,100.0,100.0,100.0,100.0
