,Correlation,Causal,Wrangler_23,Wrangler_16,GB_23,GB_16
0,0.0,0.0,100.0,100.0,100.0,100.0
1,0.0,0.0,77.1900826446281,100.0,96.36363636363636,100.0
2,0.0,15.855354659248958,80.66759388038943,100.0,96.94019471488178,100.0
3,0.0,24.65753424657534,82.56537982565379,100.0,97.26027397260275,100.0
4,0.0,27.370948379351738,83.19327731092437,100.0,97.35894357743096,100.0
5,0.0,29.239766081871345,83.62573099415205,100.0,97.42690058479532,100.0
6,0.0,29.205607476635514,83.64485981308411,100.0,97.42990654205607,100.0
