,Correlation,Causal,Wrangler_23,Wrangler_16,GB_23,GB_16
0,0.0,0.0,100.0,100.0,100.0,0.0
1,93.23308270676691,93.23308270676691,100.0,90.97744360902256,100.0,16.541353383458645
2,96.73913043478261,96.73913043478261,100.0,73.55072463768117,100.0,17.753623188405797
3,96.83098591549296,96.83098591549296,100.0,71.83098591549296,100.0,17.95774647887324
4,97.1875,97.1875,100.0,67.5,100.0,19.6875
5,97.19626168224299,97.19626168224299,100.0,67.28971962616822,100.0,19.626168224299064
6,97.27272727272728,97.27272727272728,100.0,65.45454545454545,100.0,19.090909090909093
