,Correlation,Causal,Wrangler_23,Wrangler_16,GB_23,GB_16
0,0.0,0.0,97.91666666666666,0.0,100.0,100.0
1,22.22222222222222,22.22222222222222,74.44444444444444,0.0,100.0,100.0
