,Correlation,Causal,Wrangler_23,Wrangler_16,GB_23,GB_16
0,0.0,0.0,60.0,0.0,80.0,100.0
1,89.86486486486487,89.86486486486487,39.86486486486486,0.0,82.43243243243244,100.0
