,Correlation,Causal,Wrangler_23,Wrangler_16,GB_23,GB_16
0,0.0,0.0,0.0,0.0,100.0,0.0
1,0.0,73.4375,0.0,0.0,100.0,0.0
2,0.7751937984496124,73.64341085271317,0.0,0.0,100.0,0.0
3,1.1583011583011582,73.74517374517374,0.0,0.0,100.0,0.0
4,1.5384615384615385,73.84615384615385,0.0,0.0,100.0,0.0
5,4.119850187265917,74.53183520599251,0.0,0.0,100.0,0.0
6,5.88235294117647,75.0,0.0,0.0,100.0,0.0
