,Correlation,Causal,Wrangler_23,Wrangler_16,GB_23,GB_16
0,0.0,0.0,93.33333333333333,0.0,0.0,0.0
1,0.0,0.0,85.54216867469879,0.0,0.0,0.0
2,0.0,1.1904761904761905,85.71428571428571,0.0,0.0,0.0
3,0.0,1.1764705882352942,84.70588235294117,0.0,0.0,0.0
4,0.0,3.0,74.0,0.0,0.0,0.0
5,0.0,3.7383177570093453,70.09345794392523,0.0,0.0,0.0
6,0.0,3.7037037037037033,69.44444444444444,0.0,0.0,0.0
