,TPR,FPR
gb_opt,100.0,2.18978102189781
gb_ipw_opt,100.0,5.839416058394161
wrangler,31.57894736842105,3.64963503649635
