,TPR,FPR
gb_opt,3.278688524590164,0.0
gb_ipw_opt,100.0,100.0
wrangler,17.21311475409836,8.104886769964244
