,TPR,FPR
gb_opt,42.857142857142854,0.0
gb_ipw_opt,100.0,11.11111111111111
wrangler,52.38095238095239,25.925925925925924
