,TPR,FPR
gb_opt,89.47368421052632,0.0
gb_ipw_opt,100.0,4.477611940298507
wrangler,47.368421052631575,8.208955223880597
