,TPR,FPR
gb_opt,76.92307692307693,1.1111111111111112
gb_ipw_opt,96.15384615384616,11.11111111111111
wrangler,50.0,27.77777777777778
