,TPR,FPR
gb_opt,77.77777777777779,0.0
gb_ipw_opt,100.0,4.651162790697675
wrangler,83.33333333333334,48.06201550387597
