,TPR,FPR
gb_opt,68.42105263157895,0.0
gb_ipw_opt,100.0,2.1739130434782608
wrangler,36.84210526315789,18.115942028985508
