,TPR,FPR
gb_opt,73.68421052631578,0.0
gb_ipw_opt,94.73684210526315,8.955223880597014
wrangler,78.94736842105263,28.35820895522388
