,TPR,FPR
gb_opt,72.46376811594203,1.2605042016806722
gb_ipw_opt,82.6086956521739,4.411764705882353
wrangler,85.5072463768116,25.840336134453786
