,TPR,FPR
gb_opt,73.68421052631578,0.0
gb_ipw_opt,100.0,12.030075187969924
wrangler,0.0,1.5037593984962405
