,TPR,FPR
gb_opt,78.94736842105263,0.0
gb_ipw_opt,100.0,0.0
wrangler,89.47368421052632,28.57142857142857
