,TPR,FPR
gb_opt,63.1578947368421,0.7518796992481203
gb_ipw_opt,73.68421052631578,5.263157894736842
wrangler,31.57894736842105,13.533834586466165
