,TPR,FPR
gb_opt,61.40350877192983,0.2518891687657431
gb_ipw_opt,82.45614035087719,2.2670025188916876
wrangler,50.877192982456144,22.670025188916874
