,TPR,FPR
gb_opt,90.0,0.7407407407407408
gb_ipw_opt,100.0,6.666666666666667
wrangler,80.0,14.074074074074074
