,TPR,FPR
gb_opt,92.3076923076923,1.675977653631285
gb_ipw_opt,96.15384615384616,5.58659217877095
wrangler,50.0,4.4692737430167595
