,TPR,FPR
gb_opt,89.47368421052632,0.0
gb_ipw_opt,100.0,2.083333333333333
wrangler,94.73684210526315,9.027777777777777
