,TPR,FPR
gb_opt,60.43956043956044,0.6359300476947536
gb_ipw_opt,76.92307692307693,4.451510333863275
wrangler,32.967032967032964,1.4308426073131957
