,TPR,FPR
gb_opt,86.95652173913044,2.307692307692308
gb_ipw_opt,95.65217391304348,7.6923076923076925
wrangler,86.95652173913044,16.153846153846153
