,TPR,FPR
gb_opt,100.0,0.0
gb_ipw_opt,100.0,16.129032258064516
wrangler,75.0,98.9247311827957
