,TPR,FPR
gb_opt,45.0,0.0
gb_ipw_opt,85.0,2.2388059701492535
wrangler,40.0,6.7164179104477615
