,TPR,FPR
gb_opt,71.42857142857143,0.0
gb_ipw_opt,100.0,6.451612903225806
wrangler,7.142857142857142,0.0
