,TPR,FPR
gb_opt,77.77777777777779,0.6963788300835655
gb_ipw_opt,97.77777777777777,11.559888579387186
wrangler,100.0,49.58217270194986
