,TPR,FPR
gb_opt,74.74747474747475,3.0
gb_ipw_opt,100.0,37.857142857142854
wrangler,100.0,49.57142857142857
