,TPR,FPR
gb_opt,4.62962962962963,0.1400560224089636
gb_ipw_opt,95.37037037037037,21.428571428571427
wrangler,93.51851851851852,19.46778711484594
