,TPR,FPR
gb_opt,94.73684210526315,2.666666666666667
gb_ipw_opt,100.0,7.333333333333333
wrangler,36.84210526315789,13.333333333333334
