,TPR,FPR
gb_opt,84.61538461538461,0.0
gb_ipw_opt,100.0,11.666666666666666
wrangler,53.84615384615385,8.88888888888889
