,TPR,FPR
gb_opt,85.71428571428571,0.0
gb_ipw_opt,100.0,3.787878787878788
wrangler,90.47619047619048,30.303030303030305
