,TPR,FPR
gb_opt,89.47368421052632,0.0
gb_ipw_opt,100.0,2.2556390977443606
wrangler,31.57894736842105,5.263157894736842
