,TPR,FPR
gb_opt,88.46153846153845,1.6666666666666667
gb_ipw_opt,96.15384615384616,9.444444444444445
wrangler,80.76923076923077,67.22222222222223
