,TPR,FPR
gb_opt,77.0,0.5494505494505495
gb_ipw_opt,93.0,4.395604395604396
wrangler,91.0,34.2032967032967
