,TPR,FPR
gb_opt,78.57142857142857,0.0
gb_ipw_opt,100.0,18.27956989247312
wrangler,28.57142857142857,3.225806451612903
