,TPR,FPR
gb_opt,63.63636363636363,0.0
gb_ipw_opt,100.0,43.47826086956522
wrangler,100.0,75.36231884057972
