,TPR,FPR
gb_opt,79.16666666666666,0.0
gb_ipw_opt,95.83333333333334,3.787878787878788
wrangler,83.33333333333334,11.363636363636363
