,TPR,FPR
gb_opt,90.0990099009901,0.27100271002710025
gb_ipw_opt,91.0891089108911,1.7615176151761516
wrangler,88.11881188118812,10.02710027100271
