,TPR,FPR
gb_opt,8.0,1.1428571428571428
gb_ipw_opt,92.0,66.28571428571428
wrangler,24.0,25.71428571428571
