,TPR,FPR
gb_opt,78.94736842105263,0.0
gb_ipw_opt,89.47368421052632,2.9629629629629632
wrangler,36.84210526315789,30.37037037037037
