,TPR,FPR
gb_opt,76.92307692307693,0.0
gb_ipw_opt,92.3076923076923,4.2105263157894735
wrangler,15.384615384615385,12.631578947368421
