,TPR,FPR
gb_opt,42.857142857142854,2.0202020202020203
gb_ipw_opt,100.0,48.484848484848484
wrangler,61.904761904761905,42.42424242424242
