,TPR,FPR
gb_opt,19.047619047619047,0.0
gb_ipw_opt,100.0,9.352517985611511
wrangler,0.0,0.7194244604316548
