,TPR,FPR
gb_opt,70.0,0.0
gb_ipw_opt,100.0,15.037593984962406
wrangler,15.0,7.518796992481203
