,TPR,FPR
gb_opt,81.41592920353983,0.41841004184100417
gb_ipw_opt,100.0,2.928870292887029
wrangler,89.38053097345133,12.552301255230125
