,TPR,FPR
gb_opt,53.62318840579711,0.4123711340206186
gb_ipw_opt,76.81159420289855,2.268041237113402
wrangler,94.20289855072464,35.4639175257732
