,TPR,FPR
gb_opt,90.9090909090909,0.0
gb_ipw_opt,100.0,3.614457831325301
wrangler,72.72727272727273,22.89156626506024
