,TPR,FPR
gb_opt,78.94736842105263,0.7352941176470588
gb_ipw_opt,94.73684210526315,2.2058823529411766
wrangler,15.789473684210526,0.7352941176470588
