,TPR,FPR
gb_opt,42.10526315789473,0.7518796992481203
gb_ipw_opt,94.73684210526315,6.015037593984962
wrangler,10.526315789473683,2.2556390977443606
