,TPR,FPR
gb_opt,94.87179487179486,0.7142857142857143
gb_ipw_opt,100.0,5.714285714285714
wrangler,92.3076923076923,8.214285714285714
