,TPR,FPR
gb_opt,65.38461538461539,0.5586592178770949
gb_ipw_opt,84.61538461538461,20.670391061452513
wrangler,34.61538461538461,17.877094972067038
