,TPR,FPR
gb_opt,21.052631578947366,0.0
gb_ipw_opt,73.68421052631578,4.511278195488721
wrangler,36.84210526315789,12.030075187969924
