,TPR,FPR
gb_opt,73.68421052631578,0.0
gb_ipw_opt,100.0,0.7518796992481203
wrangler,31.57894736842105,5.263157894736842
