,TPR,FPR
gb_opt,45.45454545454545,0.0
gb_ipw_opt,100.0,100.0
wrangler,54.54545454545454,24.65753424657534
