,TPR,FPR
gb_opt,65.21739130434783,0.7751937984496124
gb_ipw_opt,86.95652173913044,3.10077519379845
wrangler,47.82608695652174,10.077519379844961
