,TPR,FPR
gb_opt,57.89473684210527,0.7092198581560284
gb_ipw_opt,94.73684210526315,2.8368794326241136
wrangler,73.68421052631578,18.439716312056735
