,TPR,FPR
gb_opt,60.43956043956044,0.6359300476947536
gb_ipw_opt,76.92307692307693,4.451510333863275
wrangler,87.91208791208791,18.124006359300477
