,TPR,FPR
gb_opt,28.57142857142857,0.0
gb_ipw_opt,82.14285714285714,2.941176470588235
wrangler,32.142857142857146,21.323529411764707
