,TPR,FPR
gb_opt,0.0,0.0
gb_ipw_opt,50.0,0.7092198581560284
wrangler,30.0,17.73049645390071
