,TPR,FPR
gb_opt,22.727272727272727,0.0
gb_ipw_opt,63.63636363636363,0.7518796992481203
wrangler,13.636363636363635,3.007518796992481
