,TPR,FPR
gb_opt,91.2621359223301,0.9915014164305949
gb_ipw_opt,97.0873786407767,3.824362606232295
wrangler,87.37864077669903,19.263456090651555
