,TPR,FPR
gb_opt,89.47368421052632,0.0
gb_ipw_opt,94.73684210526315,8.208955223880597
wrangler,78.94736842105263,55.223880597014926
