,TPR,FPR
gb_opt,94.73684210526315,0.0
gb_ipw_opt,94.73684210526315,2.2388059701492535
wrangler,10.526315789473683,14.925373134328357
