,TPR,FPR
gb_opt,90.0,0.0
gb_ipw_opt,100.0,1.36986301369863
wrangler,50.0,27.397260273972602
