,TPR,FPR
gb_opt,47.368421052631575,0.0
gb_ipw_opt,89.47368421052632,4.511278195488721
wrangler,26.31578947368421,6.015037593984962
