,TPR,FPR
gb_opt,48.0,1.103448275862069
gb_ipw_opt,95.0,27.310344827586206
wrangler,98.0,47.310344827586206
