,TPR,FPR
gb_opt,14.327485380116958,0.31520882584712373
gb_ipw_opt,97.36842105263158,25.768321513002363
wrangler,22.22222222222222,13.55397951142632
