,TPR,FPR
gb_opt,75.0,0.0
gb_ipw_opt,100.0,2.247191011235955
wrangler,91.66666666666666,95.50561797752809
