,TPR,FPR
gb_opt,89.47368421052632,0.0
gb_ipw_opt,100.0,9.62962962962963
wrangler,26.31578947368421,9.62962962962963
