,TPR,FPR
gb_opt,88.46153846153845,1.1173184357541899
gb_ipw_opt,96.15384615384616,4.4692737430167595
wrangler,80.76923076923077,23.463687150837988
