,TPR,FPR
gb_opt,35.0,0.7142857142857143
gb_ipw_opt,95.0,32.142857142857146
wrangler,0.0,0.0
