,TPR,FPR
gb_opt,97.0,1.3605442176870748
gb_ipw_opt,98.0,3.1292517006802725
wrangler,80.0,9.251700680272108
