,TPR,FPR
gb_opt,57.89473684210527,0.0
gb_ipw_opt,73.68421052631578,2.083333333333333
wrangler,0.0,0.0
