,TPR,FPR
gb_opt,100.0,0.0
gb_ipw_opt,100.0,5.714285714285714
wrangler,90.0,67.14285714285714
