,TPR,FPR
gb_opt,75.0,0.0
gb_ipw_opt,85.0,3.007518796992481
wrangler,60.0,21.804511278195488
