,TPR,FPR
gb_opt,84.21052631578947,0.0
gb_ipw_opt,94.73684210526315,1.5037593984962405
wrangler,68.42105263157895,13.533834586466165
