,TPR,FPR
gb_opt,80.95238095238095,0.0
gb_ipw_opt,85.71428571428571,3.7593984962406015
wrangler,42.857142857142854,9.774436090225564
