,TPR,FPR
gb_opt,100.0,0.0
gb_ipw_opt,100.0,2.142857142857143
wrangler,73.68421052631578,1.4285714285714286
