,TPR,FPR
gb_opt,86.0,0.2680965147453083
gb_ipw_opt,88.0,2.0107238605898123
wrangler,77.0,31.099195710455763
