,TPR,FPR
gb_opt,92.3076923076923,0.0
gb_ipw_opt,100.0,1.0638297872340425
wrangler,69.23076923076923,4.25531914893617
