,TPR,FPR
gb_opt,94.73684210526315,0.0
gb_ipw_opt,100.0,1.4814814814814816
wrangler,89.47368421052632,17.77777777777778
