,TPR,FPR
gb_opt,73.68421052631578,0.7352941176470588
gb_ipw_opt,100.0,6.61764705882353
wrangler,26.31578947368421,6.61764705882353
