,TPR,FPR
gb_opt,50.0,0.0
gb_ipw_opt,100.0,6.9364161849710975
wrangler,64.28571428571429,2.312138728323699
