,TPR,FPR
gb_opt,40.909090909090914,0.0
gb_ipw_opt,95.45454545454545,7.194244604316546
wrangler,4.545454545454546,0.0
