,TPR,FPR
gb_opt,92.0,1.118881118881119
gb_ipw_opt,96.0,3.076923076923077
wrangler,75.0,20.41958041958042
