,TPR,FPR
gb_opt,90.47619047619048,0.7299270072992701
gb_ipw_opt,100.0,7.2992700729927
wrangler,23.809523809523807,3.64963503649635
