,TPR,FPR
gb_opt,81.15942028985508,0.5813953488372093
gb_ipw_opt,85.5072463768116,3.2945736434108532
wrangler,68.11594202898551,6.395348837209303
