,TPR,FPR
gb_opt,83.65384615384616,1.4397905759162304
gb_ipw_opt,86.53846153846155,1.963350785340314
wrangler,76.92307692307693,81.54450261780106
