,TPR,FPR
gb_opt,78.57142857142857,0.0
gb_ipw_opt,100.0,1.0309278350515463
wrangler,0.0,0.0
