,TPR,FPR
gb_opt,93.33333333333333,0.0
gb_ipw_opt,100.0,1.1235955056179776
wrangler,33.33333333333333,0.0
