,TPR,FPR
gb_opt,92.3076923076923,0.0
gb_ipw_opt,100.0,3.1914893617021276
wrangler,15.384615384615385,5.319148936170213
