,TPR,FPR
gb_opt,94.73684210526315,0.0
gb_ipw_opt,94.73684210526315,0.7407407407407408
wrangler,84.21052631578947,5.9259259259259265
