,TPR,FPR
gb_opt,49.0,0.42796005706134094
gb_ipw_opt,87.0,9.557774607703282
wrangler,100.0,74.46504992867332
