,TPR,FPR
gb_opt,94.73684210526315,0.0
gb_ipw_opt,100.0,2.9629629629629632
wrangler,84.21052631578947,2.2222222222222223
