,TPR,FPR
gb_opt,48.484848484848484,0.5633802816901409
gb_ipw_opt,92.92929292929293,19.718309859154928
wrangler,72.72727272727273,32.11267605633803
