,TPR,FPR
gb_opt,26.31578947368421,0.0
gb_ipw_opt,73.68421052631578,3.7037037037037033
wrangler,36.84210526315789,26.666666666666668
