,TPR,FPR
gb_opt,90.47619047619048,0.0
gb_ipw_opt,100.0,4.477611940298507
wrangler,90.47619047619048,8.208955223880597
