,TPR,FPR
gb_opt,0.0,0.0
gb_ipw_opt,100.0,96.29629629629629
wrangler,15.0,10.37037037037037
