,TPR,FPR
gb_opt,30.76923076923077,0.0
gb_ipw_opt,100.0,13.333333333333334
wrangler,69.23076923076923,22.22222222222222
