,TPR,FPR
gb_opt,75.0,0.7299270072992701
gb_ipw_opt,91.66666666666666,4.37956204379562
wrangler,58.333333333333336,8.75912408759124
