,TPR,FPR
gb_opt,54.54545454545454,0.9929078014184398
gb_ipw_opt,90.9090909090909,21.27659574468085
wrangler,64.64646464646465,33.61702127659574
