,TPR,FPR
gb_opt,90.0,0.0
gb_ipw_opt,100.0,10.714285714285714
wrangler,80.0,42.142857142857146
