,TPR,FPR
gb_opt,84.21052631578947,0.0
gb_ipw_opt,94.73684210526315,3.007518796992481
wrangler,47.368421052631575,3.7593984962406015
