,TPR,FPR
gb_opt,50.0,0.0
gb_ipw_opt,100.0,44.20289855072464
wrangler,25.0,5.072463768115942
