,TPR,FPR
gb_opt,25.0,5.769230769230769
gb_ipw_opt,100.0,20.192307692307693
wrangler,87.5,21.153846153846153
