,TPR,FPR
gb_opt,30.0,0.0
gb_ipw_opt,90.0,4.285714285714286
wrangler,45.0,23.57142857142857
