,TPR,FPR
gb_opt,82.35294117647058,0.0
gb_ipw_opt,94.11764705882352,2.5423728813559325
wrangler,64.70588235294117,31.35593220338983
