,TPR,FPR
gb_opt,92.3076923076923,0.7326007326007326
gb_ipw_opt,92.3076923076923,8.424908424908425
wrangler,94.87179487179486,11.72161172161172
