,TPR,FPR
gb_opt,73.33333333333333,1.2658227848101267
gb_ipw_opt,100.0,8.860759493670885
wrangler,86.66666666666667,15.18987341772152
