,TPR,FPR
gb_opt,30.0,0.0
gb_ipw_opt,70.0,4.37956204379562
wrangler,10.0,6.569343065693431
