,TPR,FPR
gb_opt,0.0,0.0
gb_ipw_opt,78.94736842105263,0.0
wrangler,5.263157894736842,10.44776119402985
