,TPR,FPR
gb_opt,90.0,0.0
gb_ipw_opt,100.0,5.223880597014925
wrangler,25.0,8.208955223880597
