,TPR,FPR
gb_opt,90.47619047619048,0.7575757575757576
gb_ipw_opt,100.0,9.090909090909092
wrangler,66.66666666666666,18.181818181818183
