,TPR,FPR
gb_opt,92.3076923076923,1.1560693641618496
gb_ipw_opt,92.3076923076923,4.624277456647398
wrangler,84.61538461538461,2.8901734104046244
