,TPR,FPR
gb_opt,94.73684210526315,0.0
gb_ipw_opt,94.73684210526315,2.2556390977443606
wrangler,94.73684210526315,24.81203007518797
