,TPR,FPR
gb_opt,46.15384615384615,0.0
gb_ipw_opt,80.76923076923077,5.82010582010582
wrangler,3.8461538461538463,0.0
