,TPR,FPR
gb_opt,5.0,0.0
gb_ipw_opt,100.0,97.72727272727273
wrangler,15.0,7.575757575757576
