,TPR,FPR
gb_opt,65.21739130434783,0.0
gb_ipw_opt,91.30434782608695,2.127659574468085
wrangler,56.52173913043478,11.347517730496454
