,TPR,FPR
gb_opt,100.0,0.0
gb_ipw_opt,100.0,6.666666666666667
wrangler,93.33333333333333,31.19047619047619
