,TPR,FPR
gb_opt,91.17647058823529,0.7682458386683738
gb_ipw_opt,97.05882352941177,2.560819462227913
wrangler,94.11764705882352,9.090909090909092
