,TPR,FPR
gb_opt,85.14851485148515,0.12285012285012285
gb_ipw_opt,97.02970297029702,9.950859950859952
wrangler,47.524752475247524,3.43980343980344
