,TPR,FPR
gb_opt,80.95238095238095,0.0
gb_ipw_opt,100.0,2.158273381294964
wrangler,42.857142857142854,4.316546762589928
