,TPR,FPR
gb_opt,76.92307692307693,0.5494505494505495
gb_ipw_opt,100.0,4.945054945054945
wrangler,69.23076923076923,21.428571428571427
