,TPR,FPR
gb_opt,100.0,0.0
gb_ipw_opt,100.0,1.4814814814814816
wrangler,47.368421052631575,2.9629629629629632
