,TPR,FPR
gb_opt,85.0,0.0
gb_ipw_opt,95.0,2.2556390977443606
wrangler,60.0,9.022556390977442
