,TPR,FPR
gb_opt,56.666666666666664,2.5210084033613445
gb_ipw_opt,100.0,10.364145658263306
wrangler,0.0,0.0
