,TPR,FPR
gb_opt,84.21052631578947,0.7407407407407408
gb_ipw_opt,100.0,59.25925925925925
wrangler,52.63157894736842,4.444444444444445
