,TPR,FPR
gb_opt,42.10526315789473,0.0
gb_ipw_opt,94.73684210526315,2.877697841726619
wrangler,36.84210526315789,25.179856115107913
