,TPR,FPR
gb_opt,16.071428571428573,0.11560693641618498
gb_ipw_opt,41.07142857142857,1.8497109826589597
wrangler,28.57142857142857,9.017341040462428
