,TPR,FPR
gb_opt,48.07692307692308,1.078167115902965
gb_ipw_opt,78.84615384615384,3.3692722371967654
wrangler,60.57692307692307,5.525606469002695
