,TPR,FPR
gb_opt,78.94736842105263,0.7352941176470588
gb_ipw_opt,94.73684210526315,2.2058823529411766
wrangler,57.89473684210527,1.4705882352941175
