,TPR,FPR
gb_opt,78.94736842105263,0.0
gb_ipw_opt,94.73684210526315,1.4184397163120568
wrangler,21.052631578947366,0.0
