,TPR,FPR
gb_opt,3.571428571428571,0.5649717514124294
gb_ipw_opt,75.0,4.519774011299435
wrangler,25.0,8.47457627118644
