,TPR,FPR
gb_opt,73.68421052631578,0.0
gb_ipw_opt,89.47368421052632,4.477611940298507
wrangler,68.42105263157895,21.641791044776117
