,TPR,FPR
gb_opt,68.42105263157895,0.0
gb_ipw_opt,100.0,3.6764705882352944
wrangler,10.526315789473683,2.2058823529411766
