,TPR,FPR
gb_opt,37.37373737373738,0.5641748942172073
gb_ipw_opt,95.95959595959596,31.029619181946405
wrangler,97.97979797979798,47.53173483779972
