,TPR,FPR
gb_opt,88.57142857142857,0.0
gb_ipw_opt,94.28571428571428,3.90625
wrangler,71.42857142857143,7.8125
