,TPR,FPR
gb_opt,22.727272727272727,0.7633587786259541
gb_ipw_opt,90.9090909090909,5.343511450381679
wrangler,63.63636363636363,14.50381679389313
