,TPR,FPR
gb_opt,89.47368421052632,5.099150141643059
gb_ipw_opt,100.0,12.181303116147308
wrangler,84.21052631578947,56.37393767705382
