,TPR,FPR
gb_opt,21.052631578947366,0.0
gb_ipw_opt,100.0,27.586206896551722
wrangler,26.31578947368421,4.137931034482759
