,TPR,FPR
gb_opt,36.84210526315789,0.0
gb_ipw_opt,78.94736842105263,2.2222222222222223
wrangler,21.052631578947366,7.4074074074074066
