,TPR,FPR
gb_opt,94.73684210526315,0.0
gb_ipw_opt,100.0,8.823529411764707
wrangler,47.368421052631575,8.823529411764707
