,TPR,FPR
gb_opt,86.66666666666667,0.0
gb_ipw_opt,93.33333333333333,3.8461538461538463
wrangler,60.0,19.230769230769234
