,TPR,FPR
gb_opt,55.55555555555556,0.0
gb_ipw_opt,88.88888888888889,7.303370786516854
wrangler,77.77777777777779,48.87640449438202
