,TPR,FPR
gb_opt,94.73684210526315,0.0
gb_ipw_opt,100.0,3.6764705882352944
wrangler,89.47368421052632,8.823529411764707
