,TPR,FPR
gb_opt,67.50448833034112,2.8623001547189273
gb_ipw_opt,97.30700179533214,56.627127385250134
wrangler,42.908438061041295,11.0881897885508
