,TPR,FPR
gb_opt,89.47368421052632,0.0
gb_ipw_opt,94.73684210526315,0.6896551724137931
wrangler,42.10526315789473,0.0
