,TPR,FPR
gb_opt,94.73684210526315,0.0
gb_ipw_opt,100.0,3.7593984962406015
wrangler,21.052631578947366,12.781954887218044
