,TPR,FPR
gb_opt,80.95238095238095,0.7518796992481203
gb_ipw_opt,100.0,6.015037593984962
wrangler,47.61904761904761,9.774436090225564
