,TPR,FPR
gb_opt,89.47368421052632,0.0
gb_ipw_opt,100.0,3.007518796992481
wrangler,26.31578947368421,6.7669172932330826
