,TPR,FPR
gb_opt,90.9090909090909,0.0
gb_ipw_opt,100.0,2.564102564102564
wrangler,81.81818181818183,21.794871794871796
