,TPR,FPR
gb_opt,64.8014440433213,1.3436692506459949
gb_ipw_opt,71.11913357400722,2.945736434108527
wrangler,55.23465703971119,4.186046511627907
