,TPR,FPR
gb_opt,38.46153846153847,0.0
gb_ipw_opt,100.0,1.0752688172043012
wrangler,7.6923076923076925,11.827956989247312
