,TPR,FPR
gb_opt,81.48148148148148,1.1111111111111112
gb_ipw_opt,92.5925925925926,7.222222222222221
wrangler,66.66666666666666,27.22222222222222
