,TPR,FPR
gb_opt,5.0,0.0
gb_ipw_opt,55.00000000000001,2.2388059701492535
wrangler,50.0,17.91044776119403
