,TPR,FPR
gb_opt,78.94736842105263,0.0
gb_ipw_opt,100.0,7.194244604316546
wrangler,73.68421052631578,12.23021582733813
