,TPR,FPR
gb_opt,76.76767676767676,1.0057471264367817
gb_ipw_opt,95.95959595959596,8.620689655172415
wrangler,92.92929292929293,48.706896551724135
