,TPR,FPR
gb_opt,0.0,0.0
gb_ipw_opt,20.0,0.7575757575757576
wrangler,45.0,46.96969696969697
