,TPR,FPR
gb_opt,66.66666666666666,0.0
gb_ipw_opt,94.44444444444444,0.7575757575757576
wrangler,16.666666666666664,19.696969696969695
