,TPR,FPR
gb_opt,84.21052631578947,0.0
gb_ipw_opt,100.0,5.970149253731343
wrangler,63.1578947368421,11.940298507462686
