,TPR,FPR
gb_opt,72.72727272727273,0.0
gb_ipw_opt,95.45454545454545,2.307692307692308
wrangler,31.818181818181817,2.307692307692308
