,TPR,FPR
gb_opt,92.3076923076923,0.0
gb_ipw_opt,100.0,7.07070707070707
wrangler,30.76923076923077,6.0606060606060606
