,TPR,FPR
gb_opt,57.89473684210527,0.0
gb_ipw_opt,100.0,19.548872180451127
wrangler,63.1578947368421,46.616541353383454
