,TPR,FPR
gb_opt,19.444444444444446,1.8518518518518516
gb_ipw_opt,97.22222222222221,68.05555555555556
wrangler,83.33333333333334,24.537037037037038
