,TPR,FPR
gb_opt,100.0,0.7407407407407408
gb_ipw_opt,100.0,2.9629629629629632
wrangler,60.0,10.37037037037037
