,TPR,FPR
gb_opt,65.0,2.941176470588235
gb_ipw_opt,100.0,41.911764705882355
wrangler,75.0,22.794117647058822
