,TPR,FPR
gb_opt,78.94736842105263,0.0
gb_ipw_opt,100.0,5.263157894736842
wrangler,36.84210526315789,6.015037593984962
