,TPR,FPR
gb_opt,46.464646464646464,0.5763688760806917
gb_ipw_opt,88.88888888888889,26.512968299711815
wrangler,75.75757575757575,35.158501440922194
