,TPR,FPR
gb_opt,57.89473684210527,0.7462686567164178
gb_ipw_opt,89.47368421052632,3.731343283582089
wrangler,26.31578947368421,4.477611940298507
