,TPR,FPR
gb_opt,47.368421052631575,0.0
gb_ipw_opt,84.21052631578947,5.185185185185185
wrangler,0.0,0.0
