,TPR,FPR
gb_opt,54.54545454545454,0.9929078014184398
gb_ipw_opt,90.9090909090909,21.27659574468085
wrangler,97.97979797979798,53.758865248226954
