,TPR,FPR
gb_opt,73.68421052631578,0.0
gb_ipw_opt,94.73684210526315,0.0
wrangler,52.63157894736842,14.705882352941178
