,TPR,FPR
gb_opt,55.00000000000001,0.0
gb_ipw_opt,80.0,0.6802721088435374
wrangler,30.0,0.6802721088435374
