,TPR,FPR
gb_opt,55.00000000000001,0.0
gb_ipw_opt,75.0,2.272727272727273
wrangler,35.0,6.8181818181818175
