,TPR,FPR
gb_opt,77.77777777777779,0.546448087431694
gb_ipw_opt,96.29629629629629,4.371584699453552
wrangler,37.03703703703704,0.546448087431694
