,TPR,FPR
gb_opt,63.63636363636363,0.4273504273504274
gb_ipw_opt,92.92929292929293,5.982905982905983
wrangler,98.98989898989899,47.863247863247864
