,TPR,FPR
gb_opt,57.89473684210527,0.0
gb_ipw_opt,100.0,14.583333333333334
wrangler,36.84210526315789,20.13888888888889
