,TPR,FPR
gb_opt,89.47368421052632,0.0
gb_ipw_opt,94.73684210526315,5.185185185185185
wrangler,78.94736842105263,7.4074074074074066
