,TPR,FPR
gb_opt,88.46153846153845,0.53475935828877
gb_ipw_opt,100.0,13.368983957219251
wrangler,38.46153846153847,0.0
