,TPR,FPR
gb_opt,80.95238095238095,0.7518796992481203
gb_ipw_opt,100.0,6.015037593984962
wrangler,38.095238095238095,7.518796992481203
