,TPR,FPR
gb_opt,88.62876254180601,2.719465648854962
gb_ipw_opt,91.9732441471572,6.9179389312977095
wrangler,89.29765886287625,20.610687022900763
