,TPR,FPR
gb_opt,78.94736842105263,0.0
gb_ipw_opt,94.73684210526315,1.4705882352941175
wrangler,26.31578947368421,0.0
