,TPR,FPR
gb_opt,90.0,0.0
gb_ipw_opt,95.0,5.072463768115942
wrangler,35.0,2.1739130434782608
