,TPR,FPR
gb_opt,84.21052631578947,0.7518796992481203
gb_ipw_opt,100.0,7.518796992481203
wrangler,89.47368421052632,24.81203007518797
