,TPR,FPR
gb_opt,97.0,1.3605442176870748
gb_ipw_opt,98.0,3.1292517006802725
wrangler,82.0,11.292517006802722
