,TPR,FPR
gb_opt,28.57142857142857,0.7575757575757576
gb_ipw_opt,85.71428571428571,5.303030303030303
wrangler,4.761904761904762,2.272727272727273
