,TPR,FPR
gb_opt,84.21052631578947,0.0
gb_ipw_opt,100.0,1.4705882352941175
wrangler,47.368421052631575,13.23529411764706
