,TPR,FPR
gb_opt,88.46153846153845,0.5586592178770949
gb_ipw_opt,96.15384615384616,8.938547486033519
wrangler,84.61538461538461,15.083798882681565
