,TPR,FPR
gb_opt,78.94736842105263,0.7518796992481203
gb_ipw_opt,94.73684210526315,6.015037593984962
wrangler,68.42105263157895,37.59398496240601
