,TPR,FPR
gb_opt,70.0,0.0
gb_ipw_opt,100.0,15.037593984962406
wrangler,95.0,35.338345864661655
