,TPR,FPR
gb_opt,44.44444444444444,0.5722460658082975
gb_ipw_opt,85.85858585858585,20.600858369098713
wrangler,71.71717171717171,35.908440629470675
