,TPR,FPR
gb_opt,70.0,0.0
gb_ipw_opt,93.33333333333333,11.864406779661017
wrangler,76.66666666666667,13.559322033898304
