,TPR,FPR
gb_opt,89.47368421052632,0.0
gb_ipw_opt,100.0,5.673758865248227
wrangler,73.68421052631578,53.191489361702125
