,TPR,FPR
gb_opt,63.1578947368421,0.0
gb_ipw_opt,84.21052631578947,1.4814814814814816
wrangler,47.368421052631575,5.185185185185185
