,TPR,FPR
gb_opt,31.818181818181817,0.0
gb_ipw_opt,100.0,7.482993197278912
wrangler,54.54545454545454,6.802721088435375
