,TPR,FPR
gb_opt,100.0,0.0
gb_ipw_opt,100.0,4.166666666666666
wrangler,70.0,9.722222222222223
