,TPR,FPR
gb_opt,78.94736842105263,0.6756756756756757
gb_ipw_opt,100.0,2.7027027027027026
wrangler,68.42105263157895,5.405405405405405
