,TPR,FPR
gb_opt,47.368421052631575,0.0
gb_ipw_opt,94.73684210526315,4.477611940298507
wrangler,0.0,0.0
