,TPR,FPR
gb_opt,68.42105263157895,0.0
gb_ipw_opt,84.21052631578947,4.444444444444445
wrangler,26.31578947368421,11.851851851851853
