,TPR,FPR
gb_opt,100.0,0.7352941176470588
gb_ipw_opt,100.0,2.2058823529411766
wrangler,100.0,16.911764705882355
