,TPR,FPR
gb_opt,43.58974358974359,0.0
gb_ipw_opt,89.74358974358975,6.666666666666667
wrangler,66.66666666666666,13.333333333333334
