,TPR,FPR
gb_opt,15.789473684210526,0.0
gb_ipw_opt,78.94736842105263,5.223880597014925
wrangler,0.0,0.0
