,TPR,FPR
gb_opt,14.285714285714285,0.0
gb_ipw_opt,100.0,36.95652173913043
wrangler,4.761904761904762,0.0
