,TPR,FPR
gb_opt,90.0,0.0
gb_ipw_opt,100.0,9.45945945945946
wrangler,70.0,9.45945945945946
