,TPR,FPR
gb_opt,52.94117647058824,0.8281573498964804
gb_ipw_opt,70.58823529411765,5.797101449275362
wrangler,54.41176470588235,19.875776397515526
