,TPR,FPR
gb_opt,84.21052631578947,0.0
gb_ipw_opt,100.0,7.2992700729927
wrangler,5.263157894736842,6.569343065693431
