,TPR,FPR
gb_opt,44.565217391304344,0.3076923076923077
gb_ipw_opt,77.17391304347827,7.538461538461538
wrangler,35.869565217391305,2.0
