,TPR,FPR
gb_opt,49.494949494949495,0.7194244604316548
gb_ipw_opt,100.0,30.503597122302157
wrangler,98.98989898989899,49.35251798561151
