,TPR,FPR
gb_opt,10.526315789473683,0.0
gb_ipw_opt,84.21052631578947,4.285714285714286
wrangler,42.10526315789473,15.714285714285714
