,TPR,FPR
gb_opt,73.07692307692307,0.5847953216374269
gb_ipw_opt,96.15384615384616,6.432748538011696
wrangler,15.384615384615385,0.0
