,TPR,FPR
gb_opt,50.0,0.0
gb_ipw_opt,85.0,5.303030303030303
wrangler,55.00000000000001,22.727272727272727
