,TPR,FPR
gb_opt,94.73684210526315,0.0
gb_ipw_opt,100.0,0.684931506849315
wrangler,47.368421052631575,0.684931506849315
