,TPR,FPR
gb_opt,73.68421052631578,0.7407407407407408
gb_ipw_opt,100.0,17.77777777777778
wrangler,68.42105263157895,14.814814814814813
