,TPR,FPR
gb_opt,72.22222222222221,0.0
gb_ipw_opt,83.33333333333334,1.574803149606299
wrangler,27.77777777777778,23.62204724409449
