,TPR,FPR
gb_opt,60.0,0.0
gb_ipw_opt,100.0,25.185185185185183
wrangler,20.0,7.4074074074074066
