,TPR,FPR
gb_opt,9.523809523809524,0.0
gb_ipw_opt,61.904761904761905,2.272727272727273
wrangler,9.523809523809524,4.545454545454546
