,TPR,FPR
gb_opt,45.0,0.7575757575757576
gb_ipw_opt,95.0,49.24242424242424
wrangler,75.0,32.57575757575758
