,TPR,FPR
gb_opt,26.08695652173913,0.0
gb_ipw_opt,91.30434782608695,2.2058823529411766
wrangler,0.0,2.2058823529411766
