,TPR,FPR
gb_opt,75.0,0.0
gb_ipw_opt,90.0,3.0303030303030303
wrangler,80.0,20.454545454545457
