,TPR,FPR
gb_opt,95.0,0.641025641025641
gb_ipw_opt,100.0,11.538461538461538
wrangler,40.0,8.974358974358974
