,TPR,FPR
gb_opt,100.0,0.0
gb_ipw_opt,100.0,7.9470198675496695
wrangler,63.1578947368421,3.9735099337748347
