,TPR,FPR
gb_opt,95.0,1.4814814814814816
gb_ipw_opt,100.0,3.7037037037037033
wrangler,55.00000000000001,5.9259259259259265
