,TPR,FPR
gb_opt,84.84848484848484,1.1251758087201125
gb_ipw_opt,98.98989898989899,11.673699015471167
wrangler,100.0,49.226441631504926
