,TPR,FPR
gb_opt,100.0,0.0
gb_ipw_opt,100.0,1.4814814814814816
wrangler,52.63157894736842,2.9629629629629632
