,TPR,FPR
gb_opt,73.68421052631578,0.0
gb_ipw_opt,84.21052631578947,0.7042253521126761
wrangler,52.63157894736842,19.718309859154928
