,TPR,FPR
gb_opt,52.63157894736842,0.0
gb_ipw_opt,100.0,10.989010989010989
wrangler,84.21052631578947,27.472527472527474
