,TPR,FPR
gb_opt,94.73684210526315,0.684931506849315
gb_ipw_opt,94.73684210526315,3.4246575342465753
wrangler,89.47368421052632,22.602739726027394
