,TPR,FPR
gb_opt,34.146341463414636,0.0
gb_ipw_opt,92.6829268292683,7.6923076923076925
wrangler,48.78048780487805,4.029304029304029
