,TPR,FPR
gb_opt,73.68421052631578,0.0
gb_ipw_opt,78.94736842105263,2.877697841726619
wrangler,57.89473684210527,41.726618705035975
