,TPR,FPR
gb_opt,78.94736842105263,0.0
gb_ipw_opt,94.73684210526315,1.4184397163120568
wrangler,94.73684210526315,12.76595744680851
