,TPR,FPR
gb_opt,19.230769230769234,0.0
gb_ipw_opt,100.0,17.318435754189945
wrangler,65.38461538461539,10.614525139664805
