,TPR,FPR
gb_opt,71.23287671232876,0.8130081300813009
gb_ipw_opt,95.8904109589041,19.51219512195122
wrangler,13.698630136986301,4.67479674796748
