,TPR,FPR
gb_opt,87.75510204081633,0.8559201141226819
gb_ipw_opt,96.93877551020408,6.704707560627675
wrangler,71.42857142857143,27.10413694721826
