,TPR,FPR
gb_opt,94.73684210526315,0.0
gb_ipw_opt,100.0,5.594405594405594
wrangler,89.47368421052632,24.475524475524477
