,TPR,FPR
gb_opt,39.0,0.2890173410404624
gb_ipw_opt,88.0,23.699421965317917
wrangler,73.0,35.54913294797688
