,TPR,FPR
gb_opt,73.68421052631578,0.0
gb_ipw_opt,100.0,1.4925373134328357
wrangler,47.368421052631575,2.9850746268656714
