,TPR,FPR
gb_opt,78.94736842105263,0.0
gb_ipw_opt,100.0,3.64963503649635
wrangler,68.42105263157895,19.708029197080293
