,TPR,FPR
gb_opt,57.692307692307686,0.0
gb_ipw_opt,73.07692307692307,0.5524861878453038
wrangler,23.076923076923077,3.867403314917127
