,TPR,FPR
gb_opt,10.526315789473683,0.0
gb_ipw_opt,100.0,57.77777777777777
wrangler,5.263157894736842,0.0
