,TPR,FPR
gb_opt,66.66666666666666,0.7042253521126761
gb_ipw_opt,100.0,11.971830985915492
wrangler,33.33333333333333,0.0
