,TPR,FPR
gb_opt,89.47368421052632,0.0
gb_ipw_opt,100.0,1.36986301369863
wrangler,42.10526315789473,6.164383561643835
