,TPR,FPR
gb_opt,48.07692307692308,1.078167115902965
gb_ipw_opt,78.84615384615384,3.3692722371967654
wrangler,83.65384615384616,16.442048517520217
