,TPR,FPR
gb_opt,80.0,0.0
gb_ipw_opt,100.0,7.954545454545454
wrangler,53.333333333333336,30.681818181818183
