,TPR,FPR
gb_opt,96.15384615384616,0.0
gb_ipw_opt,100.0,0.5050505050505051
wrangler,11.538461538461538,0.0
