,TPR,FPR
gb_opt,45.0,0.0
gb_ipw_opt,90.0,7.042253521126761
wrangler,55.00000000000001,47.183098591549296
