,TPR,FPR
gb_opt,66.66666666666666,0.0
gb_ipw_opt,94.44444444444444,2.586206896551724
wrangler,50.0,0.0
