,TPR,FPR
gb_opt,94.87179487179486,1.090909090909091
gb_ipw_opt,97.43589743589743,8.363636363636363
wrangler,92.3076923076923,10.909090909090908
