,TPR,FPR
gb_opt,100.0,0.0
gb_ipw_opt,100.0,13.432835820895523
wrangler,31.57894736842105,0.0
