,TPR,FPR
gb_opt,66.66666666666666,0.0
gb_ipw_opt,94.44444444444444,0.7575757575757576
wrangler,55.55555555555556,43.93939393939394
