,TPR,FPR
gb_opt,71.71717171717171,1.002865329512894
gb_ipw_opt,92.92929292929293,8.166189111747851
wrangler,92.92929292929293,48.71060171919771
