,TPR,FPR
gb_opt,84.21052631578947,0.7518796992481203
gb_ipw_opt,94.73684210526315,3.7593984962406015
wrangler,84.21052631578947,23.308270676691727
