,TPR,FPR
gb_opt,63.1578947368421,0.0
gb_ipw_opt,100.0,7.971014492753622
wrangler,84.21052631578947,2.1739130434782608
