,TPR,FPR
gb_opt,95.0,0.0
gb_ipw_opt,100.0,1.4184397163120568
wrangler,85.0,12.76595744680851
