,TPR,FPR
gb_opt,47.368421052631575,1.4925373134328357
gb_ipw_opt,89.47368421052632,6.7164179104477615
wrangler,52.63157894736842,18.65671641791045
