,TPR,FPR
gb_opt,94.73684210526315,0.0
gb_ipw_opt,100.0,10.44776119402985
wrangler,42.10526315789473,5.970149253731343
