,TPR,FPR
gb_opt,36.26373626373626,0.0
gb_ipw_opt,54.94505494505495,4.5592705167173255
wrangler,0.0,0.0
