,TPR,FPR
gb_opt,75.0,1.8413597733711047
gb_ipw_opt,92.0,2.5495750708215295
wrangler,41.0,4.674220963172805
