,TPR,FPR
gb_opt,42.10526315789473,0.0
gb_ipw_opt,84.21052631578947,4.3478260869565215
wrangler,47.368421052631575,19.565217391304348
