,TPR,FPR
gb_opt,41.75824175824176,0.0
gb_ipw_opt,67.03296703296702,3.9755351681957185
wrangler,46.15384615384615,6.116207951070336
