,TPR,FPR
gb_opt,73.33333333333333,0.0
gb_ipw_opt,93.33333333333333,4.545454545454546
wrangler,13.333333333333334,12.5
