,TPR,FPR
gb_opt,89.47368421052632,0.0
gb_ipw_opt,100.0,6.25
wrangler,36.84210526315789,4.166666666666666
