,TPR,FPR
gb_opt,57.89473684210527,0.0
gb_ipw_opt,100.0,6.666666666666667
wrangler,63.1578947368421,13.333333333333334
