,TPR,FPR
gb_opt,91.66666666666666,0.0
gb_ipw_opt,100.0,0.0
wrangler,25.0,2.1739130434782608
