,TPR,FPR
gb_opt,40.909090909090914,0.0
gb_ipw_opt,100.0,16.546762589928058
wrangler,81.81818181818183,43.884892086330936
