,TPR,FPR
gb_opt,86.66666666666667,0.0
gb_ipw_opt,100.0,5.660377358490567
wrangler,46.666666666666664,6.60377358490566
