,TPR,FPR
gb_opt,15.789473684210526,0.0
gb_ipw_opt,52.63157894736842,1.5037593984962405
wrangler,0.0,0.0
