,TPR,FPR
gb_opt,78.57142857142857,0.0
gb_ipw_opt,100.0,3.910614525139665
wrangler,0.0,0.0
