,TPR,FPR
gb_opt,94.87179487179486,0.0
gb_ipw_opt,97.43589743589743,2.9629629629629632
wrangler,97.43589743589743,11.851851851851853
