,TPR,FPR
gb_opt,30.0,0.0
gb_ipw_opt,75.0,1.5151515151515151
wrangler,45.0,12.878787878787879
