,TPR,FPR
gb_opt,80.0,0.0
gb_ipw_opt,80.0,2.2388059701492535
wrangler,55.00000000000001,50.74626865671642
