,TPR,FPR
gb_opt,85.0,0.0
gb_ipw_opt,100.0,6.0606060606060606
wrangler,25.0,3.787878787878788
