,TPR,FPR
gb_opt,66.66666666666666,0.0
gb_ipw_opt,100.0,4.285714285714286
wrangler,75.0,11.428571428571429
