,TPR,FPR
gb_opt,57.89473684210527,0.0
gb_ipw_opt,89.47368421052632,6.015037593984962
wrangler,57.89473684210527,9.022556390977442
