,TPR,FPR
gb_opt,90.0,0.0
gb_ipw_opt,100.0,3.0534351145038165
wrangler,90.0,40.458015267175576
