,TPR,FPR
gb_opt,80.95238095238095,0.0
gb_ipw_opt,100.0,6.944444444444445
wrangler,90.47619047619048,9.722222222222223
