,TPR,FPR
gb_opt,63.1578947368421,0.0
gb_ipw_opt,100.0,37.95620437956204
wrangler,36.84210526315789,24.087591240875913
