,TPR,FPR
gb_opt,55.00000000000001,0.0
gb_ipw_opt,80.0,3.571428571428571
wrangler,55.00000000000001,21.428571428571427
