,TPR,FPR
gb_opt,84.21052631578947,0.0
gb_ipw_opt,100.0,4.477611940298507
wrangler,57.89473684210527,7.462686567164178
