,TPR,FPR
gb_opt,40.56603773584906,1.0014306151645207
gb_ipw_opt,70.75471698113208,3.004291845493562
wrangler,68.86792452830188,28.75536480686695
