,TPR,FPR
gb_opt,30.0,0.0
gb_ipw_opt,90.0,4.285714285714286
wrangler,0.0,0.7142857142857143
