,TPR,FPR
gb_opt,52.63157894736842,0.0
gb_ipw_opt,94.73684210526315,6.428571428571428
wrangler,89.47368421052632,39.285714285714285
