,TPR,FPR
gb_opt,42.5531914893617,0.3236245954692557
gb_ipw_opt,60.63829787234043,3.8834951456310676
wrangler,42.5531914893617,9.546925566343042
