,TPR,FPR
gb_opt,89.47368421052632,0.0
gb_ipw_opt,100.0,0.7092198581560284
wrangler,15.789473684210526,4.964539007092199
