,TPR,FPR
gb_opt,42.10526315789473,0.7518796992481203
gb_ipw_opt,94.73684210526315,6.015037593984962
wrangler,0.0,0.0
