,TPR,FPR
gb_opt,73.68421052631578,0.0
gb_ipw_opt,84.21052631578947,0.0
wrangler,0.0,7.352941176470589
