,TPR,FPR
gb_opt,83.33333333333334,0.0
gb_ipw_opt,94.44444444444444,2.3255813953488373
wrangler,61.111111111111114,26.356589147286826
