,TPR,FPR
gb_opt,25.0,0.0
gb_ipw_opt,90.0,3.4965034965034967
wrangler,50.0,24.475524475524477
