,TPR,FPR
gb_opt,73.68421052631578,0.0
gb_ipw_opt,94.73684210526315,2.941176470588235
wrangler,57.89473684210527,8.088235294117647
