,TPR,FPR
gb_opt,80.0,0.0
gb_ipw_opt,100.0,11.842105263157894
wrangler,10.0,1.3157894736842104
