,TPR,FPR
gb_opt,78.94736842105263,0.0
gb_ipw_opt,89.47368421052632,2.2388059701492535
wrangler,63.1578947368421,57.46268656716418
