,TPR,FPR
gb_opt,31.57894736842105,0.0
gb_ipw_opt,63.1578947368421,0.0
wrangler,21.052631578947366,56.52173913043478
