,TPR,FPR
gb_opt,38.46153846153847,0.0
gb_ipw_opt,75.0,10.614525139664805
wrangler,3.8461538461538463,1.1173184357541899
