,TPR,FPR
gb_opt,89.47368421052632,0.7299270072992701
gb_ipw_opt,94.73684210526315,2.9197080291970803
wrangler,73.68421052631578,24.817518248175183
