,TPR,FPR
gb_opt,89.0,0.8771929824561403
gb_ipw_opt,100.0,6.286549707602338
wrangler,84.0,38.45029239766082
