,TPR,FPR
gb_opt,94.73684210526315,0.0
gb_ipw_opt,100.0,5.9259259259259265
wrangler,52.63157894736842,11.851851851851853
