,TPR,FPR
gb_opt,21.052631578947366,0.0
gb_ipw_opt,100.0,27.586206896551722
wrangler,31.57894736842105,9.655172413793103
