,TPR,FPR
gb_opt,47.368421052631575,0.0
gb_ipw_opt,73.68421052631578,1.4285714285714286
wrangler,47.368421052631575,25.0
