,TPR,FPR
gb_opt,65.21739130434783,0.6993006993006993
gb_ipw_opt,91.30434782608695,4.195804195804196
wrangler,30.434782608695656,9.79020979020979
