,TPR,FPR
gb_opt,68.68686868686868,0.7142857142857143
gb_ipw_opt,85.85858585858585,6.142857142857143
wrangler,81.81818181818183,44.285714285714285
