,TPR,FPR
gb_opt,84.61538461538461,0.7326007326007326
gb_ipw_opt,92.3076923076923,4.395604395604396
wrangler,89.74358974358975,9.89010989010989
