,TPR,FPR
gb_opt,100.0,0.0
gb_ipw_opt,100.0,7.9470198675496695
wrangler,57.89473684210527,1.9867549668874174
