,TPR,FPR
gb_opt,91.01123595505618,0.7849293563579277
gb_ipw_opt,100.0,4.081632653061225
wrangler,100.0,11.302982731554161
