,TPR,FPR
gb_opt,34.146341463414636,0.0
gb_ipw_opt,92.6829268292683,7.6923076923076925
wrangler,43.90243902439025,2.197802197802198
