,TPR,FPR
gb_opt,73.68421052631578,0.0
gb_ipw_opt,89.47368421052632,5.88235294117647
wrangler,47.368421052631575,11.76470588235294
