,TPR,FPR
gb_opt,95.23809523809523,0.0
gb_ipw_opt,100.0,3.787878787878788
wrangler,85.71428571428571,12.121212121212121
