,TPR,FPR
gb_opt,63.1578947368421,0.0
gb_ipw_opt,94.73684210526315,8.270676691729323
wrangler,21.052631578947366,5.263157894736842
