,TPR,FPR
gb_opt,92.3076923076923,0.3663003663003663
gb_ipw_opt,97.43589743589743,5.128205128205128
wrangler,94.87179487179486,4.761904761904762
