,TPR,FPR
gb_opt,100.0,0.0
gb_ipw_opt,100.0,4.25531914893617
wrangler,100.0,22.69503546099291
