,TPR,FPR
gb_opt,40.0,0.0
gb_ipw_opt,75.0,2.272727272727273
wrangler,35.0,9.090909090909092
