,TPR,FPR
gb_opt,80.95238095238095,0.7407407407407408
gb_ipw_opt,95.23809523809523,4.444444444444445
wrangler,38.095238095238095,13.333333333333334
