,TPR,FPR
gb_opt,47.05882352941176,0.0
gb_ipw_opt,95.09803921568627,8.297567954220316
wrangler,87.25490196078431,11.444921316165951
