,TPR,FPR
gb_opt,96.03960396039604,0.425531914893617
gb_ipw_opt,98.01980198019803,8.936170212765958
wrangler,80.19801980198021,5.673758865248227
