,TPR,FPR
gb_opt,4.545454545454546,0.25252525252525254
gb_ipw_opt,83.63636363636363,54.04040404040404
wrangler,0.0,0.0
