,TPR,FPR
gb_opt,83.33333333333334,0.819672131147541
gb_ipw_opt,88.88888888888889,8.19672131147541
wrangler,44.44444444444444,25.40983606557377
