,TPR,FPR
gb_opt,57.89473684210527,0.0
gb_ipw_opt,78.94736842105263,2.097902097902098
wrangler,36.84210526315789,2.097902097902098
