,TPR,FPR
gb_opt,92.3076923076923,1.098901098901099
gb_ipw_opt,100.0,6.593406593406594
wrangler,7.6923076923076925,0.0
