,gb,gb_ipw,wrangler_23,wrangler_16
0,0.03435904966956154,0.04463620789335799,0.005813545934231736,0.0023988053972920846
