,gb,gb_ipw,wrangler_23,wrangler_16
0,0.012912442607264362,0.023336600964336717,0.005936073268064155,0.0027266295824182715
