,gb,gb_ipw,wrangler_23,wrangler_16
0,0.014657791229954028,0.017432008255919448,0.005711422357649458,0.0011539233595790923
