,gb,gb_ipw,wrangler_23,wrangler_16
0,0.014582985325863487,0.017286350852564764,0.005969373803389699,0.0011801468698601973
