,gb,gb_ipw,wrangler_23,wrangler_16
0,0.030486222827996567,0.04513106925907561,0.00518013170871782,0.0034628375884025336
