,gb,gb_ipw,wrangler_23,wrangler_16
0,0.016588003524226846,0.027054949745613056,0.0035462190038387845,0.0025007185334780468
