,gb,gb_ipw,wrangler_23,wrangler_16
0,0.03788244319497998,0.056345345357113163,0.006915164985820928,0.003889039165947439
