,gb,gb_ipw,wrangler_23,wrangler_16
0,0.012281935505962545,0.01625354607031428,0.00673990649169477,0.0012858100710453665
