,gb,gb_ipw,wrangler_23,wrangler_16
0,0.01667251081632073,0.01905809385744258,0.00590939101024153,0.0011068492792710046
