,gb,gb_ipw,wrangler_23,wrangler_16
0,0.015424747093051088,0.028956170175589768,0.005034839405732996,0.003267736995921415
