,gb,gb_ipw,wrangler_23,wrangler_16
0,0.015614761246575248,0.031251708666483566,0.00693764951494005,0.0032295783360799155
