,gb,gb_ipw,wrangler_23,wrangler_16
0,0.01679027301941216,0.033018584358610596,0.010067533304730937,0.006368957306982133
