,gb,gb_ipw,wrangler_23,wrangler_16
0,0.010956757288979347,0.013298111912617431,0.008705818516938238,0.0015373170561508228
