,gb,gb_ipw,wrangler_23,wrangler_16
0,0.012822282498962086,0.022916840330595538,0.00523960050056532,0.002508524568068591
