,gb,gb_ipw,wrangler_23,wrangler_16
0,0.01987154560255935,0.025557533297524856,0.0024831503542797214,0.001311823508482285
