,gb,gb_ipw,wrangler_23,wrangler_16
0,0.024490657894090676,0.039680935870641955,0.004923206636275368,0.003598887344886517
