,gb,gb_ipw,wrangler_23,wrangler_16
0,0.01790567680641457,0.02997368574142456,0.004076295428805881,0.0027821019843772606
