,gb,gb_ipw,wrangler_23,wrangler_16
0,0.016858289529989055,0.02760465933121772,0.006626444354665955,0.00258411075337298
