,gb,gb_ipw,wrangler_23,wrangler_16
0,0.013515521028583121,0.015807137661737736,0.005422220755838825,0.0011160943235387164
