,gb,gb_ipw,wrangler_23,wrangler_16
0,0.02888775376415758,0.04383779707409087,0.005034227219838945,0.0032918163077541134
