,gb,gb_ipw,wrangler_23,wrangler_16
0,0.019854703901668692,0.032663460053150996,0.005546491817177632,0.003009580476052683
