,gb,gb_ipw,wrangler_23,wrangler_16
0,0.014257237194030265,0.023384055471032617,0.00581764593356993,0.0021296400364821523
