,gb,gb_ipw,wrangler_23,wrangler_16
0,0.010839048116833859,0.0196863803760146,0.005029226706279971,0.001987726061647823
