,gb,gb_ipw,wrangler_23,wrangler_16
0,0.014458953275451342,0.016994859980440688,0.005479541567301176,0.0010400979371902959
