,gb,gb_ipw,wrangler_23,wrangler_16
0,0.014535162516148486,0.0171587634111522,0.005307890155596918,0.0012251526086183425
