,gb,gb_ipw,wrangler_23,wrangler_16
0,0.01253088600381261,0.02115739697420329,0.005518460832447142,0.002089155626775887
