,gb,gb_ipw,wrangler_23,wrangler_16
0,0.017625909252915063,0.0233427426457298,0.0035741365609250402,0.0018670766715626402
