,gb,gb_ipw,wrangler_23,wrangler_16
0,0.01909773228532177,0.03504247988684703,0.005432104660292803,0.0039945214481677035
