,gb,gb_ipw,wrangler_23,wrangler_16
0,0.02007499801193712,0.02308815885040454,0.0043398281820822004,0.0010294047711515012
