,gb,gb_ipw,wrangler_23,wrangler_16
0,0.011638908687093875,0.022311998831767453,0.006313822279625177,0.002801320367136795
