,gb,gb_ipw,wrangler_23,wrangler_16
0,0.017632761076020274,0.03628307122130484,0.005747217687678107,0.0035417254415856915
