,gb,gb_ipw,wrangler_23,wrangler_16
0,0.009859423888357062,0.017657405451724405,0.005117215608295641,0.0018562768634996917
