,gb,gb_ipw,wrangler_23,wrangler_16
0,0.012990966573491832,0.023630563471768343,0.006757998788678967,0.0028473769759272687
