,gb,gb_ipw,wrangler_23,wrangler_16
0,0.018075727066903743,0.027154820750863538,0.0039726106452665074,0.0023223492161455962
