,gb,gb_ipw,wrangler_23,wrangler_16
0,0.012543046629274045,0.023451924840093178,0.00484850499537084,0.0027164029868650226
