,gb,gb_ipw,wrangler_23,wrangler_16
0,0.02783370805300928,0.03952144051945192,0.004477618327234557,0.002746762699652182
