,gb,gb_ipw,wrangler_23,wrangler_16
0,0.014662367742766374,0.01731871059105831,0.005387378938542973,0.0011415788962406183
