,gb,gb_ipw,wrangler_23,wrangler_16
0,0.0226302104681145,0.028120906801925145,0.0032604222670398315,0.0014396002075054298
