,gb,gb_ipw,wrangler_23,wrangler_16
0,0.022058031047653474,0.030154713672568938,0.005360105549026214,0.002905995962847727
