,gb,gb_ipw,wrangler_23,wrangler_16
0,0.013979702216468272,0.016363355263550573,0.00634704854586147,0.001076111407435404
