,gb,gb_ipw,wrangler_23,wrangler_16
0,0.030358871206259113,0.04738067778257222,0.005642238717812757,0.004122224755776235
