,gb,gb_ipw,wrangler_23,wrangler_16
0,0.028031878173351288,0.04989653825759888,0.00548859437306722,0.004370386401812235
