,gb,gb_ipw,wrangler_23,wrangler_16
0,0.016408808091107535,0.02761434619691277,0.0059785694812790665,0.002519351804011886
