,gb,gb_ipw,wrangler_23,wrangler_16
0,0.019316640965899915,0.028247295337061655,0.0036814698759875275,0.0023614558773157354
