,gb,gb_ipw,wrangler_23,wrangler_16
0,0.028850126636120698,0.04442680713742278,0.005637582882430202,0.003644477489382721
