,gb,gb_ipw,wrangler_23,wrangler_16
0,0.00869800540281453,0.01623980887901826,0.003875156457278891,0.0016819618936080658
