,gb,gb_ipw,wrangler_23,wrangler_16
0,0.024171952886142947,0.04193773386122167,0.010045009782944604,0.00392684134943732
