,gb,gb_ipw,wrangler_23,wrangler_16
0,0.018049968264953434,0.03022465266679463,0.006598077322307386,0.0031803957900108652
