,gb,gb_ipw,wrangler_23,wrangler_16
0,0.021744997073442508,0.03306588242510131,0.004434491520567524,0.0026912613968407147
