,gb,gb_ipw,wrangler_23,wrangler_16
0,0.02270643828345127,0.03890978182599844,0.004444617391284046,0.003514394082658278
