,gb,gb_ipw,wrangler_23,wrangler_16
0,0.015586754525771166,0.024333086531886632,0.004201667729357919,0.002290161562637544
