,gb,gb_ipw,wrangler_23,wrangler_16
0,0.01920493443806966,0.028623421986897785,0.0031969547271728516,0.0019736289978027344
