,gb,gb_ipw,wrangler_23,wrangler_16
0,0.02814499915481046,0.03826434867530814,0.0035964796925889524,0.002306464463632925
