,gb,gb_ipw,wrangler_23,wrangler_16
0,0.013832479770639167,0.02309659711357688,0.004207527630109439,0.002655668913322831
