,gb,gb_ipw,wrangler_23,wrangler_16
0,0.01755417401052754,0.02329491482327832,0.002452071698615727,0.001377815184888814
