,gb,gb_ipw,wrangler_23,wrangler_16
0,0.023508736984595303,0.043724723987105106,0.0060719385372645365,0.004297173189495173
