,gb,gb_ipw,wrangler_23,wrangler_16
0,0.012532547787503075,0.022462090930423218,0.0062556417138726885,0.002571544400206558
