,gb,gb_ipw,wrangler_23,wrangler_16
0,0.029778465619304913,0.04512731398247867,0.005913347359968022,0.0036046085989870375
