,gb,gb_ipw,wrangler_23,wrangler_16
0,0.015486546257081244,0.017793619831900243,0.004775068625015135,0.0010019777011463357
