,gb,gb_ipw,wrangler_23,wrangler_16
0,0.03119911810364386,0.051160773845634076,0.007545586788293088,0.0045270630807587595
