,gb,gb_ipw,wrangler_23,wrangler_16
0,0.026258818222827347,0.042146428254736724,0.005268343696697061,0.004008773844839749
