,gb,gb_ipw,wrangler_23,wrangler_16
0,0.024358431498209637,0.045608729124069214,0.005494389269087049,0.004095335801442464
