,gb,gb_ipw,wrangler_23,wrangler_16
0,0.03269196009047796,0.047822491720007756,0.004449876933667873,0.003515090616649649
