,gb,gb_ipw,wrangler_23,wrangler_16
0,0.010600087986473961,0.01942014714617682,0.0077649268728573724,0.002420861648605275
