,gb,gb_ipw,wrangler_23,wrangler_16
0,0.028412710360395232,0.043322400348942455,0.004573566157643387,0.003209734350685181
