,gb,gb_ipw,wrangler_23,wrangler_16
0,0.029218969521699126,0.04936202808662697,0.005691691681190773,0.004493527942233616
