,gb,gb_ipw,wrangler_23,wrangler_16
0,0.0066893401915434185,0.011067325002932676,0.008364971825685451,0.001666387395253257
