,gb,gb_ipw,wrangler_23,wrangler_16
0,0.02073319606324181,0.03718732608802709,0.005851497075972099,0.003620494305236187
