,gb,gb_ipw,wrangler_23,wrangler_16
0,0.012112981636963638,0.02214252113012054,0.00604855483732823,0.002539504279307392
