,gb,gb_ipw,wrangler_23,wrangler_16
0,0.022330234960182424,0.042726084129097536,0.005687634969495006,0.0044979999974830865
