,gb,gb_ipw,wrangler_23,wrangler_16
0,0.02550936880565825,0.046351835841224306,0.005895537989480155,0.00409817411786034
