,gb,gb_ipw,wrangler_23,wrangler_16
0,0.010906180069052427,0.019596924949790723,0.004040532641940648,0.0021761833490718027
