,gb,gb_ipw,wrangler_23,wrangler_16
0,0.015007537755344812,0.022270051345609065,0.003880616963416254,0.0015103445512377168
