,gb,gb_ipw,wrangler_23,wrangler_16
0,0.007235124727722187,0.009672439584896258,0.00717044100286505,0.0018991783709197455
