,gb,gb_ipw,wrangler_23,wrangler_16
0,0.009284784597675889,0.016147295859055517,0.005249024247873304,0.001785623809464372
