,gb,gb_ipw,wrangler_23,wrangler_16
0,0.017276420350948823,0.01998287363623534,0.004732742932660608,0.000992513611615245
