,gb,gb_ipw,wrangler_23,wrangler_16
0,0.012636268084680505,0.015083706933495547,0.005625018960072804,0.0012838244229690643
