,gb,gb_ipw,wrangler_23,wrangler_16
0,0.02599226786645144,0.047151438832146474,0.005687088764273697,0.004071413719640428
