,gb,gb_ipw,wrangler_23,wrangler_16
0,0.012787286337319905,0.024214657870205974,0.005868069537274247,0.002654187090985187
