,gb,gb_ipw,wrangler_23,wrangler_16
0,0.008358244901022755,0.013958156082669516,0.004523324029695394,0.0017160885393720546
