,gb,gb_ipw,wrangler_23,wrangler_16
0,0.01275894560815575,0.015328985910185005,0.007580507440897944,0.0014397457027869856
