,gb,gb_ipw,wrangler_23,wrangler_16
0,0.01339700389633899,0.016117396159537316,0.005539010229040668,0.001251384819166858
