,gb,gb_ipw,wrangler_23,wrangler_16
0,0.030805285160358135,0.04922312039595384,0.005694536062387319,0.003933715514647655
