,gb,gb_ipw,wrangler_23,wrangler_16
0,0.03122086777831569,0.052308945944814965,0.005748687368450744,0.004078402663722182
