,gb,gb_ipw,wrangler_23,wrangler_16
0,0.017586507295307363,0.03350081992649247,0.008107966013734142,0.0036622807670465937
