,gb,gb_ipw,wrangler_23,wrangler_16
0,0.017088652793080188,0.0198755646878841,0.006415479542619731,0.0011981817252390131
