,gb,gb_ipw,wrangler_23,wrangler_16
0,0.010343237978513123,0.012600071768943078,0.004215562929872607,0.000978346730841965
