,gb,gb_ipw,wrangler_23,wrangler_16
0,0.01619254073051557,0.019641263662770823,0.004836050524196304,0.0010762947697980582
