,gb,gb_ipw,wrangler_23,wrangler_16
0,0.023817732220604303,0.04437175535020375,0.00565853856858753,0.004349010331290109
