,gb,gb_ipw,wrangler_23,wrangler_16
0,0.025662559050100824,0.046238855079368306,0.006403636049341272,0.00446565725185253
