,gb,gb_ipw,wrangler_23,wrangler_16
0,0.03347182273864746,0.04975271224975586,0.008026957511901855,0.0036804676055908203
