,gb,gb_ipw,wrangler_23,wrangler_16
0,0.031320434628110946,0.051117078824476775,0.005751848220825195,0.004298759229255445
