,gb,gb_ipw,wrangler_23,wrangler_16
0,0.01207103500258451,0.02158212207131466,0.004546032787042823,0.002481674743910967
