,gb,gb_ipw,wrangler_23,wrangler_16
0,0.009225904941558838,0.011714249849319458,0.009172906478246054,0.0017670790354410808
