,gb,gb_ipw,wrangler_23,wrangler_16
0,0.03205640957905696,0.05060868958632152,0.006361124225151846,0.004464187301122227
