,gb,gb_ipw,wrangler_23,wrangler_16
0,0.014653277097258176,0.017389498916562,0.005277510209153532,0.0011101833679391152
