,gb,gb_ipw,wrangler_23,wrangler_16
0,0.023440768321355183,0.041491289933522545,0.006128599246342977,0.004665553569793701
