,gb,gb_ipw,wrangler_23,wrangler_16
0,0.013208345455281875,0.015905706071052232,0.005657432459983505,0.0012211752038042084
