,gb,gb_ipw,wrangler_23,wrangler_16
0,0.028195756453054926,0.05046140264581751,0.006159974469078911,0.004573552696793168
