,gb,gb_ipw,wrangler_23,wrangler_16
0,0.01500114914058715,0.02316208772881086,0.003430640050607134,0.002063522043154221
