,gb,gb_ipw,wrangler_23,wrangler_16
0,0.028450802119091307,0.038726642878368654,0.0030547681480947164,0.002136254551434758
