,gb,gb_ipw,wrangler_23,wrangler_16
0,0.02436060458421707,0.04405528306961059,0.005743776758511862,0.0046510249376297
