,gb,gb_ipw,wrangler_23,wrangler_16
0,0.012864464207699424,0.016116895173725325,0.0056544354087428046,0.0018199117560135693
