,gb,gb_ipw,wrangler_23,wrangler_16
0,0.016079609433991362,0.019368624578327893,0.004258729188591015,0.0010156921781542818
