,gb,gb_ipw,wrangler_23,wrangler_16
0,0.013384280587988975,0.016024930067246708,0.005915448721403508,0.0014413288384221212
