,gb,gb_ipw,wrangler_23,wrangler_16
0,0.024471642836084908,0.04145634249321319,0.005102757387940989,0.004212811308087043
