,gb,gb_ipw,wrangler_23,wrangler_16
0,0.023344910241724026,0.03282584472077326,0.004026544126391734,0.002199799064698258
