,gb,gb_ipw,wrangler_23,wrangler_16
0,0.01485588879838907,0.01740802026216435,0.005884680123313382,0.001182509196065357
