,gb,gb_ipw,wrangler_23,wrangler_16
0,0.006811703166002949,0.011273516864372939,0.006408228602989641,0.0017078780623340103
