,gb,gb_ipw,wrangler_23,wrangler_16
0,0.012219133900433051,0.020184531444456512,0.005990115365361779,0.001994150925457962
