,gb,gb_ipw,wrangler_23,wrangler_16
0,0.012446075792938585,0.023581309668345797,0.00664062941856826,0.0028380832156619513
