,gb,gb_ipw,wrangler_23,wrangler_16
0,0.023020431399345398,0.041307260592778526,0.005655611554781597,0.004271355768044789
