,gb,gb_ipw,wrangler_23,wrangler_16
0,0.029010077317555744,0.048803234541857685,0.005494665216516566,0.004059462635605423
