,gb,gb_ipw,wrangler_23,wrangler_16
0,0.017264196949620402,0.022411773708986126,0.002678434766179202,0.0013279658491893481
