,gb,gb_ipw,wrangler_23,wrangler_16
0,0.0165245065125086,0.022513651719657326,0.003731699400050665,0.001366019889872561
