,gb,gb_ipw,wrangler_23,wrangler_16
0,0.023744732690803412,0.049571401065157866,0.0060765082595572555,0.004728746875976257
