,gb,gb_ipw,wrangler_23,wrangler_16
0,0.014711362606371783,0.025334406872184908,0.003967671462172848,0.0027124721029325263
