,gb,gb_ipw,wrangler_23,wrangler_16
0,0.016637372248100513,0.027529217980124737,0.003726193399140329,0.0026226043701171875
