,gb,gb_ipw,wrangler_23,wrangler_16
0,0.015597724914550781,0.020991007486979164,0.003562164306640625,0.001324717203776042
