,gb,gb_ipw,wrangler_23,wrangler_16
0,0.024430772178193443,0.041459360693255044,0.0050393944112663595,0.005476495139619224
