,gb,gb_ipw,wrangler_23,wrangler_16
0,0.024134437714157433,0.027532400242213546,0.006099424228586,0.001147855073213577
