,gb,gb_ipw,wrangler_23,wrangler_16
0,0.020342439102380868,0.03373827471576315,0.00658356483783737,0.0030506871276219164
