,gb,gb_ipw,wrangler_23,wrangler_16
0,0.02673049431062688,0.04394714441676597,0.005431094412076271,0.003937274049230889
