,gb,gb_ipw,wrangler_23,wrangler_16
0,0.02082253536234703,0.028831525869808864,0.004081302865087824,0.0020437608889447966
