,gb,gb_ipw,wrangler_23,wrangler_16
0,0.01713797286316589,0.027844351913715645,0.005994056420198977,0.0026891332593405822
