,gb,gb_ipw,wrangler_23,wrangler_16
0,0.02898213764031728,0.05619227886199952,0.007237825128767225,0.00605359673500061
