,gb,gb_ipw,wrangler_23,wrangler_16
0,0.01346420035104269,0.01689655410473675,0.005985346556125928,0.001548222846385696
