,gb,gb_ipw,wrangler_23,wrangler_16
0,0.031003220514817673,0.05082853815772317,0.005563551729375666,0.004137329982988763
