,gb,gb_ipw,wrangler_23,wrangler_16
0,0.015231415769523214,0.018123393273029708,0.005501751615709646,0.0011973246511620787
