,gb,gb_ipw,wrangler_23,wrangler_16
0,0.011102997870457404,0.015515477430790086,0.005788478207897755,0.0013003880473367077
