,gb,gb_ipw,wrangler_23,wrangler_16
0,0.021586518572724388,0.031234210600023682,0.004105026955189913,0.002452455784963525
