,gb,gb_ipw,wrangler_23,wrangler_16
0,0.02608795166015625,0.03422012329101561,0.0052465529668898805,0.002495029994419643
