,gb,gb_ipw,wrangler_23,wrangler_16
0,0.012707591559045937,0.018275866148710157,0.002602150229282737,0.0013226706695848842
