,gb,gb_ipw,wrangler_23,wrangler_16
0,0.010112799620939352,0.018034306558707625,0.004722377741728377,0.001862553817267015
