,gb,gb_ipw,wrangler_23,wrangler_16
0,0.027769442760583126,0.04777357433781479,0.005619995521776604,0.004172325134277344
