,gb,gb_ipw,wrangler_23,wrangler_16
0,0.02047100452461628,0.038968433033336296,0.0061810618699199025,0.004563909588438092
