,gb,gb_ipw,wrangler_23,wrangler_16
0,0.01719713774696873,0.02258698991004457,0.0025973111461522163,0.0013698500098911584
