,gb,gb_ipw,wrangler_23,wrangler_16
0,0.03292971411667301,0.050528574798066744,0.008479686780164471,0.003914375089656161
