,gb,gb_ipw,wrangler_23,wrangler_16
0,0.023692915525447483,0.038986664338948145,0.005773897093486011,0.0034586962368707078
