,gb,gb_ipw,wrangler_23,wrangler_16
0,0.025860632408115872,0.04642362037475167,0.00590229362146961,0.004237187004307838
