,gb,gb_ipw,wrangler_23,wrangler_16
0,0.01805693160390911,0.02389533830230239,0.003008147436800539,0.0014156993287153712
