,gb,gb_ipw,wrangler_23,wrangler_16
0,0.019983277020641035,0.03669463206518572,0.0112828245503755,0.0032645854996832496
