,gb,gb_ipw,wrangler_23,wrangler_16
0,0.02362851984753604,0.026364169209164783,0.011516422266718208,0.0018200452396040059
