,gb,gb_ipw,wrangler_23,wrangler_16
0,0.040131631076976815,0.058659863087438785,0.0061621909500450215,0.004229446252187093
