,gb,gb_ipw,wrangler_23,wrangler_16
0,0.02537015825510025,0.04813395854499605,0.006309296521875594,0.00465868247879876
