,gb,gb_ipw,wrangler_23,wrangler_16
0,0.006468972884572739,0.012235869152227415,0.005662615197177991,0.002063615622068966
