,gb,gb_ipw,wrangler_23,wrangler_16
0,0.023612194815597964,0.03863997378591764,0.005140816424526063,0.0036187091116177835
