,gb,gb_ipw,wrangler_23,wrangler_16
0,0.016456881220108514,0.017675572041720294,0.008847489019024223,0.001046314418833189
