,gb,gb_ipw,wrangler_23,wrangler_16
0,0.017772951433735508,0.03688112381965884,0.005372416588567918,0.0038553822425103964
