,gb,gb_ipw,wrangler_23,wrangler_16
0,0.02087432494278216,0.03956601382121188,0.005695008739982684,0.004082610926677271
