,gb,gb_ipw,wrangler_23,wrangler_16
0,0.023398702106778586,0.03983942018885191,0.005998633075463258,0.003768635444900616
