,gb,gb_ipw,wrangler_23,wrangler_16
0,0.011824477465120812,0.02127857974517832,0.003913005019823215,0.002015160459924138
