,gb,gb_ipw,wrangler_23,wrangler_16
0,0.04334113112202397,0.0731633217246444,0.007337166203392876,0.005502943639402036
