,gb,gb_ipw,wrangler_23,wrangler_16
0,0.0230855913968545,0.04423185965757676,0.00507629995095834,0.003946765866293505
