,gb,gb_ipw,wrangler_23,wrangler_16
0,0.035010227540723325,0.056819445421906555,0.005525188381169118,0.0043689799146587344
