,gb,gb_ipw,wrangler_23,wrangler_16
0,0.014365818824107448,0.017002096494935084,0.006632895129753418,0.0011199431893713187
