,gb,gb_ipw,wrangler_23,wrangler_16
0,0.013380294861497909,0.02454467860836224,0.004808472173233237,0.002609719484642831
