,gb,gb_ipw,wrangler_23,wrangler_16
0,0.024074495866380892,0.04865571685221003,0.006076076935077535,0.0048290038930958725
