,gb,gb_ipw,wrangler_23,wrangler_16
0,0.011180443476242733,0.01368210370228345,0.005805219781126153,0.0011666648848884565
