,gb,gb_ipw,wrangler_23,wrangler_16
0,0.02763855214021644,0.045709707299057316,0.005616703811956912,0.004187895327198262
