,gb,gb_ipw,wrangler_23,wrangler_16
0,0.015768068355124565,0.019253420182707908,0.006803320018064077,0.0014274539145433542
