,gb,gb_ipw,wrangler_23,wrangler_16
0,0.010350520577328524,0.019946172337838658,0.0073812048433449014,0.0023176735273926496
