,gb,gb_ipw,wrangler_23,wrangler_16
0,0.01470469689184381,0.022538133369859797,0.004599630370620609,0.0018554140431012295
