,gb,gb_ipw,wrangler_23,wrangler_16
0,0.020789829167452725,0.030931830406188965,0.006004897030917081,0.002683834596113725
