,gb,gb_ipw,wrangler_23,wrangler_16
0,0.01267163917936128,0.02213357680145351,0.0037179681761511435,0.002105773865491494
