,gb,gb_ipw,wrangler_23,wrangler_16
0,0.028305692771046432,0.04836701855217058,0.005067500871481355,0.003943738249159351
