,gb,gb_ipw,wrangler_23,wrangler_16
0,0.004601029607552091,0.007837429477098758,0.0067227413743104125,0.0017991601545389775
