,gb,gb_ipw,wrangler_23,wrangler_16
0,0.012775971775963192,0.023189754713149296,0.004578913961138045,0.0027723255611601326
