,gb,gb_ipw,wrangler_23,wrangler_16
0,0.015641508320077234,0.0259629368076663,0.0038970252365150997,0.00252939338716328
