,gb,gb_ipw,wrangler_23,wrangler_16
0,0.027573243734306283,0.04053556570782147,0.006089128051830604,0.0032795705323284694
