,gb,gb_ipw,wrangler_23,wrangler_16
0,0.010061682316294888,0.01692039924755431,0.003997432558160079,0.0020422433551989102
