,gb,gb_ipw,wrangler_23,wrangler_16
0,0.01184662200231466,0.019134895619197945,0.006067409014527366,0.0019672868378040245
