,gb,gb_ipw,wrangler_23,wrangler_16
0,0.014680127302805584,0.026444128404061,0.005344084153572719,0.0024569841722647348
