,gb,gb_ipw,wrangler_23,wrangler_16
0,0.011825704411284561,0.0222226409199031,0.004202212508954958,0.002317173091788271
