,gb,gb_ipw,wrangler_23,wrangler_16
0,0.0295232089861868,0.04761979840903203,0.005418825238003138,0.003866008128659845
