,gb,gb_ipw,wrangler_23,wrangler_16
0,0.009457593890924276,0.017098087441261116,0.005577726291652353,0.002001997702284822
