,gb,gb_ipw,wrangler_23,wrangler_16
0,0.024065874060805962,0.03466255810795998,0.005747736716757016,0.002772662104392538
