,gb,gb_ipw,wrangler_23,wrangler_16
0,0.03378779093424479,0.05065867106119792,0.007870101928710937,0.0037938435872395832
