,gb,gb_ipw,wrangler_23,wrangler_16
0,0.014918428576319698,0.023768605598178574,0.004698873048851849,0.0019285842957284288
