,gb,gb_ipw,wrangler_23,wrangler_16
0,0.016787126733177685,0.022390021606624302,0.0025669034508549455,0.0013996312578635713
