,gb,gb_ipw,wrangler_23,wrangler_16
0,0.022229084502901748,0.028725459371492026,0.0032076023931501317,0.0015731770394626014
