,gb,gb_ipw,wrangler_23,wrangler_16
0,0.03355962258798104,0.058330871440746175,0.005940596262613933,0.004636744658152262
