,gb,gb_ipw,wrangler_23,wrangler_16
0,0.009653892943529578,0.013236289586478133,0.005461881315805078,0.0013074254601951538
