,gb,gb_ipw,wrangler_23,wrangler_16
0,0.007272144363269096,0.009693054089963866,0.007534939544915645,0.0020983782020123883
