,gb,gb_ipw,wrangler_23,wrangler_16
0,0.031201099907910385,0.04977843275776615,0.005517292905736853,0.003989647935937952
