,gb,gb_ipw,wrangler_23,wrangler_16
0,0.012775888763148327,0.014872711041936557,0.005770602764700096,0.0011661894323867067
