,gb,gb_ipw,wrangler_23,wrangler_16
0,0.026258698970474448,0.04916514142447965,0.0059766165462263555,0.004836140044132284
