,gb,gb_ipw,wrangler_23,wrangler_16
0,0.02139622403174331,0.039836385405760046,0.005899016390141752,0.00399904152781693
