,gb,gb_ipw,wrangler_23,wrangler_16
0,0.01795808901496258,0.03143733761216577,0.0059701849482820014,0.0032000644232637134
