,gb,gb_ipw,wrangler_23,wrangler_16
0,0.014522578567266464,0.025652193774779636,0.005820610870917638,0.0024703331291675563
