,gb,gb_ipw,wrangler_23,wrangler_16
0,0.025502716501553856,0.04995459069808324,0.005843738714853922,0.004886649549007416
