,gb,gb_ipw,wrangler_23,wrangler_16
0,0.017792124687607377,0.03224095144566898,0.014790082619195026,0.004986599969897715
