,gb,gb_ipw,wrangler_23,wrangler_16
0,0.02377034091417643,0.027268969513010825,0.003984408062082076,0.0010178573355869459
