,gb,gb_ipw,wrangler_23,wrangler_16
0,0.033262602809302336,0.050035590675944826,0.0056959563232832884,0.004694919393520163
