,gb,gb_ipw,wrangler_23,wrangler_16
0,0.011664189790424547,0.01433814199347245,0.005522276225842927,0.0015101181833367598
