,gb,gb_ipw,wrangler_23,wrangler_16
0,0.015112781978825488,0.01762009328998735,0.0069240881365391855,0.0013840940387555556
