,gb,gb_ipw,wrangler_23,wrangler_16
0,0.030598075119490475,0.05285170479738425,0.005548352638061103,0.004620691345319715
