,gb,gb_ipw,wrangler_23,wrangler_16
0,0.012560806648797251,0.015172630788734242,0.006300167079728986,0.0013113857527344093
