,gb,gb_ipw,wrangler_23,wrangler_16
0,0.01660279324540345,0.019319160547785603,0.005733283292961864,0.0013366748061598643
