,gb,gb_ipw,wrangler_23,wrangler_16
0,0.012428767379673048,0.0218828690463099,0.006000971657106246,0.002540519525264872
