,gb,gb_ipw,wrangler_23,wrangler_16
0,0.011382289438940296,0.02150322471917009,0.004947340910217172,0.0024569545156240906
