,gb,gb_ipw,wrangler_23,wrangler_16
0,0.04818997321984707,0.0782158130254501,0.011055706403194329,0.005654608592008933
