,gb,gb_ipw,wrangler_23,wrangler_16
0,0.016761328044690584,0.01957485550328305,0.005571308888887105,0.0011162695131803812
