,gb,gb_ipw,wrangler_23,wrangler_16
0,0.014799049026087712,0.01758004489697908,0.005471424052589819,0.0012897817712081107
