,gb,gb_ipw,wrangler_23,wrangler_16
0,0.022387322114438425,0.03984722555900107,0.005714443265175332,0.004361174544509576
