,gb,gb_ipw,wrangler_23,wrangler_16
0,0.021159172904311605,0.04087725675730126,0.006978556236124927,0.00484548211626596
