,gb,gb_ipw,wrangler_23,wrangler_16
0,0.029303133487701416,0.05369716220431858,0.005893823173311021,0.004823009173075358
