,gb,gb_ipw,wrangler_23,wrangler_16
0,0.01659327083163792,0.030306028941321,0.006914895678323415,0.0031110786256336037
