,gb,gb_ipw,wrangler_23,wrangler_16
0,0.010878496161021484,0.019929379704095557,0.008326605342984086,0.0019092659061543762
