,gb,gb_ipw,wrangler_23,wrangler_16
0,0.004090094244492513,0.005903686359705253,0.006639758539513429,0.0013000472436193859
