,gb,gb_ipw,wrangler_23,wrangler_16
0,0.023708616693814598,0.042593851685523994,0.005779291192690531,0.0046962251265843715
