,gb,gb_ipw,wrangler_23,wrangler_16
0,0.00814637284220001,0.012911561830544179,0.007040430734186998,0.0016432669427659777
