,gb,gb_ipw,wrangler_23,wrangler_16
0,0.023738125960032146,0.030999998251597088,0.004646162192026774,0.0024067560831705728
