,gb,gb_ipw,wrangler_23,wrangler_16
0,0.02942626009282377,0.049701466183482174,0.0054322157528801885,0.00392387003423422
