,gb,gb_ipw,wrangler_23,wrangler_16
0,0.016828965858594905,0.027527269023208432,0.006317790040300744,0.002828676218917988
