,gb,gb_ipw,wrangler_23,wrangler_16
0,0.015967658587864465,0.018955278797309943,0.008404964492434547,0.001313681362055931
