,gb,gb_ipw,wrangler_23,wrangler_16
0,0.02874008246830531,0.04154136256566124,0.004830341490488205,0.004138028810894678
