,gb,gb_ipw,wrangler_23,wrangler_16
0,0.016180203489864053,0.028735207717546975,0.007586565951806282,0.0028392394476051347
