,gb,gb_ipw,wrangler_23,wrangler_16
0,0.026844470148291503,0.03844188126742061,0.00846055656156608,0.004390649437854121
