,gb,gb_ipw,wrangler_23,wrangler_16
0,0.02581156878803298,0.03297748407807537,0.004878397303647623,0.001983524178406176
