,gb,gb_ipw,wrangler_23,wrangler_16
0,0.010183385687091583,0.013251667437346085,0.00768387786596705,0.0011263797001809068
