,gb,gb_ipw,wrangler_23,wrangler_16
0,0.01805684142677476,0.03245101606837999,0.007328070852421737,0.003813780472582971
