,gb,gb_ipw,wrangler_23,wrangler_16
0,0.028969663562196674,0.04977349079016483,0.0061826272444291544,0.004823159689855094
