,gb,gb_ipw,wrangler_23,wrangler_16
0,0.02485655602954683,0.04717352844419933,0.0057039516312735435,0.004594879490988595
