,gb,gb_ipw,wrangler_23,wrangler_16
0,0.011391993752099518,0.0180264463400781,0.006077993185000311,0.0017739851074409963
