,gb,gb_ipw,wrangler_23,wrangler_16
0,0.017532075826938335,0.032350038870787017,0.006367571842976108,0.0032968819141387944
