,gb,gb_ipw,wrangler_23,wrangler_16
0,0.019019776648217503,0.029403545352514125,0.00587099971660276,0.0024594718129232612
