,gb,gb_ipw,wrangler_23,wrangler_16
0,0.016313847638754698,0.0212038239688738,0.004739696534249235,0.0014360773929749256
