,gb,gb_ipw,wrangler_23,wrangler_16
0,0.01751263063032548,0.02763447245024437,0.004942226260198716,0.0024693352835518973
