,gb,gb_ipw,wrangler_23,wrangler_16
0,0.010165987609786546,0.018217701142302256,0.005395461530144367,0.0018740007567476884
