,gb,gb_ipw,wrangler_23,wrangler_16
0,0.016918396786627297,0.022702844028715283,0.0031497238435120646,0.0013715477399928594
