,gb,gb_ipw,wrangler_23,wrangler_16
0,0.01244140727901275,0.02284316428594277,0.0035018590144339327,0.0026143355176627982
