,gb,gb_ipw,wrangler_23,wrangler_16
0,0.022013931710102835,0.030691248511299868,0.003427569636233567,0.002098113752258611
