,gb,gb_ipw,wrangler_23,wrangler_16
0,0.013786579380516244,0.016634078586802763,0.005353930868020578,0.001215227261310866
