,gb,gb_ipw,wrangler_23,wrangler_16
0,0.02131890166731832,0.02232577762655386,0.02469909340667968,0.0032912470859394467
