,gb,gb_ipw,wrangler_23,wrangler_16
0,0.026217633170560157,0.03666264924152468,0.003965636022498816,0.0026138976033583602
