,gb,gb_ipw,wrangler_23,wrangler_16
0,0.015036458891581712,0.02916831634232023,0.0060610977937858605,0.0026773469557930143
