,gb,gb_ipw,wrangler_23,wrangler_16
0,0.018929093295991108,0.022938582285536524,0.005630984980398448,0.0018608819751839364
