,gb,gb_ipw,wrangler_23,wrangler_16
0,0.018128965953673786,0.02991882710348665,0.003106931117192613,0.002353395258985057
