,gb,gb_ipw,wrangler_23,wrangler_16
0,0.033597915600507684,0.059512181159777515,0.0058019008391942736,0.004573701283870598
