,gb,gb_ipw,wrangler_23,wrangler_16
0,0.018442476083382207,0.02458191429322271,0.0036597571488040373,0.001373559476223452
