,gb,gb_ipw,wrangler_23,wrangler_16
0,0.014414865121428398,0.017522744540638055,0.006385325769031132,0.0012218181595312215
