,gb,gb_ipw,wrangler_23,wrangler_16
0,0.021833756248357938,0.03045192224725249,0.0031929330777395798,0.0020492500460087344
