,gb,gb_ipw,wrangler_23,wrangler_16
0,0.017462505234612357,0.030180173260825015,0.005731861742715988,0.003259806405930292
