,gb,gb_ipw,wrangler_23,wrangler_16
0,0.026581913472690226,0.03718444989492761,0.0043279843497563515,0.002482124037219951
