,gb,gb_ipw,wrangler_23,wrangler_16
0,0.05618423940389838,0.08738860231904229,0.007917995715059366,0.00641005965032938
