,gb,gb_ipw,wrangler_23,wrangler_16
0,0.01180143898438814,0.01381941608335288,0.0034225055195448817,0.0007654174666111212
