,gb,gb_ipw,wrangler_23,wrangler_16
0,0.005983901513911871,0.012904432226867948,0.004024352209178115,0.001398764943522572
