,gb,gb_ipw,wrangler_23,wrangler_16
0,0.014393428336649321,0.017009035096478414,0.005331585492228062,0.001115150421670398
