,gb,gb_ipw,wrangler_23,wrangler_16
0,0.015294297075649473,0.017637819582123536,0.0031254774300398585,0.0008409262918516921
