,gb,gb_ipw,wrangler_23,wrangler_16
0,0.017266109071928878,0.03334275607405038,0.004773304380219558,0.003125092078899515
