,gb,gb_ipw,wrangler_23,wrangler_16
0,0.018194044902647807,0.028304127983121208,0.005222502208891369,0.0027990166520897725
