,gb,gb_ipw,wrangler_23,wrangler_16
0,0.011203183007060021,0.016013109025535988,0.010022425917376464,0.001550347136180095
