,gb,gb_ipw,wrangler_23,wrangler_16
0,0.008994385048195169,0.012376396744339555,0.0024171228762026186,0.0008761441266095198
