,gb,gb_ipw,wrangler_23,wrangler_16
0,0.011681941403152358,0.01434384282966112,0.005334366781786872,0.0010654585106011916
