,gb,gb_ipw,wrangler_23,wrangler_16
0,0.02348744401744768,0.046303605332094065,0.005614085524689918,0.004673413201874377
