,gb,gb_ipw,wrangler_23,wrangler_16
0,0.03219968607636536,0.05403100227823063,0.00569143262850184,0.0044176367675366045
