,gb,gb_ipw,wrangler_23,wrangler_16
0,0.01581360609315494,0.027268263645943883,0.004225670717125453,0.002677931032199161
