,gb,gb_ipw,wrangler_23,wrangler_16
0,0.032631789936738854,0.047841832126566765,0.007274481105623482,0.0038295136004742915
