,gb,gb_ipw,wrangler_23,wrangler_16
0,0.011519873294239704,0.02165266290605611,0.004440057473104508,0.0023583462546649093
