,gb,gb_ipw,wrangler_23,wrangler_16
0,0.017339260347427863,0.03460022710984754,0.0078015173635175164,0.003263488892586
