,gb,gb_ipw,wrangler_23,wrangler_16
0,0.029453248889357957,0.04951711054201479,0.005607803662618001,0.004315817797625506
