,gb,gb_ipw,wrangler_23,wrangler_16
0,0.012830251692987162,0.021886096368037216,0.004830537634305698,0.0021410597602941708
