,gb,gb_ipw,wrangler_23,wrangler_16
0,0.015381560928520116,0.028855225135540136,0.003838265079191361,0.0028034736370218215
