,gb,gb_ipw,wrangler_23,wrangler_16
0,0.009414534898673964,0.015983470152437635,0.003855718970834299,0.001381778117245848
