,gb,gb_ipw,wrangler_23,wrangler_16
0,0.014418307399250449,0.017255188907004154,0.005999260547897578,0.0012882092860356674
