,gb,gb_ipw,wrangler_23,wrangler_16
0,0.0114453532708385,0.02255452373040416,0.003604031113720445,0.0026219736331354374
