,gb,gb_ipw,wrangler_23,wrangler_16
0,0.02976047749422035,0.04924949334592235,0.006443140458087531,0.005000951338787469
