,gb,gb_ipw,wrangler_23,wrangler_16
0,0.02817760726788439,0.05290498008344916,0.01383382662544025,0.005210052166717885
