,gb,gb_ipw,wrangler_23,wrangler_16
0,0.02759706809440778,0.03873120678123918,0.0038834550609787464,0.0025385745290278077
