,gb,gb_ipw,wrangler_23,wrangler_16
0,0.031093402565810425,0.05304534075521596,0.005799582212353379,0.00459073074755539
