,gb,gb_ipw,wrangler_23,wrangler_16
0,0.01327455753371829,0.015541378940854753,0.006986551341556367,0.0014699285938626246
