,gb,gb_ipw,wrangler_23,wrangler_16
0,0.010882425777515286,0.020186055354394616,0.004995262005617845,0.0019839649584031172
