,gb,gb_ipw,wrangler_23,wrangler_16
0,0.029491227969788664,0.04123694068108785,0.004615401265615209,0.003024811234788887
