,gb,gb_ipw,wrangler_23,wrangler_16
0,0.03613655765851338,0.06412838896115622,0.005775441726048787,0.004991268118222554
