,gb,gb_ipw,wrangler_23,wrangler_16
0,0.029424785338726243,0.04930373319645518,0.005359256390443782,0.004108419123384141
