,gb,gb_ipw,wrangler_23,wrangler_16
0,0.01944828841645839,0.04196470066652459,0.005263393208131952,0.007101034714003741
