,gb,gb_ipw,wrangler_23,wrangler_16
0,0.014234481383262205,0.01658648975343235,0.005744722925451838,0.0012302596950729274
