,gb,gb_ipw,wrangler_23,wrangler_16
0,0.03355576695385068,0.04805147617338134,0.00825287803771004,0.0037796303240751152
