,gb,gb_ipw,wrangler_23,wrangler_16
0,0.017740516359102766,0.02837078953606409,0.0039281430705524565,0.0025435935619265537
