,gb,gb_ipw,wrangler_23,wrangler_16
0,0.016809689985366486,0.029674997849512177,0.006319073601744993,0.0035487372299720524
