,gb,gb_ipw,wrangler_23,wrangler_16
0,0.010714818484819116,0.01318005461189615,0.005140975492084445,0.0011766975249477367
