,gb,gb_ipw,wrangler_23,wrangler_16
0,0.019749486318198586,0.026154502104687432,0.002883454804779381,0.0013183521968062207
