,gb,gb_ipw,wrangler_23,wrangler_16
0,0.008132919357685892,0.015245521728661107,0.003182695687451028,0.0017278352673778528
