,gb,gb_ipw,wrangler_23,wrangler_16
0,0.020558104223134574,0.03776647606674505,0.006043862323371736,0.004389172508603052
