,gb,gb_ipw,wrangler_23,wrangler_16
0,0.030183792114257812,0.05119728545347849,0.007063274582227071,0.004811584949493407
