,gb,gb_ipw,wrangler_23,wrangler_16
0,0.01882695202346635,0.02900790004448471,0.006210980081527602,0.002892720216960576
