,gb,gb_ipw,wrangler_23,wrangler_16
0,0.015652794139693015,0.026793292721801643,0.005455375406783439,0.0027615670294201216
