,gb,gb_ipw,wrangler_23,wrangler_16
0,0.026560828580961125,0.04356616473459936,0.007276515384296796,0.0054186189567649755
