,gb,gb_ipw,wrangler_23,wrangler_16
0,0.023327905822683258,0.04640400961593344,0.006674754398840445,0.004770510174609997
