,gb,gb_ipw,wrangler_23,wrangler_16
0,0.01479059711056458,0.02086885252350113,0.0027768672694565553,0.001440912738400208
