,gb,gb_ipw,wrangler_23,wrangler_16
0,0.020683444276147954,0.03777354752936331,0.005835870496269794,0.004411911477847973
