,gb,gb_ipw,wrangler_23,wrangler_16
0,0.008717260195041453,0.015369488025462332,0.004520083612779582,0.0017628025154337434
