,gb,gb_ipw,wrangler_23,wrangler_16
0,0.014658950731455966,0.017438996602809516,0.005112774865985795,0.0012197015664053516
