,gb,gb_ipw,wrangler_23,wrangler_16
0,0.01533930937182514,0.017781295337581018,0.005026063234225774,0.0010017236873682471
