,gb,gb_ipw,wrangler_23,wrangler_16
0,0.05122025807698567,0.08608649174372354,0.006727253397305806,0.0058052440484364825
