,gb,gb_ipw,wrangler_23,wrangler_16
0,0.017139950736624294,0.03297181628541117,0.008981254933610993,0.002775847686344257
