,gb,gb_ipw,wrangler_23,wrangler_16
0,0.02897779146830241,0.04854936290670324,0.0055366092258029515,0.003941357135772705
