,gb,gb_ipw,wrangler_23,wrangler_16
0,0.016654912438511305,0.019453983884058848,0.006251001430457546,0.0012578467284286255
