,gb,gb_ipw,wrangler_23,wrangler_16
0,0.0067139080021902855,0.010980389153364686,0.007889892121000467,0.0015515878191412827
