,gb,gb_ipw,wrangler_23,wrangler_16
0,0.018660912779539886,0.022592711970003558,0.008578310755902083,0.0017080227705306703
