,gb,gb_ipw,wrangler_23,wrangler_16
0,0.05203844220549972,0.09390297863218519,0.009304947323269315,0.006985609178189879
