,gb,gb_ipw,wrangler_23,wrangler_16
0,0.012366978944033042,0.02188822147489965,0.006242002221359603,0.002390951260753061
