,gb,gb_ipw,wrangler_23,wrangler_16
0,0.018593087886114537,0.03406564769504956,0.0053228306695350305,0.002936231640149962
