,gb,gb_ipw,wrangler_23,wrangler_16
0,0.013225439823035038,0.027299649787671642,0.0050848180597478695,0.0029952598340583572
