,gb,gb_ipw,wrangler_23,wrangler_16
0,0.019852491525503304,0.027338614830603965,0.003185418935922476,0.0017808033869816707
