,gb,gb_ipw,wrangler_23,wrangler_16
0,0.0340452478492488,0.047268092431153166,0.00520551700828046,0.003363472002027274
