,gb,gb_ipw,wrangler_23,wrangler_16
0,0.019948824205864364,0.024603387690448515,0.0020037656578122806,0.001131837043173822
