,gb,gb_ipw,wrangler_23,wrangler_16
0,0.017169948821792957,0.03428990665119365,0.005019081902394098,0.003847898700819588
