,gb,gb_ipw,wrangler_23,wrangler_16
0,0.024881118383163064,0.04030394757914747,0.004874335394965278,0.0039033400706755808
