,gb,gb_ipw,wrangler_23,wrangler_16
0,0.00856437903372932,0.014296600331262344,0.004876320595377052,0.0015863447189929604
