,gb,gb_ipw,wrangler_23,wrangler_16
0,0.028550185932502133,0.0542189832639624,0.005751189848460224,0.004536624509561395
