,gb,gb_ipw,wrangler_23,wrangler_16
0,0.0073253648753031355,0.0094123548591045,0.010107292920580867,0.0022255056621482867
