,gb,gb_ipw,wrangler_23,wrangler_16
0,0.012975089993827788,0.024582379824155336,0.005529494512648809,0.002634700758632643
