,gb,gb_ipw,wrangler_23,wrangler_16
0,0.02718858775638399,0.050704039278484526,0.0062687765984308155,0.004786820638747442
