,gb,gb_ipw,wrangler_23,wrangler_16
0,0.022007737840924944,0.03084949084690639,0.004166364669799805,0.0023346287863595144
