,gb,gb_ipw,wrangler_23,wrangler_16
0,0.014127803449871159,0.01708730484813758,0.005598300867944427,0.001224928320734218
