,gb,gb_ipw,wrangler_23,wrangler_16
0,0.0182938465874316,0.03259044638427172,0.0047990803345007845,0.003209971063148042
