,gb,gb_ipw,wrangler_23,wrangler_16
0,0.02019604047139486,0.03907427428260681,0.006561241452656095,0.004125138123830159
