,gb,gb_ipw,wrangler_23,wrangler_16
0,0.023418373161262565,0.03865243115903059,0.004716269619814999,0.003212815398102874
