,gb,gb_ipw,wrangler_23,wrangler_16
0,0.025473283326138817,0.03288751320668692,0.003783212324078574,0.0018873941297253838
