,gb,gb_ipw,wrangler_23,wrangler_16
0,0.02121737252560828,0.03192316615840152,0.004236514751727764,0.0026009727041631995
