,gb,gb_ipw,wrangler_23,wrangler_16
0,0.02629951554901746,0.042636053902762275,0.006467468884526467,0.004456967723612882
