,gb,gb_ipw,wrangler_23,wrangler_16
0,0.026468364965348018,0.05031554471878778,0.005837707292465936,0.004379877022334507
