,gb,gb_ipw,wrangler_23,wrangler_16
0,0.017528564479439738,0.03183401990741544,0.005893279660890535,0.0035168238242995883
