,gb,gb_ipw,wrangler_23,wrangler_16
0,0.025281108668306573,0.044837713514679765,0.005743074799457913,0.0038420075266904713
