,gb,gb_ipw,wrangler_23,wrangler_16
0,0.01281712736402239,0.023353667486281624,0.004051696686517625,0.002937657492501395
