,gb,gb_ipw,wrangler_23,wrangler_16
0,0.016676540598491774,0.032230497921433725,0.010147763603710126,0.0033534167449145724
