,gb,gb_ipw,wrangler_23,wrangler_16
0,0.028762625387646977,0.0373850156232774,0.004170969924580646,0.0022437537893612576
