,gb,gb_ipw,wrangler_23,wrangler_16
0,0.02968446995184673,0.04611732513923956,0.0070849085241798445,0.0037109948755279787
