,gb,gb_ipw,wrangler_23,wrangler_16
0,0.01400211055516974,0.016697008514048112,0.006014058569900129,0.0011402518809342586
