,gb,gb_ipw,wrangler_23,wrangler_16
0,0.01987467102372558,0.02321851111627709,0.005936773071484078,0.0016314313571496328
