,gb,gb_ipw,wrangler_23,wrangler_16
0,0.03219958470792186,0.05547002870209363,0.006148097466449348,0.004971818048126844
