,gb,gb_ipw,wrangler_23,wrangler_16
0,0.028446627159913383,0.05103306223948796,0.005866400897502899,0.004619670410950979
