,gb,gb_ipw,wrangler_23,wrangler_16
0,0.012912731624301291,0.015959783695587926,0.007391653037215108,0.0018945686521790832
