,gb,gb_ipw,wrangler_23,wrangler_16
0,0.011528479970163765,0.020982309555013973,0.006470570547713172,0.0024342702494727247
