,gb,gb_ipw,wrangler_23,wrangler_16
0,0.031630819042523704,0.05682433644930522,0.005903964241345724,0.005221925675868988
