,gb,gb_ipw,wrangler_23,wrangler_16
0,0.032522126459695516,0.05496274452960257,0.00574170928640464,0.004071438547150487
