,gb,gb_ipw,wrangler_23,wrangler_16
0,0.028515618944924975,0.047448811347252116,0.005484978898582545,0.004418853188858551
