,gb,gb_ipw,wrangler_23,wrangler_16
0,0.014470426477117463,0.015667196153037855,0.010751660935477367,0.0016866933123589882
