,gb,gb_ipw,wrangler_23,wrangler_16
0,0.03125146955769352,0.04632404956864956,0.005041251407367715,0.0038234235039419934
