,gb,gb_ipw,wrangler_23,wrangler_16
0,0.019266314098950754,0.03551825196683812,0.006819001870269545,0.004032736845106589
