,gb,gb_ipw,wrangler_23,wrangler_16
0,0.003998601024472302,0.00703352248686111,0.013625446474376836,0.0021850814020384943
