,gb,gb_ipw,wrangler_23,wrangler_16
0,0.02450077285121585,0.027613476509906292,0.004444756994737404,0.0009412287942194614
