,gb,gb_ipw,wrangler_23,wrangler_16
0,0.012749946245583154,0.02044663634351505,0.003206153069773028,0.0018140962046961633
