,gb,gb_ipw,wrangler_23,wrangler_16
0,0.015324902005297193,0.017891533236629325,0.0057738991869058865,0.001132639193524196
