,gb,gb_ipw,wrangler_23,wrangler_16
0,0.015852875905494165,0.028158213994274407,0.005653329091529324,0.003110545955292166
