,Correlation,Causal,Wrangler_23,Wrangler_16,GB_23,GB_16
0,0.0,0.0,0.0,0.0,0.0,0.0
1,0.0,0.0,0.0,0.0,90.9090909090909,24.242424242424242
2,0.0,93.93939393939394,0.0,0.0,90.9090909090909,33.33333333333333
3,0.0,93.93939393939394,0.0,0.0,90.9090909090909,39.39393939393939
4,0.0,93.93939393939394,0.0,0.0,90.9090909090909,39.39393939393939
5,0.0,93.93939393939394,0.0,0.0,90.9090909090909,39.39393939393939
6,0.0,93.93939393939394,0.0,0.0,90.9090909090909,39.39393939393939
7,0.0,93.93939393939394,0.0,0.0,90.9090909090909,39.39393939393939
8,0.0,93.93939393939394,0.0,0.0,90.9090909090909,39.39393939393939
9,0.0,93.93939393939394,0.0,0.0,90.9090909090909,39.39393939393939
10,0.0,93.93939393939394,0.0,0.0,90.9090909090909,39.39393939393939
11,100.0,100.0,100.0,100.0,100.0,100.0
