,Correlation,Causal,Wrangler_23,Wrangler_16,GB_23,GB_16
0,0.0,0.0,0.0,0.0,0.0,0.0
1,0.0,0.0,0.0,0.0,81.60919540229885,82.75862068965517
2,82.75862068965517,82.75862068965517,0.0,0.0,81.60919540229885,82.75862068965517
3,82.75862068965517,82.75862068965517,0.0,0.0,82.75862068965517,82.75862068965517
4,82.75862068965517,82.75862068965517,0.0,0.0,82.75862068965517,82.75862068965517
5,82.75862068965517,82.75862068965517,0.0,0.0,82.75862068965517,82.75862068965517
6,82.75862068965517,82.75862068965517,0.0,0.0,82.75862068965517,82.75862068965517
7,82.75862068965517,82.75862068965517,0.0,0.0,82.75862068965517,82.75862068965517
8,82.75862068965517,82.75862068965517,0.0,0.0,82.75862068965517,82.75862068965517
9,82.75862068965517,82.75862068965517,0.0,0.0,82.75862068965517,82.75862068965517
10,82.75862068965517,82.75862068965517,0.0,0.0,82.75862068965517,82.75862068965517
11,82.75862068965517,82.75862068965517,0.0,0.0,82.75862068965517,82.75862068965517
12,82.75862068965517,82.75862068965517,0.0,0.0,82.75862068965517,82.75862068965517
13,100.0,100.0,100.0,100.0,100.0,100.0
