,Correlation,Causal,Wrangler_23,Wrangler_16,GB_23,GB_16
0,0.0,0.0,0.0,0.0,0.0,0.0
1,0.0,0.0,21.48148148148148,0.0,0.0,0.0
2,0.0,0.0,22.962962962962962,0.0,0.0,0.0
3,0.0,0.0,27.77777777777778,0.0,0.0,0.0
4,0.0,0.0,32.22222222222222,0.0,0.0,0.0
5,0.0,0.0,32.22222222222222,0.0,0.0,0.0
6,0.7407407407407408,0.3703703703703704,32.22222222222222,0.0,0.0,0.0
7,0.7407407407407408,0.3703703703703704,32.22222222222222,0.0,0.0,0.0
8,100.0,100.0,100.0,100.0,100.0,100.0
