,Correlation,Causal,Wrangler_23,Wrangler_16,GB_23,GB_16
0,0.0,0.0,0.0,0.0,0.0,0.0
1,0.0,0.0,0.0,0.0,90.2439024390244,90.2439024390244
2,0.0,100.0,0.0,0.0,90.2439024390244,90.2439024390244
3,0.0,100.0,0.0,0.0,90.2439024390244,90.2439024390244
4,0.0,100.0,0.0,0.0,90.2439024390244,90.2439024390244
5,0.0,100.0,0.0,0.0,90.2439024390244,90.2439024390244
6,0.0,100.0,0.0,2.4390243902439024,90.2439024390244,92.6829268292683
7,0.0,100.0,0.0,2.4390243902439024,90.2439024390244,92.6829268292683
8,0.0,100.0,0.0,2.4390243902439024,90.2439024390244,92.6829268292683
9,0.0,100.0,0.0,2.4390243902439024,90.2439024390244,92.6829268292683
10,0.0,100.0,0.0,2.4390243902439024,90.2439024390244,92.6829268292683
11,0.0,100.0,0.0,2.4390243902439024,90.2439024390244,92.6829268292683
12,100.0,100.0,100.0,100.0,100.0,100.0
