,Correlation,Causal,Wrangler_23,Wrangler_16,GB_23,GB_16
0,0.0,0.0,0.0,0.0,0.0,0.0
1,0.0,96.29629629629629,91.11111111111111,98.51851851851852,0.0,15.185185185185185
2,0.0,96.29629629629629,91.48148148148148,99.62962962962963,0.0,18.51851851851852
3,0.0,96.29629629629629,94.81481481481482,100.0,0.0,20.0
4,0.0,96.29629629629629,96.29629629629629,100.0,0.0,20.37037037037037
5,0.0,97.4074074074074,96.29629629629629,100.0,0.0,20.37037037037037
6,0.7407407407407408,97.4074074074074,96.29629629629629,100.0,0.0,20.37037037037037
7,0.7407407407407408,97.4074074074074,96.29629629629629,100.0,0.0,20.37037037037037
8,100.0,100.0,100.0,100.0,100.0,100.0
