,Correlation,Causal,Wrangler_23,Wrangler_16,GB_23,GB_16
0,0.0,0.0,0.0,0.0,0.0,0.0
1,0.0,0.0,3.488372093023256,0.0,88.37209302325581,59.30232558139535
2,0.0,0.0,3.488372093023256,0.0,88.37209302325581,60.46511627906976
3,0.0,51.162790697674424,4.651162790697675,0.0,88.37209302325581,65.11627906976744
4,17.441860465116278,51.162790697674424,4.651162790697675,0.0,88.37209302325581,69.76744186046511
5,17.441860465116278,51.162790697674424,4.651162790697675,0.0,88.37209302325581,70.93023255813954
6,17.441860465116278,51.162790697674424,5.813953488372093,0.0,88.37209302325581,70.93023255813954
7,17.441860465116278,51.162790697674424,8.13953488372093,1.1627906976744187,88.37209302325581,70.93023255813954
8,17.441860465116278,51.162790697674424,8.13953488372093,1.1627906976744187,88.37209302325581,72.09302325581395
9,17.441860465116278,51.162790697674424,8.13953488372093,1.1627906976744187,88.37209302325581,72.09302325581395
10,17.441860465116278,51.162790697674424,8.13953488372093,1.1627906976744187,88.37209302325581,72.09302325581395
11,17.441860465116278,51.162790697674424,8.13953488372093,1.1627906976744187,88.37209302325581,72.09302325581395
12,17.441860465116278,51.162790697674424,8.13953488372093,1.1627906976744187,88.37209302325581,72.09302325581395
13,17.441860465116278,51.162790697674424,8.13953488372093,1.1627906976744187,88.37209302325581,72.09302325581395
14,17.441860465116278,51.162790697674424,8.13953488372093,1.1627906976744187,88.37209302325581,72.09302325581395
15,100.0,100.0,100.0,100.0,100.0,100.0
