,Correlation,Causal,Wrangler_23,Wrangler_16,GB_23,GB_16
0,0.0,0.0,0.0,0.0,0.0,0.0
1,0.0,99.46808510638297,99.46808510638297,1.950354609929078,99.29078014184397,0.0
2,0.0,99.64539007092199,100.0,26.063829787234045,99.64539007092199,0.0
3,0.0,99.822695035461,100.0,64.8936170212766,99.822695035461,0.0
4,0.0,100.0,100.0,78.01418439716312,100.0,0.0
5,0.0,100.0,100.0,84.04255319148936,100.0,0.0
6,0.0,100.0,100.0,87.2340425531915,100.0,0.0
7,0.0,100.0,100.0,88.12056737588652,100.0,0.0
8,0.0,100.0,100.0,88.12056737588652,100.0,0.0
9,0.0,100.0,100.0,88.12056737588652,100.0,0.0
10,0.0,100.0,100.0,88.12056737588652,100.0,0.0
11,100.0,100.0,100.0,100.0,100.0,100.0
