,Correlation,Causal,Wrangler_23,Wrangler_16,GB_23,GB_16
0,0.0,0.0,0.0,0.0,0.0,0.0
1,0.0,0.0,0.0,0.0,96.51162790697676,2.3255813953488373
2,0.0,96.51162790697676,0.0,0.0,96.51162790697676,2.3255813953488373
3,80.23255813953489,96.51162790697676,0.0,0.0,96.51162790697676,4.651162790697675
4,81.3953488372093,96.51162790697676,0.0,0.0,96.51162790697676,8.13953488372093
5,81.3953488372093,96.51162790697676,0.0,0.0,96.51162790697676,11.627906976744185
6,81.3953488372093,96.51162790697676,0.0,0.0,96.51162790697676,11.627906976744185
7,81.3953488372093,96.51162790697676,0.0,0.0,96.51162790697676,11.627906976744185
8,81.3953488372093,96.51162790697676,0.0,0.0,96.51162790697676,11.627906976744185
9,81.3953488372093,96.51162790697676,0.0,0.0,96.51162790697676,12.790697674418606
10,81.3953488372093,96.51162790697676,0.0,0.0,96.51162790697676,12.790697674418606
11,81.3953488372093,96.51162790697676,0.0,0.0,96.51162790697676,12.790697674418606
12,100.0,100.0,100.0,100.0,100.0,100.0
