,Correlation,Causal,Wrangler_23,Wrangler_16,GB_23,GB_16
0,0.0,0.0,0.0,0.0,0.0,0.0
1,0.0,0.0,100.0,35.714285714285715,71.42857142857143,28.57142857142857
2,0.0,0.0,100.0,35.714285714285715,85.71428571428571,28.57142857142857
3,0.0,100.0,100.0,35.714285714285715,85.71428571428571,28.57142857142857
4,0.0,100.0,100.0,35.714285714285715,85.71428571428571,28.57142857142857
5,0.0,100.0,100.0,35.714285714285715,100.0,28.57142857142857
6,0.0,100.0,100.0,35.714285714285715,100.0,28.57142857142857
7,0.0,100.0,100.0,35.714285714285715,100.0,28.57142857142857
8,100.0,100.0,100.0,100.0,100.0,100.0
