,Correlation,Causal,Wrangler_23,Wrangler_16,GB_23,GB_16
0,0.0,0.0,0.0,0.0,0.0,0.0
1,0.0,0.0,1.8867924528301887,0.0,44.339622641509436,62.264150943396224
2,0.0,0.0,1.8867924528301887,0.0,44.339622641509436,62.264150943396224
3,0.0,0.0,1.8867924528301887,0.0,44.339622641509436,62.264150943396224
4,0.0,0.0,1.8867924528301887,0.0,44.339622641509436,62.264150943396224
5,0.0,0.0,1.8867924528301887,0.0,44.339622641509436,62.264150943396224
6,0.0,0.0,1.8867924528301887,0.0,44.339622641509436,62.264150943396224
7,0.0,0.0,1.8867924528301887,0.0,44.339622641509436,62.264150943396224
8,0.0,0.0,1.8867924528301887,0.0,44.339622641509436,62.264150943396224
9,0.0,0.0,1.8867924528301887,0.0,44.339622641509436,62.264150943396224
10,100.0,100.0,100.0,100.0,100.0,100.0
