,Correlation,Causal,Wrangler_23,Wrangler_16,GB_23,GB_16
0,0.0,0.0,0.0,0.0,0.0,0.0
1,0.0,0.0,100.0,9.090909090909092,54.54545454545454,0.0
2,0.0,0.0,100.0,18.181818181818183,54.54545454545454,0.0
3,100.0,100.0,100.0,27.27272727272727,54.54545454545454,0.0
4,100.0,100.0,100.0,100.0,100.0,100.0
