,Correlation,Causal,Wrangler_23,Wrangler_16,GB_23,GB_16
0,0.0,0.0,0.0,0.0,0.0,0.0
1,0.0,0.0,53.84615384615385,61.53846153846154,100.0,100.0
2,0.0,0.0,61.53846153846154,69.23076923076923,100.0,100.0
3,76.92307692307693,76.92307692307693,61.53846153846154,69.23076923076923,100.0,100.0
4,100.0,100.0,100.0,100.0,100.0,100.0
