,Correlation,Causal,Wrangler_23,Wrangler_16,GB_23,GB_16
0,0.0,0.0,0.0,0.0,0.0,0.0
1,0.0,0.0,0.0,0.0,83.33333333333334,80.95238095238095
2,83.33333333333334,88.09523809523809,0.0,0.0,83.33333333333334,80.95238095238095
3,83.33333333333334,88.09523809523809,0.0,0.0,83.33333333333334,80.95238095238095
4,83.33333333333334,88.09523809523809,0.0,0.0,83.33333333333334,80.95238095238095
5,83.33333333333334,88.09523809523809,0.0,0.0,83.33333333333334,80.95238095238095
6,83.33333333333334,88.09523809523809,0.0,0.0,83.33333333333334,80.95238095238095
7,83.33333333333334,88.09523809523809,0.0,0.0,83.33333333333334,80.95238095238095
8,83.33333333333334,88.09523809523809,0.0,0.0,83.33333333333334,80.95238095238095
9,83.33333333333334,88.09523809523809,0.0,0.0,83.33333333333334,80.95238095238095
10,83.33333333333334,88.09523809523809,0.0,0.0,83.33333333333334,80.95238095238095
11,100.0,100.0,100.0,100.0,100.0,100.0
