,Correlation,Causal,Wrangler_23,Wrangler_16,GB_23,GB_16
0,0.0,0.0,0.0,0.0,0.0,0.0
1,0.0,0.0,100.0,0.0,0.0,4.761904761904762
2,0.0,0.0,100.0,0.0,0.0,9.523809523809524
3,0.0,0.0,100.0,4.761904761904762,9.523809523809524,28.57142857142857
4,0.0,0.0,100.0,4.761904761904762,38.095238095238095,71.42857142857143
5,0.0,0.0,100.0,9.523809523809524,61.904761904761905,85.71428571428571
6,0.0,0.0,100.0,19.047619047619047,80.95238095238095,90.47619047619048
7,0.0,0.0,100.0,23.809523809523807,85.71428571428571,90.47619047619048
8,0.0,0.0,100.0,47.61904761904761,85.71428571428571,95.23809523809523
9,0.0,0.0,100.0,57.14285714285714,85.71428571428571,95.23809523809523
10,0.0,0.0,100.0,61.904761904761905,95.23809523809523,100.0
11,0.0,0.0,100.0,76.19047619047619,100.0,100.0
12,0.0,95.23809523809523,100.0,90.47619047619048,100.0,100.0
13,4.761904761904762,100.0,100.0,95.23809523809523,100.0,100.0
14,4.761904761904762,100.0,100.0,95.23809523809523,100.0,100.0
15,4.761904761904762,100.0,100.0,95.23809523809523,100.0,100.0
16,52.38095238095239,100.0,100.0,100.0,100.0,100.0
17,52.38095238095239,100.0,100.0,100.0,100.0,100.0
18,52.38095238095239,100.0,100.0,100.0,100.0,100.0
19,52.38095238095239,100.0,100.0,100.0,100.0,100.0
20,52.38095238095239,100.0,100.0,100.0,100.0,100.0
21,52.38095238095239,100.0,100.0,100.0,100.0,100.0
22,52.38095238095239,100.0,100.0,100.0,100.0,100.0
23,100.0,100.0,100.0,100.0,100.0,100.0
