,Correlation,Causal,Wrangler_23,Wrangler_16,GB_23,GB_16
0,0.0,0.0,0.0,0.0,0.0,0.0
1,0.0,0.0,0.0,0.0,98.85057471264368,83.9080459770115
2,98.85057471264368,98.85057471264368,0.0,0.0,98.85057471264368,86.20689655172413
3,98.85057471264368,98.85057471264368,0.0,0.0,98.85057471264368,91.95402298850574
4,98.85057471264368,98.85057471264368,0.0,0.0,98.85057471264368,91.95402298850574
5,98.85057471264368,98.85057471264368,0.0,0.0,98.85057471264368,91.95402298850574
6,98.85057471264368,98.85057471264368,1.1494252873563218,0.0,98.85057471264368,91.95402298850574
7,98.85057471264368,98.85057471264368,1.1494252873563218,1.1494252873563218,98.85057471264368,93.10344827586206
8,98.85057471264368,98.85057471264368,1.1494252873563218,1.1494252873563218,98.85057471264368,93.10344827586206
9,98.85057471264368,98.85057471264368,1.1494252873563218,1.1494252873563218,98.85057471264368,93.10344827586206
10,98.85057471264368,98.85057471264368,1.1494252873563218,1.1494252873563218,98.85057471264368,93.10344827586206
11,98.85057471264368,98.85057471264368,1.1494252873563218,1.1494252873563218,98.85057471264368,93.10344827586206
12,98.85057471264368,98.85057471264368,1.1494252873563218,1.1494252873563218,98.85057471264368,93.10344827586206
13,100.0,100.0,100.0,100.0,100.0,100.0
