,Correlation,Causal,Wrangler_23,Wrangler_16,GB_23,GB_16
0,0.0,0.0,0.0,0.0,0.0,0.0
1,0.0,11.76470588235294,94.11764705882352,0.0,47.05882352941176,0.0
2,0.0,11.76470588235294,94.11764705882352,0.0,47.05882352941176,0.0
3,0.0,47.05882352941176,94.11764705882352,0.0,47.05882352941176,0.0
4,0.0,47.05882352941176,94.11764705882352,0.0,47.05882352941176,0.0
5,0.0,47.05882352941176,94.11764705882352,0.0,47.05882352941176,0.0
6,100.0,100.0,100.0,100.0,100.0,100.0
