,Correlation,Causal,Wrangler_23,Wrangler_16,GB_23,GB_16
0,0.0,0.0,0.0,0.0,0.0,0.0
1,0.0,0.0,3.0927835051546393,0.0,95.87628865979381,91.75257731958763
2,0.0,95.87628865979381,3.0927835051546393,0.0,95.87628865979381,91.75257731958763
3,0.0,95.87628865979381,3.0927835051546393,0.0,95.87628865979381,91.75257731958763
4,0.0,95.87628865979381,9.278350515463918,0.0,95.87628865979381,91.75257731958763
5,0.0,95.87628865979381,9.278350515463918,0.0,95.87628865979381,91.75257731958763
6,0.0,95.87628865979381,9.278350515463918,0.0,95.87628865979381,91.75257731958763
7,0.0,95.87628865979381,10.309278350515463,0.0,95.87628865979381,91.75257731958763
8,0.0,95.87628865979381,10.309278350515463,0.0,95.87628865979381,91.75257731958763
9,0.0,95.87628865979381,10.309278350515463,0.0,95.87628865979381,91.75257731958763
10,0.0,95.87628865979381,10.309278350515463,0.0,95.87628865979381,91.75257731958763
11,0.0,95.87628865979381,10.309278350515463,0.0,95.87628865979381,91.75257731958763
12,0.0,95.87628865979381,10.309278350515463,0.0,95.87628865979381,91.75257731958763
13,100.0,100.0,100.0,100.0,100.0,100.0
