,Correlation,Causal,Wrangler_23,Wrangler_16,GB_23,GB_16
0,0.0,0.0,0.0,0.0,0.0,0.0
1,0.0,0.0,0.0,0.0,0.0,68.18181818181817
2,0.0,59.09090909090909,0.0,0.0,100.0,95.45454545454545
3,0.0,68.18181818181817,0.0,4.545454545454546,100.0,95.45454545454545
4,0.0,68.18181818181817,0.0,4.545454545454546,100.0,95.45454545454545
5,0.0,72.72727272727273,0.0,4.545454545454546,100.0,95.45454545454545
6,100.0,100.0,100.0,100.0,100.0,100.0
