,TPR,FPR
gb,0.0,0.0
gb_ipw,100.0,100.0
wrangler_23,0.0,0.0
wrangler_16,0.0,0.0
gb_23,13.664596273291925,9.768451519536903
gb_16,96.27329192546584,0.0
