,TPR,FPR
gb,93.02325581395348,37.027027027027025
gb_ipw,93.02325581395348,60.0
wrangler_23,0.0,0.0
wrangler_16,0.0,0.0
gb_23,100.0,100.0
gb_16,100.0,100.0
