,TPR,FPR
gb,100.0,90.65420560747664
gb_ipw,100.0,98.13084112149532
wrangler_23,0.0,0.0
wrangler_16,0.0,0.0
gb_23,0.0,0.0
gb_16,0.0,0.0
