,TPR,FPR
gb,1.4285714285714286,0.0
gb_ipw,100.0,96.661101836394
wrangler_23,0.0,0.0
wrangler_16,0.0,0.0
gb_23,12.857142857142858,12.520868113522537
gb_16,77.14285714285714,79.79966611018364
