,TPR,FPR
gb,65.21739130434783,36.734693877551024
gb_ipw,95.65217391304348,80.61224489795919
wrangler_23,100.0,100.0
wrangler_16,0.0,0.0
gb_23,100.0,100.0
gb_16,0.0,0.0
