,TPR,FPR
gb,0.0,0.0
gb_ipw,80.0,95.08196721311475
wrangler_23,100.0,77.04918032786885
wrangler_16,0.0,0.0
gb_23,0.0,0.0
gb_16,0.0,0.0
