,TPR,FPR
gb,92.3076923076923,11.363636363636363
gb_ipw,92.3076923076923,100.0
wrangler_23,0.0,0.0
wrangler_16,0.0,0.0
gb_23,0.0,0.0
gb_16,100.0,100.0
