,TPR,FPR
gb,0.0,0.0
gb_ipw,100.0,99.4949494949495
wrangler_23,0.0,0.0
wrangler_16,0.0,0.0
gb_23,100.0,79.29292929292929
gb_16,100.0,100.0
