,TPR,FPR
gb,0.0,0.0
gb_ipw,68.0,79.38144329896907
wrangler_23,0.0,0.0
wrangler_16,0.0,0.0
gb_23,0.0,0.0
gb_16,16.0,34.02061855670103
