,TPR,FPR
gb,0.0,0.0
gb_ipw,92.85714285714286,20.952380952380953
wrangler_23,100.0,81.9047619047619
wrangler_16,0.0,0.0
gb_23,0.0,0.0
gb_16,100.0,100.0
