,TPR,FPR
gb,0.0,0.0
gb_ipw,80.0,63.95348837209303
wrangler_23,0.0,0.0
wrangler_16,0.0,0.0
gb_23,100.0,86.04651162790698
gb_16,0.0,0.0
