,TPR,FPR
gb,0.0,0.0
gb_ipw,0.0,0.0
wrangler_23,5.882352941176471,0.0
wrangler_16,5.882352941176471,0.0
gb_23,0.0,0.0
gb_16,0.0,0.0
