,TPR,FPR
gb,98.0,35.116279069767444
gb_ipw,100.0,99.30232558139535
wrangler_23,0.0,0.0
wrangler_16,0.0,0.0
gb_23,0.0,0.0
gb_16,100.0,66.51162790697674
