,TPR,FPR
gb,40.0,0.0
gb_ipw,90.0,93.10344827586206
wrangler_23,100.0,100.0
wrangler_16,100.0,93.10344827586206
gb_23,90.0,93.10344827586206
gb_16,20.0,88.50574712643679
