,TPR,FPR
gb,0.0,0.0
gb_ipw,11.11111111111111,5.0691244239631335
wrangler_23,0.0,0.0
wrangler_16,100.0,100.0
gb_23,0.0,0.0
gb_16,100.0,100.0
