,TPR,FPR
gb,0.0,0.0
gb_ipw,100.0,88.26291079812206
wrangler_23,0.0,0.0
wrangler_16,100.0,29.107981220657276
gb_23,100.0,100.0
gb_16,78.57142857142857,29.107981220657276
