,TPR,FPR
gb,44.44444444444444,0.0
gb_ipw,44.44444444444444,0.0
wrangler_23,0.0,0.0
wrangler_16,0.0,0.0
gb_23,0.0,0.0
gb_16,0.0,0.0
