,TPR,FPR
gb,0.0,0.0
gb_ipw,100.0,89.76744186046511
wrangler_23,0.0,0.0
wrangler_16,98.0,54.18604651162791
gb_23,0.0,0.0
gb_16,0.0,0.0
