,TPR,FPR
gb,0.0,0.0
gb_ipw,79.48717948717949,0.2994011976047904
wrangler_23,0.0,0.0
wrangler_16,0.0,0.0
gb_23,0.0,0.0
gb_16,0.0,0.0
