,TPR,FPR
gb,33.333333333333336,9.21985815602837
gb_ipw,100.0,85.81560283687944
wrangler_23,100.0,61.702127659574465
wrangler_16,0.0,0.0
gb_23,0.0,0.0
gb_16,0.0,0.0
