,TPR,FPR
gb,6.25,0.0
gb_ipw,93.75,95.37037037037037
wrangler_23,43.75,2.7777777777777777
wrangler_16,0.0,0.0
gb_23,0.0,0.0
gb_16,0.0,0.0
