,TPR,FPR
gb,0.0,0.0
gb_ipw,100.0,71.09375
wrangler_23,100.0,100.0
wrangler_16,100.0,72.65625
gb_23,100.0,72.65625
gb_16,0.0,2.34375
