,TPR,FPR
gb,0.0,0.0
gb_ipw,0.0,0.0
wrangler_23,9.70464135021097,10.504396112910689
wrangler_16,0.0,0.0
gb_23,0.0,0.04627487274409996
gb_16,0.0,0.0
