,TPR,FPR
gb,98.5,42.890307603017995
gb_ipw,100.0,69.47185142193848
wrangler_23,100.0,73.59257109692398
wrangler_16,100.0,51.13174695298897
gb_23,100.0,48.86825304701103
gb_16,100.0,100.0
