,TPR,FPR
gb,0.0,0.0
gb_ipw,85.71428571428571,89.8989898989899
wrangler_23,50.0,27.272727272727273
wrangler_16,35.714285714285715,18.181818181818183
gb_23,0.0,0.0
gb_16,100.0,100.0
