,TPR,FPR
gb,0.0,0.0
gb_ipw,98.0,99.88365328679465
wrangler_23,0.0,0.0
wrangler_16,13.0,0.29086678301337987
gb_23,78.5,0.9307737056428156
gb_16,0.0,0.0
