,TPR,FPR
gb,0.0,0.0
gb_ipw,100.0,99.37888198757764
wrangler_23,100.0,81.98757763975155
wrangler_16,0.0,0.0
gb_23,30.0,0.0
gb_16,100.0,100.0
