,TPR,FPR
gb,100.0,6.818181818181818
gb_ipw,100.0,6.818181818181818
wrangler_23,100.0,100.0
wrangler_16,100.0,100.0
gb_23,100.0,100.0
gb_16,100.0,100.0
