,TPR,FPR
gb,36.36363636363637,6.818181818181818
gb_ipw,100.0,54.54545454545455
wrangler_23,100.0,100.0
wrangler_16,100.0,100.0
gb_23,0.0,0.0
gb_16,100.0,100.0
