,TPR,FPR
gb,0.0,0.0
gb_ipw,94.73684210526316,15.337423312883436
wrangler_23,0.0,0.0
wrangler_16,0.0,0.0
gb_23,100.0,15.950920245398773
gb_16,100.0,15.950920245398773
