,TPR,FPR
gb,27.272727272727273,2.4676850763807288
gb_ipw,100.0,95.06462984723855
wrangler_23,100.0,100.0
wrangler_16,100.0,99.76498237367802
gb_23,100.0,48.06110458284371
gb_16,0.0,0.0
