,TPR,FPR
gb,0.0,0.0
gb_ipw,100.0,14.285714285714286
wrangler_23,0.0,0.0
wrangler_16,0.0,0.0
gb_23,0.0,0.0
gb_16,15.384615384615385,0.0
