,TPR,FPR
gb,0.0,0.0
gb_ipw,100.0,93.19727891156462
wrangler_23,0.0,0.0
wrangler_16,100.0,100.0
gb_23,0.0,0.0
gb_16,15.0,6.802721088435374
