,TPR,FPR
gb,0.0,0.0
gb_ipw,55.0,0.5813953488372093
wrangler_23,15.0,2.3255813953488373
wrangler_16,0.0,0.0
gb_23,0.0,0.0
gb_16,0.0,0.0
