,TPR,FPR
gb,0.0,0.0
gb_ipw,100.0,92.28395061728395
wrangler_23,2.5641025641025643,1.8518518518518519
wrangler_16,0.0,0.0
gb_23,0.0,0.0
gb_16,2.5641025641025643,0.0
