,TPR,FPR
gb,100.0,68.78612716763006
gb_ipw,100.0,68.78612716763006
wrangler_23,100.0,100.0
wrangler_16,100.0,45.08670520231214
gb_23,85.0,23.69942196531792
gb_16,100.0,100.0
