,TPR,FPR
gb,0.0,0.0
gb_ipw,100.0,0.0
wrangler_23,0.0,0.0
wrangler_16,0.0,0.0
gb_23,1.834862385321101,4.968944099378882
gb_16,0.0,0.8281573498964804
