,TPR,FPR
gb,0.0,0.0
gb_ipw,100.0,90.69767441860465
wrangler_23,100.0,69.18604651162791
wrangler_16,52.38095238095238,29.069767441860463
gb_23,0.0,0.0
gb_16,0.0,0.0
