,TPR,FPR
gb,100.0,98.65470852017937
gb_ipw,100.0,98.65470852017937
wrangler_23,100.0,100.0
wrangler_16,0.0,0.0
gb_23,15.384615384615385,26.457399103139014
gb_16,100.0,82.95964125560538
