,TPR,FPR
gb,0.0,0.0
gb_ipw,0.0,0.0
wrangler_23,6.25,0.7518796992481203
wrangler_16,0.0,0.0
gb_23,6.25,0.0
gb_16,50.0,29.32330827067669
