,TPR,FPR
gb,65.21739130434783,36.734693877551024
gb_ipw,95.65217391304348,70.91836734693878
wrangler_23,100.0,100.0
wrangler_16,100.0,100.0
gb_23,100.0,100.0
gb_16,100.0,100.0
