,TPR,FPR
gb,44.44444444444444,0.0
gb_ipw,44.44444444444444,0.0
wrangler_23,100.0,100.0
wrangler_16,88.88888888888889,92.99363057324841
gb_23,100.0,100.0
gb_16,0.0,0.0
