,TPR,FPR
gb,54.54545454545455,63.2183908045977
gb_ipw,81.81818181818181,97.70114942528735
wrangler_23,90.9090909090909,100.0
wrangler_16,90.9090909090909,45.97701149425287
gb_23,90.9090909090909,100.0
gb_16,0.0,1.1494252873563218
