,TPR,FPR
gb,0.0,0.0
gb_ipw,4.545454545454546,100.0
wrangler_23,4.545454545454546,1.6129032258064515
wrangler_16,0.0,0.0
gb_23,68.18181818181819,89.78494623655914
gb_16,0.0,0.0
