,TPR,FPR
gb,7.6923076923076925,0.6024096385542169
gb_ipw,100.0,99.09638554216868
wrangler_23,100.0,100.0
wrangler_16,100.0,93.67469879518072
gb_23,23.076923076923077,26.80722891566265
gb_16,100.0,93.67469879518072
