,TPR,FPR
gb,0.0,0.0
gb_ipw,0.0,0.0
wrangler_23,6.666666666666667,2.0618556701030926
wrangler_16,0.0,0.0
gb_23,0.0,0.0
gb_16,0.0,0.0
