,TPR,FPR
gb,92.3076923076923,5.454545454545454
gb_ipw,100.0,5.454545454545454
wrangler_23,100.0,100.0
wrangler_16,100.0,100.0
gb_23,53.84615384615385,90.0
gb_16,100.0,100.0
