,TPR,FPR
gb,7.6923076923076925,0.6024096385542169
gb_ipw,97.43589743589743,1.2048192771084338
wrangler_23,100.0,93.67469879518072
wrangler_16,100.0,93.67469879518072
gb_23,100.0,99.6987951807229
gb_16,100.0,100.0
