,TPR,FPR
gb,0.0,26.973684210526315
gb_ipw,100.0,85.52631578947368
wrangler_23,0.0,0.0
wrangler_16,0.0,0.0
gb_23,0.0,0.0
gb_16,0.0,0.0
