,TPR,FPR
gb,0.0,0.0
gb_ipw,100.0,95.23809523809524
wrangler_23,100.0,97.61904761904762
wrangler_16,10.0,0.0
gb_23,0.0,0.0
gb_16,0.0,0.0
