,TPR,FPR
gb,30.0,6.976744186046512
gb_ipw,100.0,95.34883720930233
wrangler_23,0.0,0.0
wrangler_16,0.0,0.0
gb_23,100.0,86.04651162790698
gb_16,0.0,0.0
