,TPR,FPR
gb,0.0,0.0
gb_ipw,100.0,94.18604651162791
wrangler_23,85.0,52.906976744186046
wrangler_16,0.0,0.0
gb_23,0.0,0.0
gb_16,0.0,0.0
