,TPR,FPR
gb,100.0,27.678571428571427
gb_ipw,100.0,27.678571428571427
wrangler_23,7.6923076923076925,0.0
wrangler_16,7.6923076923076925,0.0
gb_23,0.0,0.0
gb_16,0.0,0.0
