,TPR,FPR
gb,100.0,30.63063063063063
gb_ipw,100.0,30.63063063063063
wrangler_23,100.0,100.0
wrangler_16,65.0,1.2012012012012012
gb_23,0.0,0.0
gb_16,0.0,0.0
