,TPR,FPR
gb,66.66666666666667,4.8076923076923075
gb_ipw,75.0,95.1923076923077
wrangler_23,0.0,0.0
wrangler_16,0.0,0.0
gb_23,100.0,100.0
gb_16,100.0,100.0
