,TPR,FPR
gb,0.0,0.0
gb_ipw,99.18032786885246,96.61835748792271
wrangler_23,0.0,0.0
wrangler_16,0.0,0.0
gb_23,99.18032786885246,87.43961352657004
gb_16,0.0,0.0
