,TPR,FPR
gb,0.0,0.0
gb_ipw,94.11764705882354,16.31205673758865
wrangler_23,76.47058823529412,50.354609929078016
wrangler_16,88.23529411764706,94.32624113475177
gb_23,94.11764705882354,100.0
gb_16,35.294117647058826,65.2482269503546
