,TPR,FPR
gb,0.0,0.0
gb_ipw,100.0,94.73684210526316
wrangler_23,25.0,9.022556390977444
wrangler_16,68.75,7.518796992481203
gb_23,0.0,0.0
gb_16,100.0,94.73684210526316
