,TPR,FPR
gb,100.0,61.43024618991794
gb_ipw,100.0,61.43024618991794
wrangler_23,100.0,100.0
wrangler_16,100.0,96.48300117233295
gb_23,100.0,100.0
gb_16,67.34693877551021,51.58264947245018
