,TPR,FPR
gb,5.2631578947368425,0.0
gb_ipw,5.2631578947368425,0.0
wrangler_23,5.2631578947368425,4.666666666666667
wrangler_16,10.526315789473685,4.666666666666667
gb_23,100.0,100.0
gb_16,0.0,0.0
