,TPR,FPR
gb,0.0,0.0
gb_ipw,0.0,0.0
wrangler_23,100.0,93.18181818181819
wrangler_16,100.0,100.0
gb_23,100.0,38.63636363636363
gb_16,70.0,84.0909090909091
