,TPR,FPR
gb,100.0,21.25984251968504
gb_ipw,100.0,40.15748031496063
wrangler_23,100.0,74.80314960629921
wrangler_16,100.0,74.80314960629921
gb_23,100.0,74.80314960629921
gb_16,100.0,74.80314960629921
