,TPR,FPR
gb,0.0,0.0
gb_ipw,93.54838709677419,53.84615384615385
wrangler_23,0.0,0.0
wrangler_16,0.0,0.0
gb_23,0.0,0.0
gb_16,0.0,0.0
