,TPR,FPR
gb,0.0,0.0
gb_ipw,90.0,97.77777777777777
wrangler_23,60.0,31.11111111111111
wrangler_16,20.0,2.2222222222222223
gb_23,90.0,66.66666666666667
gb_16,0.0,0.0
