,TPR,FPR
gb,5.0,14.45086705202312
gb_ipw,100.0,39.30635838150289
wrangler_23,100.0,67.6300578034682
wrangler_16,85.0,6.358381502890174
gb_23,100.0,100.0
gb_16,0.0,0.0
