,TPR,FPR
gb,100.0,16.27906976744186
gb_ipw,100.0,16.27906976744186
wrangler_23,100.0,84.88372093023256
wrangler_16,100.0,84.88372093023256
gb_23,100.0,83.72093023255815
gb_16,100.0,100.0
