,TPR,FPR
gb,0.0,0.0
gb_ipw,10.0,0.0
wrangler_23,100.0,100.0
wrangler_16,100.0,24.41860465116279
gb_23,60.0,89.53488372093024
gb_16,100.0,29.069767441860463
