,TPR,FPR
gb,5.2631578947368425,0.0
gb_ipw,5.2631578947368425,0.0
wrangler_23,0.0,0.0
wrangler_16,26.31578947368421,17.757009345794394
gb_23,100.0,100.0
gb_16,0.0,0.0
