,TPR,FPR
gb,20.0,34.523809523809526
gb_ipw,30.0,80.95238095238095
wrangler_23,90.0,100.0
wrangler_16,0.0,0.0
gb_23,90.0,100.0
gb_16,30.0,13.095238095238095
