,TPR,FPR
gb,0.0,26.973684210526315
gb_ipw,100.0,99.34210526315789
wrangler_23,0.0,0.0
wrangler_16,0.0,0.0
gb_23,0.0,0.0
gb_16,100.0,100.0
