,TPR,FPR
gb,0.0,0.0
gb_ipw,100.0,69.87577639751552
wrangler_23,0.0,0.0
wrangler_16,0.0,0.0
gb_23,100.0,31.987577639751553
gb_16,0.0,0.0
