,TPR,FPR
gb,76.92307692307692,4.090909090909091
gb_ipw,84.61538461538461,91.81818181818181
wrangler_23,100.0,13.636363636363637
wrangler_16,100.0,22.272727272727273
gb_23,100.0,14.090909090909092
gb_16,0.0,0.0
