,TPR,FPR
gb,100.0,30.22222222222222
gb_ipw,100.0,100.0
wrangler_23,100.0,66.22222222222223
wrangler_16,100.0,74.66666666666667
gb_23,0.0,0.0
gb_16,0.0,0.0
