,TPR,FPR
gb,0.0,0.0
gb_ipw,98.38709677419355,65.23517382413088
wrangler_23,0.0,0.0
wrangler_16,0.0,0.0
gb_23,0.0,0.0
gb_16,0.0,0.0
