,TPR,FPR
gb,0.0,0.0
gb_ipw,80.0,94.11764705882354
wrangler_23,100.0,100.0
wrangler_16,100.0,47.05882352941177
gb_23,100.0,100.0
gb_16,100.0,100.0
