,TPR,FPR
gb,0.0,0.0
gb_ipw,100.0,88.88888888888889
wrangler_23,0.0,0.0
wrangler_16,87.5,28.14814814814815
gb_23,0.0,0.0
gb_16,100.0,100.0
