,TPR,FPR
gb,0.0,0.0
gb_ipw,100.0,93.15068493150685
wrangler_23,100.0,82.1917808219178
wrangler_16,100.0,100.0
gb_23,30.0,6.8493150684931505
gb_16,0.0,0.0
