,TPR,FPR
gb,0.0,0.0
gb_ipw,100.0,99.89458148850939
wrangler_23,100.0,83.84988403963736
wrangler_16,100.0,83.84988403963736
gb_23,100.0,83.84988403963736
gb_16,0.0,0.0843348091924942
