,TPR,FPR
gb,0.0,0.0
gb_ipw,100.0,53.90625
wrangler_23,100.0,100.0
wrangler_16,66.66666666666667,21.09375
gb_23,0.0,0.0
gb_16,0.0,0.0
