,TPR,FPR
gb,0.0,0.0
gb_ipw,21.428571428571427,0.0
wrangler_23,100.0,70.58823529411765
wrangler_16,64.28571428571429,29.41176470588235
gb_23,78.57142857142857,47.05882352941177
gb_16,100.0,76.47058823529412
