,TPR,FPR
gb,72.22222222222223,24.18300653594771
gb_ipw,72.22222222222223,92.15686274509804
wrangler_23,100.0,100.0
wrangler_16,33.333333333333336,5.882352941176471
gb_23,0.0,0.0
gb_16,0.0,0.0
