,TPR,FPR
gb,0.0,0.0
gb_ipw,100.0,29.069767441860463
wrangler_23,0.0,0.0
wrangler_16,100.0,79.06976744186046
gb_23,100.0,38.95348837209303
gb_16,100.0,79.06976744186046
