,TPR,FPR
gb,100.0,98.1981981981982
gb_ipw,100.0,98.1981981981982
wrangler_23,100.0,100.0
wrangler_16,0.0,0.0
gb_23,100.0,100.0
gb_16,0.0,0.0
