,TPR,FPR
gb,0.0,0.0
gb_ipw,0.0,0.0
wrangler_23,100.0,100.0
wrangler_16,100.0,100.0
gb_23,76.3157894736842,12.727272727272727
gb_16,100.0,100.0
