,TPR,FPR
gb,0.0,0.0
gb_ipw,100.0,82.17054263565892
wrangler_23,100.0,100.0
wrangler_16,100.0,100.0
gb_23,0.0,44.96124031007752
gb_16,100.0,79.84496124031008
