,TPR,FPR
gb,0.0,0.0
gb_ipw,54.94505494505494,14.360313315926893
wrangler_23,0.0,0.0
wrangler_16,0.0,0.0
gb_23,2.197802197802198,1.6971279373368147
gb_16,25.274725274725274,1.566579634464752
