,TPR,FPR
gb,0.0,0.0
gb_ipw,100.0,10.76923076923077
wrangler_23,100.0,36.15384615384615
wrangler_16,73.33333333333333,3.076923076923077
gb_23,0.0,0.0
gb_16,100.0,89.23076923076923
