,TPR,FPR
gb,0.0,0.0
gb_ipw,100.0,97.58064516129032
wrangler_23,0.0,0.0
wrangler_16,100.0,66.12903225806451
gb_23,100.0,100.0
gb_16,100.0,100.0
