,TPR,FPR
gb,0.0,0.0
gb_ipw,73.6842105263158,46.57534246575342
wrangler_23,0.0,0.0
wrangler_16,0.0,0.0
gb_23,0.0,0.0
gb_16,73.6842105263158,0.0
