,TPR,FPR
gb,56.25,36.162361623616235
gb_ipw,100.0,82.28782287822878
wrangler_23,0.0,0.0
wrangler_16,0.0,0.0
gb_23,90.625,49.81549815498155
gb_16,0.0,0.0
