,TPR,FPR
gb,40.0,16.923076923076923
gb_ipw,70.0,96.92307692307692
wrangler_23,100.0,100.0
wrangler_16,100.0,100.0
gb_23,100.0,100.0
gb_16,100.0,100.0
