,TPR,FPR
gb,0.0,0.0
gb_ipw,91.66666666666667,77.65957446808511
wrangler_23,0.0,0.0
wrangler_16,58.333333333333336,18.085106382978722
gb_23,0.0,0.0
gb_16,0.0,0.0
