,TPR,FPR
gb,0.0,0.0
gb_ipw,20.0,52.38095238095238
wrangler_23,60.0,0.0
wrangler_16,100.0,61.904761904761905
gb_23,100.0,100.0
gb_16,0.0,0.0
