,TPR,FPR
gb,0.0,0.0
gb_ipw,100.0,98.18181818181819
wrangler_23,0.0,0.0
wrangler_16,100.0,100.0
gb_23,100.0,58.18181818181818
gb_16,100.0,100.0
