,TPR,FPR
gb,0.0,0.0
gb_ipw,0.0,0.0
wrangler_23,100.0,98.83040935672514
wrangler_16,0.0,0.0
gb_23,100.0,1.1695906432748537
gb_16,0.0,0.0
