,TPR,FPR
gb,100.0,78.92271662763466
gb_ipw,100.0,97.42388758782201
wrangler_23,100.0,100.0
wrangler_16,100.0,100.0
gb_23,0.0,0.0
gb_16,100.0,47.30679156908665
