,TPR,FPR
gb,10.0,29.069767441860463
gb_ipw,70.0,91.86046511627907
wrangler_23,90.0,94.18604651162791
wrangler_16,0.0,0.0
gb_23,100.0,100.0
gb_16,0.0,0.0
