,TPR,FPR
gb,0.0,0.0
gb_ipw,100.0,92.28395061728395
wrangler_23,5.128205128205129,2.1604938271604937
wrangler_16,0.0,0.0
gb_23,0.0,0.0
gb_16,0.0,0.0
