,TPR,FPR
gb,0.0,0.0
gb_ipw,30.0,98.6842105263158
wrangler_23,100.0,96.05263157894737
wrangler_16,60.0,1.3157894736842106
gb_23,0.0,0.0
gb_16,0.0,0.0
