,TPR,FPR
gb,0.0,0.0
gb_ipw,0.0,0.7936507936507936
wrangler_23,100.0,100.0
wrangler_16,100.0,99.2063492063492
gb_23,0.0,0.7936507936507936
gb_16,100.0,100.0
