,TPR,FPR
gb,44.44444444444444,0.0
gb_ipw,44.44444444444444,0.0
wrangler_23,100.0,100.0
wrangler_16,11.11111111111111,0.6369426751592356
gb_23,100.0,100.0
gb_16,100.0,100.0
