,TPR,FPR
gb,7.142857142857143,0.0
gb_ipw,7.142857142857143,0.0
wrangler_23,100.0,100.0
wrangler_16,28.571428571428573,4.545454545454546
gb_23,0.0,0.0
gb_16,0.0,0.0
