,TPR,FPR
gb,92.3076923076923,11.363636363636363
gb_ipw,92.3076923076923,11.363636363636363
wrangler_23,0.0,0.0
wrangler_16,0.0,0.0
gb_23,3.8461538461538463,1.8181818181818181
gb_16,100.0,90.45454545454545
