,TPR,FPR
gb,1.4285714285714286,0.0
gb_ipw,100.0,96.661101836394
wrangler_23,0.0,0.0
wrangler_16,0.0,0.0
gb_23,0.0,0.0
gb_16,88.57142857142857,89.14858096828047
