,TPR,FPR
gb,26.31578947368421,0.0
gb_ipw,26.31578947368421,0.0
wrangler_23,94.73684210526316,94.19354838709677
wrangler_16,21.05263157894737,6.451612903225806
gb_23,100.0,100.0
gb_16,0.0,0.0
