,TPR,FPR
gb,100.0,1.1494252873563218
gb_ipw,100.0,4.597701149425287
wrangler_23,100.0,100.0
wrangler_16,100.0,4.597701149425287
gb_23,0.0,0.0
gb_16,0.0,3.4482758620689653
