,TPR,FPR
gb,0.0,20.786516853932586
gb_ipw,100.0,100.0
wrangler_23,0.0,0.0
wrangler_16,0.0,0.0
gb_23,100.0,76.40449438202248
gb_16,100.0,100.0
