,TPR,FPR
gb,0.0,0.0
gb_ipw,100.0,97.61904761904762
wrangler_23,0.0,0.0
wrangler_16,78.57142857142857,80.95238095238095
gb_23,0.0,0.0
gb_16,0.0,0.0
