,TPR,FPR
gb,0.0,0.0
gb_ipw,100.0,88.64734299516908
wrangler_23,0.9345794392523364,0.0
wrangler_16,2.803738317757009,0.4830917874396135
gb_23,97.19626168224299,75.2415458937198
gb_16,2.803738317757009,33.57487922705314
