,TPR,FPR
gb,80.0,0.29850746268656714
gb_ipw,100.0,81.49253731343283
wrangler_23,100.0,100.0
wrangler_16,100.0,100.0
gb_23,90.0,1.1940298507462686
gb_16,0.0,0.29850746268656714
