,TPR,FPR
gb,0.0,0.0
gb_ipw,100.0,98.47908745247149
wrangler_23,0.0,0.0
wrangler_16,0.0,0.0
gb_23,59.45945945945946,0.0
gb_16,0.0,0.0
