,TPR,FPR
gb,0.0,0.0
gb_ipw,92.3076923076923,1.941747572815534
wrangler_23,0.0,0.0
wrangler_16,0.0,0.0
gb_23,0.0,0.0
gb_16,0.0,0.0
