,TPR,FPR
gb,100.0,73.05389221556887
gb_ipw,100.0,73.05389221556887
wrangler_23,100.0,100.0
wrangler_16,100.0,100.0
gb_23,0.0,0.0
gb_16,100.0,100.0
