,TPR,FPR
gb,92.3076923076923,5.454545454545454
gb_ipw,100.0,59.09090909090909
wrangler_23,100.0,100.0
wrangler_16,100.0,100.0
gb_23,61.53846153846154,90.0
gb_16,100.0,100.0
