,TPR,FPR
gb,0.0,0.0
gb_ipw,0.0,0.0
wrangler_23,57.142857142857146,27.45098039215686
wrangler_16,100.0,92.15686274509804
gb_23,100.0,68.62745098039215
gb_16,100.0,79.41176470588235
