,TPR,FPR
gb,100.0,83.9622641509434
gb_ipw,100.0,83.9622641509434
wrangler_23,100.0,95.28301886792453
wrangler_16,0.0,0.0
gb_23,100.0,86.79245283018868
gb_16,100.0,100.0
