,TPR,FPR
gb,99.16666666666667,38.969873663751216
gb_ipw,100.0,91.3508260447036
wrangler_23,0.0,0.0
wrangler_16,0.0,0.0
gb_23,0.0,0.0
gb_16,100.0,100.0
