,TPR,FPR
gb,100.0,32.719836400818
gb_ipw,100.0,60.122699386503065
wrangler_23,100.0,100.0
wrangler_16,100.0,100.0
gb_23,100.0,100.0
gb_16,0.0,0.0
