,TPR,FPR
gb,0.0,0.0
gb_ipw,0.0,0.0
wrangler_23,100.0,100.0
wrangler_16,23.076923076923077,0.9345794392523364
gb_23,0.0,0.0
gb_16,92.3076923076923,100.0
