,TPR,FPR
gb,0.0,0.0
gb_ipw,100.0,86.02620087336244
wrangler_23,0.0,0.0
wrangler_16,45.945945945945944,14.410480349344978
gb_23,0.0,0.0
gb_16,75.67567567567568,51.96506550218341
