,TPR,FPR
gb,0.0,0.0
gb_ipw,100.0,28.07017543859649
wrangler_23,100.0,100.0
wrangler_16,100.0,70.76023391812865
gb_23,0.0,0.0
gb_16,100.0,100.0
