,TPR,FPR
gb,0.0,0.0
gb_ipw,100.0,6.930693069306931
wrangler_23,100.0,100.0
wrangler_16,0.0,0.0
gb_23,100.0,78.21782178217822
gb_16,0.0,0.0
