,TPR,FPR
gb,0.0,0.0
gb_ipw,100.0,45.23809523809524
wrangler_23,0.0,0.0
wrangler_16,0.0,0.0
gb_23,100.0,76.19047619047619
gb_16,0.0,0.0
