,TPR,FPR
gb,0.0,0.0
gb_ipw,72.72727272727273,96.7741935483871
wrangler_23,9.090909090909092,0.0
wrangler_16,0.0,0.0
gb_23,0.0,0.0
gb_16,100.0,100.0
