,TPR,FPR
gb,0.0,0.0
gb_ipw,100.0,43.54354354354354
wrangler_23,100.0,100.0
wrangler_16,84.61538461538461,7.5075075075075075
gb_23,100.0,74.47447447447448
gb_16,100.0,100.0
