,TPR,FPR
gb,0.0,0.0
gb_ipw,70.58823529411765,31.746031746031747
wrangler_23,0.0,0.0
wrangler_16,0.0,0.0
gb_23,0.0,19.047619047619047
gb_16,100.0,100.0
