,TPR,FPR
gb,0.0,0.0
gb_ipw,0.0,0.0
wrangler_23,8.88888888888889,2.26628895184136
wrangler_16,0.0,0.0
gb_23,44.44444444444444,18.413597733711047
gb_16,0.0,0.0
