,TPR,FPR
gb,0.0,0.0
gb_ipw,0.0,59.30232558139535
wrangler_23,100.0,24.8062015503876
wrangler_16,0.0,0.3875968992248062
gb_23,100.0,81.78294573643412
gb_16,100.0,100.0
