,TPR,FPR
gb,0.0,0.9009009009009009
gb_ipw,92.3076923076923,35.13513513513514
wrangler_23,0.0,0.0
wrangler_16,0.0,0.0
gb_23,0.0,0.0
gb_16,46.15384615384615,32.432432432432435
