,TPR,FPR
gb,100.0,2.8846153846153846
gb_ipw,100.0,98.07692307692308
wrangler_23,100.0,100.0
wrangler_16,8.333333333333334,0.0
gb_23,100.0,100.0
gb_16,100.0,100.0
