,TPR,FPR
gb,0.0,0.0
gb_ipw,100.0,95.32374100719424
wrangler_23,100.0,92.80575539568345
wrangler_16,27.272727272727273,0.3597122302158273
gb_23,100.0,100.0
gb_16,0.0,0.0
