,TPR,FPR
gb,0.0,0.0
gb_ipw,100.0,36.53846153846154
wrangler_23,100.0,22.115384615384617
wrangler_16,0.0,0.0
gb_23,100.0,100.0
gb_16,100.0,100.0
