,TPR,FPR
gb_opt,20.18348623853211,0.0
gb_ipw_opt,76.14678899082568,29.03225806451613
wrangler,54.12844036697248,33.38008415147265
