,TPR,FPR
gb_opt,90.0,0.0
gb_ipw_opt,90.0,2.73972602739726
wrangler,80.0,8.21917808219178
