,TPR,FPR
gb_opt,66.66666666666666,0.0
gb_ipw_opt,88.88888888888889,1.5873015873015872
wrangler,44.44444444444444,27.77777777777778
