,TPR,FPR
gb_opt,13.953488372093023,0.47393364928909953
gb_ipw_opt,100.0,96.2085308056872
wrangler,95.34883720930233,65.40284360189574
