,TPR,FPR
gb_opt,25.0,0.27137042062415195
gb_ipw_opt,91.07142857142857,8.819538670284938
wrangler,96.42857142857143,29.036635006784262
