,TPR,FPR
gb_opt,92.85714285714286,0.0
gb_ipw_opt,100.0,0.0
wrangler,85.71428571428571,20.652173913043477
