,TPR,FPR
gb_opt,5.0,0.0
gb_ipw_opt,100.0,48.333333333333336
wrangler,60.0,61.66666666666667
