,TPR,FPR
gb_opt,62.454873646209386,1.3913939706261274
gb_ipw_opt,76.17328519855594,8.631795928884308
wrangler,15.523465703971121,0.1030662200463798
