,TPR,FPR
gb_opt,38.26086956521739,0.5502063273727648
gb_ipw_opt,95.65217391304348,13.342503438789546
wrangler,99.1304347826087,51.30674002751031
