,TPR,FPR
gb_opt,68.42105263157895,0.0
gb_ipw_opt,89.47368421052632,0.7352941176470588
wrangler,0.0,0.0
