,TPR,FPR
gb_opt,55.666666666666664,2.089268755935423
gb_ipw_opt,86.0,11.063627730294396
wrangler,89.66666666666666,17.85375118708452
