,TPR,FPR
gb_opt,65.0,0.0
gb_ipw_opt,100.0,28.08219178082192
wrangler,45.0,23.972602739726025
