,TPR,FPR
gb_opt,64.64646464646465,2.6950354609929077
gb_ipw_opt,84.84848484848484,11.631205673758865
wrangler,83.83838383838383,45.673758865248224
