,TPR,FPR
gb_opt,56.00000000000001,0.0
gb_ipw_opt,84.0,1.7045454545454544
wrangler,32.0,27.27272727272727
