,TPR,FPR
gb_opt,78.08219178082192,0.2044989775051125
gb_ipw_opt,100.0,95.91002044989774
wrangler,2.73972602739726,0.0
