,TPR,FPR
gb_opt,23.684210526315788,0.273224043715847
gb_ipw_opt,82.89473684210526,26.775956284153008
wrangler,44.29824561403509,10.587431693989071
