,TPR,FPR
gb_opt,94.73684210526315,0.0
gb_ipw_opt,100.0,9.79020979020979
wrangler,68.42105263157895,8.391608391608392
