,TPR,FPR
gb_opt,47.05882352941176,0.0
gb_ipw_opt,100.0,100.0
wrangler,52.94117647058824,38.18181818181819
