,TPR,FPR
gb_opt,93.0,0.5457025920873124
gb_ipw_opt,100.0,2.046384720327422
wrangler,90.0,21.69167803547067
