,TPR,FPR
gb_opt,48.54368932038835,0.5361930294906166
gb_ipw_opt,96.11650485436894,8.713136729222521
wrangler,97.0873786407767,36.32707774798928
