,TPR,FPR
gb_opt,66.66666666666666,10.623229461756374
gb_ipw_opt,95.09803921568627,13.59773371104816
wrangler,97.05882352941177,19.97167138810198
