,TPR,FPR
gb_opt,80.0,0.0
gb_ipw_opt,100.0,1.36986301369863
wrangler,60.0,6.8493150684931505
