,TPR,FPR
gb_opt,52.63157894736842,0.0
gb_ipw_opt,84.21052631578947,2.797202797202797
wrangler,78.94736842105263,27.27272727272727
