,TPR,FPR
gb_opt,57.865168539325836,5.095541401273886
gb_ipw_opt,98.31460674157303,46.65605095541402
wrangler,90.4494382022472,89.80891719745223
