,TPR,FPR
gb_opt,85.18518518518519,1.1173184357541899
gb_ipw_opt,96.29629629629629,5.58659217877095
wrangler,59.25925925925925,15.083798882681565
