,TPR,FPR
gb_opt,30.357142857142854,0.13458950201884254
gb_ipw_opt,91.96428571428571,22.476446837146703
wrangler,89.28571428571429,38.088829071332434
