,TPR,FPR
gb_opt,64.64646464646465,0.28776978417266186
gb_ipw_opt,92.92929292929293,18.41726618705036
wrangler,77.77777777777779,41.8705035971223
