,TPR,FPR
gb_opt,88.46153846153845,0.5555555555555556
gb_ipw_opt,100.0,21.11111111111111
wrangler,65.38461538461539,7.777777777777778
