,TPR,FPR
gb_opt,40.0,0.0
gb_ipw_opt,93.33333333333333,7.017543859649122
wrangler,0.0,0.0
