,TPR,FPR
gb_opt,93.75,2.5
gb_ipw_opt,100.0,11.666666666666666
wrangler,62.5,27.500000000000004
