,TPR,FPR
gb_opt,64.52762923351159,1.0502049180327868
gb_ipw_opt,69.5187165775401,2.2797131147540983
wrangler,65.24064171122996,41.572745901639344
