,TPR,FPR
gb_opt,67.54385964912281,10.85383502170767
gb_ipw_opt,99.12280701754386,36.32416787264833
wrangler,99.12280701754386,52.821997105643995
