,TPR,FPR
gb_opt,57.692307692307686,0.0
gb_ipw_opt,88.46153846153845,0.7751937984496124
wrangler,0.0,0.0
