,TPR,FPR
gb_opt,83.33333333333334,0.36496350364963503
gb_ipw_opt,97.61904761904762,6.934306569343065
wrangler,88.09523809523809,11.313868613138686
