,TPR,FPR
gb_opt,32.67326732673268,1.4450867052023122
gb_ipw_opt,87.12871287128714,18.063583815028903
wrangler,84.15841584158416,38.29479768786127
