,TPR,FPR
gb_opt,97.5,0.49435028248587576
gb_ipw_opt,99.5,4.166666666666666
wrangler,100.0,18.502824858757062
