,TPR,FPR
gb_opt,56.86274509803921,0.0
gb_ipw_opt,86.27450980392157,11.452513966480447
wrangler,37.254901960784316,15.363128491620111
