,TPR,FPR
gb_opt,75.0,0.7407407407407408
gb_ipw_opt,100.0,12.592592592592592
wrangler,45.0,37.03703703703704
