,TPR,FPR
gb_opt,35.35353535353536,0.2869440459110474
gb_ipw_opt,82.82828282828282,20.946915351506455
wrangler,80.8080808080808,40.17216642754663
