,TPR,FPR
gb_opt,84.21052631578947,0.0
gb_ipw_opt,89.47368421052632,1.4492753623188406
wrangler,26.31578947368421,2.898550724637681
