,TPR,FPR
gb_opt,50.495049504950494,0.4316546762589928
gb_ipw_opt,91.0891089108911,21.8705035971223
wrangler,69.3069306930693,32.0863309352518
