,TPR,FPR
gb_opt,89.47368421052632,0.0
gb_ipw_opt,100.0,5.797101449275362
wrangler,31.57894736842105,4.3478260869565215
