,TPR,FPR
gb_opt,94.05940594059405,0.7604562737642585
gb_ipw_opt,98.01980198019803,3.1685678073510775
wrangler,88.11881188118812,6.590621039290241
