,TPR,FPR
gb_opt,82.05128205128204,0.7168458781362007
gb_ipw_opt,84.61538461538461,3.942652329749104
wrangler,61.53846153846154,10.75268817204301
