,TPR,FPR
gb_opt,56.14035087719298,0.0
gb_ipw_opt,71.9298245614035,3.5175879396984926
wrangler,66.66666666666666,30.15075376884422
