,TPR,FPR
gb_opt,84.21052631578947,0.7246376811594203
gb_ipw_opt,94.73684210526315,3.6231884057971016
wrangler,31.57894736842105,1.4492753623188406
