,TPR,FPR
gb_opt,93.0,1.0554089709762533
gb_ipw_opt,98.0,5.145118733509235
wrangler,80.0,6.200527704485488
