,TPR,FPR
gb_opt,100.0,0.0
gb_ipw_opt,100.0,8.403361344537815
wrangler,88.23529411764706,5.88235294117647
