,TPR,FPR
gb_opt,88.0,0.5780346820809248
gb_ipw_opt,96.0,3.4682080924855487
wrangler,64.0,10.982658959537572
