,TPR,FPR
gb_opt,92.3076923076923,1.0416666666666665
gb_ipw_opt,100.0,7.291666666666667
wrangler,15.384615384615385,28.125
