,TPR,FPR
gb_opt,13.91304347826087,0.14367816091954022
gb_ipw_opt,100.0,42.09770114942529
wrangler,98.26086956521739,44.68390804597701
