,TPR,FPR
gb_opt,47.05882352941176,0.0
gb_ipw_opt,100.0,100.0
wrangler,11.76470588235294,3.6363636363636362
