,TPR,FPR
gb_opt,81.81818181818183,1.2755102040816326
gb_ipw_opt,94.54545454545455,6.887755102040815
wrangler,93.63636363636364,26.27551020408163
