,TPR,FPR
gb_opt,60.0,1.278772378516624
gb_ipw_opt,70.0,4.092071611253197
wrangler,67.0,17.391304347826086
