,TPR,FPR
gb_opt,34.34343434343434,0.5698005698005698
gb_ipw_opt,91.91919191919192,17.236467236467238
wrangler,98.98989898989899,40.598290598290596
