,TPR,FPR
gb_opt,4.854368932038835,2.5787965616045847
gb_ipw_opt,88.3495145631068,57.44985673352435
wrangler,63.10679611650486,47.56446991404012
