,TPR,FPR
gb_opt,84.61538461538461,1.0582010582010581
gb_ipw_opt,88.46153846153845,6.349206349206349
wrangler,30.76923076923077,5.291005291005291
