,TPR,FPR
gb_opt,80.19801980198021,0.9887005649717515
gb_ipw_opt,92.07920792079209,8.615819209039548
wrangler,84.15841584158416,9.6045197740113
