,TPR,FPR
gb_opt,90.81632653061224,1.7191977077363898
gb_ipw_opt,100.0,5.157593123209169
wrangler,83.6734693877551,37.106017191977074
