,TPR,FPR
gb_opt,68.42105263157895,0.0
gb_ipw_opt,100.0,7.6923076923076925
wrangler,0.0,0.0
