,TPR,FPR
gb_opt,81.81818181818183,0.0
gb_ipw_opt,100.0,5.797101449275362
wrangler,54.54545454545454,7.246376811594203
