,TPR,FPR
gb_opt,94.73684210526315,0.0
gb_ipw_opt,100.0,7.633587786259542
wrangler,97.36842105263158,11.068702290076336
