,TPR,FPR
gb_opt,76.92307692307693,0.0
gb_ipw_opt,89.74358974358975,5.090909090909091
wrangler,76.92307692307693,9.818181818181818
