,TPR,FPR
gb_opt,69.0,1.0086455331412103
gb_ipw_opt,94.0,27.953890489913547
wrangler,89.0,46.54178674351585
