,TPR,FPR
gb_opt,44.44444444444444,0.0
gb_ipw_opt,100.0,19.548872180451127
wrangler,85.18518518518519,61.65413533834586
