,TPR,FPR
gb_opt,89.47368421052632,0.0
gb_ipw_opt,100.0,4.511278195488721
wrangler,21.052631578947366,1.5037593984962405
