,TPR,FPR
gb_opt,78.94736842105263,0.0
gb_ipw_opt,84.21052631578947,1.4598540145985401
wrangler,0.0,0.7299270072992701
