,TPR,FPR
gb_opt,88.88888888888889,0.0
gb_ipw_opt,100.0,1.6
wrangler,88.88888888888889,20.0
