,TPR,FPR
gb_opt,94.44444444444444,0.0
gb_ipw_opt,100.0,0.0
wrangler,77.77777777777779,16.296296296296298
