,TPR,FPR
gb_opt,73.68421052631578,0.7518796992481203
gb_ipw_opt,94.73684210526315,4.511278195488721
wrangler,26.31578947368421,3.7593984962406015
