,TPR,FPR
gb_opt,84.21052631578947,0.0
gb_ipw_opt,100.0,21.830985915492956
wrangler,47.368421052631575,10.56338028169014
