,TPR,FPR
gb_opt,48.51485148514851,1.9607843137254901
gb_ipw_opt,95.04950495049505,22.829131652661065
wrangler,63.366336633663366,26.750700280112046
