,TPR,FPR
gb_opt,16.483516483516482,0.0
gb_ipw_opt,52.74725274725275,5.405405405405405
wrangler,18.681318681318682,11.411411411411411
