,TPR,FPR
gb_opt,84.61538461538461,0.7434944237918215
gb_ipw_opt,97.43589743589743,5.5762081784386615
wrangler,89.74358974358975,9.66542750929368
