,TPR,FPR
gb_opt,100.0,0.0
gb_ipw_opt,100.0,2.4390243902439024
wrangler,50.0,21.951219512195124
