,TPR,FPR
gb_opt,86.0,0.8522727272727272
gb_ipw_opt,90.0,1.8465909090909092
wrangler,46.0,5.255681818181818
