,TPR,FPR
gb_opt,63.63636363636363,0.0
gb_ipw_opt,100.0,10.144927536231885
wrangler,81.81818181818183,31.88405797101449
