,TPR,FPR
gb_opt,95.0,0.0
gb_ipw_opt,100.0,1.4814814814814816
wrangler,85.0,9.62962962962963
