,TPR,FPR
gb_opt,60.0,0.37267080745341613
gb_ipw_opt,78.0,0.8695652173913043
wrangler,18.0,0.4968944099378882
