,TPR,FPR
gb_opt,84.21052631578947,0.0
gb_ipw_opt,89.47368421052632,0.7518796992481203
wrangler,42.10526315789473,33.83458646616541
