,TPR,FPR
gb_opt,31.57894736842105,0.0
gb_ipw_opt,100.0,6.474820143884892
wrangler,0.0,0.0
