,TPR,FPR
gb_opt,68.75,1.1494252873563218
gb_ipw_opt,100.0,26.436781609195403
wrangler,56.25,51.724137931034484
