,TPR,FPR
gb_opt,100.0,0.0
gb_ipw_opt,100.0,5.88235294117647
wrangler,41.17647058823529,18.487394957983195
