,TPR,FPR
gb_opt,89.47368421052632,0.0
gb_ipw_opt,94.73684210526315,2.2556390977443606
wrangler,94.73684210526315,24.06015037593985
