,TPR,FPR
gb_opt,0.0,0.0
gb_ipw_opt,52.63157894736842,0.0
wrangler,15.789473684210526,16.541353383458645
