,TPR,FPR
gb_opt,72.72727272727273,1.4388489208633095
gb_ipw_opt,95.95959595959596,22.58992805755396
wrangler,98.98989898989899,49.49640287769784
