,TPR,FPR
gb_opt,30.76923076923077,0.1607717041800643
gb_ipw_opt,60.43956043956044,4.501607717041801
wrangler,59.34065934065934,17.041800643086816
