,TPR,FPR
gb_opt,41.66666666666667,0.6369426751592357
gb_ipw_opt,100.0,16.560509554140125
wrangler,0.0,0.0
