,TPR,FPR
gb_opt,53.535353535353536,0.851063829787234
gb_ipw_opt,83.83838383838383,21.98581560283688
wrangler,65.65656565656566,33.75886524822695
