,TPR,FPR
gb_opt,52.63157894736842,0.0
gb_ipw_opt,94.73684210526315,3.6764705882352944
wrangler,26.31578947368421,0.7352941176470588
