,TPR,FPR
gb_opt,80.95238095238095,1.4814814814814816
gb_ipw_opt,100.0,4.444444444444445
wrangler,42.857142857142854,2.9629629629629632
