,TPR,FPR
gb_opt,19.06779661016949,1.3605442176870748
gb_ipw_opt,100.0,99.93197278911565
wrangler,15.254237288135593,5.714285714285714
