,TPR,FPR
gb_opt,94.73684210526315,0.0
gb_ipw_opt,100.0,0.7692307692307693
wrangler,15.789473684210526,3.076923076923077
