,TPR,FPR
gb_opt,65.38461538461539,0.5434782608695652
gb_ipw_opt,100.0,1.6304347826086956
wrangler,3.8461538461538463,1.6304347826086956
