,TPR,FPR
gb_opt,85.71428571428571,0.7633587786259541
gb_ipw_opt,95.23809523809523,2.2900763358778624
wrangler,14.285714285714285,1.5267175572519083
