,TPR,FPR
gb_opt,39.80582524271845,1.2413793103448276
gb_ipw_opt,69.90291262135922,4.413793103448276
wrangler,15.53398058252427,0.9655172413793104
