,TPR,FPR
gb_opt,76.19047619047619,2.9850746268656714
gb_ipw_opt,100.0,13.432835820895523
wrangler,76.19047619047619,9.701492537313433
