,TPR,FPR
gb_opt,54.54545454545454,0.0
gb_ipw_opt,100.0,7.246376811594203
wrangler,100.0,34.78260869565217
