,TPR,FPR
gb_opt,13.636363636363635,0.0
gb_ipw_opt,100.0,97.16981132075472
wrangler,90.9090909090909,86.79245283018868
