,TPR,FPR
gb_opt,64.0,2.74869109947644
gb_ipw_opt,95.0,19.76439790575916
wrangler,96.0,36.38743455497382
