,TPR,FPR
gb_opt,89.47368421052632,0.0
gb_ipw_opt,100.0,5.797101449275362
wrangler,36.84210526315789,7.246376811594203
