,TPR,FPR
gb_opt,64.64646464646465,0.28776978417266186
gb_ipw_opt,92.92929292929293,18.41726618705036
wrangler,81.81818181818183,42.73381294964029
