,TPR,FPR
gb_opt,88.46153846153845,0.5571030640668524
gb_ipw_opt,92.3076923076923,3.3426183844011144
wrangler,71.15384615384616,18.384401114206128
