,TPR,FPR
gb_opt,51.515151515151516,1.5691868758915835
gb_ipw_opt,89.8989898989899,28.530670470756064
wrangler,86.86868686868688,47.21825962910128
