,TPR,FPR
gb_opt,46.464646464646464,0.1440922190201729
gb_ipw_opt,82.82828282828282,21.32564841498559
wrangler,74.74747474747475,31.26801152737752
