,TPR,FPR
gb_opt,97.43589743589743,1.4705882352941175
gb_ipw_opt,100.0,7.352941176470589
wrangler,94.87179487179486,9.191176470588236
