,TPR,FPR
gb_opt,42.57425742574257,0.700280112044818
gb_ipw_opt,94.05940594059405,23.949579831932773
wrangler,90.0990099009901,39.075630252100844
