,TPR,FPR
gb_opt,92.3076923076923,0.0
gb_ipw_opt,100.0,9.782608695652174
wrangler,100.0,23.91304347826087
