,TPR,FPR
gb_opt,90.0,0.0
gb_ipw_opt,100.0,1.3888888888888888
wrangler,30.0,13.88888888888889
