,TPR,FPR
gb_opt,84.21052631578947,0.0
gb_ipw_opt,100.0,3.571428571428571
wrangler,57.89473684210527,9.285714285714286
