,TPR,FPR
gb_opt,89.47368421052632,0.0
gb_ipw_opt,94.73684210526315,13.194444444444445
wrangler,89.47368421052632,13.194444444444445
