,TPR,FPR
gb_opt,92.3076923076923,0.5555555555555556
gb_ipw_opt,100.0,3.888888888888889
wrangler,92.3076923076923,42.77777777777778
