,TPR,FPR
gb_opt,85.71428571428571,0.0
gb_ipw_opt,100.0,3.0
wrangler,28.57142857142857,8.0
