,TPR,FPR
gb_opt,100.0,0.7518796992481203
gb_ipw_opt,100.0,4.511278195488721
wrangler,89.47368421052632,18.796992481203006
