,TPR,FPR
gb_opt,29.629629629629626,0.0
gb_ipw_opt,88.88888888888889,4.891304347826087
wrangler,51.85185185185185,16.304347826086957
