,TPR,FPR
gb_opt,95.65217391304348,0.6493506493506493
gb_ipw_opt,100.0,5.194805194805195
wrangler,91.30434782608695,6.493506493506493
