,TPR,FPR
gb_opt,20.0,0.0
gb_ipw_opt,100.0,21.568627450980394
wrangler,56.00000000000001,50.98039215686274
