,TPR,FPR
gb_opt,41.41414141414141,0.5730659025787965
gb_ipw_opt,86.86868686868688,20.057306590257877
wrangler,65.65656565656566,30.37249283667622
