,TPR,FPR
gb_opt,50.0,0.0
gb_ipw_opt,90.0,24.285714285714285
wrangler,50.0,21.428571428571427
