,TPR,FPR
gb_opt,50.505050505050505,1.5647226173541962
gb_ipw_opt,94.94949494949495,27.169274537695593
wrangler,74.74747474747475,33.428165007112376
