,TPR,FPR
gb_opt,38.38383838383838,0.5722460658082975
gb_ipw_opt,86.86868686868688,20.74391988555079
wrangler,84.84848484848484,38.62660944206009
