,TPR,FPR
gb_opt,49.0,2.023121387283237
gb_ipw_opt,87.0,27.601156069364162
wrangler,79.0,42.052023121387286
