,TPR,FPR
gb_opt,0.0,4.0358744394618835
gb_ipw_opt,54.054054054054056,52.46636771300448
wrangler,100.0,75.7847533632287
