,TPR,FPR
gb_opt,23.076923076923077,0.0
gb_ipw_opt,100.0,9.411764705882353
wrangler,15.384615384615385,5.88235294117647
