,TPR,FPR
gb_opt,95.45454545454545,0.0
gb_ipw_opt,100.0,7.792207792207792
wrangler,72.72727272727273,19.480519480519483
