,TPR,FPR
gb_opt,80.0,0.0
gb_ipw_opt,100.0,15.714285714285714
wrangler,100.0,25.71428571428571
