,TPR,FPR
gb_opt,94.89795918367348,1.1627906976744187
gb_ipw_opt,98.9795918367347,8.575581395348838
wrangler,100.0,27.61627906976744
