,TPR,FPR
gb_opt,30.0,0.0
gb_ipw_opt,48.0,1.0
wrangler,56.99999999999999,17.142857142857142
