,TPR,FPR
gb_opt,70.0,0.0
gb_ipw_opt,100.0,1.4084507042253522
wrangler,70.0,32.3943661971831
