,TPR,FPR
gb_opt,92.5925925925926,0.5319148936170213
gb_ipw_opt,100.0,4.787234042553192
wrangler,55.55555555555556,7.9787234042553195
