,TPR,FPR
gb_opt,90.81632653061224,1.7191977077363898
gb_ipw_opt,100.0,5.157593123209169
wrangler,84.6938775510204,34.67048710601719
