,TPR,FPR
gb_opt,88.88888888888889,2.898550724637681
gb_ipw_opt,100.0,100.0
wrangler,5.555555555555555,0.7246376811594203
