,TPR,FPR
gb_opt,66.66666666666666,1.4705882352941175
gb_ipw_opt,100.0,13.23529411764706
wrangler,0.0,0.0
