,TPR,FPR
gb_opt,53.333333333333336,0.0
gb_ipw_opt,73.33333333333333,3.1914893617021276
wrangler,40.0,20.212765957446805
