,TPR,FPR
gb_opt,79.48717948717949,0.36101083032490977
gb_ipw_opt,94.87179487179486,5.776173285198556
wrangler,97.43589743589743,23.826714801444044
