,TPR,FPR
gb_opt,90.0,0.0
gb_ipw_opt,100.0,2.73972602739726
wrangler,70.0,13.698630136986301
