,TPR,FPR
gb_opt,44.44444444444444,1.1235955056179776
gb_ipw_opt,100.0,25.280898876404496
wrangler,74.07407407407408,34.831460674157306
