,TPR,FPR
gb_opt,25.0,0.9009009009009009
gb_ipw_opt,100.0,75.67567567567568
wrangler,0.0,0.0
