,TPR,FPR
gb_opt,62.5,0.53475935828877
gb_ipw_opt,93.75,4.545454545454546
wrangler,80.35714285714286,32.219251336898395
