,TPR,FPR
gb_opt,94.87179487179486,0.0
gb_ipw_opt,100.0,6.569343065693431
wrangler,89.74358974358975,12.773722627737227
