,TPR,FPR
gb_opt,38.095238095238095,0.0
gb_ipw_opt,100.0,11.678832116788321
wrangler,9.523809523809524,1.4598540145985401
