,TPR,FPR
gb_opt,94.0,0.0
gb_ipw_opt,98.0,0.8571428571428572
wrangler,38.0,18.571428571428573
