,TPR,FPR
gb_opt,49.504950495049506,0.8522727272727272
gb_ipw_opt,89.10891089108911,22.727272727272727
wrangler,81.1881188118812,41.903409090909086
