,TPR,FPR
gb_opt,61.904761904761905,0.0
gb_ipw_opt,85.71428571428571,1.3793103448275863
wrangler,4.761904761904762,0.0
