,TPR,FPR
gb_opt,84.21052631578947,0.7246376811594203
gb_ipw_opt,94.73684210526315,3.6231884057971016
wrangler,36.84210526315789,1.4492753623188406
