,TPR,FPR
gb_opt,77.5,0.7380073800738007
gb_ipw_opt,97.5,5.904059040590406
wrangler,97.5,14.760147601476014
