,TPR,FPR
gb_opt,69.23076923076923,0.0
gb_ipw_opt,96.15384615384616,2.793296089385475
wrangler,53.84615384615385,3.35195530726257
