,TPR,FPR
gb_opt,84.21052631578947,0.0
gb_ipw_opt,100.0,3.7593984962406015
wrangler,73.68421052631578,22.55639097744361
