,TPR,FPR
gb_opt,100.0,0.0
gb_ipw_opt,100.0,8.403361344537815
wrangler,82.35294117647058,5.042016806722689
