,TPR,FPR
gb_opt,69.6969696969697,1.7045454545454544
gb_ipw_opt,85.85858585858585,8.664772727272728
wrangler,67.67676767676768,40.625
