,TPR,FPR
gb_opt,100.0,0.7194244604316548
gb_ipw_opt,100.0,18.705035971223023
wrangler,89.47368421052632,22.302158273381295
