,TPR,FPR
gb_opt,21.428571428571427,0.0
gb_ipw_opt,88.09523809523809,7.865168539325842
wrangler,76.19047619047619,13.108614232209737
