,TPR,FPR
gb_opt,76.92307692307693,0.0
gb_ipw_opt,100.0,8.695652173913043
wrangler,0.0,0.0
