,TPR,FPR
gb_opt,19.047619047619047,0.0
gb_ipw_opt,100.0,11.11111111111111
wrangler,0.0,0.0
