,TPR,FPR
gb_opt,90.0,0.0
gb_ipw_opt,100.0,2.380952380952381
wrangler,100.0,15.476190476190476
