,TPR,FPR
gb_opt,53.65853658536586,1.1088011088011087
gb_ipw_opt,85.85365853658537,13.167013167013167
wrangler,90.2439024390244,30.6999306999307
