,TPR,FPR
gb_opt,84.61538461538461,0.0
gb_ipw_opt,100.0,9.497206703910614
wrangler,84.61538461538461,29.608938547486037
