,TPR,FPR
gb_opt,80.0,0.0
gb_ipw_opt,100.0,6.5420560747663545
wrangler,46.666666666666664,3.7383177570093453
