,TPR,FPR
gb_opt,54.285714285714285,0.0
gb_ipw_opt,85.71428571428571,5.3061224489795915
wrangler,57.14285714285714,19.591836734693878
