,TPR,FPR
gb_opt,100.0,0.0
gb_ipw_opt,100.0,25.0
wrangler,52.63157894736842,7.857142857142857
