,TPR,FPR
gb_opt,31.57894736842105,0.0
gb_ipw_opt,84.21052631578947,1.5037593984962405
wrangler,42.10526315789473,22.55639097744361
