,TPR,FPR
gb_opt,57.89473684210527,0.0
gb_ipw_opt,82.45614035087719,3.022670025188917
wrangler,57.89473684210527,19.64735516372796
