,TPR,FPR
gb_opt,100.0,0.7518796992481203
gb_ipw_opt,100.0,2.2556390977443606
wrangler,31.57894736842105,3.007518796992481
