,TPR,FPR
gb_opt,100.0,0.9184845005740528
gb_ipw_opt,100.0,4.707233065442021
wrangler,98.34710743801654,4.707233065442021
