,TPR,FPR
gb_opt,85.0,0.0
gb_ipw_opt,100.0,4.411764705882353
wrangler,35.0,6.61764705882353
