,TPR,FPR
gb_opt,71.0,1.849217638691323
gb_ipw_opt,98.0,26.03129445234708
wrangler,100.0,49.075391180654336
