,TPR,FPR
gb_opt,93.33333333333333,1.1160714285714286
gb_ipw_opt,98.33333333333333,2.9017857142857144
wrangler,98.33333333333333,16.294642857142858
