,TPR,FPR
gb_opt,85.71428571428571,0.0
gb_ipw_opt,100.0,3.3333333333333335
wrangler,21.428571428571427,1.1111111111111112
