,TPR,FPR
gb_opt,79.48717948717949,0.3703703703703704
gb_ipw_opt,92.3076923076923,10.74074074074074
wrangler,74.35897435897436,92.22222222222223
