,TPR,FPR
gb_opt,68.29268292682927,0.9302325581395349
gb_ipw_opt,96.7479674796748,6.744186046511628
wrangler,74.79674796747967,29.651162790697676
