,TPR,FPR
gb_opt,52.52525252525253,1.0014306151645207
gb_ipw_opt,91.91919191919192,20.457796852646638
wrangler,97.97979797979798,56.65236051502146
