,TPR,FPR
gb_opt,68.93203883495146,0.49566294919454773
gb_ipw_opt,98.05825242718447,4.584882280049566
wrangler,57.28155339805825,4.708798017348203
