,TPR,FPR
gb_opt,33.33333333333333,1.4144271570014144
gb_ipw_opt,87.87878787878788,20.792079207920793
wrangler,98.98989898989899,56.011315417256014
