,TPR,FPR
gb_opt,92.5925925925926,0.5617977528089888
gb_ipw_opt,96.29629629629629,2.247191011235955
wrangler,29.629629629629626,0.0
