,TPR,FPR
gb_opt,100.0,0.0
gb_ipw_opt,100.0,2.877697841726619
wrangler,100.0,23.021582733812952
