,TPR,FPR
gb_opt,73.73737373737373,1.098901098901099
gb_ipw_opt,85.85858585858585,10.576923076923077
wrangler,97.97979797979798,44.09340659340659
