,TPR,FPR
gb_opt,91.83673469387756,0.14184397163120568
gb_ipw_opt,98.9795918367347,6.666666666666667
wrangler,65.3061224489796,42.836879432624116
