,TPR,FPR
gb_opt,89.47368421052632,0.7299270072992701
gb_ipw_opt,100.0,0.7299270072992701
wrangler,26.31578947368421,1.4598540145985401
