,TPR,FPR
gb_opt,49.122807017543856,0.7032348804500703
gb_ipw_opt,96.49122807017544,8.579465541490858
wrangler,94.73684210526315,15.752461322081576
