,TPR,FPR
gb_opt,84.0,0.5847953216374269
gb_ipw_opt,100.0,5.847953216374268
wrangler,100.0,13.450292397660817
