,TPR,FPR
gb_opt,73.68421052631578,0.0
gb_ipw_opt,89.47368421052632,2.2388059701492535
wrangler,0.0,0.0
