,TPR,FPR
gb_opt,52.42718446601942,0.6765899864682002
gb_ipw_opt,97.0873786407767,54.66847090663058
wrangler,12.62135922330097,4.7361299052774015
