,TPR,FPR
gb_opt,76.19047619047619,2.9850746268656714
gb_ipw_opt,90.47619047619048,5.970149253731343
wrangler,42.857142857142854,2.9850746268656714
