,TPR,FPR
gb_opt,92.3076923076923,1.0810810810810811
gb_ipw_opt,100.0,3.2432432432432434
wrangler,96.15384615384616,21.08108108108108
