,TPR,FPR
gb_opt,42.10526315789473,0.0
gb_ipw_opt,100.0,54.347826086956516
wrangler,5.263157894736842,0.7246376811594203
