,TPR,FPR
gb_opt,94.87179487179486,0.7407407407407408
gb_ipw_opt,97.43589743589743,5.555555555555555
wrangler,92.3076923076923,13.703703703703704
