,TPR,FPR
gb_opt,48.0,0.2857142857142857
gb_ipw_opt,96.0,22.857142857142858
wrangler,96.0,29.142857142857142
