,TPR,FPR
gb_opt,85.71428571428571,0.0
gb_ipw_opt,85.71428571428571,3.296703296703297
wrangler,78.57142857142857,18.681318681318682
