,TPR,FPR
gb_opt,84.61538461538461,0.7380073800738007
gb_ipw_opt,94.87179487179486,5.904059040590406
wrangler,87.17948717948718,10.70110701107011
