,TPR,FPR
gb_opt,89.47368421052632,0.7751937984496124
gb_ipw_opt,100.0,19.379844961240313
wrangler,94.73684210526315,51.162790697674424
