,TPR,FPR
gb_opt,74.35897435897436,0.7117437722419928
gb_ipw_opt,100.0,4.98220640569395
wrangler,97.43589743589743,25.622775800711743
