,TPR,FPR
gb_opt,47.524752475247524,0.7225433526011561
gb_ipw_opt,93.06930693069307,24.277456647398843
wrangler,72.27722772277228,34.68208092485549
