,TPR,FPR
gb_opt,94.73684210526315,0.0
gb_ipw_opt,100.0,0.7692307692307693
wrangler,42.10526315789473,26.153846153846157
