,TPR,FPR
gb_opt,31.57894736842105,0.0
gb_ipw_opt,100.0,10.526315789473683
wrangler,0.0,1.5037593984962405
