,TPR,FPR
gb_opt,57.57575757575758,1.4306151645207439
gb_ipw_opt,86.86868686868688,15.021459227467812
wrangler,80.8080808080808,42.06008583690987
