,TPR,FPR
gb_opt,89.0909090909091,0.2560819462227913
gb_ipw_opt,98.18181818181819,7.170294494238156
wrangler,48.18181818181818,22.535211267605636
