,TPR,FPR
gb_opt,90.0,0.14144271570014144
gb_ipw_opt,96.0,1.6973125884016973
wrangler,88.0,5.233380480905233
