,TPR,FPR
gb_opt,90.0,0.0
gb_ipw_opt,100.0,5.714285714285714
wrangler,80.0,38.57142857142858
