,TPR,FPR
gb_opt,94.73684210526315,0.0
gb_ipw_opt,100.0,8.88888888888889
wrangler,47.368421052631575,5.9259259259259265
