,TPR,FPR
gb_opt,65.0,0.0
gb_ipw_opt,100.0,12.751677852348994
wrangler,80.0,8.053691275167784
