,TPR,FPR
gb_opt,92.3076923076923,1.0810810810810811
gb_ipw_opt,100.0,3.2432432432432434
wrangler,57.692307692307686,4.324324324324325
