,TPR,FPR
gb_opt,21.21212121212121,0.0
gb_ipw_opt,100.0,24.528301886792452
wrangler,57.57575757575758,38.67924528301887
