,TPR,FPR
gb_opt,75.0,2.8169014084507045
gb_ipw_opt,100.0,8.450704225352112
wrangler,83.33333333333334,7.042253521126761
