,TPR,FPR
gb_opt,52.52525252525253,0.7215007215007215
gb_ipw_opt,89.8989898989899,19.913419913419915
wrangler,79.7979797979798,38.095238095238095
