,TPR,FPR
gb_opt,61.53846153846154,1.8867924528301887
gb_ipw_opt,86.53846153846155,9.164420485175203
wrangler,91.34615384615384,58.35579514824798
