,TPR,FPR
gb_opt,84.61538461538461,0.0
gb_ipw_opt,94.87179487179486,4.285714285714286
wrangler,82.05128205128204,9.642857142857144
