,TPR,FPR
gb_opt,70.0,1.4084507042253522
gb_ipw_opt,90.0,14.084507042253522
wrangler,50.0,14.084507042253522
