,TPR,FPR
gb_opt,36.89320388349515,0.5398110661268556
gb_ipw_opt,92.23300970873787,8.906882591093117
wrangler,98.05825242718447,51.417004048582996
