,TPR,FPR
gb_opt,34.285714285714285,1.3761467889908259
gb_ipw_opt,100.0,60.09174311926605
wrangler,80.0,25.229357798165136
