,TPR,FPR
gb_opt,71.15384615384616,0.0
gb_ipw_opt,86.53846153846155,3.6312849162011176
wrangler,1.9230769230769231,0.0
