,TPR,FPR
gb_opt,49.122807017543856,0.0
gb_ipw_opt,64.91228070175438,1.7632241813602016
wrangler,0.0,0.0
