,TPR,FPR
gb_opt,84.21052631578947,0.0
gb_ipw_opt,100.0,4.316546762589928
wrangler,84.21052631578947,19.424460431654676
