,TPR,FPR
gb_opt,65.0,0.0
gb_ipw_opt,100.0,2.8169014084507045
wrangler,40.0,5.633802816901409
