,TPR,FPR
gb_opt,64.04494382022472,0.16025641025641024
gb_ipw_opt,78.65168539325843,3.0448717948717947
wrangler,64.04494382022472,9.455128205128204
