,TPR,FPR
gb_opt,17.5,0.14619883040935672
gb_ipw_opt,94.16666666666667,46.63742690058479
wrangler,82.5,52.48538011695907
