,TPR,FPR
gb_opt,84.61538461538461,0.7380073800738007
gb_ipw_opt,94.87179487179486,5.904059040590406
wrangler,89.74358974358975,13.284132841328415
