,TPR,FPR
gb_opt,95.23809523809523,0.7092198581560284
gb_ipw_opt,100.0,7.801418439716312
wrangler,14.285714285714285,0.0
