,TPR,FPR
gb_opt,44.44444444444444,1.7241379310344827
gb_ipw_opt,84.84848484848484,26.436781609195403
wrangler,94.94949494949495,47.55747126436782
