,TPR,FPR
gb_opt,36.89320388349515,0.5398110661268556
gb_ipw_opt,92.23300970873787,8.906882591093117
wrangler,97.0873786407767,48.313090418353575
