,Correlation,Corr-Oracle,Wrangler,Wrangler16,Wrangler23,Sherlock
0,0.0,100.0,100.0,100.0,55.55555555555555,33.333333333333336
