,Correlation,Corr-Oracle,Wrangler,Wrangler16,Wrangler23,Sherlock
0,100.0,16.666666666666668,55.55555555555555,66.66666666666667,16.666666666666668,100.0
