,Correlation,Corr-Oracle,Wrangler,Wrangler16,Wrangler23,Sherlock
0,38.888888888888886,100.0,66.66666666666667,66.66666666666667,33.333333333333336,33.333333333333336
