,Correlation,Corr-Oracle,Wrangler,Wrangler16,Wrangler23,Sherlock
0,0.0,100.0,33.333333333333336,100.0,100.0,16.666666666666668
