,Correlation,Corr-Oracle,Wrangler,Wrangler16,Wrangler23,Sherlock
0,0.0,100.0,66.66666666666667,100.0,66.66666666666667,11.111111111111109
