,Correlation,Causal,Wrangler_23,Wrangler_16,GB_23,GB_16
0,0.0,0.0,50.0,50.0,0.0,0.0
1,0.0,0.0,40.0,40.0,0.0,0.0
2,0.0,0.0,31.25,31.25,0.0,0.0
3,0.0,0.0,23.076923076923077,19.230769230769234,0.0,0.0
4,0.0,0.0,19.444444444444446,13.88888888888889,0.0,0.0
5,0.0,0.0,13.725490196078432,9.803921568627452,0.0,0.0
6,0.0,0.0,9.859154929577464,7.042253521126761,0.0,0.0
7,0.0,0.0,8.433734939759036,6.024096385542169,0.0,0.0
8,0.0,0.0,8.13953488372093,5.813953488372093,0.0,0.0
