,Correlation,Causal,Wrangler_23,Wrangler_16,GB_23,GB_16
0,0.0,0.0,0.975609756097561,0.975609756097561,0.0,0.0
1,0.0,0.0,1.4705882352941175,0.42016806722689076,0.0,0.0
2,0.0,0.0,1.383399209486166,0.3952569169960474,0.0,0.0
3,0.0,0.0,0.8663366336633664,0.24752475247524752,0.0,0.0
4,0.0,0.0,0.8225616921269095,0.23501762632197415,0.0,0.0
5,0.0,0.0,0.8215962441314555,0.2347417840375587,0.0,0.0
6,0.0,0.0,0.8206330597889802,0.23446658851113714,0.0,0.0
