,Correlation,Causal,Wrangler_23,Wrangler_16,GB_23,GB_16
0,0.0,0.0,100.0,100.0,100.0,100.0
1,2.416918429003021,2.416918429003021,100.0,97.58308157099698,97.58308157099698,97.58308157099698
