,Correlation,Causal,Wrangler_23,Wrangler_16,GB_23,GB_16
0,0.0,0.0,16.666666666666664,0.0,100.0,100.0
1,14.285714285714285,14.285714285714285,14.285714285714285,0.0,100.0,100.0
