,Correlation,Causal,Wrangler_23,Wrangler_16,GB_23,GB_16
0,0.0,0.0,0.0,0.0,100.0,100.0
1,0.0,0.0,0.0,0.0,100.0,100.0
2,0.0,1.9230769230769231,0.0,0.0,100.0,100.0
3,0.0,23.076923076923077,0.0,0.0,100.0,100.0
4,0.0,27.956989247311824,0.0,0.0,100.0,100.0
5,0.0,30.630630630630627,0.0,0.0,100.0,100.0
6,0.0,29.914529914529915,0.0,0.0,100.0,100.0
7,0.0,29.00763358778626,0.0,0.0,100.0,100.0
8,0.0,27.941176470588236,0.0,0.0,100.0,100.0
