,Correlation,Causal,Wrangler_23,Wrangler_16,GB_23,GB_16
0,0.0,0.0,0.0,0.0,9.836065573770492,0.0
1,0.0,42.790152403282534,0.0,0.0,48.41735052754982,0.0
