,Correlation,Causal,Wrangler_23,Wrangler_16,GB_23,GB_16
0,0.0,0.0,0.0,100.0,100.0,100.0
1,0.0,0.0,0.0,100.0,100.0,100.0
2,0.0,0.0,9.554140127388536,90.44585987261146,100.0,100.0
