,Correlation,Causal,Wrangler_23,Wrangler_16,GB_23,GB_16
0,0.0,0.0,100.0,0.0,0.0,100.0
1,0.0,88.69047619047619,100.0,0.0,0.0,88.69047619047619
2,0.0,86.62790697674419,100.0,0.0,0.0,86.62790697674419
