,Correlation,Causal,Wrangler_23,Wrangler_16,GB_23,GB_16
0,0.0,0.0,0.0,0.0,100.0,100.0
1,5.769230769230769,5.769230769230769,0.0,0.0,100.0,100.0
