,Correlation,Causal,Wrangler_23,Wrangler_16,GB_23,GB_16
0,0.0,0.0,40.69767441860465,100.0,11.627906976744185,50.0
1,0.0,0.0,41.37931034482759,100.0,11.494252873563218,50.57471264367817
