,Correlation,Causal,Wrangler_23,Wrangler_16,GB_23,GB_16
0,0.0,0.0,0.0,0.0,0.0,0.0
1,0.0,0.0,0.0,0.0,0.0,0.0
2,0.0,64.91228070175438,0.0,0.0,0.0,0.0
3,0.0,66.66666666666666,0.0,0.0,0.0,0.0
4,0.0,79.24528301886792,0.0,0.0,0.0,0.0
