,Correlation,Causal,Wrangler_23,Wrangler_16,GB_23,GB_16
0,0.0,0.0,100.0,0.0,80.0,0.0
1,0.0,25.925925925925924,100.0,0.0,69.1358024691358,0.0
2,0.0,25.609756097560975,100.0,0.0,68.29268292682927,0.0
3,0.0,30.681818181818183,100.0,0.0,64.77272727272727,0.0
4,0.0,42.99065420560748,100.0,0.0,54.20560747663551,0.0
5,0.0,42.592592592592595,100.0,0.0,53.70370370370371,0.0
6,0.0,42.201834862385326,100.0,0.0,53.21100917431193,0.0
