,Correlation,Causal,Wrangler_23,Wrangler_16,GB_23,GB_16
0,0.0,0.0,0.0,0.0,0.0,0.0
1,0.0,0.0,0.0,0.0,0.0,0.0
2,0.0,44.800000000000004,0.0,0.0,0.0,0.0
3,0.0,44.6215139442231,0.0,0.0,0.0,0.0
4,0.0,43.75,0.0,0.0,0.0,0.0
