,Correlation,Causal,Wrangler_23,Wrangler_16,GB_23,GB_16
0,0.0,0.0,0.0,0.0,0.0,0.0
1,0.0,80.55555555555556,0.0,0.0,0.0,0.0
2,0.0,80.0,0.0,0.0,0.0,0.0
3,0.0,71.42857142857143,0.0,0.0,0.0,0.0
4,0.0,70.98765432098766,0.0,0.0,0.0,0.0
5,0.0,70.5521472392638,0.0,0.0,0.0,0.0
