,Correlation,Causal,Wrangler_23,Wrangler_16,GB_23,GB_16
0,0.0,0.0,100.0,100.0,100.0,0.0
1,3.571428571428571,3.571428571428571,100.0,100.0,100.0,0.0
