,Correlation,Causal,Wrangler_23,Wrangler_16,GB_23,GB_16
0,0.0,0.0,100.0,100.0,8.73015873015873,100.0
1,41.66666666666667,41.66666666666667,100.0,100.0,8.796296296296296,100.0
2,60.747663551401864,60.747663551401864,100.0,100.0,7.78816199376947,100.0
3,68.18181818181817,68.18181818181817,100.0,100.0,7.07070707070707,100.0
4,70.4225352112676,70.4225352112676,100.0,100.0,6.572769953051644,100.0
5,71.16704805491992,71.16704805491992,100.0,100.0,6.407322654462242,100.0
6,71.36363636363636,71.36363636363636,100.0,100.0,6.363636363636363,100.0
