,Correlation,Causal,Wrangler_23,Wrangler_16,GB_23,GB_16
0,0.0,0.0,100.0,0.0,0.0,0.0
1,0.0,90.50632911392405,91.77215189873418,0.0,0.0,0.0
