,Correlation,Causal,Wrangler_23,Wrangler_16,GB_23,GB_16
0,0.0,0.0,100.0,0.0,100.0,0.0
1,87.37727910238429,87.37727910238429,100.0,0.0,100.0,0.0
2,87.87061994609164,87.87061994609164,100.0,0.0,100.0,0.0
