,Correlation,Causal,Wrangler_23,Wrangler_16,GB_23,GB_16
0,0.0,0.0,0.0,0.0,0.0,0.0
1,0.0,10.465116279069768,0.0,0.0,0.0,0.0
2,0.0,33.04347826086956,0.0,0.0,0.0,0.0
