,Correlation,Causal,Wrangler_23,Wrangler_16,GB_23,GB_16
0,0.0,0.0,100.0,100.0,97.72727272727273,100.0
1,53.68421052631579,53.68421052631579,100.0,100.0,96.84210526315789,100.0
