,Correlation,Causal,Wrangler_23,Wrangler_16,GB_23,GB_16
0,0.0,0.0,100.0,100.0,100.0,0.0
1,0.0,67.48466257668711,100.0,100.0,100.0,1.2269938650306749
2,0.0,68.45238095238095,100.0,100.0,100.0,1.1904761904761905
3,0.0,68.63905325443787,100.0,100.0,100.0,1.183431952662722
4,0.0,68.23529411764706,100.0,100.0,100.0,1.1764705882352942
