,Correlation,Causal,Wrangler_23,Wrangler_16,GB_23,GB_16
0,0.0,0.0,0.0,0.0,0.0,0.0
1,6.896551724137931,6.896551724137931,6.896551724137931,0.0,0.0,0.0
