,Correlation,Causal,Wrangler_23,Wrangler_16,GB_23,GB_16
0,0.0,0.0,0.0,0.0,100.0,100.0
1,0.0,0.0,0.0,0.0,85.59322033898306,0.847457627118644
2,0.0,31.3953488372093,0.0,0.0,90.11627906976744,28.197674418604652
3,59.85997666277713,72.46207701283546,0.0,0.0,95.91598599766627,66.86114352392065
