,Correlation,Causal,Wrangler_23,Wrangler_16,GB_23,GB_16
0,0.0,0.0,100.0,100.0,100.0,100.0
1,0.0,8.641975308641975,100.0,100.0,100.0,100.0
2,0.0,8.536585365853659,100.0,100.0,100.0,100.0
3,0.0,11.76470588235294,100.0,100.0,100.0,100.0
