,Correlation,Causal,Wrangler_23,Wrangler_16,GB_23,GB_16
0,0.0,0.0,100.0,100.0,0.0,0.0
1,0.0,31.93916349809886,100.0,100.0,20.53231939163498,22.433460076045627
2,0.3787878787878788,32.196969696969695,100.0,100.0,20.833333333333336,22.727272727272727
3,2.909090909090909,34.909090909090914,100.0,100.0,22.545454545454547,24.363636363636363
4,17.933130699088146,45.59270516717325,100.0,100.0,34.34650455927052,36.17021276595745
5,18.67469879518072,46.08433734939759,100.0,100.0,34.93975903614458,36.74698795180723
