,Correlation,Causal,Wrangler_23,Wrangler_16,GB_23,GB_16
0,0.0,0.0,100.0,100.0,94.18604651162791,100.0
1,0.0,0.0,100.0,100.0,94.25287356321839,100.0
