,Correlation,Causal,Wrangler_23,Wrangler_16,GB_23,GB_16
0,0.0,0.0,0.0,0.0,100.0,100.0
1,0.0,0.0,0.0,34.78260869565217,100.0,95.65217391304348
2,0.0,78.30188679245283,0.0,34.90566037735849,100.0,91.50943396226415
