,Correlation,Causal,Wrangler_23,Wrangler_16,GB_23,GB_16
0,0.0,0.0,100.0,100.0,100.0,96.80851063829788
1,0.0,7.8431372549019605,100.0,100.0,94.11764705882352,91.17647058823529
2,0.0,22.31404958677686,100.0,100.0,83.47107438016529,80.99173553719008
