,Correlation,Causal,Wrangler_23,Wrangler_16,GB_23,GB_16
0,0.0,0.0,100.0,100.0,100.0,100.0
1,3.9408866995073892,3.9408866995073892,81.2807881773399,93.59605911330048,69.95073891625616,69.95073891625616
2,15.868263473053892,17.964071856287426,72.75449101796407,88.92215568862275,55.98802395209581,55.98802395209581
3,16.36904761904762,18.452380952380953,72.91666666666666,88.98809523809523,56.25,56.25
