,Correlation,Causal,Wrangler_23,Wrangler_16,GB_23,GB_16
0,0.0,0.0,100.0,83.8323353293413,0.0,100.0
1,0.2985074626865672,0.2985074626865672,100.0,83.88059701492537,0.0,100.0
