,Correlation,Causal,Wrangler_23,Wrangler_16,GB_23,GB_16
0,0.0,0.0,73.46683354192741,72.5907384230288,99.62453066332915,100.0
1,0.0,4.311377245508982,74.49101796407186,73.65269461077844,99.64071856287426,100.0
2,0.0,6.876456876456877,75.17482517482517,74.35897435897436,99.65034965034964,100.0
