,Correlation,Causal,Wrangler_23,Wrangler_16,GB_23,GB_16
0,0.0,0.0,100.0,90.65420560747664,100.0,99.06542056074767
1,0.9259259259259258,0.9259259259259258,100.0,90.74074074074075,100.0,99.07407407407408
