,Correlation,Causal,Wrangler_23,Wrangler_16,GB_23,GB_16
0,0.0,0.0,100.0,100.0,0.0,100.0
1,0.0,12.5,100.0,76.5625,0.3125,76.5625
2,0.0,12.422360248447205,100.0,76.08695652173914,0.3105590062111801,76.08695652173914
3,0.0,12.269938650306749,100.0,75.15337423312883,0.3067484662576687,75.15337423312883
