,Correlation,Causal,Wrangler_23,Wrangler_16,GB_23,GB_16
0,0.0,0.0,100.0,0.0,0.0,0.0
1,0.0,76.13636363636364,100.0,0.0,76.13636363636364,0.0
2,0.0,76.66666666666667,100.0,0.0,75.55555555555556,0.0
3,0.0,87.03703703703704,100.0,0.0,63.580246913580254,0.0
4,0.0,87.11656441717791,100.0,0.0,63.190184049079754,0.0
