,Correlation,Causal,Wrangler_23,Wrangler_16,GB_23,GB_16
0,0.0,0.0,0.0,0.0,100.0,98.76543209876543
1,0.0,90.38004750593825,0.11876484560570072,0.0,97.8622327790974,93.94299287410927
