,Correlation,Causal,Wrangler_23,Wrangler_16,GB_23,GB_16
0,0.0,0.0,100.0,100.0,100.0,0.0
1,0.0,0.0,100.0,100.0,100.0,0.0
2,0.0,11.76470588235294,94.11764705882352,94.11764705882352,94.11764705882352,0.0
3,0.0,72.22222222222221,85.18518518518519,85.18518518518519,85.18518518518519,0.0
4,0.0,68.96551724137932,81.03448275862068,81.03448275862068,81.03448275862068,0.0
