,Correlation,Causal,Wrangler_23,Wrangler_16,GB_23,GB_16
0,0.0,0.0,1.056338028169014,10.211267605633804,4.225352112676056,100.0
1,0.0,0.0,3.402938901778809,15.493683939159578,2.320185614849188,100.0
2,0.0,12.477436823104693,3.0009025270758123,13.808664259927797,2.053249097472924,100.0
3,0.0,17.150790260572403,2.8620247757368644,13.092695429303717,1.9649722340879965,100.0
4,0.0,17.058698876880698,2.839584657766476,12.990040262767536,1.9495655859292222,100.0
5,0.0,17.01858108108108,2.8293918918918917,12.943412162162163,1.9425675675675675,100.0
