,Correlation,Causal,Wrangler_23,Wrangler_16,GB_23,GB_16
0,0.0,0.0,0.0,0.0,100.0,37.37373737373738
1,70.88235294117648,70.88235294117648,0.0,0.0,100.0,21.470588235294116
