,Correlation,Causal,Wrangler_23,Wrangler_16,GB_23,GB_16
0,0.0,0.0,100.0,2.857142857142857,100.0,100.0
1,41.42857142857143,50.0,91.42857142857143,4.285714285714286,91.42857142857143,100.0
2,27.61904761904762,33.33333333333333,80.95238095238095,3.8095238095238098,80.95238095238095,100.0
3,23.200000000000003,28.000000000000004,72.0,3.2,72.0,100.0
4,21.641791044776117,26.119402985074625,67.16417910447761,2.9850746268656714,67.16417910447761,100.0
5,20.56737588652482,24.822695035460992,63.829787234042556,2.8368794326241136,63.829787234042556,100.0
6,20.0,24.82758620689655,62.758620689655174,2.7586206896551726,62.758620689655174,100.0
7,19.594594594594593,25.0,62.16216216216216,2.7027027027027026,62.16216216216216,100.0
8,19.463087248322147,24.832214765100673,61.74496644295302,2.684563758389262,61.74496644295302,100.0
