,Correlation,Causal,Wrangler_23,Wrangler_16,GB_23,GB_16
0,0.0,0.0,100.0,100.0,0.0,0.0
1,0.0,0.0,100.0,100.0,0.0,0.0
2,0.0,0.0,100.0,100.0,0.32679738562091504,0.0
3,0.0,30.463425715583824,100.0,100.0,0.29532030895047706,0.06815084052703317
4,4.860215053763441,34.043010752688176,100.0,100.0,0.27956989247311825,0.06451612903225806
5,6.7425200168563,35.3771597134429,100.0,100.0,0.2739148756847872,0.06321112515802782
6,6.914670029424127,35.350987810004206,100.0,100.0,0.273224043715847,0.06305170239596469
7,6.953781512605042,35.33613445378151,100.0,100.0,0.27310924369747897,0.06302521008403361
8,6.97332493173703,35.32871245536652,100.0,100.0,0.2730518798571729,0.0630119722747322
