,Correlation,Causal,Wrangler_23,Wrangler_16,GB_23,GB_16
0,0.0,0.0,100.0,0.0,100.0,0.0
1,96.55172413793103,96.55172413793103,100.0,93.10344827586206,100.0,0.0
