,Correlation,Causal,Wrangler_23,Wrangler_16,GB_23,GB_16
0,0.0,0.0,100.0,100.0,0.0,0.0
1,79.00552486187846,79.00552486187846,100.0,100.0,0.0,10.497237569060774
2,87.93650793650794,87.93650793650794,100.0,100.0,0.0,20.634920634920633
3,90.66339066339066,90.66339066339066,100.0,100.0,0.0,29.975429975429975
4,91.1832946635731,91.1832946635731,100.0,100.0,0.0,33.64269141531322
5,91.26436781609195,91.26436781609195,100.0,100.0,0.0,34.25287356321839
6,91.36363636363637,91.36363636363637,100.0,100.0,0.0,35.0
7,91.38321995464852,91.38321995464852,100.0,100.0,0.0,35.147392290249435
