,Correlation,Causal,Wrangler_23,Wrangler_16,GB_23,GB_16
0,0.0,0.0,0.0,0.0,0.0,100.0
1,0.0,0.0,15.789473684210526,0.0,0.0,5.263157894736842
2,0.0,0.0,20.0,0.0,0.0,18.75
