,Correlation,Causal,Wrangler_23,Wrangler_16,GB_23,GB_16
0,0.0,0.0,100.0,100.0,0.0,36.36363636363637
1,22.35294117647059,22.35294117647059,100.0,84.70588235294117,0.0,47.05882352941176
