,Correlation,Causal,Wrangler_23,Wrangler_16,GB_23,GB_16
0,0.0,0.0,100.0,100.0,100.0,100.0
1,25.581395348837212,25.581395348837212,100.0,100.0,100.0,100.0
