,Correlation,Causal,Wrangler_23,Wrangler_16,GB_23,GB_16
0,0.0,0.0,100.0,100.0,0.0,100.0
1,0.0,0.0,100.0,100.0,0.0,100.0
2,52.995391705069125,52.995391705069125,100.0,100.0,0.0,100.0
3,53.42465753424658,53.42465753424658,100.0,100.0,0.0,100.0
4,53.63636363636364,53.63636363636364,100.0,100.0,0.0,100.0
5,54.054054054054056,54.054054054054056,100.0,100.0,0.0,100.0
6,54.26008968609865,54.26008968609865,100.0,100.0,0.0,100.0
