,Correlation,Causal,Wrangler_23,Wrangler_16,GB_23,GB_16
0,0.0,0.0,0.0,0.0,100.0,100.0
1,85.29411764705883,85.29411764705883,0.0,0.0,100.0,100.0
