,Correlation,Causal,Wrangler_23,Wrangler_16,GB_23,GB_16
0,0.0,100.0,0.0,0.0,0.0,0.0
1,0.0,100.0,0.0,0.0,0.0,0.0
2,35.483870967741936,100.0,0.0,0.0,0.0,0.0
3,34.883720930232556,100.0,0.0,0.0,0.0,0.0
