,Correlation,Causal,Wrangler_23,Wrangler_16,GB_23,GB_16
0,0.0,0.0,0.0,0.0,45.45454545454545,100.0
1,0.0,0.0,0.0,0.0,48.10126582278481,100.0
2,0.0,13.88888888888889,0.0,0.0,53.70370370370371,100.0
3,0.0,30.18867924528302,0.0,0.0,61.63522012578616,100.0
