,Correlation,Causal,Wrangler_23,Wrangler_16,GB_23,GB_16
0,0.0,0.0,0.0,0.0,100.0,0.0
1,0.0,0.0,0.0,33.11036789297659,100.0,98.32775919732441
2,48.6254295532646,48.6254295532646,0.0,18.72852233676976,99.65635738831615,94.84536082474226
3,59.86577181208054,59.86577181208054,0.0,15.033557046979865,99.73154362416108,92.48322147651007
4,64.36233611442194,64.36233611442194,0.0,13.587604290822409,99.761620977354,93.20619785458881
5,64.40476190476191,64.40476190476191,0.0,13.571428571428571,99.76190476190476,93.21428571428572
6,64.98829039812647,64.98829039812647,0.0,13.348946135831383,99.76580796252928,93.32552693208432
7,65.19208381839347,65.19208381839347,0.0,13.271245634458673,99.76717112922002,93.36437718277067
