,Correlation,Causal,Wrangler_23,Wrangler_16,GB_23,GB_16
0,0.0,0.0,100.0,100.0,98.82352941176471,100.0
1,1.1627906976744187,1.1627906976744187,100.0,100.0,97.67441860465115,100.0
