,Correlation,Causal,Wrangler_23,Wrangler_16,GB_23,GB_16
0,0.0,0.0,0.0,0.0,0.0,0.0
1,0.0,0.36101083032490977,0.0,0.0,0.24067388688327318,0.24067388688327318
