,Correlation,Causal,Wrangler_23,Wrangler_16,GB_23,GB_16
0,0.0,0.0,100.0,100.0,100.0,100.0
1,91.61676646706587,91.61676646706587,100.0,99.7005988023952,92.21556886227546,100.0
