,Correlation,Causal,Wrangler_23,Wrangler_16,GB_23,GB_16
0,0.0,0.0,0.0,0.0,0.0,0.0
1,0.0,0.0,0.0,0.0,0.0,0.0
2,0.0,4.6875,0.0,0.0,0.0,0.0
3,0.0,59.86842105263158,0.0,0.0,0.0,0.0
4,0.0,60.64516129032258,0.0,0.0,0.0,0.0
5,0.0,61.39240506329114,0.0,0.0,0.0,0.0
