,Correlation,Causal,Wrangler_23,Wrangler_16,GB_23,GB_16
0,0.0,0.0,0.0,0.0,0.0,0.0
1,0.0,18.181818181818183,0.0,0.0,0.0,0.0
2,0.0,89.28571428571429,0.0,0.0,0.0,0.0
3,0.0,91.66666666666666,0.0,0.0,0.0,0.0
