,gb,gb_ipw,wrangler_23,wrangler_16
0,0.01470494914699245,0.024478285162298528,0.004202610737568624,0.00232694385287998
