,gb,gb_ipw,wrangler_23,wrangler_16
0,0.025937670753115694,0.0450096433124845,0.0055714259071955605,0.004709334600539435
