,gb,gb_ipw,wrangler_23,wrangler_16
0,0.028061943176465157,0.04673252503077189,0.0066564251215029974,0.004039360926701472
