,gb,gb_ipw,wrangler_23,wrangler_16
0,0.015617548288046184,0.025779693634002718,0.005819818952105024,0.0023473869194160332
