,gb,gb_ipw,wrangler_23,wrangler_16
0,0.015518771923654445,0.023955494407715838,0.0032831013687257844,0.0018009809943718637
