,gb,gb_ipw,wrangler_23,wrangler_16
0,0.013450781504313154,0.024636800143881084,0.006242037674004888,0.002376815324188561
