,gb,gb_ipw,wrangler_23,wrangler_16
0,0.014130408699448045,0.024583935737609863,0.00356556595982732,0.002162682043539511
