,gb,gb_ipw,wrangler_23,wrangler_16
0,0.01846511960454439,0.03181231166325717,0.004749565459849802,0.0029845655771637515
