,gb,gb_ipw,wrangler_23,wrangler_16
0,0.016965823603974875,0.018386166719434705,0.009590152548692683,0.001482551387838782
