,gb,gb_ipw,wrangler_23,wrangler_16
0,0.013990978126382649,0.023861328263455845,0.005932639030103242,0.002706677504862951
