,gb,gb_ipw,wrangler_23,wrangler_16
0,0.016831092278596915,0.027987402572585512,0.00457055798862367,0.0027507887367197582
