,gb,gb_ipw,wrangler_23,wrangler_16
0,0.012597219012249474,0.022119253702547356,0.003836620813128591,0.002460361554704864
