,gb,gb_ipw,wrangler_23,wrangler_16
0,0.008404006560643515,0.010672335823376972,0.013239309191703796,0.0019302591681480408
