,gb,gb_ipw,wrangler_23,wrangler_16
0,0.021375925203728687,0.033918028638623886,0.005469455585613118,0.0025574620310719553
