,gb,gb_ipw,wrangler_23,wrangler_16
0,0.019054163943280227,0.03176292220314782,0.006810976908757137,0.002901567207587945
