,gb,gb_ipw,wrangler_23,wrangler_16
0,0.016094542838431692,0.027309375379996868,0.003861598526649033,0.00235100050230284
