,gb,gb_ipw,wrangler_23,wrangler_16
0,0.014976363653983213,0.02501773776324793,0.0041124671607142005,0.002236097019661103
