,gb,gb_ipw,wrangler_23,wrangler_16
0,0.014782177252670317,0.02430404742408565,0.007731251996045753,0.002143908087833167
