,gb,gb_ipw,wrangler_23,wrangler_16
0,0.010759901846111008,0.019736496375988205,0.008259371260609058,0.0020511520719065247
