,gb,gb_ipw,wrangler_23,wrangler_16
0,0.01641370154715873,0.026458469597068997,0.0046202298757192254,0.0025786580266179268
