,gb,gb_ipw,wrangler_23,wrangler_16
0,0.01601827600614621,0.02618461358742636,0.005461544287009317,0.002406268823342245
