,gb,gb_ipw,wrangler_23,wrangler_16
0,0.024218837936203202,0.04414478679756064,0.006527676210775006,0.00412149346752084
