,gb,gb_ipw,wrangler_23,wrangler_16
0,0.01685118799336457,0.02776783556521731,0.0058286378947622584,0.0024427907049069863
