,gb,gb_ipw,wrangler_23,wrangler_16
0,0.013086822006728624,0.022585481826327098,0.003524253282292484,0.0021386558257242196
