,gb,gb_ipw,wrangler_23,wrangler_16
0,0.01987081684478342,0.03306957140360792,0.00420354817011585,0.002667838579987826
