,gb,gb_ipw,wrangler_23,wrangler_16
0,0.018576780954996746,0.028520496816583016,0.0052214320240124975,0.0024151823776884375
