,gb,gb_ipw,wrangler_23,wrangler_16
0,0.034603255766409415,0.0577337212032742,0.005642848986166495,0.004459310460973669
