,gb,gb_ipw,wrangler_23,wrangler_16
0,0.008017327584347124,0.01493850168062658,0.004381353690213367,0.001677395295543892
