,gb,gb_ipw,wrangler_23,wrangler_16
0,0.01638270032427567,0.026245369068694683,0.0045253930847501496,0.002349515936920407
