,gb,gb_ipw,wrangler_23,wrangler_16
0,0.030917217184011147,0.044474121762681805,0.006856550990736064,0.003556896712227461
