,gb,gb_ipw,wrangler_23,wrangler_16
0,0.012775483789425944,0.013583924834955094,0.025880933934664233,0.002839889027596121
