,gb,gb_ipw,wrangler_23,wrangler_16
0,0.01821133282992032,0.029939395207148813,0.006404254105422164,0.0024938083195186166
