,gb,gb_ipw,wrangler_23,wrangler_16
0,0.022307296603127188,0.0296191105650217,0.011625785845191697,0.0021402629940654987
