,gb,gb_ipw,wrangler_23,wrangler_16
0,0.015957051135124044,0.027604179179414795,0.0037949770054918654,0.0027264052249015647
