,gb,gb_ipw,wrangler_23,wrangler_16
0,0.017932452108287394,0.028975984561948952,0.004273387810664657,0.002455500429755476
