,gb,gb_ipw,wrangler_23,wrangler_16
0,0.013839593832043636,0.024459154709525734,0.004254994185074515,0.002563431643057561
