,gb,gb_ipw,wrangler_23,wrangler_16
0,0.010305127449310648,0.012829301286062914,0.0043299920035930915,0.0009093851802523424
