,gb,gb_ipw,wrangler_23,wrangler_16
0,0.013436649398004357,0.016576772360244213,0.004258109035139847,0.000894476089464851
