,gb,gb_ipw,wrangler_23,wrangler_16
0,0.01571595131813943,0.02634752978075732,0.003573357521950662,0.0023701813843873174
