,gb,gb_ipw,wrangler_23,wrangler_16
0,0.014407387708008198,0.02418760227820188,0.003625777677239578,0.0021518493185237963
