,gb,gb_ipw,wrangler_23,wrangler_16
0,0.016829588649663163,0.027061220850426098,0.003493743700508291,0.0024325389018907627
