,gb,gb_ipw,wrangler_23,wrangler_16
0,0.013797314136059252,0.02552769877217509,0.0058023126928003635,0.002488508805647478
