,gb,gb_ipw,wrangler_23,wrangler_16
0,0.016443301802096157,0.02840724976166435,0.005428557810576065,0.0024056305056032925
