,gb,gb_ipw,wrangler_23,wrangler_16
0,0.011785999759212955,0.02320738502474495,0.006468741448370965,0.0027758734566824777
