,gb,gb_ipw,wrangler_23,wrangler_16
0,0.026303033034006752,0.04626133225180886,0.006127989653385046,0.004341656511480158
