,gb,gb_ipw,wrangler_23,wrangler_16
0,0.011802307869258679,0.018562617382608858,0.006556454905889985,0.001699180531322508
