,gb,gb_ipw,wrangler_23,wrangler_16
0,0.01574627880266877,0.025263556097527867,0.0032986984571740773,0.0022022488875160723
