,gb,gb_ipw,wrangler_23,wrangler_16
0,0.016484389433989652,0.02765662677295215,0.004581288174465969,0.0022758592714418524
