,gb,gb_ipw,wrangler_23,wrangler_16
0,0.015787491412513927,0.025197797661611815,0.005013428409366969,0.0022611610597227812
