,gb,gb_ipw,wrangler_23,wrangler_16
0,0.029348333676656086,0.04913707574208578,0.006433576345443726,0.004849831263224283
