,gb,gb_ipw,wrangler_23,wrangler_16
0,0.015346264397656476,0.030918529740086312,0.005191398991478814,0.0032183748704415777
