,gb,gb_ipw,wrangler_23,wrangler_16
0,0.018189304843583224,0.0395752799529324,0.006205862953409392,0.003994643902496982
