,gb,gb_ipw,wrangler_23,wrangler_16
0,0.014023524636412411,0.022621468820026466,0.005664494876431839,0.0020760018862719352
