,gb,gb_ipw,wrangler_23,wrangler_16
0,0.018896438076402185,0.030683792285409028,0.006348023237700705,0.002624318625071901
