,gb,gb_ipw,wrangler_23,wrangler_16
0,0.016387534026362467,0.02696073573568593,0.004229842176759876,0.0027121553098521946
