,gb,gb_ipw,wrangler_23,wrangler_16
0,0.021963483757442896,0.040854844782087535,0.005560616652170817,0.0044645534621344666
