,gb,gb_ipw,wrangler_23,wrangler_16
0,0.009959055904597672,0.012986820961352641,0.011057089149700439,0.001719078434167532
