,gb,gb_ipw,wrangler_23,wrangler_16
0,0.03220845562543056,0.04721069058706594,0.00500933144443719,0.002440325049466865
