,gb,gb_ipw,wrangler_23,wrangler_16
0,0.01640871268551366,0.0262458807258067,0.0035854486318734977,0.0025199883150093722
