,gb,gb_ipw,wrangler_23,wrangler_16
0,0.016484823491838243,0.034630022667072435,0.007733150764747902,0.0034305784437391493
