,gb,gb_ipw,wrangler_23,wrangler_16
0,0.03423790136973063,0.05798600614070893,0.005845911800861359,0.005114513138930002
