,gb,gb_ipw,wrangler_23,wrangler_16
0,0.015101954576563489,0.024615624974906488,0.0034074554105562012,0.0021111580633348037
