,gb,gb_ipw,wrangler_23,wrangler_16
0,0.018009720267830317,0.028290224599314264,0.0038370195325914324,0.0024113812289395173
