,gb,gb_ipw,wrangler_23,wrangler_16
0,0.031095105147052254,0.04460175358556539,0.004335346818604503,0.0033191884672624
