,gb,gb_ipw,wrangler_23,wrangler_16
0,0.026863658437777445,0.03811409504731197,0.003053144487162692,0.0024390776589996084
