,gb,gb_ipw,wrangler_23,wrangler_16
0,0.02132243580288357,0.039301878876156285,0.006382366021474201,0.004018346468607584
