,gb,gb_ipw,wrangler_23,wrangler_16
0,0.01888477039398805,0.029871366682095765,0.004340312368421302,0.0026747728827389585
