,gb,gb_ipw,wrangler_23,wrangler_16
0,0.018370197546528116,0.029950068263933923,0.005344856659878175,0.002540952910787811
