,gb,gb_ipw,wrangler_23,wrangler_16
0,0.014703606319202034,0.02333690934147395,0.004628307712275367,0.0023182402265832774
