,gb,gb_ipw,wrangler_23,wrangler_16
0,0.01718499046627328,0.0274570683350865,0.004015333665524676,0.0024372954262831857
