,gb,gb_ipw,wrangler_23,wrangler_16
0,0.017330323383485002,0.03018671776348854,0.004631608397096068,0.002554310110462455
