,gb,gb_ipw,wrangler_23,wrangler_16
0,0.02340412139892578,0.03772592544555664,0.0045108795166015625,0.003391742706298828
