,gb,gb_ipw,wrangler_23,wrangler_16
0,0.018216677361133835,0.028378301890108593,0.00344396261644613,0.0022903162771494598
