,gb,gb_ipw,wrangler_23,wrangler_16
0,0.014548547433243868,0.025342341036722484,0.0037786498942489013,0.0023503518547240243
