,gb,gb_ipw,wrangler_23,wrangler_16
0,0.02587637545899575,0.042567897287214766,0.004919295972425251,0.0033703156386349757
