,gb,gb_ipw,wrangler_23,wrangler_16
0,0.024410539476322556,0.0425807389197071,0.009692247790569293,0.0041871955714274925
