,gb,gb_ipw,wrangler_23,wrangler_16
0,0.015633219004930404,0.026314724477010654,0.003854623549416256,0.0023690354465242215
