,gb,gb_ipw,wrangler_23,wrangler_16
0,0.03141887260205818,0.05101999550154716,0.005810098214582963,0.004677835739020145
