,gb,gb_ipw,wrangler_23,wrangler_16
0,0.016489788726135927,0.026722596241877634,0.004886139880169877,0.0024895091633220295
