,gb,gb_ipw,wrangler_23,wrangler_16
0,0.018792171500094695,0.03234779534678164,0.005689311082084884,0.0028641600357858757
