,gb,gb_ipw,wrangler_23,wrangler_16
0,0.01653461229233515,0.025933512002538208,0.004287091841608841,0.0023584558356622735
