,gb,gb_ipw,wrangler_23,wrangler_16
0,0.029029324650764465,0.051849521696567535,0.0055925920605659485,0.004255833725134532
