,gb,gb_ipw,wrangler_23,wrangler_16
0,0.015288798505274944,0.025601736827246473,0.003895888457427154,0.0023372845299915916
