,gb,gb_ipw,wrangler_23,wrangler_16
0,0.022213728654952275,0.041194614909944076,0.005193764255160376,0.0038941701253255205
