,gb,gb_ipw,wrangler_23,wrangler_16
0,0.03132224082946777,0.05142887433369954,0.005889796849453089,0.004692059574705181
