,gb,gb_ipw,wrangler_23,wrangler_16
0,0.00636311089765261,0.010744537803081336,0.006656134355832633,0.0016785370415170228
