,gb,gb_ipw,wrangler_23,wrangler_16
0,0.014368099035675994,0.02407505340182904,0.00510049849441371,0.0021961546435798566
