,gb,gb_ipw,wrangler_23,wrangler_16
0,0.00731188763854324,0.014059774337276334,0.003488602176789315,0.0015472853055564304
