,gb,gb_ipw,wrangler_23,wrangler_16
0,0.014202996394112974,0.025174951040616598,0.00453935301859319,0.0030007413638535366
