,gb,gb_ipw,wrangler_23,wrangler_16
0,0.015694399995809998,0.0269399894462837,0.006190329578204854,0.0027036697693462904
