,gb,gb_ipw,wrangler_23,wrangler_16
0,0.05451900263627371,0.09331231315930683,0.00907439324590895,0.007642226086722479
