,gb,gb_ipw,wrangler_23,wrangler_16
0,0.02233836115623007,0.039668310256231396,0.005186009569232967,0.0038082096852412838
