,gb,gb_ipw,wrangler_23,wrangler_16
0,0.01481481226705101,0.024052193183644148,0.003619489339748584,0.0021760219071370293
