,gb,gb_ipw,wrangler_23,wrangler_16
0,0.00469088024387304,0.00696789252783228,0.01726470947897362,0.0028787872009809422
