,gb,gb_ipw,wrangler_23,wrangler_16
0,0.014683021460504335,0.024014171242524404,0.005300549141742846,0.0023340761945812426
