,gb,gb_ipw,wrangler_23,wrangler_16
0,0.0268773334782298,0.04194551690161066,0.00442011246513222,0.0033708122687611157
