,gb,gb_ipw,wrangler_23,wrangler_16
0,0.01531816105838868,0.024960805995682084,0.005614655172331643,0.0022862250997844596
