,gb,gb_ipw,wrangler_23,wrangler_16
0,0.018329918384552002,0.030595128950865375,0.006494379561880361,0.002894259017446767
