,gb,gb_ipw,wrangler_23,wrangler_16
0,0.019195645125870853,0.022939595160205748,0.006816600196549983,0.0011408861560100543
