,gb,gb_ipw,wrangler_23,wrangler_16
0,0.029001039328034394,0.04950257920727288,0.00543102775652384,0.004008381637101321
