,gb,gb_ipw,wrangler_23,wrangler_16
0,0.014561646003598305,0.023207969897369632,0.00359160479901828,0.002091094788796103
