,gb,gb_ipw,wrangler_23,wrangler_16
0,0.020004522920858983,0.038605025320342094,0.0056136738170276985,0.00407960679796007
