,gb,gb_ipw,wrangler_23,wrangler_16
0,0.013051161894927155,0.022927490440574853,0.003815341640163113,0.002457080660639583
