,gb,gb_ipw,wrangler_23,wrangler_16
0,0.010062818941862686,0.020248086556144382,0.005852916966313901,0.0023796506550001063
