,gb,gb_ipw,wrangler_23,wrangler_16
0,0.012388038107633262,0.01447972420340257,0.0055184997463622034,0.0012023567658736992
