,gb,gb_ipw,wrangler_23,wrangler_16
0,0.016142776671876302,0.02783169137670639,0.0037852119892201525,0.0027167670270229908
