,gb,gb_ipw,wrangler_23,wrangler_16
0,0.009826891790560592,0.017954808909718584,0.0035738557334837875,0.0017450107791559487
