,gb,gb_ipw,wrangler_23,wrangler_16
0,0.01597776793551073,0.0260291311904969,0.004090485095701995,0.0024031462043334183
