,gb,gb_ipw,wrangler_23,wrangler_16
0,0.01468880398495419,0.024764029471365898,0.0047313558446752425,0.0027085925723697325
