,gb,gb_ipw,wrangler_23,wrangler_16
0,0.016049955083035874,0.01846915626725184,0.0060410086014926,0.0011712655253794
