,gb,gb_ipw,wrangler_23,wrangler_16
0,0.017609940267782488,0.027905282823878844,0.004634923246905841,0.002273064279351232
