,gb,gb_ipw,wrangler_23,wrangler_16
0,0.02372693106575795,0.03691424023021351,0.006313635107359228,0.00283366773834676
