,gb,gb_ipw,wrangler_23,wrangler_16
0,0.026142474302311536,0.04573376318023786,0.0057384320550767825,0.004321029505778833
