,gb,gb_ipw,wrangler_23,wrangler_16
0,0.023651434870396622,0.035070117264090594,0.005332940709426572,0.0022574337433066286
