,gb,gb_ipw,wrangler_23,wrangler_16
0,0.02081854116097258,0.029503153767835976,0.003259752912161884,0.001875233491614229
