,gb,gb_ipw,wrangler_23,wrangler_16
0,0.014480912896253997,0.024205517347140444,0.0038561336496934534,0.0021419423149231284
