,gb,gb_ipw,wrangler_23,wrangler_16
0,0.01835165036045999,0.035348674435194544,0.009294464863276725,0.003673009773137956
