,gb,gb_ipw,wrangler_23,wrangler_16
0,0.020988064634832087,0.03262478707614292,0.006437783614001826,0.0028664853694946616
