,gb,gb_ipw,wrangler_23,wrangler_16
0,0.016477091907880118,0.027301418018739573,0.005356102884869529,0.0023886307532746706
