,gb,gb_ipw,wrangler_23,wrangler_16
0,0.017606301663271075,0.02292785575983231,0.0031662330044783236,0.0014705692232993947
