,gb,gb_ipw,wrangler_23,wrangler_16
0,0.022150199491899097,0.03382350717272078,0.0036046072676941578,0.0022164412907191683
