,gb,gb_ipw,wrangler_23,wrangler_16
0,0.00886594255765279,0.011376291513442993,0.015890722473462425,0.0023971622188886004
