,gb,gb_ipw,wrangler_23,wrangler_16
0,0.013426405956009043,0.01613406896093444,0.005060159200528082,0.0011345483509577834
