,gb,gb_ipw,wrangler_23,wrangler_16
0,0.027319867439424616,0.03894808746519543,0.00442627896653845,0.0027965871275618687
