,gb,gb_ipw,wrangler_23,wrangler_16
0,0.03175186537385396,0.05135749213883966,0.005618813111610019,0.004147541072360429
