,gb,gb_ipw,wrangler_23,wrangler_16
0,0.015533520042043421,0.026569078381755203,0.003694843601536106,0.0024086720234638933
