,gb,gb_ipw,wrangler_23,wrangler_16
0,0.029759923207391167,0.05082985789505477,0.005942030051319869,0.004614751363537975
