,gb,gb_ipw,wrangler_23,wrangler_16
0,0.01586826559281654,0.024244552705346083,0.004088006368497522,0.0018428288547281053
