,gb,gb_ipw,wrangler_23,wrangler_16
0,0.014095173941718206,0.02349151505364312,0.0047395626703898115,0.0020010603798760306
