,gb,gb_ipw,wrangler_23,wrangler_16
0,0.02588603095090676,0.04585829797069641,0.005605704186298593,0.004446383604069346
