,gb,gb_ipw,wrangler_23,wrangler_16
0,0.030871729056040447,0.050135950247446694,0.005742659171422322,0.004333754380544026
