,gb,gb_ipw,wrangler_23,wrangler_16
0,0.012364404511749213,0.02273497521983536,0.003513699121866209,0.0022540330461852266
