,gb,gb_ipw,wrangler_23,wrangler_16
0,0.023461862937691286,0.04281309462085213,0.005723029067835857,0.003953324150793331
