,gb,gb_ipw,wrangler_23,wrangler_16
0,0.025371242971981272,0.04170087569537647,0.0061825634961459736,0.00342838266954065
