,gb,gb_ipw,wrangler_23,wrangler_16
0,0.030461698770523068,0.04948178927103678,0.005601594845453898,0.004089126984278361
