,gb,gb_ipw,wrangler_23,wrangler_16
0,0.012555398765390382,0.016843252295662494,0.003245719377208418,0.0012062783273991027
