,gb,gb_ipw,wrangler_23,wrangler_16
0,0.02437674750884374,0.0447115550438563,0.005589798092842101,0.004390565057595571
