,gb,gb_ipw,wrangler_23,wrangler_16
0,0.01394351323445638,0.023224109258407198,0.003065207065680088,0.002026557922363281
