,gb,gb_ipw,wrangler_23,wrangler_16
0,0.029428862035274506,0.04836513350407282,0.005564341942469278,0.004043181737263997
