,gb,gb_ipw,wrangler_23,wrangler_16
0,0.011410665030431264,0.013488470905959005,0.0020631636031950363,0.0006423333678582702
