,gb,gb_ipw,wrangler_23,wrangler_16
0,0.018035978884310338,0.027856955657134187,0.0037259668917269313,0.002454938115300359
