,gb,gb_ipw,wrangler_23,wrangler_16
0,0.007338179853970636,0.010339960545480609,0.004309690548088364,0.0011795747256231211
