,gb,gb_ipw,wrangler_23,wrangler_16
0,0.016603354948112763,0.02925793521375541,0.006779061742575772,0.0033299549516425074
