,gb,gb_ipw,wrangler_23,wrangler_16
0,0.015226456073376088,0.02505770930043467,0.004341135491857996,0.002233596233935742
