,gb,gb_ipw,wrangler_23,wrangler_16
0,0.01666416292605193,0.027293873869854473,0.006013525568920633,0.0024024559103924294
