,gb,gb_ipw,wrangler_23,wrangler_16
0,0.015095046332648568,0.024920684081298092,0.0036224588617548206,0.0025406972066060202
