,gb,gb_ipw,wrangler_23,wrangler_16
0,0.02737286908868177,0.044394689310746895,0.008525429191170157,0.008334825327108194
