,gb,gb_ipw,wrangler_23,wrangler_16
0,0.018489460985199744,0.0313826353224771,0.005838943437059696,0.0026755434663818206
