,gb,gb_ipw,wrangler_23,wrangler_16
0,0.015860974815358402,0.01943689760013665,0.005548330256611149,0.00142011914364988
