,gb,gb_ipw,wrangler_23,wrangler_16
0,0.015587089168038337,0.017978424985444216,0.005688352190005552,0.0011287866883976446
