,gb,gb_ipw,wrangler_23,wrangler_16
0,0.02072249388217057,0.03375729142208134,0.005941464818457654,0.0030276228169925884
