,gb,gb_ipw,wrangler_23,wrangler_16
0,0.031850591967605646,0.05816675953029357,0.0059604644775390625,0.005163277957037961
