,gb,gb_ipw,wrangler_23,wrangler_16
0,0.02248514266241164,0.04186760000631112,0.006009932277964897,0.004636998079261001
