,gb,gb_ipw,wrangler_23,wrangler_16
0,0.01584542930222172,0.02645889534082582,0.004258420732286242,0.0025097298737309405
