,gb,gb_ipw,wrangler_23,wrangler_16
0,0.029194600803335913,0.04772334983668376,0.005650458876619634,0.003960021992319638
