,gb,gb_ipw,wrangler_23,wrangler_16
0,0.013570098773292875,0.023194899161656693,0.003521965033766153,0.002321287773657536
