,gb,gb_ipw,wrangler_23,wrangler_16
0,0.018375463528355968,0.028189887943637356,0.005412741318544938,0.002617866792787797
