,gb,gb_ipw,wrangler_23,wrangler_16
0,0.015134340423266692,0.024897840388105136,0.004121903435719711,0.00233928512760732
