,gb,gb_ipw,wrangler_23,wrangler_16
0,0.01788997008440164,0.030507150397290843,0.006227327923350207,0.0030415645544079766
