,gb,gb_ipw,wrangler_23,wrangler_16
0,0.013152164393577024,0.023645443328912708,0.0038277087868123813,0.0023748995601267056
