,gb,gb_ipw,wrangler_23,wrangler_16
0,0.020096699396769203,0.03240026276687096,0.00538462880014003,0.002577387053391029
