,gb,gb_ipw,wrangler_23,wrangler_16
0,0.016313777614678022,0.024773584603352616,0.005506895442697455,0.002574975295682459
