,gb,gb_ipw,wrangler_23,wrangler_16
0,0.03551244735717775,0.05188267678022383,0.005718817313512166,0.004690699279308319
