,gb,gb_ipw,wrangler_23,wrangler_16
0,0.023436882803517002,0.03817365054161318,0.005522562611487603,0.0031167461026099423
