,gb,gb_ipw,wrangler_23,wrangler_16
0,0.004273524621152605,0.008505243093856259,0.005586463075888698,0.0014178981110026933
