,gb,gb_ipw,wrangler_23,wrangler_16
0,0.016128599355762132,0.026233962192627542,0.0037146363281397427,0.0022092591161313267
