,gb,gb_ipw,wrangler_23,wrangler_16
0,0.015272813684800091,0.024728014782593205,0.0036838774281044706,0.0021558066956370793
