,gb,gb_ipw,wrangler_23,wrangler_16
0,0.03321273263184728,0.05326398435231562,0.007136773564674298,0.003785898738068016
