,gb,gb_ipw,wrangler_23,wrangler_16
0,0.00905125371871456,0.014170363385190246,0.003780568799664898,0.0013124237778366252
