,gb,gb_ipw,wrangler_23,wrangler_16
0,0.015401192919700935,0.025022237934292556,0.004197600277763224,0.0023572924218797347
