,gb,gb_ipw,wrangler_23,wrangler_16
0,0.017771306990597514,0.03787714454168899,0.005510138681624324,0.003757694775346737
