,gb,gb_ipw,wrangler_23,wrangler_16
0,0.010475500845587266,0.01314172038325557,0.006382462886758806,0.0011955177383713345
