,gb,gb_ipw,wrangler_23,wrangler_16
0,0.018946679083855597,0.029242824722122356,0.0035621307708404867,0.002234781181419289
