,gb,gb_ipw,wrangler_23,wrangler_16
0,0.019082185384389515,0.031277231267980626,0.005431304106841216,0.0027632713317871094
