,gb,gb_ipw,wrangler_23,wrangler_16
0,0.014472303661048834,0.023635073474676617,0.005488700055061503,0.002350015279530915
