,gb,gb_ipw,wrangler_23,wrangler_16
0,0.009682999939477745,0.019153293107404098,0.0032186508178710938,0.002089334803135121
