,gb,gb_ipw,wrangler_23,wrangler_16
0,0.011470069222271761,0.021352407766535964,0.005733679960118258,0.002364344137875154
