,gb,gb_ipw,wrangler_23,wrangler_16
0,0.017916643491355324,0.030286903876984846,0.005391977166616789,0.0029440742239729895
