,gb,gb_ipw,wrangler_23,wrangler_16
0,0.009320519707940364,0.0127104070928839,0.005396219106527181,0.0011511631794758625
