,gb,gb_ipw,wrangler_23,wrangler_16
0,0.027435972835078384,0.047222457148812035,0.005730625354882443,0.004315015041466915
