,gb,gb_ipw,wrangler_23,wrangler_16
0,0.010510449051734476,0.013559719763948886,0.003696406855490078,0.0009088330009123282
