,gb,gb_ipw,wrangler_23,wrangler_16
0,0.0077110271476125095,0.011356412892769029,0.004677909220652075,0.001606101237594084
