,gb,gb_ipw,wrangler_23,wrangler_16
0,0.016361642848267282,0.02599665890335731,0.005565724858734709,0.0022912843375101
