,gb,gb_ipw,wrangler_23,wrangler_16
0,0.01367330551147461,0.020886108439455753,0.003973130256898941,0.0014829379256053638
