,gb,gb_ipw,wrangler_23,wrangler_16
0,0.012970456840298699,0.02575829519447705,0.00548130231546172,0.0028387240484251193
