,gb,gb_ipw,wrangler_23,wrangler_16
0,0.02193488356082743,0.03264603472579405,0.003509406704106672,0.0022261445900334667
