,gb,gb_ipw,wrangler_23,wrangler_16
0,0.01617630759438315,0.025450685522058508,0.006877773410671361,0.0024481134100274725
