,gb,gb_ipw,wrangler_23,wrangler_16
0,0.01655372413429054,0.02567806759396115,0.0038657317290434964,0.0023607305578283366
