,gb,gb_ipw,wrangler_23,wrangler_16
0,0.011616459237719834,0.013766252966067033,0.003698335007895629,0.0008914463351668453
