,gb,gb_ipw,wrangler_23,wrangler_16
0,0.01052085389482214,0.02184827277000914,0.006139278411865234,0.002644797588916535
