,gb,gb_ipw,wrangler_23,wrangler_16
0,0.021505541243541364,0.03710826322273047,0.004819527494903165,0.0035901000534278764
