,gb,gb_ipw,wrangler_23,wrangler_16
0,0.01694663540347592,0.028231484549386163,0.005792418679038246,0.002727298946171016
