,gb,gb_ipw,wrangler_23,wrangler_16
0,0.018760885881341022,0.029232946858889816,0.004893519740173783,0.002487360135368679
