,gb,gb_ipw,wrangler_23,wrangler_16
0,0.012688467214847433,0.02261572356881766,0.003913674375106548,0.0024264485671602453
