,gb,gb_ipw,wrangler_23,wrangler_16
0,0.015990076702757046,0.018540739027921818,0.004101860890435063,0.0009275441058679778
