,gb,gb_ipw,wrangler_23,wrangler_16
0,0.013096342567636188,0.015301063281147418,0.004836566307965447,0.0009623144855018422
