,gb,gb_ipw,wrangler_23,wrangler_16
0,0.014036181054734843,0.02380494695366315,0.004904225478267856,0.0025892380983812547
