,gb,gb_ipw,wrangler_23,wrangler_16
0,0.035857481341208176,0.05273160434538319,0.008602536493732082,0.0037796074344265845
