,gb,gb_ipw,wrangler_23,wrangler_16
0,0.015524665267817967,0.024812747232662226,0.005175299772811479,0.002385975164409503
