,gb,gb_ipw,wrangler_23,wrangler_16
0,0.016534154749524615,0.02661282247532912,0.004182313526480142,0.0022337627758311014
