,gb,gb_ipw,wrangler_23,wrangler_16
0,0.02551969440504052,0.048024901028337154,0.00503487970637179,0.0037112455258424258
