,gb,gb_ipw,wrangler_23,wrangler_16
0,0.014797254131941072,0.026502902956976406,0.00498889642719403,0.0020868412949777296
