,gb,gb_ipw,wrangler_23,wrangler_16
0,0.013885169193662445,0.028250135224441003,0.006087072964372306,0.0030580060235385243
