,gb,gb_ipw,wrangler_23,wrangler_16
0,0.022338714646186877,0.03477316054086837,0.006399166307460985,0.0029749922699980683
