,gb,gb_ipw,wrangler_23,wrangler_16
0,0.020380384603123757,0.03280912994579145,0.003974756617454967,0.0025205551439030156
