,gb,gb_ipw,wrangler_23,wrangler_16
0,0.030465771088644494,0.0422400634001441,0.0035468573230982366,0.0025322431028671497
