,gb,gb_ipw,wrangler_23,wrangler_16
0,0.022555302545749487,0.041040842401277505,0.007008238160509645,0.005023869936334382
