,gb,gb_ipw,wrangler_23,wrangler_16
0,0.019361335279304035,0.03353859478737409,0.006142728057973114,0.002848359691354382
