,gb,gb_ipw,wrangler_23,wrangler_16
0,0.023498398358704615,0.03835306467254305,0.00552548085405527,0.003251710224672745
