,gb,gb_ipw,wrangler_23,wrangler_16
0,0.012401706916241607,0.022014600302214523,0.004028196061300779,0.0024878057276791145
