,gb,gb_ipw,wrangler_23,wrangler_16
0,0.021029100432972958,0.026677006237015417,0.0031989150765027066,0.0013751431650634454
