,gb,gb_ipw,wrangler_23,wrangler_16
0,0.019635347550768952,0.03194429438820529,0.005912826077675814,0.0028228442553925558
