,gb,gb_ipw,wrangler_23,wrangler_16
0,0.01317244675507321,0.015823754266585367,0.006369221545073197,0.0010562645423940484
