,gb,gb_ipw,wrangler_23,wrangler_16
0,0.01610058960990516,0.02648219214847462,0.003969281324158658,0.0022689699701810852
