,gb,gb_ipw,wrangler_23,wrangler_16
0,0.017025182535360152,0.028530254468813042,0.0062308468661465485,0.0030790711497212502
