,gb,gb_ipw,wrangler_23,wrangler_16
0,0.01571854583830701,0.025632529861842224,0.006711294528523923,0.0024518594440264196
