,gb,gb_ipw,wrangler_23,wrangler_16
0,0.01411086223164543,0.02398653759982416,0.004912530138192933,0.002526911230035167
