,gb,gb_ipw,wrangler_23,wrangler_16
0,0.018787178872288136,0.030183489771856777,0.0038645837617957072,0.0025025852348493495
