,gb,gb_ipw,wrangler_23,wrangler_16
0,0.018644762468767596,0.032683106156082845,0.004158535519161739,0.0028306943876249295
