,gb,gb_ipw,wrangler_23,wrangler_16
0,0.0271822245668857,0.03867378711436978,0.0046672716538282135,0.0025509243783125857
