,gb,gb_ipw,wrangler_23,wrangler_16
0,0.025153656800587974,0.04346668720245361,0.00516424576441447,0.0038186709086100263
