,gb,gb_ipw,wrangler_23,wrangler_16
0,0.015127965632606957,0.01758371456330564,0.006181790548212388,0.001358854420044843
