,gb,gb_ipw,wrangler_23,wrangler_16
0,0.018991081581135688,0.030515706707581625,0.004692329654264425,0.0027146781071014647
