,gb,gb_ipw,wrangler_23,wrangler_16
0,0.010610264252851352,0.020711392217353918,0.004206111724363929,0.002568205835135013
