,gb,gb_ipw,wrangler_23,wrangler_16
0,0.016436550786586405,0.026637662533815554,0.0037638867487672896,0.002206617212494789
