,gb,gb_ipw,wrangler_23,wrangler_16
0,0.01753453566864984,0.027312717067333063,0.005382770824996041,0.002415321794590949
