,gb,gb_ipw,wrangler_23,wrangler_16
0,0.015103257262147033,0.025589447040538803,0.0053235700914076155,0.002256223371812514
