,gb,gb_ipw,wrangler_23,wrangler_16
0,0.018219986269550938,0.03557080222714331,0.00495920258183633,0.003545899544992755
