,gb,gb_ipw,wrangler_23,wrangler_16
0,0.02263292892960287,0.026593011510596103,0.005702529116355553,0.0013119788976031438
