,gb,gb_ipw,wrangler_23,wrangler_16
0,0.028609938382811305,0.04556269290537479,0.004671432159759186,0.0038100395156059224
