,gb,gb_ipw,wrangler_23,wrangler_16
0,0.020945874544290397,0.03282291876090752,0.006779045849056035,0.0037241440552931568
