,gb,gb_ipw,wrangler_23,wrangler_16
0,0.015299946765549077,0.025790068147434744,0.004260266413454149,0.0025938828075577594
