,gb,gb_ipw,wrangler_23,wrangler_16
0,0.017844248509061512,0.02791408611380536,0.0035409694132597543,0.002283440983813742
