,gb,gb_ipw,wrangler_23,wrangler_16
0,0.01529601288437378,0.029450650330542772,0.0058932754790568895,0.0028845670165539164
