,gb,gb_ipw,wrangler_23,wrangler_16
0,0.013961722125937215,0.023541258368299994,0.0035678074036762397,0.0022321393638303428
