,gb,gb_ipw,wrangler_23,wrangler_16
0,0.014384090900421143,0.02466092507044474,0.0038648645083109536,0.0021812816460927325
