,gb,gb_ipw,wrangler_23,wrangler_16
0,0.042812200890718445,0.06609078687477625,0.00576285339108696,0.004780581697942112
