,gb,gb_ipw,wrangler_23,wrangler_16
0,0.022214187106351705,0.034398424492195843,0.00636869767485194,0.0035078728757127866
