,gb,gb_ipw,wrangler_23,wrangler_16
0,0.01827681936868806,0.03434845501586389,0.007562788977456511,0.003751786002583733
