,gb,gb_ipw,wrangler_23,wrangler_16
0,0.017746652244890807,0.027398899118736313,0.003896298862638928,0.0021113132042859598
