,gb,gb_ipw,wrangler_23,wrangler_16
0,0.02727496857736625,0.0397169790348085,0.006109058690004322,0.002921044993467358
