,gb,gb_ipw,wrangler_23,wrangler_16
0,0.009073529924665178,0.014599314275777564,0.0029795253373220603,0.001232450541781608
