,gb,gb_ipw,wrangler_23,wrangler_16
0,0.007407166141127221,0.011683713468575834,0.005039789272427147,0.0013392139333617181
