,gb,gb_ipw,wrangler_23,wrangler_16
0,0.010920749915825142,0.023938797332428315,0.007920867794162626,0.002629809327177949
