,gb,gb_ipw,wrangler_23,wrangler_16
0,0.021983946178977323,0.034943870343845634,0.004569289497468731,0.002846331447990349
