,gb,gb_ipw,wrangler_23,wrangler_16
0,0.012282329777675849,0.02607095121133207,0.004607338696617872,0.0030572165543784197
