,gb,gb_ipw,wrangler_23,wrangler_16
0,0.013015772167005037,0.020738123526533557,0.0028339449388498747,0.001625836390867788
