,gb,gb_ipw,wrangler_23,wrangler_16
0,0.022005270331040352,0.033457522735018445,0.0036907848893490127,0.0024424052801116734
