,gb,gb_ipw,wrangler_23,wrangler_16
0,0.01822978585630983,0.031300429459456554,0.005653729805579552,0.0027675550062577813
