,gb,gb_ipw,wrangler_23,wrangler_16
0,0.014711612014360328,0.025141062915966076,0.0036742578270614785,0.002410302879989788
