,gb,gb_ipw,wrangler_23,wrangler_16
0,0.021215611033969455,0.03589292367299397,0.00661015510559082,0.0034143527348836264
