,gb,gb_ipw,wrangler_23,wrangler_16
0,0.013131998806732508,0.015569084234174049,0.006957659645686075,0.001081960733824827
