,gb,gb_ipw,wrangler_23,wrangler_16
0,0.02041000982228544,0.03010698550723377,0.003997886324999452,0.002395767004378719
