,gb,gb_ipw,wrangler_23,wrangler_16
0,0.015155236790145655,0.024184908555901566,0.0034963199193926825,0.002082113338553387
