,gb,gb_ipw,wrangler_23,wrangler_16
0,0.016930856940048703,0.0282910119492635,0.0038317871990271096,0.002377405850223313
