,gb,gb_ipw,wrangler_23,wrangler_16
0,0.011949771908832363,0.014641533346892477,0.0047494730515313345,0.0010057896963656257
