,gb,gb_ipw,wrangler_23,wrangler_16
0,0.030780013227637428,0.051895602718814396,0.010151042169703669,0.004461396744836382
