,gb,gb_ipw,wrangler_23,wrangler_16
0,0.01892181834312877,0.03300794606098179,0.004234840872814659,0.0027768195621551022
