,gb,gb_ipw,wrangler_23,wrangler_16
0,0.017166199735015625,0.027301750113621005,0.00430481092029644,0.002745318902894417
