,gb,gb_ipw,wrangler_23,wrangler_16
0,0.01659539956895132,0.03088537662748306,0.009186211086454843,0.003876312384529719
