,gb,gb_ipw,wrangler_23,wrangler_16
0,0.016652433613967295,0.027242971926319356,0.005222564589471982,0.002338585586587776
