,gb,gb_ipw,wrangler_23,wrangler_16
0,0.012634708416351226,0.02164226340293657,0.003967435055047053,0.0020937000918768794
