,gb,gb_ipw,wrangler_23,wrangler_16
0,0.024310180119105747,0.0411186899457659,0.005408209197375239,0.004155903446431063
