,gb,gb_ipw,wrangler_23,wrangler_16
0,0.015775684403021812,0.024197555263998055,0.0033812966906590024,0.0019016375264979887
