,gb,gb_ipw,wrangler_23,wrangler_16
0,0.016410860508935674,0.01895596340230367,0.006072619541348346,0.0010994260209944886
