,gb,gb_ipw,wrangler_23,wrangler_16
0,0.016607187844656566,0.027553661243541614,0.005268490874207579,0.002445159973083557
