,gb,gb_ipw,wrangler_23,wrangler_16
0,0.015033462329095184,0.017188472309331786,0.006128628052140478,0.0010430376856055503
