,gb,gb_ipw,wrangler_23,wrangler_16
0,0.017252647564356745,0.02904776688460465,0.004707154639172332,0.00263016201738372
