,gb,gb_ipw,wrangler_23,wrangler_16
0,0.018069957509452915,0.03194128289634799,0.005639997529394832,0.0030138978251704465
