,gb,gb_ipw,wrangler_23,wrangler_16
0,0.016162923233660233,0.028753598884692845,0.004915082547502869,0.003082203255081601
