,gb,gb_ipw,wrangler_23,wrangler_16
0,0.016477982421497724,0.027539147125495655,0.005314638326456259,0.0023668283944601543
