,gb,gb_ipw,wrangler_23,wrangler_16
0,0.015678679204405473,0.026704719978701812,0.007565424504336279,0.002821785035229967
