,gb,gb_ipw,wrangler_23,wrangler_16
0,0.01498070320046787,0.01753125648026492,0.004180369225934966,0.0008895520728775815
