,gb,gb_ipw,wrangler_23,wrangler_16
0,0.017636199444769296,0.02991077630811731,0.004687919525728695,0.003060684295072085
