,gb,gb_ipw,wrangler_23,wrangler_16
0,0.01637119313944941,0.029249683670375663,0.008055502953736677,0.004550425902656887
