,gb,gb_ipw,wrangler_23,wrangler_16
0,0.01604085440164084,0.027891043778304214,0.005628053958599384,0.0026248968564547026
