,gb,gb_ipw,wrangler_23,wrangler_16
0,0.01423028500183769,0.02463399500086687,0.004251474055691041,0.002288084099258202
