,gb,gb_ipw,wrangler_23,wrangler_16
0,0.017319900402124375,0.028545585807394865,0.005933397634017871,0.0028372674748517466
