,gb,gb_ipw,wrangler_23,wrangler_16
0,0.027268379325343296,0.04904884980319487,0.0065359211044988845,0.0038555401578076525
