,gb,gb_ipw,wrangler_23,wrangler_16
0,0.0060624143446398075,0.008542525453119022,0.007434241604386715,0.00240294749305727
