,gb,gb_ipw,wrangler_23,wrangler_16
0,0.023410921650273465,0.04273440156664167,0.0067771900267828075,0.004428483190990631
