,gb,gb_ipw,wrangler_23,wrangler_16
0,0.01321578286384624,0.023666138206023334,0.0059284636231719465,0.0023625261796628187
