,gb,gb_ipw,wrangler_23,wrangler_16
0,0.01976354834959679,0.038618279486587366,0.0053696411172139275,0.004084147128862204
