,gb,gb_ipw,wrangler_23,wrangler_16
0,0.012564911413445045,0.014929078161126859,0.0038126679379445866,0.0009108116249942714
