,gb,gb_ipw,wrangler_23,wrangler_16
0,0.01485957482164737,0.017953292313099903,0.006243729641143862,0.0012901979099982468
