,gb,gb_ipw,wrangler_23,wrangler_16
0,0.014638093278582296,0.02482060655128085,0.0036141734993039884,0.0023535866150881514
