,gb,gb_ipw,wrangler_23,wrangler_16
0,0.027057315622057238,0.04869397907030015,0.00581500076112293,0.004581042698451451
