,gb,gb_ipw,wrangler_23,wrangler_16
0,0.017540019209601312,0.029546077229508597,0.004144123549717484,0.0024031880981331423
