,gb,gb_ipw,wrangler_23,wrangler_16
0,0.04460530047036387,0.06522960458065104,0.007617327333227988,0.004215108836355385
