,gb,gb_ipw,wrangler_23,wrangler_16
0,0.03690968503008832,0.057247682259633004,0.0072800359883151205,0.004079725061144148
