,gb,gb_ipw,wrangler_23,wrangler_16
0,0.019035027140662783,0.03242620400020054,0.0065959635235014425,0.0035564577768719386
