,gb,gb_ipw,wrangler_23,wrangler_16
0,0.02894909293563278,0.04809184206856622,0.005584624078538682,0.004437510614041929
