,gb,gb_ipw,wrangler_23,wrangler_16
0,0.03277223243667289,0.04684392166291328,0.010035665007401894,0.0029564671971555006
