,gb,gb_ipw,wrangler_23,wrangler_16
0,0.014509457593772843,0.018143291361847818,0.005507943225882905,0.0013544963814361754
