,gb,gb_ipw,wrangler_23,wrangler_16
0,0.018422080580665176,0.0359774315119469,0.005033960369577435,0.003921340333770143
