,gb,gb_ipw,wrangler_23,wrangler_16
0,0.041195975409613714,0.06385866800944011,0.006870693630642361,0.0064746008978949655
