,gb,gb_ipw,wrangler_23,wrangler_16
0,0.016402677108681266,0.02973900466668801,0.006083712551763148,0.004027927725258638
