,gb,gb_ipw,wrangler_23,wrangler_16
0,0.01641050804532573,0.02728299023633335,0.004701648378967176,0.002369736180160985
