,gb,gb_ipw,wrangler_23,wrangler_16
0,0.011743673911461463,0.014366217148609651,0.0043044946132562096,0.0010961752671461839
