,gb,gb_ipw,wrangler_23,wrangler_16
0,0.01726113259792328,0.029869895014497966,0.005509600871139102,0.003058308114608129
