,gb,gb_ipw,wrangler_23,wrangler_16
0,0.014291964855390726,0.02386422501396887,0.004130417538672378,0.0020934134414515543
