,gb,gb_ipw,wrangler_23,wrangler_16
0,0.015359613354559296,0.019977089983445627,0.003130927130028053,0.0012119542117472043
