,gb,gb_ipw,wrangler_23,wrangler_16
0,0.016402753745961597,0.026415184509022298,0.003293487122111748,0.0021755024766814705
