,gb,gb_ipw,wrangler_23,wrangler_16
0,0.018679596252997283,0.03305880966950853,0.006178309140092471,0.0028334463011805908
