,gb,gb_ipw,wrangler_23,wrangler_16
0,0.010820535513070913,0.022322703630496293,0.0053438948187635935,0.0026326476435958243
