,gb,gb_ipw,wrangler_23,wrangler_16
0,0.016707726328936894,0.027845279952681316,0.0040077027820405505,0.0025073966414178375
