,gb,gb_ipw,wrangler_23,wrangler_16
0,0.018658410561712163,0.030046791062319184,0.008791152920041765,0.0026705569790718246
