,gb,gb_ipw,wrangler_23,wrangler_16
0,0.011927355331873314,0.019544539747212455,0.0036279039134447994,0.001452575368272862
