,gb,gb_ipw,wrangler_23,wrangler_16
0,0.013479969465329183,0.01615523338158899,0.003976928410797958,0.0008921520692901941
