,gb,gb_ipw,wrangler_23,wrangler_16
0,0.023441891093830484,0.03419954698164384,0.0028695291651910913,0.002289569421565576
