,gb,gb_ipw,wrangler_23,wrangler_16
0,0.017213040666030185,0.02729980127552737,0.004659824706941755,0.002534974472030983
