,gb,gb_ipw,wrangler_23,wrangler_16
0,0.029459933644717502,0.0477407396454172,0.005458310707328246,0.004220746227146424
