,gb,gb_ipw,wrangler_23,wrangler_16
0,0.014378631794294466,0.026170487147025252,0.00571199546653158,0.002336260120353133
