,gb,gb_ipw,wrangler_23,wrangler_16
0,0.015220590817031037,0.024375479708435715,0.005371147586453346,0.0023040079301403413
