,gb,gb_ipw,wrangler_23,wrangler_16
0,0.017774874164212133,0.025947055509013515,0.0052403057775189795,0.001984450124925183
