,gb,gb_ipw,wrangler_23,wrangler_16
0,0.031133492787679035,0.047950517563592816,0.005708031711124238,0.003887251729056948
