,gb,gb_ipw,wrangler_23,wrangler_16
0,0.01270468272860088,0.0204751415858193,0.0033159104604569695,0.001742253227839394
