,gb,gb_ipw,wrangler_23,wrangler_16
0,0.017902094013559217,0.029641205278684968,0.004833440890656721,0.0024832011571998803
