,gb,gb_ipw,wrangler_23,wrangler_16
0,0.004673997561136882,0.009279118643866645,0.0035628676414489746,0.001441604561275906
