,gb,gb_ipw,wrangler_23,wrangler_16
0,0.024808436324915934,0.040522555715029995,0.0058215918000211414,0.0045161271832652936
