,gb,gb_ipw,wrangler_23,wrangler_16
0,0.0325871497085414,0.06083852237032861,0.007292659012312742,0.006887101635490497
