,gb,gb_ipw,wrangler_23,wrangler_16
0,0.024487169421449004,0.04367129940564942,0.006719536724544705,0.005300251805052465
