,gb,gb_ipw,wrangler_23,wrangler_16
0,0.016796893472835837,0.026979973396940454,0.005002469444161573,0.0026406663836854877
