,gb,gb_ipw,wrangler_23,wrangler_16
0,0.028480753951763558,0.04373718781553382,0.004087779538851258,0.0029632627299732957
