,gb,gb_ipw,wrangler_23,wrangler_16
0,0.025748989404007817,0.04136242067444738,0.006489577840586177,0.0032289649185152877
