,gb,gb_ipw,wrangler_23,wrangler_16
0,0.02571211920844184,0.03977563646104601,0.0048109690348307295,0.0035686492919921875
