,gb,gb_ipw,wrangler_23,wrangler_16
0,0.014410114621200695,0.016785479340877832,0.006144375493181105,0.0010564481192650388
