,gb,gb_ipw,wrangler_23,wrangler_16
0,0.015341849982577834,0.024847425219183667,0.005594161000213212,0.00255400279782853
