,gb,gb_ipw,wrangler_23,wrangler_16
0,0.01500887489134918,0.024966893185376735,0.004117184611081081,0.002281798384496921
