,gb,gb_ipw,wrangler_23,wrangler_16
0,0.029730676400541056,0.04590430645027546,0.0054183030369305855,0.004054018945404978
