,gb,gb_ipw,wrangler_23,wrangler_16
0,0.031464562124135544,0.052826441064172856,0.006639531680515835,0.004837403492051729
