,gb,gb_ipw,wrangler_23,wrangler_16
0,0.02763787495721247,0.04766487174017732,0.005669118612492617,0.0044789920557815185
