,gb,gb_ipw,wrangler_23,wrangler_16
0,0.015851786679319104,0.025115964357810248,0.0034619475264683407,0.002102397591866496
