,gb,gb_ipw,wrangler_23,wrangler_16
0,0.017547270856485556,0.028469197737063214,0.004260320698194381,0.002215088825191088
