,gb,gb_ipw,wrangler_23,wrangler_16
0,0.014968093123559975,0.024282974554291854,0.003134246131770718,0.0020545988781796
