,gb,gb_ipw,wrangler_23,wrangler_16
0,0.028878202040990193,0.04806742072105407,0.0053845345973968515,0.004405031601587932
