,gb,gb_ipw,wrangler_23,wrangler_16
0,0.013447233608790804,0.026296199478718064,0.00375527772844208,0.002607610655127105
