,gb,gb_ipw,wrangler_23,wrangler_16
0,0.02505560610870415,0.03936051060913732,0.0058748944936816245,0.0036523876156546236
