,gb,gb_ipw,wrangler_23,wrangler_16
0,0.014472373785713269,0.024234259032409017,0.0036689039632860263,0.0022395712430359886
