,gb,gb_ipw,wrangler_23,wrangler_16
0,0.016523468410661685,0.026510433700287554,0.0038658179809983252,0.0023962835331246043
