,gb,gb_ipw,wrangler_23,wrangler_16
0,0.024043733165377664,0.04514590615317936,0.00584906055813744,0.004383070128304618
