,gb,gb_ipw,wrangler_23,wrangler_16
0,0.014079468590872626,0.024972790545159645,0.0037006460703336284,0.002252695324656728
