,gb,gb_ipw,wrangler_23,wrangler_16
0,0.011478336099832166,0.014125369056757158,0.006326634971336432,0.0019551356719607004
