,gb,gb_ipw,wrangler_23,wrangler_16
0,0.022636623833123152,0.03676285759804621,0.0044449376040824485,0.0031638064990563925
