,gb,gb_ipw,wrangler_23,wrangler_16
0,0.019236292157854353,0.030054364885602675,0.0034284591674804688,0.0024206297738211496
