,gb,gb_ipw,wrangler_23,wrangler_16
0,0.01578293149433439,0.026812774648887632,0.004519181956010569,0.002447574857681517
