,gb,gb_ipw,wrangler_23,wrangler_16
0,0.02089094731115526,0.03679513290364255,0.006819364204201646,0.0033765550582639634
