,gb,gb_ipw,wrangler_23,wrangler_16
0,0.03770987192789714,0.06831472828274682,0.012847284475962322,0.006486262593950544
