,gb,gb_ipw,wrangler_23,wrangler_16
0,0.015542606790971802,0.01807602680697828,0.005979706593254369,0.0011337404491520732
