,gb,gb_ipw,wrangler_23,wrangler_16
0,0.005000498559739854,0.010196533468034532,0.004058745172288683,0.0014627973238627117
