,gb,gb_ipw,wrangler_23,wrangler_16
0,0.026821679082410087,0.04100429600682752,0.005020766422666352,0.003419662344044652
