,gb,gb_ipw,wrangler_23,wrangler_16
0,0.027471037127345176,0.04758788642450633,0.005516753530231902,0.005253321281678284
