,gb,gb_ipw,wrangler_23,wrangler_16
0,0.01576873004229224,0.025234646425280352,0.005377860905457301,0.0024003527736521685
