,gb,gb_ipw,wrangler_23,wrangler_16
0,0.014418838380015552,0.01688005383956921,0.004454098832026435,0.000856522894237545
