,gb,gb_ipw,wrangler_23,wrangler_16
0,0.013538609458149897,0.022710787041464793,0.004525775455861575,0.0023545699662648988
