,gb,gb_ipw,wrangler_23,wrangler_16
0,0.02206956947242821,0.03256981189434345,0.003065774728963663,0.002335061083783161
