,gb,gb_ipw,wrangler_23,wrangler_16
0,0.017771955396308277,0.029068392699750607,0.0034554770445925005,0.003453667553251413
