,gb,gb_ipw,wrangler_23,wrangler_16
0,0.013704533162324326,0.024624863026305017,0.0035148229658233453,0.0023066257097706295
