,gb,gb_ipw,wrangler_23,wrangler_16
0,0.014152679290923918,0.023745216213382568,0.004092296520313183,0.0026115885266771804
