,gb,gb_ipw,wrangler_23,wrangler_16
0,0.00984322158316323,0.013224104592077117,0.003999576233980948,0.0010825637587927339
