,gb,gb_ipw,wrangler_23,wrangler_16
0,0.017761650597652813,0.029194614161615784,0.006749425702692604,0.0030181901839078226
