,gb,gb_ipw,wrangler_23,wrangler_16
0,0.015289705490397515,0.024362005920053643,0.004427316032837485,0.0020594240349029827
