,gb,gb_ipw,wrangler_23,wrangler_16
0,0.015284690996508784,0.024607038618711025,0.003711827667605665,0.0024412908320557113
