,gb,gb_ipw,wrangler_23,wrangler_16
0,0.03353222129271203,0.057722285031453026,0.005933836973000228,0.004686031144918855
