,gb,gb_ipw,wrangler_23,wrangler_16
0,0.020239967852830887,0.036945100873708725,0.005343928933143616,0.0032070092856884003
