,gb,gb_ipw,wrangler_23,wrangler_16
0,0.016605152803308824,0.02797196703609109,0.006486198291869537,0.0027136222736255542
