,gb,gb_ipw,wrangler_23,wrangler_16
0,0.015578289263644199,0.026891243947317584,0.004823046519344015,0.0024831246750557467
