,gb,gb_ipw,wrangler_23,wrangler_16
0,0.030811379353205364,0.050324201583862305,0.007986525694529217,0.00497599442799886
