,gb,gb_ipw,wrangler_23,wrangler_16
0,0.02542807131397481,0.045473072804561275,0.0061867188434211575,0.004993815000365381
