,gb,gb_ipw,wrangler_23,wrangler_16
0,0.017211997443861,0.028938087609296288,0.008070859752717565,0.002787868833281303
