,gb,gb_ipw,wrangler_23,wrangler_16
0,0.0172734260559082,0.022586425145467125,0.0033722718556722007,0.001263697942097982
