,gb,gb_ipw,wrangler_23,wrangler_16
0,0.013707124517704262,0.016016669132313525,0.005489653039306242,0.0010706621423735086
