,gb,gb_ipw,wrangler_23,wrangler_16
0,0.014661874058902374,0.024166589226227646,0.004826564823560594,0.0024804869201882503
