,gb,gb_ipw,wrangler_23,wrangler_16
0,0.013237358421407719,0.019242302063972722,0.0029576722011771255,0.0015203670788836734
