,gb,gb_ipw,wrangler_23,wrangler_16
0,0.014728411640501754,0.02485651725473238,0.0038710913557637766,0.0023670628329536857
