,gb,gb_ipw,wrangler_23,wrangler_16
0,0.023605059022488797,0.03955370706060658,0.00636111135068147,0.0037230875181115198
