,gb,gb_ipw,wrangler_23,wrangler_16
0,0.020530808976281692,0.032032103765578496,0.0050197154174357545,0.002466103969476162
