,gb,gb_ipw,wrangler_23,wrangler_16
0,0.018921811044501347,0.022196062443929424,0.007673815677040502,0.0016559254039417613
