,gb,gb_ipw,wrangler_23,wrangler_16
0,0.020498098786344232,0.04047659254565682,0.005476745133547439,0.0038884349705017715
