,gb,gb_ipw,wrangler_23,wrangler_16
0,0.015626634870256697,0.025406399288692986,0.004573279519492289,0.002328462735719816
