,gb,gb_ipw,wrangler_23,wrangler_16
0,0.014886227282848986,0.02607670459118518,0.0038580143408024265,0.0025334375681894607
