,gb,gb_ipw,wrangler_23,wrangler_16
0,0.01549069347277365,0.024748630211001536,0.0038108573345264417,0.002105105084388257
