,gb,gb_ipw,wrangler_23,wrangler_16
0,0.0434643238011844,0.0677891871792393,0.008066003582743075,0.0052374313062704325
