,gb,gb_ipw,wrangler_23,wrangler_16
0,0.016447445293804545,0.02741763541648338,0.003635561144029772,0.0022371967991551118
