,gb,gb_ipw,wrangler_23,wrangler_16
0,0.019124838022085335,0.03138182364103995,0.005139885367927971,0.0027264430846050108
