,gb,gb_ipw,wrangler_23,wrangler_16
0,0.0151509242972705,0.017551308159906017,0.0053709163495420055,0.0011876578840579405
