,gb,gb_ipw,wrangler_23,wrangler_16
0,0.014900986528221942,0.02505831666045137,0.0044579907651349305,0.0022974643078479138
