,gb,gb_ipw,wrangler_23,wrangler_16
0,0.014628153390834989,0.016911000991320566,0.00540996050793478,0.0010324883337465593
