,gb,gb_ipw,wrangler_23,wrangler_16
0,0.016721599667255043,0.02857495544216,0.0067509431889987885,0.0024220097723704186
