,gb,gb_ipw,wrangler_23,wrangler_16
0,0.010464068190086759,0.021334425438321633,0.005862292121438419,0.002435184417561414
