,gb,gb_ipw,wrangler_23,wrangler_16
0,0.015170364589481563,0.026584981562017086,0.0053893078814496054,0.002676969046121115
