,gb,gb_ipw,wrangler_23,wrangler_16
0,0.017829982713721264,0.03110885620117188,0.0065386980429463,0.0031244343724744074
