,gb,gb_ipw,wrangler_23,wrangler_16
0,0.016567590353372214,0.027674537795883317,0.0050644298176189045,0.0027527104129086246
