,gb,gb_ipw,wrangler_23,wrangler_16
0,0.012767790206547442,0.022832860891846402,0.006047173820692917,0.0024878516279417894
