,gb,gb_ipw,wrangler_23,wrangler_16
0,0.027441662435854663,0.05106208378379004,0.007644972020418771,0.005454259921722678
