,gb,gb_ipw,wrangler_23,wrangler_16
0,0.014149498295139623,0.0248217367911124,0.00554226540230416,0.002450985951466603
