,gb,gb_ipw,wrangler_23,wrangler_16
0,0.01887092745401026,0.03864270884816239,0.00479793160911498,0.00656038765015641
