,gb,gb_ipw,wrangler_23,wrangler_16
0,0.017451843797473603,0.029008754678080537,0.003780925027872341,0.002509561629181602
