,gb,gb_ipw,wrangler_23,wrangler_16
0,0.028281539898246742,0.04675200881770553,0.008771050474274657,0.0037840016058094676
