,gb,gb_ipw,wrangler_23,wrangler_16
0,0.017519835587386248,0.02769793902005587,0.01131654619336962,0.0031419567294887736
