,gb,gb_ipw,wrangler_23,wrangler_16
0,0.019994185649079593,0.029963868658788126,0.003617055337050406,0.002635919194779055
