,gb,gb_ipw,wrangler_23,wrangler_16
0,0.03183550304836697,0.05706834296385447,0.005579657024807401,0.00451505184173584
