,gb,gb_ipw,wrangler_23,wrangler_16
0,0.011137296115198444,0.013150394924225345,0.0058690146092445624,0.0011911715871544292
