,gb,gb_ipw,wrangler_23,wrangler_16
0,0.02433087799575303,0.037825598821535224,0.0036295298691634294,0.0023062085057352923
