,gb,gb_ipw,wrangler_23,wrangler_16
0,0.04665876172252537,0.08801885486878071,0.01200511283481244,0.007676709558545929
