,gb,gb_ipw,wrangler_23,wrangler_16
0,0.014416682414519483,0.02534856726398398,0.004576348559760349,0.002389644091819232
