,gb,gb_ipw,wrangler_23,wrangler_16
0,0.018247424579057536,0.028369596095684447,0.004135976072217598,0.0022890789261281164
