,gb,gb_ipw,wrangler_23,wrangler_16
0,0.03999310235182444,0.05839702983697257,0.006270532806714374,0.0049413492282231655
