,gb,gb_ipw,wrangler_23,wrangler_16
0,0.01557755382943066,0.025217349712665267,0.003823368166330159,0.0020993560599382476
