,gb,gb_ipw,wrangler_23,wrangler_16
0,0.019511958460441636,0.03033500997232301,0.0031848457101641423,0.002360700498136049
