,gb,gb_ipw,wrangler_23,wrangler_16
0,0.031670214880179015,0.04799250863003329,0.005435891857757819,0.003906416621340144
