,gb,gb_ipw,wrangler_23,wrangler_16
0,0.016626619523571383,0.028123842772617137,0.00613113885284752,0.0026455489538049185
