,gb,gb_ipw,wrangler_23,wrangler_16
0,0.015058287479647495,0.024244243845398174,0.004624563550192212,0.002247946602957589
