,gb,gb_ipw,wrangler_23,wrangler_16
0,0.02484418907944037,0.042243879668566645,0.005773135593959263,0.004334717380757235
