,gb,gb_ipw,wrangler_23,wrangler_16
0,0.02708732274166614,0.043323477216960074,0.007708867390950522,0.003620430275245949
