,gb,gb_ipw,wrangler_23,wrangler_16
0,0.018731635321969343,0.029107798700747287,0.0042604363482931385,0.0024208655724158655
