,gb,gb_ipw,wrangler_23,wrangler_16
0,0.01953816966987209,0.03297279460380657,0.005295061220907321,0.0027277676322666864
