,gb,gb_ipw,wrangler_23,wrangler_16
0,0.02755915246358732,0.04228852628692378,0.007421262865144064,0.003591058700065303
