,gb,gb_ipw,wrangler_23,wrangler_16
0,0.02471090673090337,0.04327751341320219,0.007101118346273681,0.0034042330451937385
