,gb,gb_ipw,wrangler_23,wrangler_16
0,0.021954456070545126,0.037064768457833415,0.007498471034055502,0.004140083863084571
