,gb,gb_ipw,wrangler_23,wrangler_16
0,0.01610377887347797,0.027131604718732407,0.006164945997633376,0.002565469827737894
