,gb,gb_ipw,wrangler_23,wrangler_16
0,0.026910535066909085,0.035676663586594035,0.0038858093967327483,0.0022915110369691226
