,gb,gb_ipw,wrangler_23,wrangler_16
0,0.016596319348365706,0.026670241445037244,0.005139473494627642,0.002376985920205828
