,gb,gb_ipw,wrangler_23,wrangler_16
0,0.02911686897277832,0.050288107660081655,0.006030831072065567,0.004421091741985746
