,gb,gb_ipw,wrangler_23,wrangler_16
0,0.015098483864387046,0.02500829064497672,0.0038274990234955044,0.002529933237921855
