,gb,gb_ipw,wrangler_23,wrangler_16
0,0.01608778294549115,0.02597121169047735,0.0036286013158737802,0.002302118633050801
