,gb,gb_ipw,wrangler_23,wrangler_16
0,0.01678000325741975,0.02655189970265264,0.003934632176938265,0.0022184330484141474
