,gb,gb_ipw,wrangler_23,wrangler_16
0,0.016452838420598064,0.025728832346339242,0.0043703326412561465,0.0023771695113816234
