,gb,gb_ipw,wrangler_23,wrangler_16
0,0.015563411591732449,0.017945453267559336,0.005175542571315121,0.0009813896414278603
