,gb,gb_ipw,wrangler_23,wrangler_16
0,0.015730414885640795,0.02638064664135431,0.006060131260606109,0.0027809710522890816
