,gb,gb_ipw,wrangler_23,wrangler_16
0,0.015469039094921321,0.02702755152841146,0.0037226987921673317,0.002541028258931208
