,gb,gb_ipw,wrangler_23,wrangler_16
0,0.03699359356188306,0.05801723283879896,0.006383978853038714,0.0049435332709667715
