,gb,gb_ipw,wrangler_23,wrangler_16
0,0.022526565152410312,0.029750336108959382,0.005454877057020357,0.0017822985959647995
