,gb,gb_ipw,wrangler_23,wrangler_16
0,0.023066502287125226,0.03510131269765266,0.004833296073150838,0.0024485751023978846
