,gb,gb_ipw,wrangler_23,wrangler_16
0,0.022300648844028163,0.0410283872670643,0.006319412342142904,0.0045754701047054725
