,gb,gb_ipw,wrangler_23,wrangler_16
0,0.013780021094703101,0.023230776056513053,0.003954884526249882,0.002134311664569843
