,gb,gb_ipw,wrangler_23,wrangler_16
0,0.019051693472409804,0.029145338851542125,0.003938644132505171,0.0023579514565541266
