,gb,gb_ipw,wrangler_23,wrangler_16
0,0.01638673978299453,0.02491165775769918,0.0034469370478977563,0.00186849327679484
