,gb,gb_ipw,wrangler_23,wrangler_16
0,0.017475131629169853,0.02840912860372792,0.0047898810842762814,0.002340994019439255
