,gb,gb_ipw,wrangler_23,wrangler_16
0,0.01603821807154147,0.02706242117652281,0.006287705664541207,0.0023229874391606786
