,gb,gb_ipw,wrangler_23,wrangler_16
0,0.01905470128313288,0.03146276887270013,0.003974915520331959,0.0026146964721447
