,gb,gb_ipw,wrangler_23,wrangler_16
0,0.006386686830768456,0.00857716138566867,0.008398537848636521,0.0015131336084705225
