,gb,gb_ipw,wrangler_23,wrangler_16
0,0.026490298184481533,0.04160378196022727,0.004348061301491477,0.003312891179865057
