,gb,gb_ipw,wrangler_23,wrangler_16
0,0.02256285759710497,0.04079076978895399,0.004506538418458782,0.0030937160642343616
