,gb,gb_ipw,wrangler_23,wrangler_16
0,0.014693740217443456,0.0247912292174477,0.004738250518227643,0.002460843101542264
