,gb,gb_ipw,wrangler_23,wrangler_16
0,0.026683509349822998,0.04449337720870972,0.005190074443817139,0.003799299399058024
