,gb,gb_ipw,wrangler_23,wrangler_16
0,0.025302794385055984,0.040811191069585494,0.0061080678794515056,0.0038900317121877887
