,gb,gb_ipw,wrangler_23,wrangler_16
0,0.020117175822355306,0.03694920312790644,0.005218447471151546,0.003980941512957722
