,gb,gb_ipw,wrangler_23,wrangler_16
0,0.012502653058197656,0.021280419643440004,0.0031707301910869046,0.001900133617094431
