,gb,gb_ipw,wrangler_23,wrangler_16
0,0.01711774516750026,0.027244670971019846,0.0060075038188212625,0.002442243936899545
