,gb,gb_ipw,wrangler_23,wrangler_16
0,0.016137689024537473,0.02641494457538312,0.0053791947417206835,0.0023894781594748027
