,gb,gb_ipw,wrangler_23,wrangler_16
0,0.015057291194891475,0.01762604890608737,0.0058690327241415685,0.001148528354183124
