,gb,gb_ipw,wrangler_23,wrangler_16
0,0.01175874014217556,0.02280703798055922,0.004039631403325486,0.002333183878475857
