,gb,gb_ipw,wrangler_23,wrangler_16
0,0.013998514533260046,0.025632820059910064,0.006021523953352687,0.002646576511403902
