,gb,gb_ipw,wrangler_23,wrangler_16
0,0.024444391938293872,0.042656651970480575,0.005657981042148305,0.004568067537684019
