,gb,gb_ipw,wrangler_23,wrangler_16
0,0.02629064918915971,0.046373224582801874,0.005355227290908226,0.003948233295189821
