,gb,gb_ipw,wrangler_23,wrangler_16
0,0.0283982081530271,0.03913086651858482,0.0032311226613511174,0.0022521816462112375
