,gb,gb_ipw,wrangler_23,wrangler_16
0,0.01544875851094397,0.026997891280169044,0.004487448051327565,0.0023969698473404015
