,gb,gb_ipw,wrangler_23,wrangler_16
0,0.014630655978877704,0.023539083921365955,0.004211029449066559,0.002289170492748768
