,gb,gb_ipw,wrangler_23,wrangler_16
0,0.00958168249336078,0.011873049211649094,0.0055415534777116925,0.0011435270554482754
