,gb,gb_ipw,wrangler_23,wrangler_16
0,0.031100142569768997,0.04821998022851491,0.005437682072321574,0.003953774770100911
