,gb,gb_ipw,wrangler_23,wrangler_16
0,0.01204161707198981,0.01679918531215552,0.004132114576570915,0.001450735285426631
