,gb,gb_ipw,wrangler_23,wrangler_16
0,0.013399248971989016,0.0234216919744202,0.004159967312638048,0.0022682219899761735
