,gb,gb_ipw,wrangler_23,wrangler_16
0,0.029286102001599746,0.04054848953511364,0.004232171093404058,0.002506777110272089
