,gb,gb_ipw,wrangler_23,wrangler_16
0,0.01555246084371933,0.026624150106174225,0.005597979184524717,0.002448479199584892
