,gb,gb_ipw,wrangler_23,wrangler_16
0,0.016549327871301672,0.026634826764955627,0.004323694732162978,0.0023087302407065594
