,gb,gb_ipw,wrangler_23,wrangler_16
0,0.029922575260252257,0.06164492982806581,0.014684336755412194,0.0062639063054865055
