,gb,gb_ipw,wrangler_23,wrangler_16
0,0.007452338374651787,0.012905284482736052,0.002916632644612412,0.001376180163017866
