,gb,gb_ipw,wrangler_23,wrangler_16
0,0.011175346966243454,0.013802759156725153,0.004750095700773853,0.0009590985239969784
