,gb,gb_ipw,wrangler_23,wrangler_16
0,0.005038413736555312,0.009532107247246636,0.0043162041240268284,0.0013053417205810547
