,gb,gb_ipw,wrangler_23,wrangler_16
0,0.0232735818082636,0.039267991528366554,0.005740785237514612,0.003988544146219889
