,gb,gb_ipw,wrangler_23,wrangler_16
0,0.015435467139989978,0.025058441964052425,0.003554293600156214,0.002308149287647114
