,gb,gb_ipw,wrangler_23,wrangler_16
0,0.02260957703445897,0.043598539901502205,0.006361441178755326,0.0046193599700927734
