,gb,gb_ipw,wrangler_23,wrangler_16
0,0.015586964196124035,0.02485941931649038,0.004121547570326461,0.0019652927376308045
