,gb,gb_ipw,wrangler_23,wrangler_16
0,0.016543498406043418,0.027483570706713333,0.006250038251772031,0.002512106528648963
