,gb,gb_ipw,wrangler_23,wrangler_16
0,0.016790259146897895,0.026060627841119337,0.0066055863317439805,0.002460850853829645
