,gb,gb_ipw,wrangler_23,wrangler_16
0,0.025439041632193106,0.044742530142819446,0.005674169019416527,0.004229170304757577
