,gb,gb_ipw,wrangler_23,wrangler_16
0,0.026952723662058514,0.05138615767161051,0.005925695101420084,0.0048413872718811035
