,gb,gb_ipw,wrangler_23,wrangler_16
0,0.02158140497548239,0.038819875390756695,0.005710736981460028,0.003812435482229505
