,gb,gb_ipw,wrangler_23,wrangler_16
0,0.019552729151270418,0.026034965171470296,0.0038797361356718036,0.0013508667816986906
