,gb,gb_ipw,wrangler_23,wrangler_16
0,0.02126053279934856,0.03406865726368915,0.004293591529773781,0.0026731748912812384
