,gb,gb_ipw,wrangler_23,wrangler_16
0,0.015364607320745936,0.026256682963016125,0.004600910913376581,0.0025033223032223588
