,gb,gb_ipw,wrangler_23,wrangler_16
0,0.01697307759588891,0.029505404469731086,0.004056227076184618,0.0029611554774609246
