,gb,gb_ipw,wrangler_23,wrangler_16
0,0.01677604183781788,0.02696475044625704,0.004374847214627205,0.0025218061787800304
