,gb,gb_ipw,wrangler_23,wrangler_16
0,0.014560655777498802,0.024651240858232015,0.004935153522846862,0.0024921960712219614
