,gb,gb_ipw,wrangler_23,wrangler_16
0,0.01205899551196179,0.0147587620044258,0.004634802710353894,0.0009870974817008614
