,gb,gb_ipw,wrangler_23,wrangler_16
0,0.017855126978987355,0.037505465038752156,0.005283598172462592,0.004459235627772445
