,gb,gb_ipw,wrangler_23,wrangler_16
0,0.007993441986728867,0.010855846366024212,0.005599911227548049,0.0014016639641863844
