,gb,gb_ipw,wrangler_23,wrangler_16
0,0.017599351164223495,0.030772769508730386,0.00588084764526662,0.00283064473654337
