,gb,gb_ipw,wrangler_23,wrangler_16
0,0.010009479555511212,0.012117683743954853,0.0056223562586377234,0.0010260938572891807
