,gb,gb_ipw,wrangler_23,wrangler_16
0,0.01673505633989113,0.022249594531611933,0.0026241467005480327,0.001383855979076293
