,gb,gb_ipw,wrangler_23,wrangler_16
0,0.013164872372591938,0.01573711633682251,0.005518037963796545,0.0011482172542148167
