,gb,gb_ipw,wrangler_23,wrangler_16
0,0.021799674616997652,0.040433543771285885,0.006284942300081221,0.0043736992949765284
