,gb,gb_ipw,wrangler_23,wrangler_16
0,0.017474422524700235,0.028289663485991653,0.004463088818085499,0.0024888760004288116
