,gb,gb_ipw,wrangler_23,wrangler_16
0,0.017537127484332077,0.029575562739110252,0.00766227533529093,0.002639372270185869
