,gb,gb_ipw,wrangler_23,wrangler_16
0,0.009291598688734984,0.011631550364694038,0.003977480459559867,0.0008104498636437849
