,gb,gb_ipw,wrangler_23,wrangler_16
0,0.017197058283348988,0.028495753831985,0.00566437379041439,0.0024331723406015196
