,gb,gb_ipw,wrangler_23,wrangler_16
0,0.017499619341911153,0.027008208822696767,0.003385797460028466,0.002415484570442362
