,gb,gb_ipw,wrangler_23,wrangler_16
0,0.01575195037566864,0.02605163299285614,0.005163587965406813,0.002218366743208052
