,gb,gb_ipw,wrangler_23,wrangler_16
0,0.031152405799963537,0.054672169379698925,0.005845649120135184,0.004271093087318616
