,gb,gb_ipw,wrangler_23,wrangler_16
0,0.01902781068322493,0.030539794401689007,0.004457471204951486,0.0025914952079242556
