,gb,gb_ipw,wrangler_23,wrangler_16
0,0.0190178649245061,0.029217649773123185,0.005870721574374827,0.0025443792727066505
