,gb,gb_ipw,wrangler_23,wrangler_16
0,0.014245922386410677,0.025026883061224293,0.004902894317868198,0.002384833667589271
