,gb,gb_ipw,wrangler_23,wrangler_16
0,0.014918631010249784,0.028148671020871655,0.007730897125532185,0.0029708163038273676
