,gb,gb_ipw,wrangler_23,wrangler_16
0,0.044911246166059134,0.06245826862743145,0.006335927835465462,0.0037990571926298468
