,gb,gb_ipw,wrangler_23,wrangler_16
0,0.021527313284857574,0.040313222563963164,0.005645030962232872,0.004495542073987194
