,gb,gb_ipw,wrangler_23,wrangler_16
0,0.012439323796166314,0.014721684985690646,0.00538820469820941,0.0010384729614964236
