,gb,gb_ipw,wrangler_23,wrangler_16
0,0.016567761585766956,0.02734487616842353,0.003882901832120582,0.0024469379575733333
