,gb,gb_ipw,wrangler_23,wrangler_16
0,0.017790676473261238,0.02736953588632437,0.0036461667700128245,0.002206878347711249
