,gb,gb_ipw,wrangler_23,wrangler_16
0,0.011754150771176156,0.01440226191050579,0.006011149954623606,0.0012030009350745506
