,gb,gb_ipw,wrangler_23,wrangler_16
0,0.016123645908229952,0.026995205617212987,0.0044733613401978884,0.0025359483865591203
