,gb,gb_ipw,wrangler_23,wrangler_16
0,0.01579844034635104,0.025696937854473405,0.004599644587590143,0.002392962738707825
