,gb,gb_ipw,wrangler_23,wrangler_16
0,0.019716349824020374,0.029602875531668554,0.003702823496623911,0.0023977805781347445
