,gb,gb_ipw,wrangler_23,wrangler_16
0,0.013255741014233973,0.022741314632440703,0.0049421041314660855,0.0019951210878355395
