,gb,gb_ipw,wrangler_23,wrangler_16
0,0.020338039299113656,0.03161408162459602,0.004008980340371527,0.0026076780770991586
