,gb,gb_ipw,wrangler_23,wrangler_16
0,0.013486730533976565,0.016260830911567638,0.005634039226939827,0.0011909254033401237
