,gb,gb_ipw,wrangler_23,wrangler_16
0,0.01591785623150852,0.026059303830263645,0.004419519496058287,0.002432010861724733
