,gb,gb_ipw,wrangler_23,wrangler_16
0,0.01606287992410179,0.02337917053821841,0.0043434524365909815,0.0020148018969323475
