,gb,gb_ipw,wrangler_23,wrangler_16
0,0.014529689225779518,0.027555350035224403,0.004901629563600029,0.002772979932737023
