,gb,gb_ipw,wrangler_23,wrangler_16
0,0.008129604436733105,0.009822679890526665,0.009553769120463618,0.002059340476989746
