,gb,gb_ipw,wrangler_23,wrangler_16
0,0.015118964632650961,0.02544914938384498,0.004514922566190491,0.002422520299396328
