,gb,gb_ipw,wrangler_23,wrangler_16
0,0.036247458784437143,0.05380508260815607,0.005968324430696258,0.0032373433987769864
