,gb,gb_ipw,wrangler_23,wrangler_16
0,0.02068733094168491,0.03388023278752311,0.0048798452960988874,0.002559864781593364
