,gb,gb_ipw,wrangler_23,wrangler_16
0,0.01745095163239952,0.028921172484239817,0.005431875866980862,0.0025427696121484494
