,gb,gb_ipw,wrangler_23,wrangler_16
0,0.015282060688514438,0.02625509470450778,0.004087098583376786,0.0023017333412293705
