,gb,gb_ipw,wrangler_23,wrangler_16
0,0.016935022027642875,0.02761634620460304,0.003279866398991765,0.0024044621098148924
