,gb,gb_ipw,wrangler_23,wrangler_16
0,0.029566387335459392,0.0494470198949178,0.005747235956646147,0.00437136207308088
