,gb,gb_ipw,wrangler_23,wrangler_16
0,0.01609751790895192,0.026079652561693714,0.005891355068246582,0.002453946617190896
