,gb,gb_ipw,wrangler_23,wrangler_16
0,0.012690283687239193,0.023850954201326793,0.0033043474557409324,0.002441157298873227
