,gb,gb_ipw,wrangler_23,wrangler_16
0,0.02025802930196126,0.033004747496710875,0.005968279308742949,0.003545019361707899
