,gb,gb_ipw,wrangler_23,wrangler_16
0,0.025036963608746972,0.040470332395834994,0.004725052359325638,0.003003601819439664
