,gb,gb_ipw,wrangler_23,wrangler_16
0,0.009691016892122463,0.011964741125626285,0.005673725092888859,0.0011694026997988664
