,gb,gb_ipw,wrangler_23,wrangler_16
0,0.014707321476907854,0.02516149192728022,0.003411992049131769,0.0023109796084241057
