,gb,gb_ipw,wrangler_23,wrangler_16
0,0.022638315534861075,0.039490602784237626,0.005502485286044536,0.0037790018286408683
