,gb,gb_ipw,wrangler_23,wrangler_16
0,0.0157204827109536,0.025399910224663032,0.005857446691492102,0.0024927055442726213
