,gb,gb_ipw,wrangler_23,wrangler_16
0,0.007274338813243565,0.009621970386425984,0.005016781977103459,0.0009020829101815758
