,gb,gb_ipw,wrangler_23,wrangler_16
0,0.01597991678235341,0.02383075744999565,0.0037419812077613655,0.0019545658075535983
