,gb,gb_ipw,wrangler_23,wrangler_16
0,0.01576102551377591,0.0273794190496461,0.005288729591975136,0.002408347869239593
