,gb,gb_ipw,wrangler_23,wrangler_16
0,0.016391543467932944,0.02755239063088118,0.006143859074342685,0.00272273457008299
