,gb,gb_ipw,wrangler_23,wrangler_16
0,0.013544307491643643,0.02288576064071035,0.0032644446303204794,0.0020561179494470116
