,gb,gb_ipw,wrangler_23,wrangler_16
0,0.01859985137305999,0.031008461310604404,0.004251142997881433,0.0027566602378537807
