,gb,gb_ipw,wrangler_23,wrangler_16
0,0.017101225918874367,0.028632147754361407,0.005289121901862532,0.0024197454890879893
