,gb,gb_ipw,wrangler_23,wrangler_16
0,0.017818218717972435,0.027336076729827463,0.003542285412549973,0.0021615996956825256
