,gb,gb_ipw,wrangler_23,wrangler_16
0,0.013505190659970912,0.016017662743327134,0.0037432592902575616,0.0008681903966219573
