,gb,gb_ipw,wrangler_23,wrangler_16
0,0.020306610050530784,0.03329948690285675,0.006476039976302647,0.0028311738413955958
