,gb,gb_ipw,wrangler_23,wrangler_16
0,0.03827859958012899,0.07331764532460107,0.007439611686600578,0.0059465981192058995
