,gb,gb_ipw,wrangler_23,wrangler_16
0,0.01782932124295078,0.02931045306907905,0.00362137516776284,0.0022351741790771493
