,gb,gb_ipw,wrangler_23,wrangler_16
0,0.016121455775502395,0.026818126668710543,0.003927885114079547,0.0025360175715687942
