,gb,gb_ipw,wrangler_23,wrangler_16
0,0.017472215600915858,0.032324404329866975,0.007164156114732897,0.0033884435086636933
