,gb,gb_ipw,wrangler_23,wrangler_16
0,0.01854250128840057,0.03396457349750358,0.006512437068240744,0.0031707992016429634
