,gb,gb_ipw,wrangler_23,wrangler_16
0,0.015008365800844145,0.02740380542525828,0.00519095501985334,0.002516702596886282
