,gb,gb_ipw,wrangler_23,wrangler_16
0,0.012615445250920858,0.022427071012065158,0.003878785539650875,0.0024045002439230306
