,gb,gb_ipw,wrangler_23,wrangler_16
0,0.02966005177724929,0.049190861838204515,0.0057216911088852655,0.004086111273084368
