,gb,gb_ipw,wrangler_23,wrangler_16
0,0.01742683322273166,0.027592670043002688,0.005405320470704382,0.002290782167491152
