,gb,gb_ipw,wrangler_23,wrangler_16
0,0.00473219176489135,0.007097185794771853,0.011833059699880986,0.0014869653789484109
