,gb,gb_ipw,wrangler_23,wrangler_16
0,0.017139850518642325,0.027794715685722157,0.004653354267497639,0.002424184219304459
