,gb,gb_ipw,wrangler_23,wrangler_16
0,0.01306618277385423,0.015595602610754588,0.006605187366275861,0.0013184048319400412
