,gb,gb_ipw,wrangler_23,wrangler_16
0,0.013136129448379294,0.02378246922423874,0.003906965687655021,0.0022898117701212564
