,gb,gb_ipw,wrangler_23,wrangler_16
0,0.016043176416490897,0.02719323491789604,0.0048447502115385125,0.0024232708039830944
