,gb,gb_ipw,wrangler_23,wrangler_16
0,0.019358471035957336,0.03517279401421547,0.004639383405447006,0.0033159740269184113
