,gb,gb_ipw,wrangler_23,wrangler_16
0,0.015056764245709309,0.025152822072654676,0.004750569060529336,0.0023627776955386414
