,gb,gb_ipw,wrangler_23,wrangler_16
0,0.018197242860440853,0.03150569068060981,0.007113648785485161,0.003089893747259069
