,gb,gb_ipw,wrangler_23,wrangler_16
0,0.02759645382563273,0.04684577385584514,0.005656977494557699,0.004087388515472413
