,gb,gb_ipw,wrangler_23,wrangler_16
0,0.01833065309458309,0.028513682385285694,0.003467779606580734,0.002332963049411774
