,gb,gb_ipw,wrangler_23,wrangler_16
0,0.013564260382401317,0.016340456510844984,0.0052680781013087225,0.001100552709479081
