,gb,gb_ipw,wrangler_23,wrangler_16
0,0.03192905803303141,0.04906859764685999,0.004169579390641097,0.0025224895267696164
