,gb,gb_ipw,wrangler_23,wrangler_16
0,0.01544180292146522,0.025166634139158896,0.003614952278301776,0.002226062913992845
