,gb,gb_ipw,wrangler_23,wrangler_16
0,0.014615703273463896,0.024694923882011895,0.004408552839949324,0.0023075481792827987
