,gb,gb_ipw,wrangler_23,wrangler_16
0,0.013829970665111251,0.016377968616063714,0.004221951725596739,0.0008592228117866207
