,gb,gb_ipw,wrangler_23,wrangler_16
0,0.017904258750892663,0.027762128637506298,0.004658510873129556,0.002424378733296732
