,gb,gb_ipw,wrangler_23,wrangler_16
0,0.015154577070666897,0.024224737639068277,0.004349280429142777,0.002163328150267242
