,gb,gb_ipw,wrangler_23,wrangler_16
0,0.020004808902740485,0.036954780419667564,0.0077011187871297215,0.0039211908976236965
