,gb,gb_ipw,wrangler_23,wrangler_16
0,0.031488185579126526,0.05338318420178962,0.005778489690838439,0.004742858987866026
