,gb,gb_ipw,wrangler_23,wrangler_16
0,0.008657563646710734,0.011275589140290294,0.004922503610713246,0.0010100649420734982
