,gb,gb_ipw,wrangler_23,wrangler_16
0,0.017755047168607027,0.02521359063441457,0.004150664884280534,0.0019527260774101307
