,gb,gb_ipw,wrangler_23,wrangler_16
0,0.009636654402988814,0.01401292565153394,0.006159243625696286,0.0013362924153817839
