,gb,gb_ipw,wrangler_23,wrangler_16
0,0.023150771753894503,0.04550763421861576,0.005840845534072298,0.004747479232316165
