,gb,gb_ipw,wrangler_23,wrangler_16
0,0.01894914975730322,0.03627551499233451,0.004596607659452705,0.0033487555801227525
