,gb,gb_ipw,wrangler_23,wrangler_16
0,0.02784778674443563,0.047769762721716194,0.00563132412293378,0.004226232276243322
