,gb,gb_ipw,wrangler_23,wrangler_16
0,0.017451604207356773,0.023658116658528648,0.002616437276204427,0.0014119466145833335
