,gb,gb_ipw,wrangler_23,wrangler_16
0,0.018500239471268783,0.03194790348050001,0.006693401530233796,0.003522490263915825
