,gb,gb_ipw,wrangler_23,wrangler_16
0,0.016031440160449405,0.02513949014965632,0.0034982633406591235,0.0021082554084453807
