,gb,gb_ipw,wrangler_23,wrangler_16
0,0.021952943703562943,0.043440520558570256,0.006588463930739571,0.005348851180977839
