,gb,gb_ipw,wrangler_23,wrangler_16
0,0.026188334640191522,0.04775005756779405,0.006918255912265749,0.003881413296590233
