,gb,gb_ipw,wrangler_23,wrangler_16
0,0.014749125244753556,0.017336067639244033,0.005258818257434675,0.0010104751486102825
