,gb,gb_ipw,wrangler_23,wrangler_16
0,0.013044034762770745,0.015309658329272818,0.005158054057143178,0.0010750238980032458
