,gb,gb_ipw,wrangler_23,wrangler_16
0,0.04431505997975667,0.07537975907325745,0.007840494314829508,0.005782147248586019
