,gb,gb_ipw,wrangler_23,wrangler_16
0,0.016144585534225125,0.018732630492008826,0.0065154583045486155,0.001146590296026284
