,gb,gb_ipw,wrangler_23,wrangler_16
0,0.01847665231149118,0.028427012331850895,0.0042222999595665,0.002587378562033713
