,gb,gb_ipw,wrangler_23,wrangler_16
0,0.01621278997969954,0.034880638122558594,0.007172480021437552,0.0037310874625428084
