,gb,gb_ipw,wrangler_23,wrangler_16
0,0.01656299080353617,0.027785275151820783,0.004806088619544858,0.002514860017703531
