,gb,gb_ipw,wrangler_23,wrangler_16
0,0.016687500879960362,0.02690473040520857,0.005620185303803226,0.002541043908123808
