,gb,gb_ipw,wrangler_23,wrangler_16
0,0.01765310800502571,0.030319692151938773,0.004006141449511957,0.002672546331131176
