,gb,gb_ipw,wrangler_23,wrangler_16
0,0.015747484736417603,0.02803078496643386,0.00400193698743251,0.0025711758598607254
