,gb,gb_ipw,wrangler_23,wrangler_16
0,0.024832156331306095,0.041360991176287915,0.010328069917346465,0.003192377003598517
