,gb,gb_ipw,wrangler_23,wrangler_16
0,0.01649405505206134,0.02707355731242412,0.005097969158275708,0.002534405605213063
