,gb,gb_ipw,wrangler_23,wrangler_16
0,0.015846340135596264,0.030264361151333508,0.004488298262672863,0.003394861330931214
