,gb,gb_ipw,wrangler_23,wrangler_16
0,0.023802445859325175,0.04146877600222217,0.006860616255779656,0.004299806088817363
