,gb,gb_ipw,wrangler_23,wrangler_16
0,0.014835498372062309,0.024936303414933667,0.005458222060907082,0.0024766218466836893
