,gb,gb_ipw,wrangler_23,wrangler_16
0,0.014456154493393202,0.02484961583618856,0.004598289897175953,0.0020915709281012786
