,gb,gb_ipw,wrangler_23,wrangler_16
0,0.025647127722191996,0.04062502402958908,0.005430593265323189,0.003552812290942575
