,gb,gb_ipw,wrangler_23,wrangler_16
0,0.01638925774193509,0.026407313870859667,0.004029481402246944,0.0023589684413029594
