,gb,gb_ipw,wrangler_23,wrangler_16
0,0.021537144978841145,0.04018377192651284,0.005817085606945338,0.004386574132335965
