,gb,gb_ipw,wrangler_23,wrangler_16
0,0.017812814224850048,0.02394184808839451,0.003076835789463737,0.0014846975153142753
