,gb,gb_ipw,wrangler_23,wrangler_16
0,0.020990148186683655,0.030764813224474587,0.005811204512914022,0.002425536513328552
