,gb,gb_ipw,wrangler_23,wrangler_16
0,0.023220355312029522,0.0474552313486735,0.0066732366879781084,0.0046746184428532915
