,gb,gb_ipw,wrangler_23,wrangler_16
0,0.012694888717525606,0.022804753465966866,0.0036181165621830863,0.002568157819601205
