,gb,gb_ipw,wrangler_23,wrangler_16
0,0.018954170822991008,0.030646807084566487,0.004039307818909871,0.0024604839849514536
