,gb,gb_ipw,wrangler_23,wrangler_16
0,0.02684299984285908,0.04201262227950558,0.005588175789002449,0.0034813438692400532
