,gb,gb_ipw,wrangler_23,wrangler_16
0,0.0456860571196585,0.07290889819463094,0.007076245365720807,0.006079899542259446
