,gb,gb_ipw,wrangler_23,wrangler_16
0,0.014298723630256055,0.016835846826044054,0.009372995786017774,0.0015469995468698871
