,gb,gb_ipw,wrangler_23,wrangler_16
0,0.01777980949257042,0.02878588753623087,0.0048381584388511875,0.0025403725874650254
