,gb,gb_ipw,wrangler_23,wrangler_16
0,0.011307815158808675,0.015674669433523105,0.0030638857020272147,0.0012643773246694492
