,gb,gb_ipw,wrangler_23,wrangler_16
0,0.016010561137619415,0.018315414072936066,0.006071644125824766,0.0010838286246660459
