,gb,gb_ipw,wrangler_23,wrangler_16
0,0.012802498349093963,0.016180137937752716,0.007106726096890841,0.001616235156488057
