,gb,gb_ipw,wrangler_23,wrangler_16
0,0.016293622258773996,0.02656761605959542,0.005424156789801121,0.002441127290299604
