,gb,gb_ipw,wrangler_23,wrangler_16
0,0.015470295528539225,0.026853512883754902,0.004571268782138066,0.0024084445971563244
