,gb,gb_ipw,wrangler_23,wrangler_16
0,0.020886460940043136,0.040590763092041016,0.005709904211538809,0.003970055668442338
