,gb,gb_ipw,wrangler_23,wrangler_16
0,0.01861209722591038,0.03538532200654859,0.006317935303353631,0.003783338290547182
