,gb,gb_ipw,wrangler_23,wrangler_16
0,0.02838778741580924,0.046440006531390944,0.005302969942387846,0.004115792893871819
