,gb,gb_ipw,wrangler_23,wrangler_16
0,0.029136406050788034,0.05529589123196073,0.008395314216613768,0.0047796302371554905
