,gb,gb_ipw,wrangler_23,wrangler_16
0,0.018929241632221674,0.03216933272551559,0.004889000029790968,0.0027744542984735397
