,gb,gb_ipw,wrangler_23,wrangler_16
0,0.008284421686076623,0.013079849851400024,0.005137610476806217,0.0013579033069841988
