,gb,gb_ipw,wrangler_23,wrangler_16
0,0.017795964761416865,0.02868825992879041,0.007138319261180154,0.0027892740325570382
