,gb,gb_ipw,wrangler_23,wrangler_16
0,0.024577989006921448,0.04060587026007164,0.00829438460038005,0.0038171693476663758
