,gb,gb_ipw,wrangler_23,wrangler_16
0,0.014784065544182526,0.024773127643774585,0.005871268874364542,0.0021499944916853666
