,gb,gb_ipw,wrangler_23,wrangler_16
0,0.013251270642276679,0.015852370263817347,0.0065365243228271,0.0010739003460127864
