,gb,gb_ipw,wrangler_23,wrangler_16
0,0.017818582469019396,0.03086462788198186,0.007033074039152298,0.0031638967579808723
