,gb,gb_ipw,wrangler_23,wrangler_16
0,0.017210130902414533,0.027336769666367142,0.00593299069041409,0.002472465102737014
