,gb,gb_ipw,wrangler_23,wrangler_16
0,0.012819502088758681,0.015232353879694353,0.004889337640059622,0.00102991249129089
