,gb,gb_ipw,wrangler_23,wrangler_16
0,0.017879856011224174,0.02350776441513546,0.00362098217010498,0.0014985916475770337
