,gb,gb_ipw,wrangler_23,wrangler_16
0,0.017137853772966536,0.0274798848650434,0.003606170326560646,0.0024546871890316715
