,gb,gb_ipw,wrangler_23,wrangler_16
0,0.026472947663731042,0.0440192719300588,0.005260937743716769,0.003785101903809441
