,gb,gb_ipw,wrangler_23,wrangler_16
0,0.017112728515406236,0.02772150073854727,0.004556016682723945,0.00289890786083226
