,gb,gb_ipw,wrangler_23,wrangler_16
0,0.01631797470661424,0.02646581973595155,0.003899229732853039,0.002551584757139471
