,gb,gb_ipw,wrangler_23,wrangler_16
0,0.012487098735718604,0.015046936332059347,0.004158387976360463,0.0008018921243555629
