,gb,gb_ipw,wrangler_23,wrangler_16
0,0.01594122942980823,0.020523209710259577,0.0025884763853208682,0.00123898904244821
