,gb,gb_ipw,wrangler_23,wrangler_16
0,0.016556745236014955,0.027956199525354178,0.005540329018097599,0.002649296393204459
