,gb,gb_ipw,wrangler_23,wrangler_16
0,0.016586856661015698,0.025963694122902507,0.004801353847359938,0.0023375580562474164
