,gb,gb_ipw,wrangler_23,wrangler_16
0,0.015806152213434257,0.027796959284669857,0.004204256193978447,0.0024710012518841286
