,gb,gb_ipw,wrangler_23,wrangler_16
0,0.024511497847887934,0.0422974022067323,0.005493358689911512,0.004606587546212333
