,gb,gb_ipw,wrangler_23,wrangler_16
0,0.015515593795089036,0.025330363093195737,0.004578409968195734,0.0023366739084054755
