,gb,gb_ipw,wrangler_23,wrangler_16
0,0.010176396108182696,0.016361163859978548,0.00507490975516183,0.0014949697608970876
