,gb,gb_ipw,wrangler_23,wrangler_16
0,0.02574324607849121,0.048273305098215744,0.005962451299031576,0.0050067901611328125
