,gb,gb_ipw,wrangler_23,wrangler_16
0,0.02871149329728977,0.04328979599860407,0.005193935927524362,0.0034468148344306538
