,gb,gb_ipw,wrangler_23,wrangler_16
0,0.021084423722891973,0.03564538626835264,0.006464267599171606,0.003131669143150593
