,gb,gb_ipw,wrangler_23,wrangler_16
0,0.014328625467088489,0.02372463544209798,0.003944171799553765,0.0019464227888319225
