,gb,gb_ipw,wrangler_23,wrangler_16
0,0.019017079605467484,0.02964042276432996,0.005625568826351154,0.0025981768686384557
