,gb,gb_ipw,wrangler_23,wrangler_16
0,0.014544594647963968,0.02491690206603519,0.005617733032032492,0.002449760376364703
