,gb,gb_ipw,wrangler_23,wrangler_16
0,0.014396747702528722,0.02256470196829748,0.0036037685734539296,0.0022080084653415917
