,gb,gb_ipw,wrangler_23,wrangler_16
0,0.007547561091558375,0.014548506280376572,0.0038423317887208656,0.0016765468584822346
