,gb,gb_ipw,wrangler_23,wrangler_16
0,0.012400806058734275,0.022276394571328642,0.0056704753952165335,0.002134150277504287
