,gb,gb_ipw,wrangler_23,wrangler_16
0,0.0104572765628701,0.013261267729677863,0.00313503279102792,0.0009365219006435478
