,gb,gb_ipw,wrangler_23,wrangler_16
0,0.01796573873550173,0.03086021022191124,0.0051462461077977735,0.0032014790035429456
