,gb,gb_ipw,wrangler_23,wrangler_16
0,0.017845059094363697,0.030115859149253535,0.004158852851554139,0.0027703912290808273
