,gb,gb_ipw,wrangler_23,wrangler_16
0,0.012762088968296243,0.01600482247092507,0.0043184107000177555,0.001352435410624803
