,gb,gb_ipw,wrangler_23,wrangler_16
0,0.008197958784990822,0.01220564073535124,0.003948671008468767,0.0012871322281863714
