,gb,gb_ipw,wrangler_23,wrangler_16
0,0.016566403334754766,0.02737079177014405,0.003800045287728708,0.0024623296731291805
