,gb,gb_ipw,wrangler_23,wrangler_16
0,0.01544484397029633,0.02620935135180383,0.005060678247905448,0.0023268677694413364
