,gb,gb_ipw,wrangler_23,wrangler_16
0,0.01456210578697315,0.02448083697885707,0.004931636478589929,0.0027518341506736874
