,gb,gb_ipw,wrangler_23,wrangler_16
0,0.014855084306338228,0.025260904447628497,0.005451056475196381,0.0023884417146498604
