,gb,gb_ipw,wrangler_23,wrangler_16
0,0.017884088089776564,0.029435458483996695,0.003401555554189222,0.0022133289059100827
