,gb,gb_ipw,wrangler_23,wrangler_16
0,0.014393225960109545,0.024103981149775904,0.004456018852760724,0.0025368560000758643
