,gb,gb_ipw,wrangler_23,wrangler_16
0,0.023807023349605105,0.037640515692069255,0.003920452488376087,0.0029298577095892794
