,gb,gb_ipw,wrangler_23,wrangler_16
0,0.022337684566855733,0.037475551273091205,0.006514691943751486,0.0042151518021210305
