,gb,gb_ipw,wrangler_23,wrangler_16
0,0.01635548754067629,0.026909996037032556,0.005768596215240013,0.002447467236176141
