,gb,gb_ipw,wrangler_23,wrangler_16
0,0.014759682037018157,0.02499674702738668,0.0038291071797465232,0.002610552441942823
