,gb,gb_ipw,wrangler_23,wrangler_16
0,0.021672911114162866,0.03984570503234863,0.0052596959802839495,0.004117687543233235
