,gb,gb_ipw,wrangler_23,wrangler_16
0,0.01913032749673084,0.035282020593993976,0.005316226148678692,0.003559200141854768
