,gb,gb_ipw,wrangler_23,wrangler_16
0,0.018383474910960478,0.03027209887398183,0.004685094342028635,0.002612351887608155
