,gb,gb_ipw,wrangler_23,wrangler_16
0,0.027534260759689302,0.047419320475734286,0.006634379519192082,0.00437057536581288
