,gb,gb_ipw,wrangler_23,wrangler_16
0,0.028713540127987196,0.03873854952098531,0.003987929323441648,0.0025476215024901427
