,gb,gb_ipw,wrangler_23,wrangler_16
0,0.018300245637479035,0.030165975508482563,0.0055517839348834495,0.002687392027481742
