,gb,gb_ipw,wrangler_23,wrangler_16
0,0.008948036411608153,0.01356029364676286,0.004590967258060624,0.0012758067380883766
