,gb,gb_ipw,wrangler_23,wrangler_16
0,0.016688927775103276,0.02581645280886919,0.004612557063481447,0.0021576955961092625
