,gb,gb_ipw,wrangler_23,wrangler_16
0,0.014856963906824715,0.017117036629128102,0.005779214472274619,0.0010518448114901337
