,gb,gb_ipw,wrangler_23,wrangler_16
0,0.010662965697419612,0.016042003734413827,0.002952277499710453,0.0012586058953380328
