,gb,gb_ipw,wrangler_23,wrangler_16
0,0.04160826313917744,0.06526322882981819,0.005667899554465718,0.004520055284139146
