,gb,gb_ipw,wrangler_23,wrangler_16
0,0.009118589977084575,0.011144597886677609,0.00236027219230935,0.0006111359285375659
