,gb,gb_ipw,wrangler_23,wrangler_16
0,0.04148308398867868,0.05602212191355298,0.005649368568642844,0.003109491065080062
