,gb,gb_ipw,wrangler_23,wrangler_16
0,0.017176817644281715,0.020247328043234713,0.006102186898954534,0.001244214054913927
