,gb,gb_ipw,wrangler_23,wrangler_16
0,0.02937876816951867,0.045624646273526276,0.006495702146279691,0.004043181737263997
