,gb,gb_ipw,wrangler_23,wrangler_16
0,0.01675745931410879,0.026559706285557327,0.005560905932694425,0.0023051929227024238
