,gb,gb_ipw,wrangler_23,wrangler_16
0,0.016074841421311298,0.026508055909358244,0.004685041523096181,0.002412787287226527
