,gb,gb_ipw,wrangler_23,wrangler_16
0,0.015308573262369606,0.02566361863771347,0.0043852378356374925,0.0023498142338453766
