,gb,gb_ipw,wrangler_23,wrangler_16
0,0.01699270162367283,0.02849153730481811,0.003850101528311134,0.0022679756941169317
