,gb,gb_ipw,wrangler_23,wrangler_16
0,0.017228735755763575,0.02622585758206251,0.004021537635836972,0.0021343519065394364
