,gb,gb_ipw,wrangler_23,wrangler_16
0,0.01432946145208807,0.025898950998900362,0.004994820375911525,0.0025852293264670458
