,gb,gb_ipw,wrangler_23,wrangler_16
0,0.02028755798153534,0.032825929923517516,0.004361982892866682,0.002746616964375143
