,gb,gb_ipw,wrangler_23,wrangler_16
0,0.02358621842024217,0.02798800081163988,0.004709198408314213,0.001106765937638277
