,gb,gb_ipw,wrangler_23,wrangler_16
0,0.017930524026828577,0.03719224183210771,0.005089123152416326,0.003432883129478489
