,gb,gb_ipw,wrangler_23,wrangler_16
0,0.023272338804307874,0.03713869973666253,0.007526045504319985,0.0031843570936792875
