,gb,gb_ipw,wrangler_23,wrangler_16
0,0.031032082107332017,0.05059482322798834,0.005330890417098999,0.004095749722586737
