,gb,gb_ipw,wrangler_23,wrangler_16
0,0.018596871921630783,0.02734930631862701,0.004372616045870762,0.0018316130517836637
