,gb,gb_ipw,wrangler_23,wrangler_16
0,0.008653075444710485,0.013335314973292607,0.004628552816937337,0.0013440634740115919
