,gb,gb_ipw,wrangler_23,wrangler_16
0,0.01162941809053774,0.021200737467518556,0.004476998691205626,0.002383164785526417
