,gb,gb_ipw,wrangler_23,wrangler_16
0,0.013901314906622275,0.02364636317506406,0.004550048890294754,0.0025177536224450714
