,gb,gb_ipw,wrangler_23,wrangler_16
0,0.010431377140022595,0.014013863174167609,0.004543284692707851,0.001111679528591901
