,gb,gb_ipw,wrangler_23,wrangler_16
0,0.017529566276206842,0.02780030116791716,0.004073030589429034,0.002293359665643601
