,gb,gb_ipw,wrangler_23,wrangler_16
0,0.02101282012751271,0.03251400951060961,0.00550553644128376,0.0026399475975837925
