,gb,gb_ipw,wrangler_23,wrangler_16
0,0.021261617171862895,0.03660217789579029,0.004917629494154749,0.003991048198100949
