,gb,gb_ipw,wrangler_23,wrangler_16
0,0.015338284904519694,0.025324975913352813,0.003981342061949025,0.0023844615788457023
