,gb,gb_ipw,wrangler_23,wrangler_16
0,0.015545531611918184,0.026637635877370225,0.0068104023213886545,0.002639372940258602
