,gb,gb_ipw,wrangler_23,wrangler_16
0,0.02057230150377428,0.03314018249511719,0.004755718409282863,0.003000090690444084
