,gb,gb_ipw,wrangler_23,wrangler_16
0,0.02065745875282599,0.03240520732328653,0.004982840537960563,0.002536810353998471
