,gb,gb_ipw,wrangler_23,wrangler_16
0,0.019169353179375764,0.02986784406915606,0.00550669833393479,0.002427287874760306
