,gb,gb_ipw,wrangler_23,wrangler_16
0,0.01732034249058698,0.028077249811432982,0.007174328195680692,0.002485928517994863
