,gb,gb_ipw,wrangler_23,wrangler_16
0,0.015378103151426212,0.026709588019402465,0.003816269256256438,0.00242023677616329
