,gb,gb_ipw,wrangler_23,wrangler_16
0,0.013736161318692293,0.01588299859107406,0.006056200738532385,0.001151271227027188
