,gb,gb_ipw,wrangler_23,wrangler_16
0,0.016912956511883643,0.02850316282257828,0.005179104518809766,0.0025881918828969067
