,gb,gb_ipw,wrangler_23,wrangler_16
0,0.02021889586548705,0.03862197582538311,0.006815103384164664,0.003431393549992488
