,gb,gb_ipw,wrangler_23,wrangler_16
0,0.021437803904215496,0.03989227116107941,0.005746881167093913,0.0045013924439748125
