,gb,gb_ipw,wrangler_23,wrangler_16
0,0.01622988406010872,0.02690703396635931,0.0035486359527145597,0.002340634088009453
