,gb,gb_ipw,wrangler_23,wrangler_16
0,0.014959154902277769,0.02783118067560969,0.007545948028564453,0.0027134611799910263
