,gb,gb_ipw,wrangler_23,wrangler_16
0,0.08248062133789062,0.14372119903564454,0.19937419891357422,0.012393760681152343
