,gb,gb_ipw,wrangler_23,wrangler_16
0,0.019166925565792563,0.028926661757172126,0.0034937832524867644,0.002655748461113601
