,gb,gb_ipw,wrangler_23,wrangler_16
0,0.01332893027915611,0.02522855191617399,0.006198023890589809,0.002825711224530194
