,gb,gb_ipw,wrangler_23,wrangler_16
0,0.022199343551288955,0.0420759121576945,0.006576604915387702,0.004425870649742356
