,gb,gb_ipw,wrangler_23,wrangler_16
0,0.018292169555951514,0.030175420640339592,0.0050634941089097146,0.0026373885677223865
