,gb,gb_ipw,wrangler_23,wrangler_16
0,0.014396018792535659,0.01702986866514259,0.0026827312518503065,0.000793626096761115
