,gb,gb_ipw,wrangler_23,wrangler_16
0,0.010905940900139483,0.020711759512569743,0.004869742205493338,0.0019705851018215165
