,gb,gb_ipw,wrangler_23,wrangler_16
0,0.01404856433387564,0.0167782066249046,0.005319464106519683,0.0011639935629708426
