,gb,gb_ipw,wrangler_23,wrangler_16
0,0.01746737635457194,0.027958091560539074,0.0036954284309745427,0.0022893899923318865
