,gb,gb_ipw,wrangler_23,wrangler_16
0,0.014426450505932047,0.01704864227733673,0.004818613409869079,0.001051777594894393
