,gb,gb_ipw,wrangler_23,wrangler_16
0,0.026853134234746296,0.04723011737778073,0.005785375833511352,0.0047820309797922764
