,gb,gb_ipw,wrangler_23,wrangler_16
0,0.010316253553891014,0.02161365874270175,0.005910159848260541,0.0027701364341357077
