,gb,gb_ipw,wrangler_23,wrangler_16
0,0.015994349678794106,0.025559994545611704,0.0036598725633306822,0.0022690702270675494
