,gb,gb_ipw,wrangler_23,wrangler_16
0,0.019141743260045207,0.027179878245117844,0.005207234813321021,0.0018834747293944001
