,gb,gb_ipw,wrangler_23,wrangler_16
0,0.017756143623510415,0.029106498201251465,0.003911709465241112,0.002514093350141476
