,gb,gb_ipw,wrangler_23,wrangler_16
0,0.01820413077749857,0.026125628099546033,0.004285972166415363,0.0018844253901417242
