,gb,gb_ipw,wrangler_23,wrangler_16
0,0.014790782222041379,0.024467652395557617,0.004775030510166447,0.0021393254227397938
