,gb,gb_ipw,wrangler_23,wrangler_16
0,0.041257074246039756,0.0609929362932841,0.005695796929872953,0.00473119509525788
