,gb,gb_ipw,wrangler_23,wrangler_16
0,0.014850321938009822,0.02629060269621632,0.004658156343738137,0.002629159356627013
