,gb,gb_ipw,wrangler_23,wrangler_16
0,0.020786663433452986,0.03666974402762748,0.009643494545876442,0.003570264524167722
