,gb,gb_ipw,wrangler_23,wrangler_16
0,0.021286308765411377,0.041278148138964625,0.005595937923148826,0.003953774770100912
