,gb,gb_ipw,wrangler_23,wrangler_16
0,0.01890220010255928,0.031169650470741536,0.004566542603707956,0.002673694065638951
