,gb,gb_ipw,wrangler_23,wrangler_16
0,0.011354563682059931,0.021054129290386914,0.004836577710097398,0.0019766450897464906
