,gb,gb_ipw,wrangler_23,wrangler_16
0,0.019340117772420246,0.025469303131103516,0.0026798248291015625,0.001436312993367513
