,gb,gb_ipw,wrangler_23,wrangler_16
0,0.015321151372079206,0.025532415004375853,0.004786437543580658,0.002507868143161572
