,gb,gb_ipw,wrangler_23,wrangler_16
0,0.028005377812819046,0.049977365768317024,0.005764040079983798,0.004620263070771189
