,gb,gb_ipw,wrangler_23,wrangler_16
0,0.01708193942233249,0.027886253219467024,0.0033793578276763102,0.0023862048312350433
