,gb,gb_ipw,wrangler_23,wrangler_16
0,0.016778011305916656,0.026268117568072152,0.003430529980132052,0.00229574343603227
