,gb,gb_ipw,wrangler_23,wrangler_16
0,0.017700329729090226,0.027743299441421877,0.003996102706245754,0.002204602948228424
