,gb,gb_ipw,wrangler_23,wrangler_16
0,0.010628159405952067,0.018425096215192567,0.004196475869453042,0.002170390718414571
