,gb,gb_ipw,wrangler_23,wrangler_16
0,0.018165788172031898,0.023955908007934058,0.003321652027073147,0.0013404310731219404
