,gb,gb_ipw,wrangler_23,wrangler_16
0,0.011864552414855368,0.021874097606430203,0.004139006483716245,0.002246530189735516
