,gb,gb_ipw,wrangler_23,wrangler_16
0,0.026918450991312664,0.04947533210118612,0.005939602851867676,0.0048533082008361825
