,gb,gb_ipw,wrangler_23,wrangler_16
0,0.01830266693891105,0.035148555949582896,0.005411899695962162,0.0039793677249197225
