,gb_opt,gb_ipw_opt,wrangler
0,0.06927919387817383,0.07634568214416504,0.007352658680507115
