,gb_opt,gb_ipw_opt,wrangler
0,0.21819186210632324,0.22954177856445312,0.004122516896465037
