,gb_opt,gb_ipw_opt,wrangler
0,0.05713152885437012,0.06173992156982422,0.006855920303699582
