,gb_opt,gb_ipw_opt,wrangler
0,0.07924914360046387,0.09186983108520508,0.00813473825869353
