,gb_opt,gb_ipw_opt,wrangler
0,0.04274272918701172,0.0479428768157959,0.005680101889151114
