,gb_opt,gb_ipw_opt,wrangler
0,0.05453944206237793,0.061380863189697266,0.006319954991340637
