,gb_opt,gb_ipw_opt,wrangler
0,0.06648683547973633,0.07364630699157715,0.0038475460476345485
