,gb_opt,gb_ipw_opt,wrangler
0,0.29630064964294434,0.31541943550109863,0.008478562037150065
