,gb_opt,gb_ipw_opt,wrangler
0,0.05234575271606445,0.05839848518371582,0.004276817227587288
