,gb_opt,gb_ipw_opt,wrangler
0,0.05425596237182617,0.05910301208496094,0.004490837454795837
