,gb_opt,gb_ipw_opt,wrangler
0,0.06763958930969238,0.07268857955932617,0.003950607373518645
