,gb_opt,gb_ipw_opt,wrangler
0,0.04335641860961914,0.05056881904602051,0.009748670789930554
