,gb_opt,gb_ipw_opt,wrangler
0,0.05680966377258301,0.06024885177612305,0.006166505224910783
