,gb_opt,gb_ipw_opt,wrangler
0,0.068450927734375,0.07524442672729492,0.003520453848489901
