,gb_opt,gb_ipw_opt,wrangler
0,0.11650705337524414,0.12211370468139648,0.0024972817836663662
