,gb_opt,gb_ipw_opt,wrangler
0,0.03851652145385742,0.04331564903259277,0.0062329428536551336
