,gb_opt,gb_ipw_opt,wrangler
0,0.08815908432006836,0.09596848487854004,0.0035222619771957397
