,gb_opt,gb_ipw_opt,wrangler
0,0.03191041946411133,0.03728985786437988,0.006205827287099894
