,gb_opt,gb_ipw_opt,wrangler
0,0.08976292610168457,0.09377455711364746,0.001854281271657636
