,gb_opt,gb_ipw_opt,wrangler
0,0.05914735794067383,0.0683126449584961,0.009802480538686117
