,gb_opt,gb_ipw_opt,wrangler
0,0.04496312141418457,0.04960799217224121,0.006750226020812988
