,gb_opt,gb_ipw_opt,wrangler
0,0.21761274337768555,0.22855758666992188,0.0031956569603790825
