,gb_opt,gb_ipw_opt,wrangler
0,0.10321927070617676,0.11310076713562012,0.0033516150254469653
