,gb_opt,gb_ipw_opt,wrangler
0,0.11283683776855469,0.12284207344055176,0.0046192546615331
