,gb_opt,gb_ipw_opt,wrangler
0,0.17282795906066895,0.18343734741210938,0.003942008157378262
