,gb_opt,gb_ipw_opt,wrangler
0,0.18222689628601074,0.19148492813110352,0.0055849552154541016
