,gb_opt,gb_ipw_opt,wrangler
0,0.0436093807220459,0.04832315444946289,0.006434818108876546
