,gb_opt,gb_ipw_opt,wrangler
0,0.03564095497131348,0.040082454681396484,0.005968879250919118
