,gb_opt,gb_ipw_opt,wrangler
0,0.04813218116760254,0.055182456970214844,0.005318964128013995
