,gb_opt,gb_ipw_opt,wrangler
0,0.05536985397338867,0.06406140327453613,0.011488795280456543
