,gb_opt,gb_ipw_opt,wrangler
0,0.2837200164794922,0.2957444190979004,0.003311435134146608
