,gb_opt,gb_ipw_opt,wrangler
0,0.10041379928588867,0.10770344734191895,0.0025395768138166434
