,gb_opt,gb_ipw_opt,wrangler
0,0.0731046199798584,0.07753968238830566,0.0041425228118896484
