,gb_opt,gb_ipw_opt,wrangler
0,0.09049224853515625,0.09617066383361816,0.002548327812781701
