,gb_opt,gb_ipw_opt,wrangler
0,0.09062051773071289,0.09603357315063477,0.0020896234819965977
