,gb_opt,gb_ipw_opt,wrangler
0,0.09093689918518066,0.09987783432006836,0.0035175771424264617
