,gb_opt,gb_ipw_opt,wrangler
0,0.18117713928222656,0.1903700828552246,0.0033481915791829424
