,gb_opt,gb_ipw_opt,wrangler
0,0.03512144088745117,0.03852224349975586,0.005856156349182129
