,gb_opt,gb_ipw_opt,wrangler
0,0.08797097206115723,0.09390568733215332,0.005269210610613727
