,gb_opt,gb_ipw_opt,wrangler
0,0.036084651947021484,0.04052901268005371,0.006076964465054599
