,gb_opt,gb_ipw_opt,wrangler
0,0.048368215560913086,0.05484819412231445,0.005071957906087239
