,gb_opt,gb_ipw_opt,wrangler
0,0.04396414756774902,0.050612688064575195,0.005623325705528259
