,gb_opt,gb_ipw_opt,wrangler
0,0.054953575134277344,0.06081843376159668,0.009376828263445599
