,gb_opt,gb_ipw_opt,wrangler
0,0.059833526611328125,0.06598615646362305,0.007987022399902344
