,gb_opt,gb_ipw_opt,wrangler
0,0.11661100387573242,0.12295365333557129,0.003157137127533502
