,gb_opt,gb_ipw_opt,wrangler
0,0.1334528923034668,0.1420426368713379,0.0035256147384643555
