,gb_opt,gb_ipw_opt,wrangler
0,0.09912872314453125,0.10576653480529785,0.00215993069186069
