,gb_opt,gb_ipw_opt,wrangler
0,0.03430938720703125,0.0380253791809082,0.005930662155151367
