,gb_opt,gb_ipw_opt,wrangler
0,0.04348254203796387,0.04859161376953125,0.006678663654091917
