,gb_opt,gb_ipw_opt,wrangler
0,0.03526806831359863,0.038576364517211914,0.005250566461113062
