,gb_opt,gb_ipw_opt,wrangler
0,0.09273314476013184,0.09994244575500488,0.003930219669931942
