,gb_opt,gb_ipw_opt,wrangler
0,0.1443619728088379,0.15272736549377441,0.0039655715227127075
