,gb_opt,gb_ipw_opt,wrangler
0,0.04826617240905762,0.0551142692565918,0.005183948410881891
