,gb_opt,gb_ipw_opt,wrangler
0,0.044617652893066406,0.05157113075256348,0.008506079514821371
