,gb_opt,gb_ipw_opt,wrangler
0,0.041248321533203125,0.044985055923461914,0.0061959028244018555
