,gb_opt,gb_ipw_opt,wrangler
0,0.03525233268737793,0.039551496505737305,0.0059517418465963225
