,gb_opt,gb_ipw_opt,wrangler
0,0.035086631774902344,0.03909659385681152,0.00602940478956843
