,gb_opt,gb_ipw_opt,wrangler
0,0.03523683547973633,0.03954815864562988,0.006946921348571777
