,gb_opt,gb_ipw_opt,wrangler
0,0.09671449661254883,0.1042168140411377,0.0026440192125514596
