,gb_opt,gb_ipw_opt,wrangler
0,0.04202723503112793,0.046631574630737305,0.006472022788038532
