,gb_opt,gb_ipw_opt,wrangler
0,0.04250335693359375,0.04722142219543457,0.005862712860107422
