,gb_opt,gb_ipw_opt,wrangler
0,0.10071682929992676,0.10895562171936035,0.0038016587495803833
