,gb_opt,gb_ipw_opt,wrangler
0,0.0680537223815918,0.07352495193481445,0.003266103059342764
