,gb_opt,gb_ipw_opt,wrangler
0,0.06426668167114258,0.06954026222229004,0.006836514140284338
