,gb_opt,gb_ipw_opt,wrangler
0,0.051727294921875,0.0565798282623291,0.003635883331298828
