,gb_opt,gb_ipw_opt,wrangler
0,0.08645057678222656,0.09208273887634277,0.004850115094866071
