,gb_opt,gb_ipw_opt,wrangler
0,0.07333660125732422,0.08092594146728516,0.005558133125305176
