,gb_opt,gb_ipw_opt,wrangler
0,0.05107569694519043,0.05654644966125488,0.006071572164887363
