,gb_opt,gb_ipw_opt,wrangler
0,0.05369687080383301,0.06089901924133301,0.005420648826743072
