,gb_opt,gb_ipw_opt,wrangler
0,0.06102252006530762,0.06588625907897949,0.008807295844668434
