,gb_opt,gb_ipw_opt,wrangler
0,0.04183244705200195,0.04847240447998047,0.009094796529630337
