,gb_opt,gb_ipw_opt,wrangler
0,0.10024023056030273,0.10761475563049316,0.0025604424303514338
