,gb_opt,gb_ipw_opt,wrangler
0,0.06963610649108887,0.07550358772277832,0.004605182166238433
