,gb_opt,gb_ipw_opt,wrangler
0,0.04556536674499512,0.053368568420410156,0.00736145746140253
