,gb_opt,gb_ipw_opt,wrangler
0,0.06546783447265625,0.07194805145263672,0.008106231689453125
