,gb_opt,gb_ipw_opt,wrangler
0,0.06923389434814453,0.07477235794067383,0.0033750766661108994
