,gb_opt,gb_ipw_opt,wrangler
0,0.05197739601135254,0.056972503662109375,0.004257026471589741
