,gb_opt,gb_ipw_opt,wrangler
0,0.0391695499420166,0.042656898498535156,0.006213420774878526
