,gb_opt,gb_ipw_opt,wrangler
0,0.055437326431274414,0.06415843963623047,0.006433795480167165
