,gb_opt,gb_ipw_opt,wrangler
0,0.04609274864196777,0.05431008338928223,0.008444184238470874
