,gb_opt,gb_ipw_opt,wrangler
0,0.06870913505554199,0.07692384719848633,0.008396804332733154
