,gb_opt,gb_ipw_opt,wrangler
0,0.09636044502258301,0.10497355461120605,0.004320747767512506
