,gb_opt,gb_ipw_opt,wrangler
0,0.2125697135925293,0.22028851509094238,0.005372932979038784
