,gb_opt,gb_ipw_opt,wrangler
0,0.058518171310424805,0.0631260871887207,0.007677078247070313
