,gb_opt,gb_ipw_opt,wrangler
0,0.05844855308532715,0.0627598762512207,0.003556682638926049
