,gb_opt,gb_ipw_opt,wrangler
0,0.05436849594116211,0.0620729923248291,0.007494290669759114
