,gb_opt,gb_ipw_opt,wrangler
0,0.08138847351074219,0.08899784088134766,0.006396093486267844
