,gb_opt,gb_ipw_opt,wrangler
0,0.06300902366638184,0.0701448917388916,0.00404092398556796
