,gb_opt,gb_ipw_opt,wrangler
0,0.21222901344299316,0.21992754936218262,0.0069877931049891874
