,gb_opt,gb_ipw_opt,wrangler
0,0.037122488021850586,0.041243791580200195,0.006832727571813072
