,gb_opt,gb_ipw_opt,wrangler
0,0.058594465255737305,0.0644524097442627,0.00768601894378662
