,gb_opt,gb_ipw_opt,wrangler
0,0.08997726440429688,0.09442400932312012,0.0022229253281281602
