,gb_opt,gb_ipw_opt,wrangler
0,0.038633108139038086,0.04235076904296875,0.006517767906188965
