,gb_opt,gb_ipw_opt,wrangler
0,0.054177284240722656,0.05999588966369629,0.008324046193817516
