,gb_opt,gb_ipw_opt,wrangler
0,0.19391655921936035,0.2136075496673584,0.006402222592931733
