,gb_opt,gb_ipw_opt,wrangler
0,0.05784153938293457,0.06392073631286621,0.007420778274536133
