,gb_opt,gb_ipw_opt,wrangler
0,0.046149492263793945,0.050740957260131836,0.005506700085055443
