,gb_opt,gb_ipw_opt,wrangler
0,0.04127192497253418,0.0456385612487793,0.004936399913969494
