,gb_opt,gb_ipw_opt,wrangler
0,0.0576779842376709,0.06362056732177734,0.004877967219198904
