,gb_opt,gb_ipw_opt,wrangler
0,0.0476682186126709,0.05518603324890137,0.005834138215477787
