,gb_opt,gb_ipw_opt,wrangler
0,0.04797244071960449,0.05206894874572754,0.004760357512145483
