,gb_opt,gb_ipw_opt,wrangler
0,0.09283113479614258,0.09993171691894531,0.002645617746478342
