,gb_opt,gb_ipw_opt,wrangler
0,0.045977115631103516,0.05167341232299805,0.0042650434705946184
