,gb_opt,gb_ipw_opt,wrangler
0,0.10108542442321777,0.10609793663024902,0.0018448126120645491
