,gb_opt,gb_ipw_opt,wrangler
0,0.047034263610839844,0.05089592933654785,0.0033617019653320312
