,gb_opt,gb_ipw_opt,wrangler
0,0.13886141777038574,0.14995455741882324,0.0031560659408569336
