,gb_opt,gb_ipw_opt,wrangler
0,0.0577850341796875,0.06384038925170898,0.006978104754192073
