,gb_opt,gb_ipw_opt,wrangler
0,0.08214354515075684,0.09012079238891602,0.009502355868999775
