,gb_opt,gb_ipw_opt,wrangler
0,0.04165792465209961,0.04569244384765625,0.005062344004806963
