,gb_opt,gb_ipw_opt,wrangler
0,0.12816357612609863,0.13482403755187988,0.002287626266479492
