,gb_opt,gb_ipw_opt,wrangler
0,0.051346778869628906,0.05622053146362305,0.0059795379638671875
