,gb_opt,gb_ipw_opt,wrangler
0,0.033414363861083984,0.03702974319458008,0.004743154232318585
