,gb_opt,gb_ipw_opt,wrangler
0,0.04430270195007324,0.04862546920776367,0.006390206607771508
