,gb_opt,gb_ipw_opt,wrangler
0,0.05979037284851074,0.06693077087402344,0.0047668720941123725
