,gb_opt,gb_ipw_opt,wrangler
0,0.07861995697021484,0.08488225936889648,0.007303555806477864
