,gb_opt,gb_ipw_opt,wrangler
0,0.042536020278930664,0.046964168548583984,0.004293488674476498
