,gb_opt,gb_ipw_opt,wrangler
0,0.05756640434265137,0.06402897834777832,0.008663535118103027
