,gb_opt,gb_ipw_opt,wrangler
0,0.042919158935546875,0.0475003719329834,0.006134510040283203
