,gb_opt,gb_ipw_opt,wrangler
0,0.1774883270263672,0.18770599365234375,0.003772260301707246
