,gb_opt,gb_ipw_opt,wrangler
0,0.0915219783782959,0.09739184379577637,0.0028425050013273665
