,gb_opt,gb_ipw_opt,wrangler
0,0.06810212135314941,0.07303714752197266,0.003409617155500986
