,gb_opt,gb_ipw_opt,wrangler
0,0.03637242317199707,0.042090654373168945,0.009709596633911133
