,gb_opt,gb_ipw_opt,wrangler
0,0.06807494163513184,0.07491779327392578,0.00829141116836696
