,gb_opt,gb_ipw_opt,wrangler
0,0.06713366508483887,0.07289528846740723,0.0039759136381603425
