,gb_opt,gb_ipw_opt,wrangler
0,0.15259361267089844,0.1671428680419922,0.00432542434654331
