,gb_opt,gb_ipw_opt,wrangler
0,0.08378005027770996,0.08941268920898438,0.0036099682683530063
