,gb_opt,gb_ipw_opt,wrangler
0,0.11873483657836914,0.13293004035949707,0.00704555976681593
