,gb_opt,gb_ipw_opt,wrangler
0,0.047364234924316406,0.05249309539794922,0.006586313247680664
