,gb_opt,gb_ipw_opt,wrangler
0,0.04355573654174805,0.04827880859375,0.006833672523498535
