,gb_opt,gb_ipw_opt,wrangler
0,0.03382229804992676,0.037247419357299805,0.00620476993513696
