,gb_opt,gb_ipw_opt,wrangler
0,0.046102285385131836,0.05219388008117676,0.005913118944100454
