,gb_opt,gb_ipw_opt,wrangler
0,0.09677338600158691,0.1047813892364502,0.005654453002300459
