,gb_opt,gb_ipw_opt,wrangler
0,0.22307562828063965,0.2374870777130127,0.0063107859703802295
