,gb_opt,gb_ipw_opt,wrangler
0,0.13053011894226074,0.1402747631072998,0.003619891841237138
