,gb_opt,gb_ipw_opt,wrangler
0,0.14554905891418457,0.15274810791015625,0.002823892186899654
