,gb_opt,gb_ipw_opt,wrangler
0,0.03940987586975098,0.043227195739746094,0.006052851676940918
