,gb_opt,gb_ipw_opt,wrangler
0,0.0538482666015625,0.06334471702575684,0.011791417628158758
