,gb_opt,gb_ipw_opt,wrangler
0,0.06725335121154785,0.0748136043548584,0.006671090727870904
