,gb_opt,gb_ipw_opt,wrangler
0,0.03333640098571777,0.03729820251464844,0.006030587589039522
