,gb_opt,gb_ipw_opt,wrangler
0,0.03380441665649414,0.03818678855895996,0.005605428115181301
