,gb_opt,gb_ipw_opt,wrangler
0,0.06160616874694824,0.06616878509521484,0.006049178367437318
