,gb_opt,gb_ipw_opt,wrangler
0,0.03751969337463379,0.04085850715637207,0.005791826945979421
