,gb_opt,gb_ipw_opt,wrangler
0,0.13973736763000488,0.14570856094360352,0.002476342598399022
