,gb_opt,gb_ipw_opt,wrangler
0,0.035141706466674805,0.03918290138244629,0.006148219108581543
