,gb_opt,gb_ipw_opt,wrangler
0,0.04422593116760254,0.050028085708618164,0.0075876712799072266
