,gb_opt,gb_ipw_opt,wrangler
0,0.05507063865661621,0.06274533271789551,0.005532252161126387
