,gb_opt,gb_ipw_opt,wrangler
0,0.04462313652038574,0.05181097984313965,0.006704914326570472
