,gb_opt,gb_ipw_opt,wrangler
0,0.05500912666320801,0.06066155433654785,0.005367514374968293
