,gb_opt,gb_ipw_opt,wrangler
0,0.04479575157165527,0.05293536186218262,0.008957726614815848
