,gb_opt,gb_ipw_opt,wrangler
0,0.05704665184020996,0.06632852554321289,0.0068914322626023065
