,gb_opt,gb_ipw_opt,wrangler
0,0.07024216651916504,0.07751321792602539,0.004070476420874734
