,gb_opt,gb_ipw_opt,wrangler
0,0.2563905715942383,0.27140212059020996,0.003344881397203355
