,gb_opt,gb_ipw_opt,wrangler
0,0.09994792938232422,0.10788655281066895,0.0041944707335219555
