,gb_opt,gb_ipw_opt,wrangler
0,0.037638187408447266,0.040848493576049805,0.00490109945080944
