,gb_opt,gb_ipw_opt,wrangler
0,0.13016271591186523,0.13875174522399902,0.0031052054939689215
