,gb_opt,gb_ipw_opt,wrangler
0,0.09299421310424805,0.10044527053833008,0.003117245513123351
