,gb_opt,gb_ipw_opt,wrangler
0,0.10708451271057129,0.11664533615112305,0.0038430804298037577
