,gb_opt,gb_ipw_opt,wrangler
0,0.06774711608886719,0.07314229011535645,0.0028089412207742337
