,gb_opt,gb_ipw_opt,wrangler
0,1.4339585304260254,1.4726696014404297,0.03325968879535541
