,gb_opt,gb_ipw_opt,wrangler
0,0.1591348648071289,0.16912579536437988,0.004203574171344053
