,gb_opt,gb_ipw_opt,wrangler
0,0.11945891380310059,0.12658238410949707,0.0036570333665417085
