,gb_opt,gb_ipw_opt,wrangler
0,0.059480905532836914,0.06533527374267578,0.008404973041580385
