,gb_opt,gb_ipw_opt,wrangler
0,0.03544139862060547,0.03966403007507324,0.006172715163812405
