,gb_opt,gb_ipw_opt,wrangler
0,0.058508872985839844,0.06433773040771484,0.0051740143034193255
