,gb_opt,gb_ipw_opt,wrangler
0,0.0405116081237793,0.04467415809631348,0.004930403626080855
