,gb_opt,gb_ipw_opt,wrangler
0,0.6113855838775635,0.6358466148376465,0.017788105664594895
