,gb_opt,gb_ipw_opt,wrangler
0,0.286846399307251,0.29715681076049805,0.005200672268422128
