,gb_opt,gb_ipw_opt,wrangler
0,0.0934743881225586,0.10214352607727051,0.007707211706373426
