,gb_opt,gb_ipw_opt,wrangler
0,0.09070587158203125,0.09916234016418457,0.00339974748327377
