,gb_opt,gb_ipw_opt,wrangler
0,0.07120871543884277,0.07811331748962402,0.00949339433149858
