,gb_opt,gb_ipw_opt,wrangler
0,1.453918218612671,1.4951462745666504,0.011866927011906763
