,gb_opt,gb_ipw_opt,wrangler
0,0.03363776206970215,0.037595272064208984,0.006735324859619141
