,gb_opt,gb_ipw_opt,wrangler
0,0.03666543960571289,0.04102015495300293,0.0061174718345083845
