,gb_opt,gb_ipw_opt,wrangler
0,0.08117532730102539,0.08853697776794434,0.004199748867554284
