,gb_opt,gb_ipw_opt,wrangler
0,0.07914066314697266,0.08680486679077148,0.004234179010931051
