,gb_opt,gb_ipw_opt,wrangler
0,0.034563541412353516,0.038230180740356445,0.0060617923736572266
