,gb_opt,gb_ipw_opt,wrangler
0,0.03828096389770508,0.04171013832092285,0.004839651363412129
