,gb_opt,gb_ipw_opt,wrangler
0,0.039620399475097656,0.04468178749084473,0.007474422454833984
