,gb_opt,gb_ipw_opt,wrangler
0,0.05855751037597656,0.06446409225463867,0.004276633262634277
