,gb_opt,gb_ipw_opt,wrangler
0,0.041194915771484375,0.04514169692993164,0.005385875701904297
