,gb_opt,gb_ipw_opt,wrangler
0,0.03853917121887207,0.04297804832458496,0.006094574928283691
