,gb_opt,gb_ipw_opt,wrangler
0,0.05619001388549805,0.06447649002075195,0.005015960106482873
