,gb_opt,gb_ipw_opt,wrangler
0,0.0600438117980957,0.06909513473510742,0.0111058700916379
