,gb_opt,gb_ipw_opt,wrangler
0,0.038195133209228516,0.04147839546203613,0.0048912677568258706
