,gb_opt,gb_ipw_opt,wrangler
0,0.044338226318359375,0.05098557472229004,0.006594933754156444
