,gb_opt,gb_ipw_opt,wrangler
0,0.23576641082763672,0.2445850372314453,0.0022929672404892825
