,gb_opt,gb_ipw_opt,wrangler
0,0.039098501205444336,0.04314899444580078,0.0064313411712646484
