,gb_opt,gb_ipw_opt,wrangler
0,0.04706549644470215,0.052092552185058594,0.004859371039703603
