,gb_opt,gb_ipw_opt,wrangler
0,0.12319684028625488,0.13094592094421387,0.004948973655700684
