,gb_opt,gb_ipw_opt,wrangler
0,0.05995583534240723,0.06943702697753906,0.00951381830068735
