,gb_opt,gb_ipw_opt,wrangler
0,0.06343245506286621,0.0698556900024414,0.0037383107305730434
