,gb_opt,gb_ipw_opt,wrangler
0,0.04866313934326172,0.05279827117919922,0.003914038340250651
