,gb_opt,gb_ipw_opt,wrangler
0,0.1427450180053711,0.1555945873260498,0.0030863285064697266
