,gb_opt,gb_ipw_opt,wrangler
0,0.5812454223632812,0.5942778587341309,0.003939044244731686
