,gb_opt,gb_ipw_opt,wrangler
0,0.05252575874328613,0.05761528015136719,0.0038956696132443984
