,gb_opt,gb_ipw_opt,wrangler
0,0.06058478355407715,0.07042551040649414,0.011628866195678711
