,gb_opt,gb_ipw_opt,wrangler
0,0.056416988372802734,0.06085634231567383,0.004935097861123252
