,gb_opt,gb_ipw_opt,wrangler
0,0.08460879325866699,0.09333157539367676,0.011444091796875
