,gb_opt,gb_ipw_opt,wrangler
0,0.07942891120910645,0.08795046806335449,0.009121894836425781
