,gb_opt,gb_ipw_opt,wrangler
0,0.07415390014648438,0.07987856864929199,0.003604191105540206
