,gb_opt,gb_ipw_opt,wrangler
0,0.07500696182250977,0.08253669738769531,0.003987302382787068
