,gb_opt,gb_ipw_opt,wrangler
0,0.04451107978820801,0.04941844940185547,0.006335537608076887
