,gb_opt,gb_ipw_opt,wrangler
0,0.03869223594665527,0.04294586181640625,0.006405318655618808
