,gb_opt,gb_ipw_opt,wrangler
0,0.07334160804748535,0.07998514175415039,0.004368669846478631
