,gb_opt,gb_ipw_opt,wrangler
0,0.04012656211853027,0.043814897537231445,0.004850115094866071
