,gb_opt,gb_ipw_opt,wrangler
0,0.6978468894958496,0.7533624172210693,0.008332617929048627
