,gb_opt,gb_ipw_opt,wrangler
0,0.07478046417236328,0.08185577392578125,0.0044916577907423896
