,gb_opt,gb_ipw_opt,wrangler
0,0.03757739067077637,0.0412905216217041,0.006520748138427734
