,gb_opt,gb_ipw_opt,wrangler
0,0.09772539138793945,0.10288143157958984,0.0018883056153123753
