,gb_opt,gb_ipw_opt,wrangler
0,0.1000223159790039,0.10995793342590332,0.0031109779111800654
