,gb_opt,gb_ipw_opt,wrangler
0,0.045096635818481445,0.049326181411743164,0.004850115094866071
