,gb_opt,gb_ipw_opt,wrangler
0,0.061131954193115234,0.06688714027404785,0.0056438148021698
