,gb_opt,gb_ipw_opt,wrangler
0,0.05906271934509277,0.06601309776306152,0.004765372606193494
