,gb_opt,gb_ipw_opt,wrangler
0,0.18072724342346191,0.1888566017150879,0.0015542787664076863
