,gb_opt,gb_ipw_opt,wrangler
0,0.08467316627502441,0.09239840507507324,0.003420708262322032
