,gb_opt,gb_ipw_opt,wrangler
0,0.23475050926208496,0.2459094524383545,0.008750902978997482
