,gb_opt,gb_ipw_opt,wrangler
0,0.03993988037109375,0.04404926300048828,0.005906820297241211
