,gb_opt,gb_ipw_opt,wrangler
0,0.2352156639099121,0.24356913566589355,0.002636479085528086
