,gb_opt,gb_ipw_opt,wrangler
0,0.059239864349365234,0.06376123428344727,0.003341924060474743
