,gb_opt,gb_ipw_opt,wrangler
0,0.10549640655517578,0.11309814453125,0.002807359603440263
