,gb_opt,gb_ipw_opt,wrangler
0,0.08612656593322754,0.09457993507385254,0.005005548397699992
