,gb_opt,gb_ipw_opt,wrangler
0,0.2174358367919922,0.2259354591369629,0.004416144781513893
