,gb_opt,gb_ipw_opt,wrangler
0,0.13202524185180664,0.14198660850524902,0.0032061024716025905
