,gb_opt,gb_ipw_opt,wrangler
0,0.0800318717956543,0.08798432350158691,0.003870402541116019
