,gb_opt,gb_ipw_opt,wrangler
0,0.0465240478515625,0.053374528884887695,0.006946650418368253
