,gb_opt,gb_ipw_opt,wrangler
0,0.0703287124633789,0.07859373092651367,0.010225237632284358
