,gb_opt,gb_ipw_opt,wrangler
0,0.047898292541503906,0.05434751510620117,0.008827447891235352
