,gb_opt,gb_ipw_opt,wrangler
0,0.08101963996887207,0.09105896949768066,0.010155141353607178
