,gb_opt,gb_ipw_opt,wrangler
0,0.06916308403015137,0.07504153251647949,0.004330885063097315
