,gb_opt,gb_ipw_opt,wrangler
0,0.04986286163330078,0.05515146255493164,0.0067146924825815055
