,gb_opt,gb_ipw_opt,wrangler
0,0.05566668510437012,0.060752153396606445,0.0048855940500895185
