,gb_opt,gb_ipw_opt,wrangler
0,0.03861498832702637,0.04227304458618164,0.005226025636168732
