,gb_opt,gb_ipw_opt,wrangler
0,0.06055593490600586,0.06728792190551758,0.004405495505662834
