,gb_opt,gb_ipw_opt,wrangler
0,0.08964753150939941,0.09772038459777832,0.006460374401461693
