,gb_opt,gb_ipw_opt,wrangler
0,0.035425662994384766,0.039505720138549805,0.0057649076654669945
