,gb_opt,gb_ipw_opt,wrangler
0,0.04149460792541504,0.04551529884338379,0.0045258774716629945
