,gb_opt,gb_ipw_opt,wrangler
0,0.037639617919921875,0.04192352294921875,0.0063301472181684516
