,gb_opt,gb_ipw_opt,wrangler
0,0.16996097564697266,0.17966413497924805,0.00605235497156779
