,gb_opt,gb_ipw_opt,wrangler
0,0.05574297904968262,0.06233692169189453,0.007832050323486328
