,gb_opt,gb_ipw_opt,wrangler
0,0.13040614128112793,0.1377887725830078,0.0029163975869455645
