,gb_opt,gb_ipw_opt,wrangler
0,0.06415557861328125,0.07200145721435547,0.005623079695791569
