,gb_opt,gb_ipw_opt,wrangler
0,0.1304476261138916,0.13778424263000488,0.0028121471405029297
