,gb_opt,gb_ipw_opt,wrangler
0,0.0664525032043457,0.07214140892028809,0.002905942391658175
