,gb_opt,gb_ipw_opt,wrangler
0,0.04730963706970215,0.05668830871582031,0.010062413043286427
