,gb_opt,gb_ipw_opt,wrangler
0,0.11373615264892578,0.12132668495178223,0.002821158749497589
