,gb_opt,gb_ipw_opt,wrangler
0,0.06088089942932129,0.0662682056427002,0.007972121238708496
