,gb_opt,gb_ipw_opt,wrangler
0,0.052272796630859375,0.05629706382751465,0.0030279159545898438
