,gb_opt,gb_ipw_opt,wrangler
0,0.052262306213378906,0.057898521423339844,0.005014240741729736
