,gb_opt,gb_ipw_opt,wrangler
0,0.07823801040649414,0.08369755744934082,0.003283463635490936
