,gb_opt,gb_ipw_opt,wrangler
0,0.06171393394470215,0.06542444229125977,0.003246046741556677
