,gb_opt,gb_ipw_opt,wrangler
0,0.04194283485412598,0.04900646209716797,0.004765353625333762
