,gb_opt,gb_ipw_opt,wrangler
0,0.049017906188964844,0.05662989616394043,0.0066036800686404004
