,gb_opt,gb_ipw_opt,wrangler
0,0.10025143623352051,0.10777759552001953,0.0027012903698206735
