,gb_opt,gb_ipw_opt,wrangler
0,0.034377098083496094,0.03782963752746582,0.006541609764099121
