,gb_opt,gb_ipw_opt,wrangler
0,0.050276756286621094,0.05788898468017578,0.0057483420652501725
