,gb_opt,gb_ipw_opt,wrangler
0,0.1367626190185547,0.14821600914001465,0.007215000334240142
