,gb_opt,gb_ipw_opt,wrangler
0,0.04059290885925293,0.04489612579345703,0.006398376153439892
