,gb_opt,gb_ipw_opt,wrangler
0,0.07642078399658203,0.08213448524475098,0.00455586806587551
