,gb_opt,gb_ipw_opt,wrangler
0,0.035842180252075195,0.03984475135803223,0.006255507469177246
