,gb_opt,gb_ipw_opt,wrangler
0,0.09244275093078613,0.11030125617980957,0.012047150555778952
