,gb_opt,gb_ipw_opt,wrangler
0,0.03388500213623047,0.037621498107910156,0.005716436049517463
