,gb_opt,gb_ipw_opt,wrangler
0,0.05550050735473633,0.0627143383026123,0.0042012019187026885
