,gb_opt,gb_ipw_opt,wrangler
0,0.03390192985534668,0.03778576850891113,0.006344914436340332
