,gb_opt,gb_ipw_opt,wrangler
0,0.05481910705566406,0.058685302734375,0.007489323616027832
