,gb_opt,gb_ipw_opt,wrangler
0,0.06116533279418945,0.07205438613891602,0.011071562767028809
