,gb_opt,gb_ipw_opt,wrangler
0,0.046726226806640625,0.05083417892456055,0.005755424499511719
