,gb_opt,gb_ipw_opt,wrangler
0,0.07040023803710938,0.07691693305969238,0.0034501251665133873
