,gb_opt,gb_ipw_opt,wrangler
0,0.054732322692871094,0.061769962310791016,0.005318568303034855
