,gb_opt,gb_ipw_opt,wrangler
0,0.06987738609313965,0.07835650444030762,0.007737141389113207
