,gb_opt,gb_ipw_opt,wrangler
0,0.035382986068725586,0.039788246154785156,0.006516774495442708
