,gb_opt,gb_ipw_opt,wrangler
0,0.057448625564575195,0.06349611282348633,0.007300149826776414
