,gb_opt,gb_ipw_opt,wrangler
0,0.10692524909973145,0.11474442481994629,0.0048375500298534655
