,gb_opt,gb_ipw_opt,wrangler
0,0.035216569900512695,0.03895854949951172,0.006047690786966464
