,gb_opt,gb_ipw_opt,wrangler
0,0.3419945240020752,0.36032748222351074,0.006365158797082006
