,gb_opt,gb_ipw_opt,wrangler
0,1.0193595886230469,1.059197187423706,0.0014167895419992132
