,gb_opt,gb_ipw_opt,wrangler
0,0.08993721008300781,0.09456539154052734,0.001963492362729965
