,gb_opt,gb_ipw_opt,wrangler
0,0.06522369384765625,0.0715641975402832,0.004342157546788046
