,gb_opt,gb_ipw_opt,wrangler
0,0.04473590850830078,0.05121755599975586,0.007445613543192546
