,gb_opt,gb_ipw_opt,wrangler
0,0.1284945011138916,0.13729286193847656,0.0054336175685975605
