,gb_opt,gb_ipw_opt,wrangler
0,0.09247660636901855,0.09727740287780762,0.0026542391977649672
