,gb_opt,gb_ipw_opt,wrangler
0,0.0712885856628418,0.07697319984436035,0.003886672685731132
