,gb_opt,gb_ipw_opt,wrangler
0,0.03797149658203125,0.041709184646606445,0.004999912702120268
