,gb_opt,gb_ipw_opt,wrangler
0,0.04339456558227539,0.0477907657623291,0.006363505408877418
