,gb_opt,gb_ipw_opt,wrangler
0,0.16898155212402344,0.17950439453125,0.003224611282348633
