,gb_opt,gb_ipw_opt,wrangler
0,0.22550463676452637,0.2375025749206543,0.005564116456014726
