,gb_opt,gb_ipw_opt,wrangler
0,0.03684043884277344,0.04000091552734375,0.005245208740234375
