,gb_opt,gb_ipw_opt,wrangler
0,0.04080080986022949,0.044655799865722656,0.004690384196343823
