,gb_opt,gb_ipw_opt,wrangler
0,0.07093214988708496,0.07841062545776367,0.010449209330994405
