,gb_opt,gb_ipw_opt,wrangler
0,0.07558393478393555,0.08063530921936035,0.004097587704040844
