,gb_opt,gb_ipw_opt,wrangler
0,0.0621640682220459,0.06720113754272461,0.004054771529303656
