,gb_opt,gb_ipw_opt,wrangler
0,0.040532827377319336,0.04445195198059082,0.004479178675898799
