,gb_opt,gb_ipw_opt,wrangler
0,0.0666656494140625,0.07222533226013184,0.003357631404225419
