,gb_opt,gb_ipw_opt,wrangler
0,0.07571864128112793,0.08423089981079102,0.004711546428463002
