,gb_opt,gb_ipw_opt,wrangler
0,0.049504995346069336,0.0536198616027832,0.00380024765477036
