,gb_opt,gb_ipw_opt,wrangler
0,0.07240128517150879,0.0764162540435791,0.002922398028987469
