,gb_opt,gb_ipw_opt,wrangler
0,0.03498101234436035,0.038835763931274414,0.006312131881713867
