,gb_opt,gb_ipw_opt,wrangler
0,0.041124582290649414,0.04507923126220703,0.005755424499511719
