,gb_opt,gb_ipw_opt,wrangler
0,0.11050891876220703,0.11923837661743164,0.004259232551820816
