,gb_opt,gb_ipw_opt,wrangler
0,0.07158279418945312,0.07800984382629395,0.003717003799066311
