,gb_opt,gb_ipw_opt,wrangler
0,0.09455013275146484,0.10384178161621094,0.007237706865583148
