,gb_opt,gb_ipw_opt,wrangler
0,0.04671812057495117,0.05265545845031738,0.006752106749895707
