,gb_opt,gb_ipw_opt,wrangler
0,0.22728514671325684,0.24049949645996094,0.007157908413475588
