,gb_opt,gb_ipw_opt,wrangler
0,0.05929398536682129,0.06478238105773926,0.003226795551939781
