,gb_opt,gb_ipw_opt,wrangler
0,0.04459238052368164,0.04929232597351074,0.0066280364990234375
