,gb_opt,gb_ipw_opt,wrangler
0,0.09080076217651367,0.09605956077575684,0.002409565833307082
