,gb_opt,gb_ipw_opt,wrangler
0,0.03448677062988281,0.03840470314025879,0.005467371507124468
