,gb_opt,gb_ipw_opt,wrangler
0,0.04043722152709961,0.049137115478515625,0.009196499983469645
