,gb_opt,gb_ipw_opt,wrangler
0,0.03549385070800781,0.03937387466430664,0.006407499313354492
