,gb_opt,gb_ipw_opt,wrangler
0,0.1517348289489746,0.16440486907958984,0.003411711716070408
