,gb_opt,gb_ipw_opt,wrangler
0,0.03979802131652832,0.0447235107421875,0.006809830665588379
