,gb_opt,gb_ipw_opt,wrangler
0,0.04479670524597168,0.0491943359375,0.004658775944863596
