,gb_opt,gb_ipw_opt,wrangler
0,0.09187197685241699,0.09999728202819824,0.002884486364939856
