,gb_opt,gb_ipw_opt,wrangler
0,0.040064334869384766,0.04373788833618164,0.004604884556361607
