,gb_opt,gb_ipw_opt,wrangler
0,0.06754612922668457,0.07191610336303711,0.008325107762070953
