,gb_opt,gb_ipw_opt,wrangler
0,0.055625200271606445,0.06322526931762695,0.004786252975463867
