,gb_opt,gb_ipw_opt,wrangler
0,0.0608210563659668,0.07094240188598633,0.01137852668762207
