,gb_opt,gb_ipw_opt,wrangler
0,0.12490725517272949,0.13164639472961426,0.004073977470397949
