,gb_opt,gb_ipw_opt,wrangler
0,0.08181262016296387,0.0912783145904541,0.004695101482112233
