,gb_opt,gb_ipw_opt,wrangler
0,0.04529285430908203,0.05240917205810547,0.0069686344691685265
