,gb_opt,gb_ipw_opt,wrangler
0,0.04121136665344238,0.045046329498291016,0.004870869288934725
