,gb_opt,gb_ipw_opt,wrangler
0,0.03741860389709473,0.041168928146362305,0.006410479545593262
