,gb_opt,gb_ipw_opt,wrangler
0,0.10631871223449707,0.1137075424194336,0.003907287005081917
