,gb_opt,gb_ipw_opt,wrangler
0,0.04655122756958008,0.0546107292175293,0.007624427477518718
