,gb_opt,gb_ipw_opt,wrangler
0,0.22406435012817383,0.23940229415893555,0.005139074017924647
