,gb_opt,gb_ipw_opt,wrangler
0,0.21091032028198242,0.21914434432983398,0.00594970139530876
