,gb_opt,gb_ipw_opt,wrangler
0,0.07776665687561035,0.0839684009552002,0.005517403284708658
