,gb_opt,gb_ipw_opt,wrangler
0,0.04006171226501465,0.04390835762023926,0.006872415542602539
