,gb_opt,gb_ipw_opt,wrangler
0,0.12865805625915527,0.13693833351135254,0.0022951063219007555
