,gb_opt,gb_ipw_opt,wrangler
0,0.15633487701416016,0.17003583908081055,0.0028638556452080756
