,gb_opt,gb_ipw_opt,wrangler
0,0.13352108001708984,0.14024972915649414,0.004481680599259741
