,gb_opt,gb_ipw_opt,wrangler
0,0.03832530975341797,0.042414188385009766,0.0065267086029052734
