,gb_opt,gb_ipw_opt,wrangler
0,0.18222379684448242,0.1982259750366211,0.009446863144163101
