,gb_opt,gb_ipw_opt,wrangler
0,0.036414384841918945,0.04052591323852539,0.0058345580368899235
