,gb_opt,gb_ipw_opt,wrangler
0,0.05118918418884277,0.05586409568786621,0.003106666333747633
