,gb_opt,gb_ipw_opt,wrangler
0,0.04721951484680176,0.053417205810546875,0.004897514979044597
