,gb_opt,gb_ipw_opt,wrangler
0,0.08762693405151367,0.09679245948791504,0.005277376326303634
