,gb_opt,gb_ipw_opt,wrangler
0,0.03484749794006348,0.03833198547363281,0.006401538848876953
