,gb_opt,gb_ipw_opt,wrangler
0,0.04676961898803711,0.051709890365600586,0.005354200090680803
