,gb_opt,gb_ipw_opt,wrangler
0,0.10062003135681152,0.10948967933654785,0.0032288222589590444
