,gb_opt,gb_ipw_opt,wrangler
0,0.0710303783416748,0.08081674575805664,0.009381893983821278
