,gb_opt,gb_ipw_opt,wrangler
0,0.03841972351074219,0.04309391975402832,0.006037453810373942
