,gb_opt,gb_ipw_opt,wrangler
0,0.054703474044799805,0.06127333641052246,0.005489860484802645
