,gb_opt,gb_ipw_opt,wrangler
0,0.06342506408691406,0.07330036163330078,0.012863383573644301
