,TPR,FPR
gb,0.0,0.0
gb_ipw,100.0,94.04761904761905
wrangler_23,100.0,71.42857142857143
wrangler_16,100.0,72.61904761904762
gb_23,0.0,0.0
gb_16,0.0,0.0
