,TPR,FPR
gb,0.0,0.0
gb_ipw,91.30434782608695,45.833333333333336
wrangler_23,0.0,0.0
wrangler_16,0.0,0.0
gb_23,0.0,0.0
gb_16,91.30434782608695,70.83333333333333
