,TPR,FPR
gb,0.0,0.0
gb_ipw,4.081632653061225,25.308641975308642
wrangler_23,0.0,0.0
wrangler_16,100.0,71.60493827160494
gb_23,0.0,0.0
gb_16,100.0,100.0
