,TPR,FPR
gb,94.11764705882354,56.996587030716725
gb_ipw,94.11764705882354,84.98293515358361
wrangler_23,0.0,0.0
wrangler_16,0.0,0.0
gb_23,100.0,47.098976109215016
gb_16,0.0,0.0
