,TPR,FPR
gb,0.0,0.0
gb_ipw,96.92307692307692,93.29159212880143
wrangler_23,0.0,0.0
wrangler_16,0.0,0.0
gb_23,100.0,35.42039355992844
gb_16,0.0,0.0
