,TPR,FPR
gb,0.0,0.0
gb_ipw,97.05882352941177,96.19377162629758
wrangler_23,0.0,0.0
wrangler_16,0.0,0.0
gb_23,100.0,44.63667820069204
gb_16,97.05882352941177,55.36332179930796
