,TPR,FPR
gb,100.0,59.72696245733788
gb_ipw,100.0,100.0
wrangler_23,0.0,0.0
wrangler_16,0.0,0.0
gb_23,5.882352941176471,0.0
gb_16,0.0,0.0
