,TPR,FPR
gb,0.0,0.0
gb_ipw,100.0,50.96153846153846
wrangler_23,0.0,0.0
wrangler_16,0.0,0.0
gb_23,100.0,0.0
gb_16,100.0,50.96153846153846
