,TPR,FPR
gb,94.11764705882354,56.996587030716725
gb_ipw,100.0,98.63481228668942
wrangler_23,0.0,0.0
wrangler_16,0.0,0.0
gb_23,0.0,0.0
gb_16,0.0,0.0
