,TPR,FPR
gb,0.0,0.0
gb_ipw,52.0,8.173076923076923
wrangler_23,0.0,0.0
wrangler_16,0.0,0.0
gb_23,100.0,50.96153846153846
gb_16,0.0,0.0
