,TPR,FPR
gb,0.0,0.0
gb_ipw,80.76923076923077,48.40909090909091
wrangler_23,0.0,0.0
wrangler_16,100.0,46.59090909090909
gb_23,0.0,0.0
gb_16,100.0,100.0
