,TPR,FPR
gb,36.0,5.116279069767442
gb_ipw,36.0,5.116279069767442
wrangler_23,4.0,0.0
wrangler_16,4.0,0.0
gb_23,8.0,0.0
gb_16,4.0,0.0
