,TPR,FPR
gb,0.0,0.0
gb_ipw,100.0,81.92771084337349
wrangler_23,30.0,13.25301204819277
wrangler_16,0.0,0.0
gb_23,0.0,0.0
gb_16,0.0,0.0
