,TPR,FPR
gb,0.0,0.0
gb_ipw,100.0,87.98449612403101
wrangler_23,100.0,58.91472868217054
wrangler_16,100.0,58.91472868217054
gb_23,0.0,0.0
gb_16,100.0,100.0
