,TPR,FPR
gb,0.0,0.0
gb_ipw,100.0,98.07692307692308
wrangler_23,100.0,100.0
wrangler_16,0.0,0.0
gb_23,91.66666666666667,59.61538461538461
gb_16,0.0,0.0
