,TPR,FPR
gb,96.0,79.06976744186046
gb_ipw,100.0,86.97674418604652
wrangler_23,0.0,0.0
wrangler_16,0.0,0.0
gb_23,100.0,100.0
gb_16,100.0,96.74418604651163
