,TPR,FPR
gb,30.0,0.0
gb_ipw,70.0,2.3255813953488373
wrangler_23,0.0,0.0
wrangler_16,70.0,60.46511627906977
gb_23,0.0,0.0
gb_16,0.0,0.0
