,TPR,FPR
gb,0.0,0.0
gb_ipw,100.0,70.54263565891473
wrangler_23,0.0,0.0
wrangler_16,100.0,58.91472868217054
gb_23,100.0,100.0
gb_16,0.0,0.0
