,TPR,FPR
gb,100.0,98.7688098495212
gb_ipw,100.0,99.86320109439124
wrangler_23,100.0,99.04240766073872
wrangler_16,100.0,100.0
gb_23,0.0,0.0
gb_16,0.0,0.0
