,TPR,FPR
gb,100.0,39.42307692307692
gb_ipw,100.0,93.26923076923077
wrangler_23,100.0,52.88461538461539
wrangler_16,100.0,52.88461538461539
gb_23,100.0,100.0
gb_16,100.0,100.0
