,TPR,FPR
gb,0.0,0.0
gb_ipw,100.0,70.08547008547009
wrangler_23,100.0,100.0
wrangler_16,100.0,44.44444444444444
gb_23,0.0,0.0
gb_16,100.0,100.0
