,TPR,FPR
gb,66.66666666666667,67.52368064952638
gb_ipw,66.66666666666667,67.52368064952638
wrangler_23,1.1904761904761905,0.0
wrangler_16,0.0,0.0
gb_23,63.095238095238095,95.80514208389715
gb_16,73.80952380952381,96.48173207036535
