,TPR,FPR
gb,0.0,0.0
gb_ipw,100.0,100.0
wrangler_23,0.0,0.0
wrangler_16,5.555555555555555,2.684563758389262
gb_23,0.0,0.0
gb_16,0.0,0.0
