,TPR,FPR
gb,0.0,0.0
gb_ipw,27.272727272727273,18.29268292682927
wrangler_23,0.0,0.0
wrangler_16,0.0,0.0
gb_23,100.0,79.26829268292683
gb_16,100.0,100.0
