,TPR,FPR
gb,87.05501618122977,15.425131677953349
gb_ipw,100.0,100.0
wrangler_23,0.0,0.0
wrangler_16,0.0,0.0
gb_23,59.8705501618123,25.244544770504138
gb_16,48.86731391585761,21.97140707298721
