,TPR,FPR
gb,0.0,0.0
gb_ipw,100.0,86.16352201257861
wrangler_23,0.0,0.0
wrangler_16,0.0,0.0
gb_23,36.8421052631579,33.333333333333336
gb_16,0.0,0.0
