,TPR,FPR
gb,100.0,91.38321995464852
gb_ipw,100.0,91.38321995464852
wrangler_23,100.0,100.0
wrangler_16,100.0,100.0
gb_23,9.615384615384615,0.0
gb_16,100.0,100.0
