,TPR,FPR
gb,0.0,0.0
gb_ipw,100.0,7.738095238095238
wrangler_23,100.0,100.0
wrangler_16,5.0,11.904761904761905
gb_23,100.0,100.0
gb_16,0.0,0.0
