,TPR,FPR
gb,100.0,92.3076923076923
gb_ipw,100.0,92.3076923076923
wrangler_23,66.66666666666667,0.9615384615384616
wrangler_16,66.66666666666667,0.9615384615384616
gb_23,66.66666666666667,3.8461538461538463
gb_16,100.0,97.11538461538461
