,TPR,FPR
gb,0.0,0.0
gb_ipw,94.87179487179488,26.646706586826348
wrangler_23,100.0,100.0
wrangler_16,100.0,100.0
gb_23,0.0,0.0
gb_16,100.0,100.0
