,TPR,FPR
gb,0.0,0.0
gb_ipw,100.0,10.223266745005876
wrangler_23,1.0101010101010102,4.230317273795535
wrangler_16,0.0,0.0
gb_23,0.0,0.0
gb_16,0.0,0.0
