,TPR,FPR
gb,100.0,11.180124223602485
gb_ipw,100.0,88.19875776397515
wrangler_23,100.0,100.0
wrangler_16,100.0,88.19875776397515
gb_23,100.0,100.0
gb_16,0.0,0.0
