,TPR,FPR
gb,0.0,0.0
gb_ipw,100.0,97.54601226993866
wrangler_23,94.73684210526316,43.25153374233129
wrangler_16,44.73684210526316,2.147239263803681
gb_23,78.94736842105263,34.66257668711656
gb_16,0.0,0.0
