,TPR,FPR
gb,0.0,0.0
gb_ipw,100.0,12.269938650306749
wrangler_23,100.0,100.0
wrangler_16,100.0,75.15337423312883
gb_23,87.17948717948718,0.3067484662576687
gb_16,100.0,75.15337423312883
