,TPR,FPR
gb,94.23076923076923,38.18181818181818
gb_ipw,100.0,95.9090909090909
wrangler_23,100.0,100.0
wrangler_16,100.0,100.0
gb_23,100.0,100.0
gb_16,100.0,100.0
