,TPR,FPR
gb,0.0,0.0
gb_ipw,100.0,98.64220183486239
wrangler_23,100.0,100.0
wrangler_16,100.0,71.4862385321101
gb_23,0.0,35.596330275229356
gb_16,100.0,99.6697247706422
