,TPR,FPR
gb,0.0,0.0
gb_ipw,0.0,0.0
wrangler_23,94.11764705882354,97.14285714285714
wrangler_16,100.0,100.0
gb_23,100.0,99.28571428571429
gb_16,100.0,100.0
