,TPR,FPR
gb,100.0,17.441860465116278
gb_ipw,100.0,17.441860465116278
wrangler_23,100.0,100.0
wrangler_16,0.0,0.0
gb_23,100.0,83.72093023255815
gb_16,0.0,0.0
