,TPR,FPR
gb,0.0,0.0
gb_ipw,100.0,97.59615384615384
wrangler_23,0.0,0.0
wrangler_16,0.0,0.0
gb_23,100.0,90.86538461538461
gb_16,100.0,2.4038461538461537
