,TPR,FPR
gb,0.0,0.0
gb_ipw,42.857142857142854,77.30061349693251
wrangler_23,95.23809523809524,65.03067484662577
wrangler_16,0.0,0.0
gb_23,61.904761904761905,48.466257668711656
gb_16,0.0,0.0
