,TPR,FPR
gb,17.821782178217823,2.540415704387991
gb_ipw,97.02970297029702,100.0
wrangler_23,7.920792079207921,11.085450346420323
wrangler_16,0.0,0.0
gb_23,81.18811881188118,52.19399538106236
gb_16,65.34653465346534,69.63048498845265
