,TPR,FPR
gb,100.0,91.61676646706587
gb_ipw,100.0,91.61676646706587
wrangler_23,100.0,100.0
wrangler_16,100.0,99.7005988023952
gb_23,100.0,92.21556886227545
gb_16,100.0,100.0
