,TPR,FPR
gb,80.48780487804878,87.53623188405797
gb_ipw,80.48780487804878,87.53623188405797
wrangler_23,2.4390243902439024,0.0
wrangler_16,0.0,0.0
gb_23,85.36585365853658,99.71014492753623
gb_16,78.04878048780488,99.71014492753623
