,TPR,FPR
gb,0.0,0.0
gb_ipw,100.0,59.40298507462686
wrangler_23,0.0,0.0
wrangler_16,0.0,0.0
gb_23,0.0,0.0
gb_16,12.195121951219512,2.388059701492537
