,TPR,FPR
gb,0.0,0.0
gb_ipw,100.0,31.609870740305524
wrangler_23,0.0,0.0
wrangler_16,0.0,3.525264394829612
gb_23,0.0,0.0
gb_16,0.0,0.0
