,TPR,FPR
gb,65.0,6.172839506172839
gb_ipw,95.0,55.55555555555556
wrangler_23,0.0,0.0
wrangler_16,0.0,0.0
gb_23,100.0,100.0
gb_16,0.0,0.0
