,TPR,FPR
gb,0.0,0.0
gb_ipw,100.0,98.63636363636364
wrangler_23,0.0,0.0
wrangler_16,100.0,56.36363636363637
gb_23,0.0,0.0
gb_16,0.0,0.0
