,TPR,FPR
gb,100.0,91.61676646706587
gb_ipw,100.0,91.61676646706587
wrangler_23,92.3076923076923,91.01796407185628
wrangler_16,100.0,100.0
gb_23,100.0,92.21556886227545
gb_16,100.0,100.0
