,TPR,FPR
gb,0.7407407407407407,0.11764705882352941
gb_ipw,100.0,99.94117647058823
wrangler_23,88.51851851851852,67.82352941176471
wrangler_16,27.037037037037038,18.11764705882353
gb_23,98.88888888888889,84.17647058823529
gb_16,99.62962962962963,84.41176470588235
