,TPR,FPR
gb,0.0,0.0
gb_ipw,100.0,85.71428571428571
wrangler_23,100.0,51.64835164835165
wrangler_16,100.0,51.64835164835165
gb_23,0.0,0.0
gb_16,100.0,51.64835164835165
