,TPR,FPR
gb,0.0,0.0
gb_ipw,100.0,85.71428571428571
wrangler_23,100.0,100.0
wrangler_16,100.0,100.0
gb_23,17.647058823529413,30.714285714285715
gb_16,100.0,100.0
