,TPR,FPR
gb,20.512820512820515,0.0
gb_ipw,100.0,18.97590361445783
wrangler_23,100.0,81.92771084337349
wrangler_16,100.0,81.62650602409639
gb_23,0.0,0.0
gb_16,0.0,0.0
