,TPR,FPR
gb,0.0,0.0
gb_ipw,100.0,99.0272373540856
wrangler_23,0.0,0.0
wrangler_16,0.0,0.0
gb_23,98.33333333333333,0.0
gb_16,0.0,0.0
