,TPR,FPR
gb,0.0,0.0
gb_ipw,85.71428571428571,85.13513513513513
wrangler_23,0.0,0.0
wrangler_16,0.0,0.0
gb_23,0.0,0.0
gb_16,7.142857142857143,0.0
