,TPR,FPR
gb,30.0,5.747126436781609
gb_ipw,100.0,100.0
wrangler_23,100.0,100.0
wrangler_16,100.0,100.0
gb_23,100.0,50.57471264367816
gb_16,100.0,3.4482758620689653
