,TPR,FPR
gb,0.0,0.0
gb_ipw,0.0,0.0
wrangler_23,0.0,0.0
wrangler_16,60.714285714285715,64.7940074906367
gb_23,0.0,0.0
gb_16,1.7857142857142858,1.4981273408239701
