,TPR,FPR
gb,74.50980392156863,59.85997666277713
gb_ipw,87.25490196078431,72.46207701283548
wrangler_23,0.0,0.0
wrangler_16,0.0,0.0
gb_23,87.25490196078431,98.24970828471412
gb_16,61.76470588235294,66.51108518086347
