,TPR,FPR
gb,0.0,0.0
gb_ipw,100.0,81.37254901960785
wrangler_23,0.0,0.0
wrangler_16,100.0,59.80392156862745
gb_23,0.0,0.0
gb_16,0.0,0.0
