,TPR,FPR
gb,100.0,55.49263873159683
gb_ipw,100.0,100.0
wrangler_23,0.0,0.0
wrangler_16,0.0,0.0
gb_23,100.0,99.81124952812382
gb_16,3.5714285714285716,4.8320120800302
