,TPR,FPR
gb,100.0,71.36363636363636
gb_ipw,100.0,71.36363636363636
wrangler_23,100.0,100.0
wrangler_16,100.0,100.0
gb_23,0.0,0.6818181818181818
gb_16,0.0,0.0
