,TPR,FPR
gb,94.23076923076923,38.18181818181818
gb_ipw,100.0,94.77272727272727
wrangler_23,0.0,0.0
wrangler_16,0.0,0.0
gb_23,0.0,0.0
gb_16,0.0,0.0
