,TPR,FPR
gb,0.0,0.0
gb_ipw,88.88888888888889,93.83561643835617
wrangler_23,0.0,0.0
wrangler_16,5.555555555555555,8.219178082191782
gb_23,0.0,0.0
gb_16,0.0,0.0
