,TPR,FPR
gb,64.70588235294117,85.0
gb_ipw,64.70588235294117,85.0
wrangler_23,0.0,0.0
wrangler_16,0.0,0.0
gb_23,0.0,0.0
gb_16,0.0,0.0
