,TPR,FPR
gb,95.0,72.80701754385964
gb_ipw,95.0,72.80701754385964
wrangler_23,0.0,0.0
wrangler_16,0.0,0.0
gb_23,95.0,100.0
gb_16,70.0,83.62573099415205
