,TPR,FPR
gb,0.0,0.0
gb_ipw,100.0,4.651162790697675
wrangler_23,0.0,1.1627906976744187
wrangler_16,100.0,3.488372093023256
gb_23,0.0,0.0
gb_16,0.0,0.0
