,TPR,FPR
gb,58.97435897435897,26.80722891566265
gb_ipw,100.0,43.975903614457835
wrangler_23,94.87179487179488,66.56626506024097
wrangler_16,94.87179487179488,56.9277108433735
gb_23,100.0,100.0
gb_16,100.0,100.0
