,TPR,FPR
gb,0.0,0.0
gb_ipw,100.0,95.0920245398773
wrangler_23,89.47368421052632,32.515337423312886
wrangler_16,0.0,0.0
gb_23,0.0,0.0
gb_16,100.0,100.0
