,TPR,FPR
gb,0.0,0.0
gb_ipw,100.0,98.79518072289157
wrangler_23,100.0,69.87951807228916
wrangler_16,100.0,100.0
gb_23,97.43589743589743,99.09638554216868
gb_16,79.48717948717949,0.9036144578313253
