,TPR,FPR
gb,43.75,34.883720930232556
gb_ipw,100.0,100.0
wrangler_23,100.0,68.21705426356588
wrangler_16,0.0,0.0
gb_23,0.0,0.0
gb_16,0.0,0.0
