,TPR,FPR
gb,75.0,16.36904761904762
gb_ipw,75.0,18.452380952380953
wrangler_23,90.0,72.91666666666667
wrangler_16,90.0,88.98809523809524
gb_23,75.0,56.25
gb_16,75.0,56.25
