,TPR,FPR
gb,0.0,0.0
gb_ipw,100.0,44.95412844036697
wrangler_23,0.0,0.0
wrangler_16,100.0,64.22018348623853
gb_23,0.0,0.0
gb_16,100.0,64.22018348623853
