,TPR,FPR
gb,27.906976744186046,9.53757225433526
gb_ipw,100.0,78.03468208092485
wrangler_23,0.0,0.0
wrangler_16,0.0,0.0
gb_23,97.67441860465117,100.0
gb_16,55.81395348837209,36.70520231213873
