,TPR,FPR
gb,0.0,0.0
gb_ipw,100.0,100.0
wrangler_23,0.0,0.0
wrangler_16,66.66666666666667,30.412371134020617
gb_23,100.0,100.0
gb_16,0.0,0.0
