,TPR,FPR
gb,7.6923076923076925,0.9049773755656109
gb_ipw,96.15384615384616,99.09502262443439
wrangler_23,100.0,100.0
wrangler_16,15.384615384615385,9.049773755656108
gb_23,100.0,100.0
gb_16,0.0,0.0
