,TPR,FPR
gb,0.0,0.0
gb_ipw,100.0,100.0
wrangler_23,0.0,0.0
wrangler_16,18.181818181818183,15.789473684210526
gb_23,0.0,0.0
gb_16,0.0,0.0
