,TPR,FPR
gb,0.0,0.0
gb_ipw,0.0,0.0
wrangler_23,0.0,0.0
wrangler_16,0.0,4.176334106728539
gb_23,1.0101010101010102,2.668213457076566
gb_16,0.0,0.0
