,TPR,FPR
gb,0.0,0.0
gb_ipw,100.0,100.0
wrangler_23,0.0,0.0
wrangler_16,17.061611374407583,15.947035118019574
gb_23,100.0,99.94242947610823
gb_16,0.0,0.0
