,TPR,FPR
gb,0.0,0.0
gb_ipw,100.0,88.95348837209302
wrangler_23,85.0,58.13953488372093
wrangler_16,100.0,100.0
gb_23,100.0,100.0
gb_16,100.0,100.0
