,TPR,FPR
gb,74.50980392156863,59.85997666277713
gb_ipw,87.25490196078431,72.46207701283548
wrangler_23,0.9803921568627451,0.0
wrangler_16,0.0,0.0
gb_23,80.3921568627451,79.69661610268378
gb_16,78.43137254901961,90.54842473745624
