,TPR,FPR
gb,0.0,0.0
gb_ipw,100.0,22.321428571428573
wrangler_23,100.0,100.0
wrangler_16,35.714285714285715,20.535714285714285
gb_23,100.0,80.35714285714286
gb_16,28.571428571428573,19.642857142857142
