,TPR,FPR
gb,0.0,0.0
gb_ipw,100.0,25.153374233128833
wrangler_23,100.0,80.3680981595092
wrangler_16,0.0,0.0
gb_23,0.0,0.0
gb_16,100.0,100.0
