,TPR,FPR
gb,0.0,0.0
gb_ipw,100.0,7.738095238095238
wrangler_23,100.0,100.0
wrangler_16,100.0,91.66666666666667
gb_23,0.0,0.0
gb_16,100.0,100.0
