,TPR,FPR
gb,0.0,0.0
gb_ipw,0.0,0.0
wrangler_23,58.333333333333336,57.6271186440678
wrangler_16,0.0,0.0
gb_23,0.0,0.0
gb_16,0.0,0.0
