,TPR,FPR
gb,97.43589743589743,4.804804804804805
gb_ipw,100.0,95.49549549549549
wrangler_23,100.0,100.0
wrangler_16,100.0,100.0
gb_23,100.0,100.0
gb_16,100.0,100.0
