,TPR,FPR
gb,0.0,0.0
gb_ipw,100.0,100.0
wrangler_23,27.96208530805687,25.503742084052966
wrangler_16,0.0,0.0
gb_23,4.739336492890995,3.454231433506045
gb_16,99.5260663507109,62.23373632700058
