,TPR,FPR
gb,100.0,93.37349397590361
gb_ipw,100.0,93.37349397590361
wrangler_23,100.0,40.36144578313253
wrangler_16,100.0,75.3012048192771
gb_23,100.0,31.927710843373493
gb_16,100.0,31.927710843373493
