,TPR,FPR
gb,0.0,0.0
gb_ipw,14.285714285714286,0.0
wrangler_23,0.0,0.0
wrangler_16,2.380952380952381,0.5830903790087464
gb_23,0.0,0.0
gb_16,95.23809523809524,96.7930029154519
