,TPR,FPR
gb,89.47368421052632,38.03680981595092
gb_ipw,89.47368421052632,82.20858895705521
wrangler_23,100.0,99.38650306748467
wrangler_16,100.0,100.0
gb_23,0.0,0.0
gb_16,100.0,100.0
