,TPR,FPR
gb,90.29126213592232,38.74849578820698
gb_ipw,98.05825242718447,38.74849578820698
wrangler_23,0.0,0.0
wrangler_16,0.0,0.0
gb_23,99.02912621359224,100.0
gb_16,98.05825242718447,100.0
