,TPR,FPR
gb,0.0,0.0
gb_ipw,100.0,20.930232558139537
wrangler_23,100.0,100.0
wrangler_16,100.0,18.6046511627907
gb_23,100.0,100.0
gb_16,100.0,100.0
