,TPR,FPR
gb,100.0,3.0837004405286343
gb_ipw,100.0,3.0837004405286343
wrangler_23,0.0,1.7621145374449338
wrangler_16,15.384615384615385,14.537444933920705
gb_23,0.0,0.0
gb_16,0.0,0.0
