,TPR,FPR
gb,80.0,0.0
gb_ipw,80.0,0.0
wrangler_23,45.0,2.9069767441860463
wrangler_16,95.0,23.25581395348837
gb_23,100.0,97.67441860465117
gb_16,0.0,0.0
