,TPR,FPR
gb,100.0,88.23529411764706
gb_ipw,100.0,88.23529411764706
wrangler_23,42.857142857142854,17.647058823529413
wrangler_16,0.0,0.9803921568627451
gb_23,100.0,100.0
gb_16,100.0,100.0
