,TPR,FPR
gb,47.524752475247524,84.14634146341463
gb_ipw,99.00990099009901,99.63414634146342
wrangler_23,100.0,49.26829268292683
wrangler_16,100.0,100.0
gb_23,100.0,100.0
gb_16,100.0,97.07317073170732
