,TPR,FPR
gb,0.0,0.0
gb_ipw,0.0,0.0
wrangler_23,0.0,0.0
wrangler_16,0.0,0.0
gb_23,8.333333333333334,97.46835443037975
gb_16,0.0,0.0
