,TPR,FPR
gb,0.0,0.0
gb_ipw,85.71428571428571,6.876456876456876
wrangler_23,78.57142857142857,75.17482517482517
wrangler_16,78.57142857142857,74.35897435897436
gb_23,88.77551020408163,99.65034965034965
gb_16,86.73469387755102,100.0
