,TPR,FPR
gb,98.85057471264368,63.07053941908714
gb_ipw,98.85057471264368,63.07053941908714
wrangler_23,1.1494252873563218,0.0
wrangler_16,1.1494252873563218,0.0
gb_23,98.85057471264368,100.0
gb_16,93.10344827586206,86.16874135546335
