,TPR,FPR
gb,0.0,18.6046511627907
gb_ipw,100.0,27.906976744186046
wrangler_23,100.0,94.18604651162791
wrangler_16,100.0,100.0
gb_23,0.0,0.0
gb_16,100.0,100.0
