,TPR,FPR
gb,0.0,0.0
gb_ipw,0.0,0.0
wrangler_23,63.63636363636363,100.0
wrangler_16,63.63636363636363,100.0
gb_23,63.63636363636363,100.0
gb_16,63.63636363636363,100.0
