,TPR,FPR
gb,0.0,0.0
gb_ipw,7.407407407407407,3.225806451612903
wrangler_23,0.0,0.0
wrangler_16,0.0,0.0
gb_23,0.0,0.0
gb_16,0.0,0.0
