,TPR,FPR
gb,94.33962264150944,41.14114114114114
gb_ipw,94.33962264150944,41.14114114114114
wrangler_23,5.660377358490566,0.0
wrangler_16,0.0,0.0
gb_23,96.22641509433963,100.0
gb_16,98.11320754716981,100.0
