,TPR,FPR
gb,0.0,0.0
gb_ipw,95.78947368421052,95.16728624535315
wrangler_23,0.0,0.0
wrangler_16,0.0,0.0
gb_23,1.0526315789473684,0.0
gb_16,0.0,0.0
