,TPR,FPR
gb,0.0,0.0
gb_ipw,98.98989898989899,17.798594847775174
wrangler_23,0.0,0.0
wrangler_16,0.0,3.981264637002342
gb_23,0.0,0.0
gb_16,0.0,0.0
