,TPR,FPR
gb,100.0,92.3076923076923
gb_ipw,100.0,92.3076923076923
wrangler_23,66.66666666666667,0.9615384615384616
wrangler_16,66.66666666666667,0.0
gb_23,0.0,0.0
gb_16,0.0,0.0
