,TPR,FPR
gb,58.97435897435897,26.80722891566265
gb_ipw,100.0,43.975903614457835
wrangler_23,100.0,97.28915662650603
wrangler_16,100.0,100.0
gb_23,100.0,100.0
gb_16,100.0,100.0
