,TPR,FPR
gb,0.0,0.0
gb_ipw,100.0,85.36585365853658
wrangler_23,100.0,82.92682926829268
wrangler_16,0.0,0.0
gb_23,0.0,0.0
gb_16,0.0,0.0
