,TPR,FPR
gb,0.0,0.0
gb_ipw,95.23809523809524,80.98159509202453
wrangler_23,52.38095238095238,31.901840490797547
wrangler_16,47.61904761904762,19.631901840490798
gb_23,0.0,0.0
gb_16,0.0,1.2269938650306749
