,TPR,FPR
gb,0.0,0.0
gb_ipw,100.0,99.4949494949495
wrangler_23,96.0,41.41414141414141
wrangler_16,76.0,31.31313131313131
gb_23,0.0,0.0
gb_16,100.0,77.27272727272727
