,TPR,FPR
gb,7.6923076923076925,0.9049773755656109
gb_ipw,7.6923076923076925,1.3574660633484164
wrangler_23,100.0,100.0
wrangler_16,0.0,0.0
gb_23,96.15384615384616,97.73755656108597
gb_16,100.0,100.0
