,TPR,FPR
gb,0.0,0.0
gb_ipw,100.0,94.25837320574162
wrangler_23,0.0,0.0
wrangler_16,0.0,0.0
gb_23,0.0,0.0
gb_16,40.74074074074074,30.62200956937799
