,TPR,FPR
gb,0.0,0.0
gb_ipw,95.0,16.417910447761194
wrangler_23,100.0,100.0
wrangler_16,0.0,0.0
gb_23,100.0,85.3731343283582
gb_16,7.5,0.0
