,TPR,FPR
gb,88.46153846153847,0.0
gb_ipw,88.46153846153847,0.0
wrangler_23,100.0,100.0
wrangler_16,100.0,100.0
gb_23,0.0,0.0
gb_16,0.0,0.0
