,TPR,FPR
gb,100.0,71.36363636363636
gb_ipw,100.0,71.36363636363636
wrangler_23,100.0,57.04545454545455
wrangler_16,100.0,100.0
gb_23,100.0,54.09090909090909
gb_16,0.0,0.0
