,TPR,FPR
gb,100.0,3.0837004405286343
gb_ipw,100.0,3.0837004405286343
wrangler_23,0.0,0.0
wrangler_16,0.0,0.0
gb_23,0.0,0.0
gb_16,0.0,0.0
