,TPR,FPR
gb,0.0,0.0
gb_ipw,72.72727272727273,50.0
wrangler_23,0.0,0.0
wrangler_16,4.545454545454546,0.0
gb_23,100.0,100.0
gb_16,95.45454545454545,100.0
