,TPR,FPR
gb,100.0,95.23809523809524
gb_ipw,100.0,95.23809523809524
wrangler_23,100.0,100.0
wrangler_16,28.571428571428573,26.19047619047619
gb_23,100.0,100.0
gb_16,100.0,100.0
