,TPR,FPR
gb,0.0,0.0
gb_ipw,100.0,79.28571428571429
wrangler_23,100.0,30.714285714285715
wrangler_16,0.0,0.0
gb_23,100.0,100.0
gb_16,0.0,0.0
