,TPR,FPR
gb,12.5,0.9259259259259259
gb_ipw,12.5,0.9259259259259259
wrangler_23,100.0,100.0
wrangler_16,100.0,90.74074074074075
gb_23,100.0,100.0
gb_16,100.0,99.07407407407408
