,TPR,FPR
gb,0.0,0.0
gb_ipw,100.0,0.72840790842872
wrangler_23,0.0,0.0
wrangler_16,0.0,0.0
gb_23,91.81818181818181,0.0
gb_16,97.27272727272727,0.1040582726326743
