,TPR,FPR
gb,100.0,95.23809523809524
gb_ipw,100.0,95.23809523809524
wrangler_23,100.0,100.0
wrangler_16,0.0,0.0
gb_23,78.57142857142857,77.38095238095238
gb_16,100.0,100.0
