,TPR,FPR
gb,0.0,0.0
gb_ipw,16.153846153846153,0.36101083032490977
wrangler_23,0.0,0.0
wrangler_16,0.0,0.0
gb_23,0.7692307692307693,0.12033694344163658
gb_16,0.0,0.0
