,TPR,FPR
gb,0.0,0.0
gb_ipw,0.0,0.0
wrangler_23,16.666666666666668,15.789473684210526
wrangler_16,0.0,0.0
gb_23,100.0,0.0
gb_16,100.0,100.0
