,TPR,FPR
gb,100.0,55.49263873159683
gb_ipw,100.0,100.0
wrangler_23,0.0,0.0
wrangler_16,0.0,0.0
gb_23,100.0,91.8082295205738
gb_16,2.5974025974025974,1.6610041525103814
