,TPR,FPR
gb,85.14851485148515,65.19208381839348
gb_ipw,95.04950495049505,65.19208381839348
wrangler_23,1.9801980198019802,31.78114086146682
wrangler_16,15.841584158415841,13.038416763678697
gb_23,88.11881188118812,98.71944121071013
gb_16,88.11881188118812,100.0
