,TPR,FPR
gb,0.7407407407407407,0.11764705882352941
gb_ipw,97.4074074074074,97.58823529411765
wrangler_23,96.29629629629629,81.3529411764706
wrangler_16,100.0,84.0
gb_23,0.0,0.0
gb_16,20.37037037037037,15.823529411764707
