,TPR,FPR
gb,0.0,0.0
gb_ipw,100.0,8.700696055684455
wrangler_23,0.0,0.0
wrangler_16,0.0,0.0
gb_23,0.0,0.0
gb_16,5.05050505050505,59.39675174013921
