,TPR,FPR
gb,0.0,0.0
gb_ipw,100.0,94.86404833836858
wrangler_23,57.5,88.21752265861028
wrangler_16,100.0,100.0
gb_23,100.0,100.0
gb_16,90.0,15.407854984894259
