,TPR,FPR
gb,0.0,0.0
gb_ipw,100.0,15.644171779141104
wrangler_23,7.894736842105263,0.3067484662576687
wrangler_16,89.47368421052632,30.368098159509202
gb_23,0.0,0.0
gb_16,0.0,0.0
