,TPR,FPR
gb,0.0,0.0
gb_ipw,41.935483870967744,0.0
wrangler_23,100.0,99.23954372623574
wrangler_16,100.0,100.0
gb_23,0.0,0.0
gb_16,0.0,0.0
