,TPR,FPR
gb,100.0,80.54298642533936
gb_ipw,100.0,80.99547511312217
wrangler_23,100.0,100.0
wrangler_16,100.0,82.3529411764706
gb_23,100.0,93.66515837104072
gb_16,92.3076923076923,55.65610859728507
