,TPR,FPR
gb,0.0,0.0
gb_ipw,16.153846153846153,0.36101083032490977
wrangler_23,0.0,0.0
wrangler_16,0.0,0.0
gb_23,14.615384615384615,0.24067388688327315
gb_16,14.615384615384615,0.24067388688327315
