,TPR,FPR
gb,0.0,0.0
gb_ipw,97.72727272727273,13.764044943820224
wrangler_23,100.0,100.0
wrangler_16,0.0,0.0
gb_23,97.72727272727273,100.0
gb_16,97.72727272727273,98.87640449438203
