,TPR,FPR
gb,94.44444444444444,19.463087248322147
gb_ipw,100.0,24.83221476510067
wrangler_23,100.0,61.74496644295302
wrangler_16,27.77777777777778,2.684563758389262
gb_23,100.0,61.74496644295302
gb_16,100.0,100.0
