,TPR,FPR
gb,0.0,0.0
gb_ipw,100.0,22.321428571428573
wrangler_23,100.0,100.0
wrangler_16,7.142857142857143,0.0
gb_23,100.0,100.0
gb_16,28.571428571428573,36.607142857142854
