,TPR,FPR
gb,0.0,0.0
gb_ipw,100.0,98.44559585492227
wrangler_23,0.0,0.0
wrangler_16,100.0,65.80310880829016
gb_23,0.0,0.0
gb_16,0.0,0.0
