,TPR,FPR
gb,83.33333333333333,79.59183673469387
gb_ipw,90.47619047619048,79.59183673469387
wrangler_23,0.0,0.0
wrangler_16,0.0,0.0
gb_23,88.0952380952381,96.7930029154519
gb_16,0.0,0.0
