,TPR,FPR
gb,6.666666666666667,0.0
gb_ipw,6.666666666666667,0.0
wrangler_23,0.0,0.0
wrangler_16,100.0,100.0
gb_23,100.0,0.0
gb_16,6.666666666666667,0.0
