,TPR,FPR
gb,100.0,27.045454545454547
gb_ipw,100.0,93.18181818181819
wrangler_23,32.69230769230769,3.8636363636363638
wrangler_16,100.0,56.59090909090909
gb_23,0.0,0.0
gb_16,0.0,0.0
