,TPR,FPR
gb,0.0,0.0
gb_ipw,100.0,52.55813953488372
wrangler_23,0.0,0.0
wrangler_16,0.0,0.0
gb_23,0.0,0.9302325581395349
gb_16,0.0,0.0
