,TPR,FPR
gb,0.0,0.0
gb_ipw,98.07692307692308,61.91588785046729
wrangler_23,0.0,0.0
wrangler_16,0.0,0.0
gb_23,0.0,0.0
gb_16,1.9230769230769231,0.2336448598130841
