,TPR,FPR
gb,0.0,0.0
gb_ipw,100.0,51.36186770428016
wrangler_23,100.0,15.95330739299611
wrangler_16,0.0,0.0
gb_23,100.0,15.95330739299611
gb_16,0.0,0.0
