,TPR,FPR
gb,0.0,0.0
gb_ipw,0.9259259259259259,100.0
wrangler_23,0.0,0.0
wrangler_16,0.0,0.0
gb_23,1.8518518518518519,0.234192037470726
gb_16,2.7777777777777777,0.234192037470726
