,TPR,FPR
gb,13.333333333333334,11.265432098765432
gb_ipw,100.0,99.53703703703704
wrangler_23,0.0,0.0
wrangler_16,0.0,0.0
gb_23,0.0,0.0
gb_16,0.0,0.0
