,TPR,FPR
gb,90.29126213592232,38.74849578820698
gb_ipw,96.11650485436893,38.74849578820698
wrangler_23,0.0,0.0
wrangler_16,9.70873786407767,14.07942238267148
gb_23,96.11650485436893,100.0
gb_16,95.14563106796116,99.87966305655836
