,TPR,FPR
gb,0.0,0.0
gb_ipw,100.0,100.0
wrangler_23,0.0,0.0
wrangler_16,1.8181818181818181,0.13386880856760375
gb_23,0.0,0.0
gb_16,0.0,0.0
