,Correlation,Causal,Wrangler_23,Wrangler_16,GB_23,GB_16
0,0.0,0.0,0.0,0.0,0.0,0.0
1,0.0,0.0,6.666666666666667,0.0,0.0,0.0
2,0.0,0.0,53.333333333333336,0.0,0.0,0.0
3,0.0,100.0,66.66666666666666,0.0,0.0,0.0
4,100.0,100.0,100.0,100.0,100.0,100.0
