,Correlation,Causal,Wrangler_23,Wrangler_16,GB_23,GB_16
0,0.0,0.0,0.0,0.0,0.0,0.0
1,0.0,0.0,0.0,0.0,0.0,0.0
2,0.0,0.0,0.0,0.0,0.0,0.0
3,0.0,88.88888888888889,0.0,0.0,0.0,0.0
4,11.11111111111111,88.88888888888889,0.0,0.0,0.0,0.0
5,100.0,100.0,100.0,100.0,100.0,100.0
