,Correlation,Causal,Wrangler_23,Wrangler_16,GB_23,GB_16
0,0.0,0.0,0.0,0.0,0.0,0.0
1,0.0,0.0,100.0,100.0,0.0,97.43589743589743
2,0.0,0.0,100.0,100.0,0.0,100.0
3,0.0,0.0,100.0,100.0,76.92307692307693,100.0
4,0.0,0.0,100.0,100.0,87.17948717948718,100.0
5,0.0,0.0,100.0,100.0,87.17948717948718,100.0
6,0.0,100.0,100.0,100.0,87.17948717948718,100.0
7,100.0,100.0,100.0,100.0,100.0,100.0
