,Correlation,Causal,Wrangler_23,Wrangler_16,GB_23,GB_16
0,0.0,0.0,0.0,0.0,0.0,0.0
1,0.0,0.0,0.0,0.0,0.0,0.0
2,0.0,0.0,6.0606060606060606,0.0,0.0,0.0
3,0.0,100.0,42.42424242424242,0.0,0.0,0.0
4,0.0,100.0,47.474747474747474,0.0,0.0,0.0
5,0.0,100.0,49.494949494949495,0.0,0.0,0.0
6,100.0,100.0,100.0,100.0,100.0,100.0
