,Correlation,Causal,Wrangler_23,Wrangler_16,GB_23,GB_16
0,0.0,0.0,0.0,0.0,0.0,0.0
1,0.0,0.0,100.0,26.31578947368421,68.42105263157895,0.0
2,0.0,0.0,100.0,68.42105263157895,68.42105263157895,0.0
3,0.0,0.0,100.0,73.68421052631578,68.42105263157895,0.0
4,68.42105263157895,68.42105263157895,100.0,78.94736842105263,73.68421052631578,0.0
5,100.0,100.0,100.0,100.0,100.0,100.0
