,Correlation,Causal,Wrangler_23,Wrangler_16,GB_23,GB_16
0,0.0,0.0,0.0,0.0,0.0,0.0
1,0.0,0.0,100.0,2.564102564102564,64.1025641025641,0.0
2,0.0,0.0,100.0,2.564102564102564,74.35897435897436,0.0
3,0.0,0.0,100.0,2.564102564102564,79.48717948717949,0.0
4,0.0,0.0,100.0,2.564102564102564,97.43589743589743,0.0
5,0.0,76.92307692307693,100.0,2.564102564102564,97.43589743589743,0.0
6,0.0,82.05128205128204,100.0,2.564102564102564,97.43589743589743,0.0
7,0.0,84.61538461538461,100.0,2.564102564102564,97.43589743589743,0.0
8,0.0,87.17948717948718,100.0,2.564102564102564,97.43589743589743,0.0
9,0.0,87.17948717948718,100.0,2.564102564102564,97.43589743589743,0.0
10,0.0,87.17948717948718,100.0,2.564102564102564,97.43589743589743,0.0
11,0.0,87.17948717948718,100.0,2.564102564102564,97.43589743589743,0.0
12,0.0,87.17948717948718,100.0,2.564102564102564,97.43589743589743,0.0
13,0.0,87.17948717948718,100.0,2.564102564102564,97.43589743589743,0.0
14,100.0,100.0,100.0,100.0,100.0,100.0
