,Correlation,Causal,Wrangler_23,Wrangler_16,GB_23,GB_16
0,0.0,0.0,0.0,0.0,0.0,0.0
1,0.0,0.0,0.0,0.0,91.30434782608695,0.0
2,0.0,0.0,1.4492753623188406,0.0,92.7536231884058,0.0
3,0.0,0.0,4.3478260869565215,0.0,92.7536231884058,0.0
4,0.0,0.0,4.3478260869565215,0.0,92.7536231884058,0.0
5,1.4492753623188406,1.4492753623188406,4.3478260869565215,0.0,92.7536231884058,0.0
6,1.4492753623188406,1.4492753623188406,4.3478260869565215,0.0,92.7536231884058,0.0
7,1.4492753623188406,1.4492753623188406,4.3478260869565215,0.0,92.7536231884058,0.0
8,1.4492753623188406,1.4492753623188406,4.3478260869565215,0.0,92.7536231884058,0.0
9,1.4492753623188406,1.4492753623188406,4.3478260869565215,0.0,92.7536231884058,0.0
10,1.4492753623188406,1.4492753623188406,4.3478260869565215,0.0,92.7536231884058,0.0
11,1.4492753623188406,1.4492753623188406,5.797101449275362,0.0,92.7536231884058,0.0
12,1.4492753623188406,1.4492753623188406,5.797101449275362,0.0,92.7536231884058,0.0
13,1.4492753623188406,1.4492753623188406,5.797101449275362,0.0,92.7536231884058,0.0
14,1.4492753623188406,1.4492753623188406,5.797101449275362,0.0,92.7536231884058,0.0
15,1.4492753623188406,1.4492753623188406,5.797101449275362,0.0,92.7536231884058,0.0
16,1.4492753623188406,1.4492753623188406,5.797101449275362,0.0,92.7536231884058,0.0
17,100.0,100.0,100.0,100.0,100.0,100.0
