,Correlation,Causal,Wrangler_23,Wrangler_16,GB_23,GB_16
0,0.0,0.0,0.0,0.0,0.0,0.0
1,0.0,0.0,1.9047619047619049,0.0,97.14285714285714,0.9523809523809524
2,0.0,0.0,1.9047619047619049,0.0,97.14285714285714,0.9523809523809524
3,12.380952380952381,12.380952380952381,1.9047619047619049,0.0,97.14285714285714,0.9523809523809524
4,100.0,100.0,100.0,100.0,100.0,100.0
