,Correlation,Causal,Wrangler_23,Wrangler_16,GB_23,GB_16
0,0.0,0.0,0.0,0.0,0.0,0.0
1,0.0,88.28828828828829,88.28828828828829,88.28828828828829,88.28828828828829,39.63963963963964
2,0.0,95.4954954954955,95.4954954954955,95.4954954954955,95.4954954954955,45.04504504504504
3,0.0,95.4954954954955,95.4954954954955,95.4954954954955,95.4954954954955,45.04504504504504
4,0.0,95.4954954954955,95.4954954954955,95.4954954954955,95.4954954954955,45.04504504504504
5,0.0,95.4954954954955,95.4954954954955,95.4954954954955,95.4954954954955,45.04504504504504
6,0.0,95.4954954954955,95.4954954954955,95.4954954954955,95.4954954954955,45.04504504504504
7,0.0,95.4954954954955,95.4954954954955,95.4954954954955,95.4954954954955,45.04504504504504
8,0.0,95.4954954954955,95.4954954954955,95.4954954954955,95.4954954954955,45.04504504504504
9,0.0,95.4954954954955,95.4954954954955,95.4954954954955,95.4954954954955,45.04504504504504
10,0.0,95.4954954954955,95.4954954954955,95.4954954954955,95.4954954954955,45.04504504504504
11,0.0,95.4954954954955,95.4954954954955,95.4954954954955,95.4954954954955,45.04504504504504
12,100.0,100.0,100.0,100.0,100.0,100.0
