,Correlation,Causal,Wrangler_23,Wrangler_16,GB_23,GB_16
0,0.0,0.0,0.0,0.0,0.0,0.0
1,0.0,0.0,0.0,0.0,91.42857142857143,0.0
2,0.0,0.0,0.0,0.0,94.28571428571428,0.0
3,100.0,100.0,100.0,100.0,100.0,100.0
