,Correlation,Causal,Wrangler_23,Wrangler_16,GB_23,GB_16
0,0.0,0.0,0.0,0.0,0.0,0.0
1,0.0,0.0,100.0,100.0,87.17948717948718,97.43589743589743
2,0.0,0.0,100.0,100.0,87.17948717948718,97.43589743589743
3,0.0,100.0,100.0,100.0,87.17948717948718,97.43589743589743
4,100.0,100.0,100.0,100.0,100.0,100.0
