,Correlation,Causal,Wrangler_23,Wrangler_16,GB_23,GB_16
0,0.0,0.0,0.0,0.0,0.0,0.0
1,0.0,0.0,94.87179487179486,100.0,0.0,0.0
2,0.0,0.0,94.87179487179486,100.0,0.0,0.0
3,0.0,0.0,94.87179487179486,100.0,0.0,0.0
4,0.0,0.0,94.87179487179486,100.0,0.0,0.0
5,17.94871794871795,100.0,100.0,100.0,0.0,0.0
6,17.94871794871795,100.0,100.0,100.0,0.0,0.0
7,17.94871794871795,100.0,100.0,100.0,0.0,0.0
8,17.94871794871795,100.0,100.0,100.0,0.0,0.0
9,17.94871794871795,100.0,100.0,100.0,0.0,0.0
10,17.94871794871795,100.0,100.0,100.0,0.0,0.0
11,17.94871794871795,100.0,100.0,100.0,0.0,0.0
12,100.0,100.0,100.0,100.0,100.0,100.0
