,Correlation,Causal,Wrangler_23,Wrangler_16,GB_23,GB_16
0,0.0,0.0,0.0,0.0,0.0,0.0
1,0.0,0.0,37.755102040816325,0.0,65.3061224489796,65.3061224489796
2,0.0,0.0,76.53061224489795,0.0,84.6938775510204,84.6938775510204
3,0.0,89.79591836734694,89.79591836734694,0.0,89.79591836734694,89.79591836734694
4,89.79591836734694,89.79591836734694,89.79591836734694,0.0,89.79591836734694,89.79591836734694
5,89.79591836734694,89.79591836734694,89.79591836734694,0.0,89.79591836734694,89.79591836734694
6,89.79591836734694,89.79591836734694,89.79591836734694,0.0,89.79591836734694,89.79591836734694
7,89.79591836734694,89.79591836734694,89.79591836734694,0.0,89.79591836734694,89.79591836734694
8,100.0,100.0,100.0,100.0,100.0,100.0
