,Correlation,Causal,Wrangler_23,Wrangler_16,GB_23,GB_16
0,0.0,0.0,0.0,0.0,0.0,0.0
1,0.0,0.0,0.0,0.0,98.55072463768117,72.46376811594203
2,0.0,0.0,0.0,0.0,98.55072463768117,72.46376811594203
3,0.0,0.0,0.0,0.0,98.55072463768117,72.46376811594203
4,0.0,24.637681159420293,0.0,0.0,100.0,72.46376811594203
5,0.0,24.637681159420293,0.0,0.0,100.0,72.46376811594203
6,0.0,24.637681159420293,0.0,0.0,100.0,72.46376811594203
7,0.0,24.637681159420293,0.0,0.0,100.0,72.46376811594203
8,100.0,100.0,100.0,100.0,100.0,100.0
