,Correlation,Causal,Wrangler_23,Wrangler_16,GB_23,GB_16
0,0.0,0.0,0.0,0.0,0.0,0.0
1,0.0,0.0,0.0,0.0,0.0,100.0
2,0.0,0.0,0.0,0.0,0.0,100.0
3,0.0,0.0,0.0,0.0,0.0,100.0
4,92.85714285714286,92.85714285714286,0.0,0.0,0.0,100.0
5,92.85714285714286,92.85714285714286,0.0,0.0,0.0,100.0
6,92.85714285714286,92.85714285714286,0.0,0.0,0.0,100.0
7,92.85714285714286,92.85714285714286,0.0,0.0,0.0,100.0
8,92.85714285714286,92.85714285714286,0.0,0.0,0.0,100.0
9,92.85714285714286,92.85714285714286,0.0,0.0,0.0,100.0
10,92.85714285714286,92.85714285714286,0.0,0.0,0.0,100.0
11,92.85714285714286,92.85714285714286,0.0,0.0,0.0,100.0
12,92.85714285714286,92.85714285714286,0.0,0.0,0.0,100.0
13,92.85714285714286,92.85714285714286,0.0,0.0,0.0,100.0
14,92.85714285714286,92.85714285714286,0.0,0.0,0.0,100.0
15,92.85714285714286,92.85714285714286,0.0,0.0,0.0,100.0
16,92.85714285714286,92.85714285714286,0.0,0.0,0.0,100.0
17,100.0,100.0,100.0,100.0,100.0,100.0
