,Correlation,Causal,Wrangler_23,Wrangler_16,GB_23,GB_16
0,0.0,0.0,0.0,0.0,0.0,0.0
1,0.0,100.0,0.0,0.0,0.0,50.467289719626166
2,0.0,100.0,0.0,0.0,0.0,53.271028037383175
3,100.0,100.0,100.0,100.0,100.0,100.0
