,Correlation,Causal,Wrangler_23,Wrangler_16,GB_23,GB_16
0,0.0,0.0,0.0,0.0,0.0,0.0
1,0.0,0.0,100.0,100.0,0.0,0.0
2,0.0,0.0,100.0,100.0,0.0,0.0
3,0.0,0.0,100.0,100.0,90.9090909090909,81.81818181818183
4,0.0,0.0,100.0,100.0,100.0,90.9090909090909
5,0.0,0.0,100.0,100.0,100.0,90.9090909090909
6,100.0,100.0,100.0,100.0,100.0,100.0
