,Correlation,Causal,Wrangler_23,Wrangler_16,GB_23,GB_16
0,0.0,0.0,0.0,0.0,0.0,0.0
1,0.0,100.0,0.0,0.0,57.02479338842975,6.6115702479338845
2,0.0,100.0,0.0,0.0,66.11570247933885,6.6115702479338845
3,0.0,100.0,0.0,0.0,74.3801652892562,7.43801652892562
4,100.0,100.0,100.0,100.0,100.0,100.0
