,Correlation,Causal,Wrangler_23,Wrangler_16,GB_23,GB_16
0,0.0,0.0,0.0,0.0,0.0,0.0
1,0.0,0.0,48.484848484848484,100.0,100.0,100.0
2,0.0,0.0,48.484848484848484,100.0,100.0,100.0
3,0.0,96.96969696969697,48.484848484848484,100.0,100.0,100.0
4,100.0,100.0,100.0,100.0,100.0,100.0
