,Correlation,Causal,Wrangler_23,Wrangler_16,GB_23,GB_16
0,0.0,0.0,0.0,0.0,0.0,0.0
1,0.0,53.77358490566038,53.77358490566038,0.0,0.0,0.0
2,0.0,89.62264150943396,89.62264150943396,0.0,0.0,0.9433962264150944
3,0.0,99.05660377358491,99.05660377358491,0.0,3.7735849056603774,20.754716981132077
4,0.0,100.0,100.0,3.7735849056603774,67.9245283018868,81.13207547169812
5,0.0,100.0,100.0,45.28301886792453,89.62264150943396,93.39622641509435
6,0.0,100.0,100.0,66.0377358490566,92.45283018867924,97.16981132075472
7,0.0,100.0,100.0,66.0377358490566,92.45283018867924,97.16981132075472
8,100.0,100.0,100.0,100.0,100.0,100.0
