,Correlation,Causal,Wrangler_23,Wrangler_16,GB_23,GB_16
0,0.0,0.0,0.0,0.0,0.0,0.0
1,0.0,0.0,43.13725490196079,62.745098039215684,83.33333333333334,83.33333333333334
2,0.0,0.0,46.07843137254902,72.54901960784314,96.07843137254902,96.07843137254902
3,0.0,0.0,47.05882352941176,73.52941176470588,97.05882352941177,97.05882352941177
4,86.27450980392157,88.23529411764706,47.05882352941176,73.52941176470588,97.05882352941177,97.05882352941177
5,87.25490196078431,88.23529411764706,47.05882352941176,73.52941176470588,97.05882352941177,97.05882352941177
6,87.25490196078431,88.23529411764706,47.05882352941176,73.52941176470588,97.05882352941177,97.05882352941177
7,87.25490196078431,88.23529411764706,47.05882352941176,73.52941176470588,97.05882352941177,97.05882352941177
8,87.25490196078431,88.23529411764706,47.05882352941176,73.52941176470588,97.05882352941177,97.05882352941177
9,100.0,100.0,100.0,100.0,100.0,100.0
