,Correlation,Causal,Wrangler_23,Wrangler_16,GB_23,GB_16
0,0.0,0.0,0.0,0.0,0.0,0.0
1,0.0,0.0,0.0,0.0,94.73684210526315,94.73684210526315
2,0.0,0.0,0.0,0.0,94.73684210526315,94.73684210526315
3,0.0,94.73684210526315,0.0,0.0,94.73684210526315,94.73684210526315
4,5.263157894736842,94.73684210526315,0.0,0.0,94.73684210526315,94.73684210526315
5,100.0,100.0,100.0,100.0,100.0,100.0
