,Correlation,Causal,Wrangler_23,Wrangler_16,GB_23,GB_16
0,0.0,0.0,0.0,0.0,0.0,0.0
1,0.0,0.0,61.53846153846154,0.0,100.0,0.0
2,0.0,76.92307692307693,92.3076923076923,0.0,100.0,0.0
3,53.84615384615385,92.3076923076923,100.0,0.0,100.0,0.0
4,53.84615384615385,92.3076923076923,100.0,0.0,100.0,0.0
5,100.0,100.0,100.0,100.0,100.0,100.0
