,Correlation,Causal,Wrangler_23,Wrangler_16,GB_23,GB_16
0,0.0,0.0,0.0,0.0,0.0,0.0
1,0.0,0.0,0.0,0.0,0.0,0.0
2,0.0,77.22772277227723,0.0,0.0,0.0,0.0
3,0.0,94.05940594059405,0.0,0.0,0.0,0.0
4,100.0,100.0,100.0,100.0,100.0,100.0
