,Correlation,Causal,Wrangler_23,Wrangler_16,GB_23,GB_16
0,0.0,0.0,0.0,0.0,0.0,0.0
1,0.0,98.01980198019803,17.82178217821782,0.0,0.0,13.861386138613863
2,0.0,98.01980198019803,20.792079207920793,0.0,0.0,13.861386138613863
3,100.0,100.0,100.0,100.0,100.0,100.0
