,Correlation,Causal,Wrangler_23,Wrangler_16,GB_23,GB_16
0,0.0,0.0,0.0,0.0,0.0,0.0
1,0.0,0.0,0.0,100.0,94.44444444444444,94.44444444444444
2,0.0,0.0,0.0,100.0,94.44444444444444,94.44444444444444
3,100.0,100.0,100.0,100.0,100.0,100.0
