,Correlation,Causal,Wrangler_23,Wrangler_16,GB_23,GB_16
0,0.0,0.0,0.0,0.0,0.0,0.0
1,0.0,0.0,99.01960784313727,99.01960784313727,99.01960784313727,99.01960784313727
2,0.0,0.0,99.01960784313727,99.01960784313727,99.01960784313727,99.01960784313727
3,0.0,0.0,100.0,100.0,100.0,100.0
4,0.0,0.0,100.0,100.0,100.0,100.0
5,0.0,0.0,100.0,100.0,100.0,100.0
6,83.33333333333334,83.33333333333334,100.0,100.0,100.0,100.0
7,83.33333333333334,83.33333333333334,100.0,100.0,100.0,100.0
8,100.0,100.0,100.0,100.0,100.0,100.0
