,Correlation,Causal,Wrangler_23,Wrangler_16,GB_23,GB_16
0,0.0,0.0,0.0,0.0,0.0,0.0
1,0.0,0.0,100.0,100.0,100.0,67.56756756756756
2,0.0,0.0,100.0,100.0,100.0,67.56756756756756
3,0.0,100.0,100.0,100.0,100.0,67.56756756756756
4,0.0,100.0,100.0,100.0,100.0,67.56756756756756
5,0.0,100.0,100.0,100.0,100.0,67.56756756756756
6,0.0,100.0,100.0,100.0,100.0,67.56756756756756
7,100.0,100.0,100.0,100.0,100.0,100.0
