,Correlation,Causal,Wrangler_23,Wrangler_16,GB_23,GB_16
0,0.0,0.0,0.0,0.0,0.0,0.0
1,0.0,7.000000000000001,2.0,9.0,9.0,3.0
2,0.0,32.0,9.0,32.0,31.0,20.0
3,0.0,85.0,14.000000000000002,91.0,85.0,69.0
4,0.0,86.0,15.0,91.0,85.0,71.0
5,0.0,86.0,17.0,91.0,85.0,71.0
6,0.0,86.0,18.0,91.0,85.0,71.0
7,0.0,86.0,19.0,91.0,85.0,71.0
8,0.0,86.0,19.0,91.0,85.0,71.0
9,0.0,86.0,19.0,91.0,85.0,71.0
10,100.0,100.0,100.0,100.0,100.0,100.0
