,Correlation,Corr-Oracle,Wrangler,Wrangler16,Wrangler23,Sherlock
0,66.66666666666667,38.888888888888886,11.111111111111109,16.666666666666668,16.666666666666668,16.666666666666668
