,Correlation,Corr-Oracle,Wrangler,Wrangler16,Wrangler23,Sherlock
0,16.666666666666668,100.0,33.333333333333336,11.111111111111109,33.333333333333336,38.888888888888886
