,Correlation,Causal,Wrangler_23,Wrangler_16,GB_23,GB_16
0,0.0,0.0,0.0,0.0,0.0,0.0
1,0.0,0.0,97.43589743589743,84.61538461538461,100.0,100.0
2,0.0,0.0,97.43589743589743,94.87179487179486,100.0,100.0
3,0.0,0.0,97.43589743589743,94.87179487179486,100.0,100.0
4,41.02564102564102,92.3076923076923,97.43589743589743,94.87179487179486,100.0,100.0
5,43.58974358974359,92.3076923076923,97.43589743589743,97.43589743589743,100.0,100.0
6,46.15384615384615,92.3076923076923,100.0,97.43589743589743,100.0,100.0
7,46.15384615384615,92.3076923076923,100.0,100.0,100.0,100.0
8,46.15384615384615,92.3076923076923,100.0,100.0,100.0,100.0
9,100.0,100.0,100.0,100.0,100.0,100.0
