,Correlation,Causal,Wrangler_23,Wrangler_16,GB_23,GB_16
0,0.0,0.0,0.0,0.0,0.0,0.0
1,0.0,7.920792079207921,0.0,7.920792079207921,0.9900990099009901,0.9900990099009901
2,0.0,11.881188118811881,0.0,11.881188118811881,0.9900990099009901,4.9504950495049505
3,0.0,96.03960396039604,0.0,96.03960396039604,0.9900990099009901,73.26732673267327
4,0.0,96.03960396039604,0.0,96.03960396039604,3.9603960396039604,76.23762376237624
5,0.0,96.03960396039604,0.0,96.03960396039604,3.9603960396039604,76.23762376237624
6,0.0,96.03960396039604,0.0,96.03960396039604,3.9603960396039604,76.23762376237624
7,100.0,100.0,100.0,100.0,100.0,100.0
