,Correlation,Causal,Wrangler_23,Wrangler_16,GB_23,GB_16
0,0.0,0.0,0.0,0.0,0.0,0.0
1,0.0,0.0,64.1025641025641,84.61538461538461,0.0,94.87179487179486
2,0.0,0.0,66.66666666666666,84.61538461538461,0.0,94.87179487179486
3,100.0,100.0,100.0,100.0,100.0,100.0
