,Correlation,Causal,Wrangler_23,Wrangler_16,GB_23,GB_16
0,0.0,0.0,0.0,0.0,0.0,0.0
1,0.0,0.0,66.66666666666666,0.0,100.0,100.0
2,100.0,100.0,66.66666666666666,0.0,100.0,100.0
3,100.0,100.0,100.0,100.0,100.0,100.0
