,Correlation,Causal,Wrangler_23,Wrangler_16,GB_23,GB_16
0,0.0,0.0,0.0,0.0,0.0,0.0
1,0.0,99.27536231884058,0.0,2.1739130434782608,5.072463768115942,47.10144927536232
2,0.0,99.27536231884058,0.0,2.1739130434782608,5.797101449275362,61.59420289855072
3,0.0,99.27536231884058,0.0,5.797101449275362,6.521739130434782,61.59420289855072
4,0.0,99.27536231884058,0.0,5.797101449275362,7.246376811594203,61.59420289855072
5,100.0,100.0,100.0,100.0,100.0,100.0
