,Correlation,Causal,Wrangler_23,Wrangler_16,GB_23,GB_16
0,0.0,0.0,0.0,0.0,0.0,0.0
1,0.0,0.0,0.0,0.0,1.8867924528301887,0.0
2,0.0,0.0,0.9433962264150944,0.0,1.8867924528301887,0.0
3,0.0,11.320754716981133,0.9433962264150944,0.0,1.8867924528301887,0.0
4,0.0,15.09433962264151,0.9433962264150944,0.0,1.8867924528301887,0.0
5,0.0,15.09433962264151,0.9433962264150944,0.0,1.8867924528301887,0.0
6,0.0,15.09433962264151,0.9433962264150944,0.0,1.8867924528301887,0.0
7,0.0,15.09433962264151,0.9433962264150944,0.0,1.8867924528301887,0.0
8,0.0,15.09433962264151,0.9433962264150944,0.0,1.8867924528301887,0.0
9,0.0,15.09433962264151,0.9433962264150944,0.0,1.8867924528301887,0.0
10,0.0,15.09433962264151,0.9433962264150944,0.0,1.8867924528301887,0.0
11,0.0,15.09433962264151,0.9433962264150944,0.0,1.8867924528301887,0.0
12,0.0,15.09433962264151,0.9433962264150944,0.0,1.8867924528301887,0.0
13,0.0,15.09433962264151,0.9433962264150944,0.0,1.8867924528301887,0.0
14,100.0,100.0,100.0,100.0,100.0,100.0
