,Correlation,Causal,Wrangler_23,Wrangler_16,GB_23,GB_16
0,0.0,0.0,0.0,0.0,0.0,0.0
1,0.0,0.0,0.0,0.0,0.0,0.0
2,0.0,0.0,0.0,4.761904761904762,0.0,0.0
3,0.0,0.0,0.0,9.523809523809524,0.0,0.0
4,100.0,100.0,100.0,100.0,100.0,100.0
