,Correlation,Causal,Wrangler_23,Wrangler_16,GB_23,GB_16
0,0.0,0.0,0.0,0.0,0.0,0.0
1,0.0,0.0,0.0,0.0,0.0,0.0
2,0.0,0.0,41.584158415841586,0.0,0.0,0.0
3,0.0,0.0,52.475247524752476,0.0,0.0,0.0
4,0.0,0.0,56.43564356435643,0.0,0.0,0.0
5,0.0,96.03960396039604,56.43564356435643,0.0,0.0,0.0
6,100.0,100.0,100.0,100.0,100.0,100.0
