,Correlation,Causal,Wrangler_23,Wrangler_16,GB_23,GB_16
0,0.0,0.0,0.0,0.0,0.0,0.0
1,0.0,0.0,0.9900990099009901,0.0,0.0,0.0
2,0.0,97.02970297029702,19.801980198019802,0.0,0.0,0.0
3,0.0,98.01980198019803,32.67326732673268,0.0,0.0,0.0
4,0.0,98.01980198019803,33.663366336633665,0.0,0.0,0.0
5,100.0,100.0,100.0,100.0,100.0,100.0
