,Correlation,Causal,Wrangler_23,Wrangler_16,GB_23,GB_16
0,0.0,0.0,0.0,0.0,0.0,0.0
1,0.0,0.0,0.0,0.0,0.0,0.0
2,0.0,0.0,1.0101010101010102,0.0,0.0,0.0
3,0.0,0.0,2.0202020202020203,0.0,0.0,0.0
4,0.0,0.0,2.0202020202020203,0.0,0.0,0.0
5,100.0,100.0,100.0,100.0,100.0,100.0
