,Correlation,Causal,Wrangler_23,Wrangler_16,GB_23,GB_16
0,0.0,0.0,0.0,0.0,0.0,0.0
1,0.0,3.1847133757961785,0.0,0.0,2.547770700636943,0.0
2,0.0,3.1847133757961785,0.0,0.0,2.547770700636943,0.0
3,100.0,100.0,100.0,100.0,100.0,100.0
