,Correlation,Causal,Wrangler_23,Wrangler_16,GB_23,GB_16
0,0.0,0.0,0.0,0.0,0.0,0.0
1,0.0,0.0,0.0,0.0,0.0,0.0
2,0.0,0.0,28.71287128712871,0.0,0.0,0.0
3,0.0,0.0,38.613861386138616,0.0,0.0,0.0
4,0.0,0.0,42.57425742574257,0.0,0.0,0.0
5,0.0,81.1881188118812,44.554455445544555,0.0,0.0,0.0
6,100.0,100.0,100.0,100.0,100.0,100.0
