,Correlation,Causal,Wrangler_23,Wrangler_16,GB_23,GB_16
0,0.0,0.0,0.0,0.0,0.0,0.0
1,0.0,0.0,76.92307692307693,76.92307692307693,0.0,0.0
2,0.0,46.15384615384615,76.92307692307693,76.92307692307693,0.0,0.0
3,100.0,100.0,100.0,100.0,100.0,100.0
