,Correlation,Causal,Wrangler_23,Wrangler_16,GB_23,GB_16
0,0.0,0.0,0.0,0.0,0.0,0.0
1,0.0,0.0,7.6923076923076925,0.0,15.384615384615385,7.6923076923076925
2,0.0,0.0,7.6923076923076925,7.6923076923076925,15.384615384615385,7.6923076923076925
3,0.0,0.0,7.6923076923076925,7.6923076923076925,15.384615384615385,7.6923076923076925
4,0.0,61.53846153846154,7.6923076923076925,7.6923076923076925,15.384615384615385,7.6923076923076925
5,0.0,61.53846153846154,15.384615384615385,7.6923076923076925,15.384615384615385,7.6923076923076925
6,100.0,100.0,100.0,100.0,100.0,100.0
