,Correlation,Causal,Wrangler_23,Wrangler_16,GB_23,GB_16
0,0.0,0.0,0.0,0.0,0.0,0.0
1,0.0,0.0,0.0,0.0,0.0,0.0
2,0.0,0.0,0.0,0.0,0.0,0.0
3,0.0,11.214953271028037,0.0,0.0,0.0,0.0
4,0.0,79.43925233644859,0.0,0.0,15.887850467289718,30.8411214953271
5,0.0,79.43925233644859,0.0,0.0,15.887850467289718,33.64485981308411
6,0.0,79.43925233644859,0.0,0.0,17.75700934579439,33.64485981308411
7,100.0,100.0,100.0,100.0,100.0,100.0
