,TPR,FPR
gb,0.0,0.0
gb_ipw,100.0,84.04907975460122
wrangler_23,0.0,0.0
wrangler_16,0.0,0.0
gb_23,0.0,0.0
gb_16,100.0,14.110429447852761
