,TPR,FPR
gb,0.0,0.0
gb_ipw,99.1304347826087,94.48909299655568
wrangler_23,100.0,100.0
wrangler_16,100.0,99.54075774971297
gb_23,100.0,100.0
gb_16,100.0,100.0
