,TPR,FPR
gb,0.0,0.0
gb_ipw,98.06451612903226,90.8997955010225
wrangler_23,0.0,0.0
wrangler_16,0.0,0.0
gb_23,0.0,0.0
gb_16,100.0,100.0
