,TPR,FPR
gb,0.0,0.0
gb_ipw,0.0,0.0
wrangler_23,0.0,7.446808510638298
wrangler_16,0.0,0.0
gb_23,0.0,0.0
gb_16,52.17391304347826,0.0
