,TPR,FPR
gb,0.0,0.0
gb_ipw,21.05263157894737,3.067484662576687
wrangler_23,0.0,0.0
wrangler_16,0.0,0.0
gb_23,0.0,0.0
gb_16,0.0,0.0
