,TPR,FPR
gb,0.0,0.0
gb_ipw,100.0,0.0
wrangler_23,0.0,0.0
wrangler_16,0.0,0.0
gb_23,21.05263157894737,8.641975308641975
gb_16,0.0,0.0
