,TPR,FPR
gb,0.0,0.0
gb_ipw,100.0,74.83221476510067
wrangler_23,0.0,0.0
wrangler_16,11.594202898550725,0.8389261744966443
gb_23,62.31884057971015,0.16778523489932887
gb_16,100.0,88.59060402684564
