,TPR,FPR
gb,100.0,63.190184049079754
gb_ipw,100.0,63.190184049079754
wrangler_23,100.0,34.355828220858896
wrangler_16,100.0,100.0
gb_23,100.0,100.0
gb_16,100.0,100.0
