,TPR,FPR
gb,0.0,0.0
gb_ipw,84.61538461538461,53.153153153153156
wrangler_23,0.0,0.0
wrangler_16,0.0,0.0
gb_23,15.384615384615385,14.414414414414415
gb_16,0.0,0.0
