,TPR,FPR
gb,84.61538461538461,0.2994011976047904
gb_ipw,100.0,11.976047904191617
wrangler_23,100.0,84.4311377245509
wrangler_16,100.0,84.4311377245509
gb_23,0.0,0.0
gb_16,97.43589743589743,79.94011976047904
