,TPR,FPR
gb,100.0,90.83798882681565
gb_ipw,100.0,95.08379888268156
wrangler_23,100.0,100.0
wrangler_16,100.0,100.0
gb_23,100.0,91.06145251396649
gb_16,65.68627450980392,64.35754189944134
