,TPR,FPR
gb,0.0,0.0
gb_ipw,36.8421052631579,2.395209580838323
wrangler_23,0.0,0.0
wrangler_16,100.0,92.81437125748504
gb_23,100.0,98.20359281437126
gb_16,0.0,0.0
