,TPR,FPR
gb,0.0,0.0
gb_ipw,100.0,82.11920529801324
wrangler_23,100.0,84.98896247240619
wrangler_16,100.0,84.54746136865342
gb_23,0.0,0.22075055187637968
gb_16,1.4285714285714286,0.22075055187637968
