,TPR,FPR
gb,100.0,41.1764705882353
gb_ipw,100.0,41.1764705882353
wrangler_23,100.0,100.0
wrangler_16,100.0,100.0
gb_23,100.0,100.0
gb_16,0.0,0.0
