,TPR,FPR
gb,0.0,0.0
gb_ipw,91.91919191919192,0.46674445740956827
wrangler_23,0.0,0.0
wrangler_16,0.0,0.0
gb_23,0.0,0.0
gb_16,0.0,0.0
