,TPR,FPR
gb,0.0,0.0
gb_ipw,70.0,47.2972972972973
wrangler_23,10.0,22.972972972972972
wrangler_16,0.0,1.3513513513513513
gb_23,0.0,0.0
gb_16,0.0,0.0
