,TPR,FPR
gb,5.128205128205129,0.0
gb_ipw,97.43589743589743,5.014749262536873
wrangler_23,87.17948717948718,5.014749262536873
wrangler_16,100.0,8.55457227138643
gb_23,0.0,0.0
gb_16,0.0,0.0
