,TPR,FPR
gb,0.0,0.0
gb_ipw,100.0,88.33819241982508
wrangler_23,100.0,72.30320699708454
wrangler_16,77.5,8.454810495626822
gb_23,0.0,0.0
gb_16,100.0,66.1807580174927
