,TPR,FPR
gb,0.0,0.0
gb_ipw,0.0,0.0
wrangler_23,0.0,0.0
wrangler_16,0.0,0.7211538461538461
gb_23,2.816901408450704,0.0
gb_16,64.78873239436619,90.86538461538461
