,TPR,FPR
gb,38.23529411764706,0.0
gb_ipw,100.0,95.89041095890411
wrangler_23,100.0,100.0
wrangler_16,44.11764705882353,6.164383561643835
gb_23,100.0,97.94520547945206
gb_16,0.0,0.684931506849315
