,TPR,FPR
gb,31.57894736842105,0.0
gb_ipw,100.0,98.19277108433735
wrangler_23,0.0,0.0
wrangler_16,100.0,100.0
gb_23,0.0,0.0
gb_16,100.0,0.6024096385542169
