,TPR,FPR
gb,75.51020408163265,0.0
gb_ipw,75.51020408163265,0.0
wrangler_23,100.0,94.08672798948751
wrangler_16,100.0,99.73718791064388
gb_23,100.0,100.0
gb_16,100.0,100.0
