,TPR,FPR
gb,1.7391304347826086,0.0
gb_ipw,3.4782608695652173,0.0
wrangler_23,0.0,0.36014405762304924
wrangler_16,0.0,0.6002400960384153
gb_23,0.0,0.0
gb_16,84.34782608695652,80.0720288115246
