,TPR,FPR
gb,0.0,0.0
gb_ipw,68.42105263157895,6.790123456790123
wrangler_23,0.0,0.0
wrangler_16,0.0,0.0
gb_23,0.0,0.0
gb_16,0.0,0.0
