,TPR,FPR
gb,15.0,0.0
gb_ipw,15.0,0.0
wrangler_23,100.0,72.25806451612904
wrangler_16,5.0,1.2903225806451613
gb_23,0.0,0.0
gb_16,0.0,0.0
