,TPR,FPR
gb,0.0,0.0
gb_ipw,68.0,0.0
wrangler_23,89.0,94.91329479768787
wrangler_16,0.0,0.0
gb_23,89.0,88.32369942196532
gb_16,89.0,82.08092485549133
