,TPR,FPR
gb,0.0,0.0
gb_ipw,94.73684210526316,12.121212121212121
wrangler_23,0.0,0.0
wrangler_16,100.0,100.0
gb_23,100.0,100.0
gb_16,100.0,100.0
