,TPR,FPR
gb,0.0,0.0
gb_ipw,100.0,16.666666666666668
wrangler_23,0.0,0.0
wrangler_16,0.0,0.0
gb_23,26.31578947368421,6.790123456790123
gb_16,100.0,66.66666666666667
