,TPR,FPR
gb,7.407407407407407,0.0
gb_ipw,100.0,99.54337899543378
wrangler_23,0.0,0.0
wrangler_16,100.0,69.40639269406392
gb_23,77.77777777777777,5.0228310502283104
gb_16,0.0,0.0
