,TPR,FPR
gb,0.0,0.0
gb_ipw,69.23076923076923,4.090909090909091
wrangler_23,100.0,5.909090909090909
wrangler_16,0.0,0.0
gb_23,0.0,0.0
gb_16,0.0,0.0
