,TPR,FPR
gb,97.97979797979798,9.090909090909092
gb_ipw,100.0,9.090909090909092
wrangler_23,0.0,0.0
wrangler_16,0.0,0.0
gb_23,0.0,0.0
gb_16,100.0,100.0
