,TPR,FPR
gb,0.0,0.0
gb_ipw,100.0,3.870967741935484
wrangler_23,0.0,0.0
wrangler_16,100.0,100.0
gb_23,77.77777777777777,39.354838709677416
gb_16,88.88888888888889,22.580645161290324
