,TPR,FPR
gb,0.0,0.0
gb_ipw,47.36842105263158,3.5714285714285716
wrangler_23,100.0,100.0
wrangler_16,100.0,98.21428571428571
gb_23,57.89473684210526,4.166666666666667
gb_16,100.0,100.0
