,TPR,FPR
gb,100.0,17.073170731707318
gb_ipw,100.0,90.2439024390244
wrangler_23,100.0,76.21951219512195
wrangler_16,100.0,100.0
gb_23,0.0,0.0
gb_16,100.0,20.121951219512194
