,TPR,FPR
gb,100.0,14.915254237288135
gb_ipw,100.0,40.33898305084746
wrangler_23,0.0,0.0
wrangler_16,28.985507246376812,4.406779661016949
gb_23,100.0,100.0
gb_16,100.0,74.57627118644068
