,TPR,FPR
gb,0.0,3.5294117647058822
gb_ipw,90.0,96.47058823529412
wrangler_23,100.0,100.0
wrangler_16,100.0,100.0
gb_23,100.0,57.64705882352941
gb_16,0.0,0.0
