,TPR,FPR
gb,100.0,9.036144578313253
gb_ipw,100.0,100.0
wrangler_23,0.0,0.0
wrangler_16,0.0,0.0
gb_23,100.0,8.433734939759036
gb_16,100.0,100.0
