,TPR,FPR
gb,0.0,0.0
gb_ipw,100.0,99.54441913439635
wrangler_23,100.0,100.0
wrangler_16,100.0,100.0
gb_23,88.67924528301887,51.0250569476082
gb_16,100.0,100.0
