,TPR,FPR
gb,18.42105263157895,0.0
gb_ipw,100.0,22.289156626506024
wrangler_23,100.0,84.03614457831326
wrangler_16,86.84210526315789,3.9156626506024095
gb_23,100.0,100.0
gb_16,2.6315789473684212,0.0
