,TPR,FPR
gb,28.571428571428573,0.8928571428571429
gb_ipw,28.571428571428573,0.8928571428571429
wrangler_23,100.0,100.0
wrangler_16,21.428571428571427,0.8928571428571429
gb_23,85.71428571428571,11.607142857142858
gb_16,100.0,100.0
