,TPR,FPR
gb,82.05128205128206,7.831325301204819
gb_ipw,82.05128205128206,8.132530120481928
wrangler_23,100.0,92.7710843373494
wrangler_16,38.46153846153846,8.132530120481928
gb_23,100.0,96.3855421686747
gb_16,5.128205128205129,7.228915662650603
