,TPR,FPR
gb,100.0,58.13953488372093
gb_ipw,100.0,58.13953488372093
wrangler_23,80.0,24.41860465116279
wrangler_16,100.0,100.0
gb_23,100.0,100.0
gb_16,100.0,100.0
