,TPR,FPR
gb,0.0,0.0
gb_ipw,100.0,84.52380952380952
wrangler_23,0.0,0.0
wrangler_16,100.0,67.85714285714286
gb_23,0.0,0.0
gb_16,0.0,0.0
