,TPR,FPR
gb,0.0,0.0
gb_ipw,100.0,14.15929203539823
wrangler_23,50.0,0.0
wrangler_16,64.28571428571429,1.7699115044247788
gb_23,0.0,0.0
gb_16,0.0,0.0
