,TPR,FPR
gb,0.0,0.0
gb_ipw,100.0,3.1914893617021276
wrangler_23,100.0,100.0
wrangler_16,100.0,100.0
gb_23,0.0,0.0
gb_16,90.9090909090909,95.74468085106383
