,TPR,FPR
gb,0.0,0.0
gb_ipw,61.904761904761905,8.75
wrangler_23,100.0,8.75
wrangler_16,0.0,0.0
gb_23,4.761904761904762,8.75
gb_16,100.0,100.0
