,TPR,FPR
gb,94.44444444444444,3.225806451612903
gb_ipw,94.44444444444444,3.225806451612903
wrangler_23,88.88888888888889,62.58064516129032
wrangler_16,0.0,0.0
gb_23,100.0,100.0
gb_16,100.0,100.0
