,TPR,FPR
gb,95.0,53.987730061349694
gb_ipw,95.0,54.60122699386503
wrangler_23,10.0,0.6134969325153374
wrangler_16,100.0,100.0
gb_23,100.0,66.87116564417178
gb_16,100.0,100.0
