,TPR,FPR
gb,31.57894736842105,0.0
gb_ipw,52.63157894736842,13.855421686746988
wrangler_23,100.0,100.0
wrangler_16,0.0,0.0
gb_23,0.0,0.0
gb_16,0.0,0.0
