,TPR,FPR
gb,100.0,20.245398773006134
gb_ipw,100.0,78.52760736196319
wrangler_23,78.94736842105263,8.588957055214724
wrangler_16,94.73684210526316,14.723926380368098
gb_23,0.0,0.0
gb_16,0.0,0.0
