,TPR,FPR
gb,0.0,0.0
gb_ipw,0.0,0.0
wrangler_23,0.0,0.0
wrangler_16,100.0,100.0
gb_23,85.0,79.22077922077922
gb_16,100.0,3.2467532467532467
