,TPR,FPR
gb,0.0,0.0
gb_ipw,100.0,84.35374149659864
wrangler_23,0.0,0.0
wrangler_16,100.0,48.29931972789116
gb_23,0.0,0.0
gb_16,100.0,100.0
