,TPR,FPR
gb,0.0,0.0
gb_ipw,100.0,11.801242236024844
wrangler_23,100.0,100.0
wrangler_16,0.0,0.0
gb_23,73.6842105263158,15.527950310559007
gb_16,89.47368421052632,60.869565217391305
