,TPR,FPR
gb,0.0,0.0
gb_ipw,100.0,97.40259740259741
wrangler_23,0.0,0.0
wrangler_16,100.0,75.32467532467533
gb_23,0.0,0.0
gb_16,60.0,40.25974025974026
