,TPR,FPR
gb,0.0,0.0
gb_ipw,0.0,0.0
wrangler_23,73.33333333333333,97.11538461538461
wrangler_16,100.0,100.0
gb_23,0.0,0.0
gb_16,100.0,100.0
