,TPR,FPR
gb,100.0,1.2121212121212122
gb_ipw,100.0,97.57575757575758
wrangler_23,100.0,100.0
wrangler_16,94.73684210526316,89.0909090909091
gb_23,100.0,90.3030303030303
gb_16,100.0,90.3030303030303
