,TPR,FPR
gb,8.982035928143713,0.0
gb_ipw,20.95808383233533,24.843161856963615
wrangler_23,0.5988023952095808,0.0
wrangler_16,1.1976047904191616,6.148055207026349
gb_23,11.976047904191617,7.779171894604768
gb_16,16.766467065868262,7.779171894604768
