,TPR,FPR
gb,0.0,0.0
gb_ipw,73.91304347826087,1.8867924528301887
wrangler_23,100.0,100.0
wrangler_16,100.0,97.48427672955975
gb_23,100.0,100.0
gb_16,100.0,100.0
