,TPR,FPR
gb,76.92307692307692,41.5929203539823
gb_ipw,100.0,100.0
wrangler_23,23.076923076923077,11.504424778761061
wrangler_16,0.0,0.0
gb_23,0.0,0.0
gb_16,0.0,0.0
