,TPR,FPR
gb,0.0,0.0
gb_ipw,0.0,0.0
wrangler_23,100.0,100.0
wrangler_16,100.0,97.70114942528735
gb_23,100.0,16.091954022988507
gb_16,100.0,100.0
