,TPR,FPR
gb,0.0,0.0
gb_ipw,28.571428571428573,45.378151260504204
wrangler_23,0.0,0.0
wrangler_16,0.0,0.0
gb_23,95.23809523809524,34.45378151260504
gb_16,0.0,0.0
