,TPR,FPR
gb,0.0,0.0
gb_ipw,100.0,99.69135802469135
wrangler_23,100.0,100.0
wrangler_16,100.0,100.0
gb_23,97.36842105263158,12.962962962962964
gb_16,97.36842105263158,12.345679012345679
