,TPR,FPR
gb,78.94736842105263,19.631901840490798
gb_ipw,100.0,42.331288343558285
wrangler_23,100.0,100.0
wrangler_16,100.0,96.31901840490798
gb_23,100.0,100.0
gb_16,94.73684210526316,23.926380368098158
