,TPR,FPR
gb,0.0,0.0
gb_ipw,100.0,38.03680981595092
wrangler_23,100.0,82.20858895705521
wrangler_16,0.0,0.0
gb_23,0.0,0.0
gb_16,0.0,0.0
