,TPR,FPR
gb,100.0,98.95145631067962
gb_ipw,100.0,99.92233009708738
wrangler_23,100.0,71.96116504854369
wrangler_16,100.0,71.96116504854369
gb_23,2.3411371237458196,0.0
gb_16,24.08026755852843,0.0
