,TPR,FPR
gb,100.0,6.172839506172839
gb_ipw,100.0,32.71604938271605
wrangler_23,100.0,64.19753086419753
wrangler_16,100.0,64.19753086419753
gb_23,100.0,64.19753086419753
gb_16,100.0,100.0
