,TPR,FPR
gb,100.0,35.58282208588957
gb_ipw,100.0,63.190184049079754
wrangler_23,0.0,0.0
wrangler_16,0.0,0.0
gb_23,100.0,52.760736196319016
gb_16,0.0,0.0
