,TPR,FPR
gb,7.6923076923076925,0.0
gb_ipw,7.6923076923076925,0.0
wrangler_23,7.6923076923076925,0.0
wrangler_16,100.0,100.0
gb_23,69.23076923076923,4.424778761061947
gb_16,76.92307692307692,10.619469026548673
