,TPR,FPR
gb,0.0,0.0
gb_ipw,0.0,0.0
wrangler_23,0.0,0.0
wrangler_16,0.0,0.0
gb_23,15.384615384615385,36.93693693693694
gb_16,100.0,83.78378378378379
