,TPR,FPR
gb,15.0,8.823529411764707
gb_ipw,95.0,38.8235294117647
wrangler_23,95.0,100.0
wrangler_16,0.0,0.0
gb_23,95.0,100.0
gb_16,95.0,100.0
