,TPR,FPR
gb,0.0,0.0
gb_ipw,98.63013698630137,32.3728813559322
wrangler_23,0.0,0.0
wrangler_16,0.0,0.0
gb_23,0.0,5.254237288135593
gb_16,0.0,0.0
