,TPR,FPR
gb,100.0,97.11538461538461
gb_ipw,100.0,97.11538461538461
wrangler_23,0.0,0.9615384615384616
wrangler_16,0.0,0.0
gb_23,100.0,100.0
gb_16,100.0,100.0
