,TPR,FPR
gb,99.81949458483754,17.355546183045128
gb_ipw,100.0,99.8734711092366
wrangler_23,99.81949458483754,99.4517081400253
wrangler_16,64.25992779783394,40.02530577815268
gb_23,99.81949458483754,80.15605229860819
gb_16,100.0,81.52678194854492
