,TPR,FPR
gb,57.89473684210526,14.465408805031446
gb_ipw,100.0,50.314465408805034
wrangler_23,100.0,100.0
wrangler_16,100.0,100.0
gb_23,100.0,100.0
gb_16,100.0,77.9874213836478
