,TPR,FPR
gb,0.0,0.0
gb_ipw,100.0,98.56115107913669
wrangler_23,100.0,99.28057553956835
wrangler_16,0.0,0.0
gb_23,0.0,0.0
gb_16,4.761904761904762,0.7194244604316546
