,TPR,FPR
gb,100.0,83.13253012048193
gb_ipw,100.0,90.66265060240964
wrangler_23,100.0,89.1566265060241
wrangler_16,2.5641025641025643,0.0
gb_23,100.0,100.0
gb_16,100.0,100.0
