,TPR,FPR
gb,33.333333333333336,2.6666666666666665
gb_ipw,100.0,45.333333333333336
wrangler_23,100.0,69.33333333333333
wrangler_16,77.77777777777777,14.0
gb_23,100.0,69.33333333333333
gb_16,0.0,0.0
