,TPR,FPR
gb,82.05128205128206,7.831325301204819
gb_ipw,82.05128205128206,8.132530120481928
wrangler_23,100.0,92.7710843373494
wrangler_16,0.0,0.0
gb_23,0.0,0.0
gb_16,100.0,100.0
