,TPR,FPR
gb,89.47368421052632,5.521472392638037
gb_ipw,89.47368421052632,12.883435582822086
wrangler_23,100.0,68.09815950920246
wrangler_16,0.0,0.0
gb_23,0.0,0.0
gb_16,0.0,2.4539877300613497
