,TPR,FPR
gb,100.0,42.081447963800905
gb_ipw,100.0,42.081447963800905
wrangler_23,100.0,73.75565610859728
wrangler_16,3.7037037037037037,0.0
gb_23,100.0,100.0
gb_16,100.0,100.0
