,TPR,FPR
gb,0.0,0.0
gb_ipw,94.44444444444444,97.40259740259741
wrangler_23,0.0,0.6493506493506493
wrangler_16,72.22222222222223,32.467532467532465
gb_23,0.0,0.0
gb_16,100.0,100.0
