,TPR,FPR
gb,0.0,0.0
gb_ipw,89.47368421052632,7.975460122699387
wrangler_23,0.0,0.0
wrangler_16,0.0,0.0
gb_23,100.0,92.02453987730061
gb_16,100.0,100.0
