,TPR,FPR
gb,0.0,0.0
gb_ipw,97.02970297029702,0.0
wrangler_23,0.0,1.7605633802816902
wrangler_16,0.0,1.2910798122065728
gb_23,100.0,100.0
gb_16,0.0,0.0
