,TPR,FPR
gb,0.0,0.0
gb_ipw,100.0,0.0
wrangler_23,0.0,0.0
wrangler_16,100.0,15.432098765432098
gb_23,89.47368421052632,0.6172839506172839
gb_16,100.0,0.6172839506172839
