,TPR,FPR
gb,84.21052631578948,13.017751479289942
gb_ipw,94.73684210526316,13.609467455621301
wrangler_23,100.0,99.40828402366864
wrangler_16,100.0,99.40828402366864
gb_23,100.0,100.0
gb_16,100.0,100.0
