,TPR,FPR
gb,0.0,0.0
gb_ipw,100.0,96.85534591194968
wrangler_23,0.0,0.0
wrangler_16,0.0,0.0
gb_23,100.0,61.63522012578616
gb_16,60.0,0.0
