,TPR,FPR
gb,0.0,0.0
gb_ipw,100.0,40.23668639053255
wrangler_23,57.142857142857146,41.42011834319526
wrangler_16,61.904761904761905,42.01183431952663
gb_23,0.0,0.0
gb_16,100.0,82.24852071005917
