,TPR,FPR
gb,0.0,0.0
gb_ipw,100.0,9.012875536480687
wrangler_23,0.0,0.0
wrangler_16,1.5873015873015872,0.3218884120171674
gb_23,1.5873015873015872,0.0
gb_16,90.47619047619048,89.91416309012875
