,TPR,FPR
gb,35.294117647058826,34.92063492063492
gb_ipw,35.294117647058826,34.92063492063492
wrangler_23,0.0,0.0
wrangler_16,0.0,0.0
gb_23,100.0,24.603174603174605
gb_16,0.0,0.0
