,TPR,FPR
gb,100.0,9.30232558139535
gb_ipw,100.0,9.30232558139535
wrangler_23,100.0,91.86046511627907
wrangler_16,100.0,100.0
gb_23,100.0,100.0
gb_16,100.0,100.0
