,TPR,FPR
gb,0.0,0.0
gb_ipw,54.54545454545455,2.3076923076923075
wrangler_23,100.0,100.0
wrangler_16,100.0,100.0
gb_23,27.272727272727273,0.7692307692307693
gb_16,100.0,100.0
