,TPR,FPR
gb,0.0,0.0
gb_ipw,42.10526315789474,9.090909090909092
wrangler_23,100.0,100.0
wrangler_16,0.0,0.0
gb_23,0.0,0.0
gb_16,0.0,0.0
