,TPR,FPR
gb,24.137931034482758,0.0
gb_ipw,75.86206896551724,91.50943396226415
wrangler_23,0.0,0.4716981132075472
wrangler_16,0.0,0.0
gb_23,37.93103448275862,18.39622641509434
gb_16,13.793103448275861,51.886792452830186
