,TPR,FPR
gb,0.0,0.0
gb_ipw,35.714285714285715,86.58536585365853
wrangler_23,0.0,0.0
wrangler_16,57.142857142857146,6.097560975609756
gb_23,0.0,0.0
gb_16,0.0,0.0
