,TPR,FPR
gb,0.0,0.0
gb_ipw,27.77777777777778,0.0
wrangler_23,100.0,100.0
wrangler_16,100.0,100.0
gb_23,77.77777777777777,98.56115107913669
gb_16,0.0,0.0
