,TPR,FPR
gb,0.0,0.0
gb_ipw,100.0,11.042944785276074
wrangler_23,100.0,100.0
wrangler_16,0.0,0.0
gb_23,5.0,0.0
gb_16,55.0,10.429447852760736
