,TPR,FPR
gb,0.0,0.0
gb_ipw,52.38095238095238,3.6809815950920246
wrangler_23,0.0,0.0
wrangler_16,0.0,0.0
gb_23,100.0,100.0
gb_16,0.0,0.0
