,TPR,FPR
gb,0.0,0.0
gb_ipw,100.0,15.337423312883436
wrangler_23,0.0,0.0
wrangler_16,84.21052631578948,26.380368098159508
gb_23,0.0,0.0
gb_16,0.0,0.0
