,TPR,FPR
gb,0.0,0.0
gb_ipw,100.0,84.4059405940594
wrangler_23,33.333333333333336,27.103960396039604
wrangler_16,20.0,14.603960396039604
gb_23,53.333333333333336,31.435643564356436
gb_16,6.666666666666667,45.04950495049505
