,TPR,FPR
gb,0.0,0.0
gb_ipw,0.0,0.0
wrangler_23,37.37373737373738,13.652275379229872
wrangler_16,0.0,0.0
gb_23,0.0,0.0
gb_16,0.0,0.0
