,TPR,FPR
gb,0.0,0.0
gb_ipw,100.0,19.879518072289155
wrangler_23,100.0,99.39759036144578
wrangler_16,0.0,0.0
gb_23,0.0,0.0
gb_16,0.0,0.0
