,TPR,FPR
gb,73.73737373737374,0.1180637544273908
gb_ipw,73.73737373737374,0.1180637544273908
wrangler_23,1.0101010101010102,2.3612750885478158
wrangler_16,0.0,0.2361275088547816
gb_23,100.0,100.0
gb_16,100.0,100.0
