,TPR,FPR
gb,88.88888888888889,0.0
gb_ipw,88.88888888888889,0.0
wrangler_23,77.77777777777777,50.0
wrangler_16,50.0,44.666666666666664
gb_23,0.0,4.666666666666667
gb_16,0.0,0.0
