,TPR,FPR
gb,0.0,0.0
gb_ipw,73.0,39.44954128440367
wrangler_23,73.0,100.0
wrangler_16,0.0,0.0
gb_23,73.0,70.29816513761467
gb_16,73.0,85.20642201834862
