,TPR,FPR
gb,0.0,0.0
gb_ipw,57.89473684210526,5.555555555555555
wrangler_23,100.0,100.0
wrangler_16,100.0,100.0
gb_23,0.0,0.0
gb_16,100.0,100.0
