,TPR,FPR
gb,69.23076923076923,0.0
gb_ipw,69.23076923076923,0.0
wrangler_23,100.0,100.0
wrangler_16,100.0,100.0
gb_23,0.0,0.0
gb_16,100.0,100.0
