,TPR,FPR
gb,0.0,0.0
gb_ipw,78.94736842105263,93.29268292682927
wrangler_23,0.0,0.0
wrangler_16,100.0,100.0
gb_23,100.0,100.0
gb_16,100.0,100.0
