,TPR,FPR
gb,100.0,6.748466257668712
gb_ipw,100.0,75.4601226993865
wrangler_23,100.0,100.0
wrangler_16,100.0,99.38650306748467
gb_23,100.0,80.3680981595092
gb_16,100.0,100.0
