,TPR,FPR
gb,0.0,0.0
gb_ipw,0.0,0.0
wrangler_23,5.555555555555555,2.6143790849673203
wrangler_16,0.0,0.0
gb_23,5.555555555555555,0.6535947712418301
gb_16,0.0,0.0
