,TPR,FPR
gb,0.0,0.0
gb_ipw,100.0,22.839506172839506
wrangler_23,0.0,0.0
wrangler_16,0.0,0.0
gb_23,100.0,79.01234567901234
gb_16,0.0,0.0
