,TPR,FPR
gb,0.0,0.0
gb_ipw,100.0,99.4186046511628
wrangler_23,0.0,0.0
wrangler_16,90.0,48.25581395348837
gb_23,0.0,0.0
gb_16,0.0,0.0
