,TPR,FPR
gb,0.0,0.0
gb_ipw,86.53846153846153,100.0
wrangler_23,0.0,0.5938242280285035
wrangler_16,0.0,0.0
gb_23,50.96153846153846,2.2565320665083135
gb_16,64.42307692307692,8.788598574821853
