,TPR,FPR
gb,3.3707865168539324,4.046997389033942
gb_ipw,100.0,96.08355091383812
wrangler_23,100.0,99.73890339425587
wrangler_16,100.0,44.38642297650131
gb_23,100.0,100.0
gb_16,0.0,0.0
