,TPR,FPR
gb,0.0,0.0
gb_ipw,47.82608695652174,1.8633540372670807
wrangler_23,100.0,100.0
wrangler_16,100.0,100.0
gb_23,4.3478260869565215,0.0
gb_16,0.0,0.0
