,TPR,FPR
gb,0.0,0.0
gb_ipw,95.45454545454545,92.07317073170732
wrangler_23,0.0,0.0
wrangler_16,18.181818181818183,42.073170731707314
gb_23,0.0,0.0
gb_16,0.0,0.0
