,TPR,FPR
gb,0.0,0.0
gb_ipw,8.695652173913043,2.6178010471204187
wrangler_23,0.0,0.0
wrangler_16,0.0,0.0
gb_23,0.0,0.0
gb_16,0.0,0.0
