,TPR,FPR
gb,0.0,0.0
gb_ipw,100.0,100.0
wrangler_23,100.0,6.097560975609756
wrangler_16,100.0,3.658536585365854
gb_23,10.0,0.0
gb_16,0.0,0.0
