,TPR,FPR
gb,100.0,25.149700598802394
gb_ipw,100.0,35.32934131736527
wrangler_23,100.0,73.05389221556887
wrangler_16,5.2631578947368425,1.7964071856287425
gb_23,0.0,0.0
gb_16,100.0,55.68862275449102
