,TPR,FPR
gb,0.0,0.0
gb_ipw,100.0,100.0
wrangler_23,95.45454545454545,71.66666666666667
wrangler_16,0.0,0.0
gb_23,0.0,0.0
gb_16,0.0,0.0
