,TPR,FPR
gb,100.0,38.38150289017341
gb_ipw,100.0,98.15028901734104
wrangler_23,100.0,100.0
wrangler_16,100.0,100.0
gb_23,100.0,100.0
gb_16,100.0,100.0
