,TPR,FPR
gb,0.0,0.0
gb_ipw,96.29629629629629,53.990610328638496
wrangler_23,0.0,0.0
wrangler_16,0.0,0.0
gb_23,100.0,40.84507042253521
gb_16,0.0,0.0
