,TPR,FPR
gb,0.0,0.0
gb_ipw,6.666666666666667,0.0
wrangler_23,3.3333333333333335,0.3875968992248062
wrangler_16,100.0,99.6124031007752
gb_23,100.0,72.48062015503876
gb_16,0.0,0.3875968992248062
