,TPR,FPR
gb,68.42105263157895,23.170731707317074
gb_ipw,100.0,36.58536585365854
wrangler_23,100.0,100.0
wrangler_16,100.0,60.36585365853659
gb_23,0.0,0.0
gb_16,0.0,0.0
