,TPR,FPR
gb,0.0,0.0
gb_ipw,100.0,20.858895705521473
wrangler_23,0.0,0.0
wrangler_16,0.0,0.0
gb_23,100.0,80.98159509202453
gb_16,0.0,0.0
