,TPR,FPR
gb,0.0,0.0
gb_ipw,100.0,27.607361963190183
wrangler_23,0.0,0.0
wrangler_16,0.0,0.0
gb_23,5.2631578947368425,19.01840490797546
gb_16,100.0,19.01840490797546
