,TPR,FPR
gb,0.0,0.0
gb_ipw,100.0,54.77707006369427
wrangler_23,0.0,0.0
wrangler_16,0.0,0.0
gb_23,0.0,21.019108280254777
gb_16,0.0,0.0
