,TPR,FPR
gb,0.0,0.0
gb_ipw,100.0,3.1914893617021276
wrangler_23,100.0,96.80851063829788
wrangler_16,100.0,100.0
gb_23,100.0,100.0
gb_16,0.0,0.0
