,TPR,FPR
gb,0.0,0.0
gb_ipw,0.0,0.0
wrangler_23,89.28571428571429,100.0
wrangler_16,89.28571428571429,100.0
gb_23,89.28571428571429,100.0
gb_16,89.28571428571429,100.0
