,TPR,FPR
gb,0.0,6.462984723854289
gb_ipw,97.97979797979798,9.283196239717979
wrangler_23,0.0,1.8801410105757932
wrangler_16,0.0,0.0
gb_23,0.0,0.0
gb_16,0.0,0.0
