,TPR,FPR
gb,0.0,0.0
gb_ipw,100.0,20.833333333333332
wrangler_23,100.0,100.0
wrangler_16,100.0,100.0
gb_23,100.0,14.583333333333334
gb_16,100.0,100.0
