,TPR,FPR
gb,0.0,0.0
gb_ipw,57.89473684210526,8.024691358024691
wrangler_23,100.0,95.67901234567901
wrangler_16,100.0,99.38271604938272
gb_23,100.0,100.0
gb_16,100.0,100.0
