,TPR,FPR
gb,0.0,0.0
gb_ipw,57.89473684210526,6.748466257668712
wrangler_23,63.1578947368421,28.220858895705522
wrangler_16,100.0,100.0
gb_23,100.0,100.0
gb_16,0.0,0.0
