,TPR,FPR
gb,100.0,1.2121212121212122
gb_ipw,100.0,90.3030303030303
wrangler_23,0.0,0.0
wrangler_16,0.0,0.0
gb_23,5.2631578947368425,0.0
gb_16,0.0,0.0
