,TPR,FPR
gb,0.0,0.0
gb_ipw,100.0,62.698412698412696
wrangler_23,100.0,52.38095238095238
wrangler_16,0.0,0.0
gb_23,0.0,0.0
gb_16,93.75,0.7936507936507936
