,TPR,FPR
gb,0.0,0.0
gb_ipw,100.0,99.89339019189765
wrangler_23,0.0,0.0
wrangler_16,0.0,0.0
gb_23,72.56637168141593,85.39445628997868
gb_16,0.0,0.0
