,TPR,FPR
gb,0.0,0.0
gb_ipw,100.0,54.6583850931677
wrangler_23,100.0,93.16770186335404
wrangler_16,100.0,73.2919254658385
gb_23,0.0,0.0
gb_16,0.0,0.0
