,TPR,FPR
gb,73.73737373737374,0.1180637544273908
gb_ipw,73.73737373737374,0.1180637544273908
wrangler_23,49.494949494949495,42.502951593860686
wrangler_16,17.171717171717173,7.910271546635183
gb_23,100.0,100.0
gb_16,100.0,100.0
