,TPR,FPR
gb,0.0,0.0
gb_ipw,100.0,50.175849941383355
wrangler_23,0.0,5.509964830011723
wrangler_16,0.0,3.7514654161781946
gb_23,0.0,0.0
gb_16,0.0,0.0
