,TPR,FPR
gb,2.2222222222222223,0.0
gb_ipw,2.2222222222222223,0.0
wrangler_23,100.0,95.82790091264667
wrangler_16,0.0,0.0
gb_23,98.88888888888889,98.30508474576271
gb_16,0.0,0.0
