,TPR,FPR
gb,0.0,0.0
gb_ipw,57.89473684210526,0.6134969325153374
wrangler_23,73.6842105263158,17.177914110429448
wrangler_16,78.94736842105263,19.631901840490798
gb_23,100.0,23.926380368098158
gb_16,0.0,22.085889570552148
