,TPR,FPR
gb,0.0,0.0
gb_ipw,80.0,19.767441860465116
wrangler_23,100.0,75.5813953488372
wrangler_16,0.0,0.0
gb_23,0.0,0.0
gb_16,100.0,97.67441860465117
