,TPR,FPR
gb,88.88888888888889,0.0
gb_ipw,88.88888888888889,0.0
wrangler_23,83.33333333333333,52.666666666666664
wrangler_16,38.888888888888886,44.666666666666664
gb_23,0.0,0.0
gb_16,16.666666666666668,4.666666666666667
