,TPR,FPR
gb,0.0,0.0
gb_ipw,92.07920792079207,6.08793686583991
wrangler_23,0.0,0.0
wrangler_16,98.01980198019803,68.65839909808342
gb_23,99.00990099009901,100.0
gb_16,99.00990099009901,100.0
