,TPR,FPR
gb,18.840579710144926,0.0
gb_ipw,100.0,44.44444444444444
wrangler_23,10.144927536231885,0.16835016835016836
wrangler_16,100.0,59.764309764309765
gb_23,0.0,0.0
gb_16,0.0,0.0
