,TPR,FPR
gb,100.0,58.13953488372093
gb_ipw,100.0,59.30232558139535
wrangler_23,100.0,100.0
wrangler_16,0.0,0.0
gb_23,30.0,24.41860465116279
gb_16,0.0,0.0
