,TPR,FPR
gb,0.0,0.0
gb_ipw,100.0,3.1914893617021276
wrangler_23,100.0,100.0
wrangler_16,100.0,100.0
gb_23,45.45454545454545,94.68085106382979
gb_16,72.72727272727273,38.297872340425535
