,TPR,FPR
gb,40.0,6.976744186046512
gb_ipw,100.0,95.34883720930233
wrangler_23,0.0,0.0
wrangler_16,0.0,0.0
gb_23,10.0,5.813953488372093
gb_16,0.0,0.0
