,TPR,FPR
gb,0.0,0.0
gb_ipw,85.0,1.8072289156626506
wrangler_23,100.0,100.0
wrangler_16,100.0,61.44578313253012
gb_23,100.0,14.457831325301205
gb_16,100.0,100.0
