,TPR,FPR
gb,0.0,0.0
gb_ipw,92.85714285714286,98.80952380952381
wrangler_23,0.0,0.0
wrangler_16,0.0,0.0
gb_23,0.0,0.0
gb_16,0.0,0.0
