,TPR,FPR
gb,0.0,0.0
gb_ipw,3.8461538461538463,97.9381443298969
wrangler_23,0.0,0.0
wrangler_16,100.0,100.0
gb_23,100.0,99.48453608247422
gb_16,100.0,100.0
