,TPR,FPR
gb,100.0,28.484848484848484
gb_ipw,100.0,29.09090909090909
wrangler_23,100.0,77.57575757575758
wrangler_16,0.0,0.0
gb_23,100.0,41.81818181818182
gb_16,0.0,0.0
