,TPR,FPR
gb,0.0,0.0
gb_ipw,95.0,10.493827160493828
wrangler_23,100.0,96.91358024691358
wrangler_16,100.0,99.38271604938272
gb_23,100.0,94.44444444444444
gb_16,0.0,0.0
