,TPR,FPR
gb,42.10526315789474,34.95145631067961
gb_ipw,52.63157894736842,46.601941747572816
wrangler_23,0.0,0.0
wrangler_16,0.0,0.970873786407767
gb_23,100.0,100.0
gb_16,0.0,0.0
