,TPR,FPR
gb,0.0,0.0
gb_ipw,100.0,44.935972060535505
wrangler_23,0.0,0.0
wrangler_16,48.484848484848484,23.050058207217695
gb_23,0.0,0.0
gb_16,0.0,0.0
