,TPR,FPR
gb,0.0,0.0
gb_ipw,50.0,97.40259740259741
wrangler_23,0.0,0.0
wrangler_16,0.0,0.0
gb_23,0.0,4.545454545454546
gb_16,0.0,0.0
