,TPR,FPR
gb,0.0,0.0
gb_ipw,100.0,98.13664596273291
wrangler_23,0.0,0.0
wrangler_16,100.0,100.0
gb_23,0.0,0.0
gb_16,5.0,2.484472049689441
