,TPR,FPR
gb,0.0,0.0
gb_ipw,77.0,58.15028901734104
wrangler_23,89.0,99.88439306358381
wrangler_16,89.0,100.0
gb_23,89.0,100.0
gb_16,89.0,100.0
