,TPR,FPR
gb,0.0,0.0
gb_ipw,52.63157894736842,1.8072289156626506
wrangler_23,100.0,100.0
wrangler_16,100.0,100.0
gb_23,100.0,95.78313253012048
gb_16,100.0,100.0
