,TPR,FPR
gb,0.0,0.0
gb_ipw,78.94736842105263,4.968944099378882
wrangler_23,100.0,100.0
wrangler_16,100.0,100.0
gb_23,100.0,100.0
gb_16,94.73684210526316,94.40993788819875
