,TPR,FPR
gb,55.0,3.067484662576687
gb_ipw,60.0,5.521472392638037
wrangler_23,100.0,100.0
wrangler_16,0.0,0.0
gb_23,100.0,100.0
gb_16,0.0,0.0
