,TPR,FPR
gb,0.0,0.0
gb_ipw,97.97979797979798,7.3512252042007
wrangler_23,0.0,0.0
wrangler_16,0.0,1.0501750291715286
gb_23,0.0,0.0
gb_16,0.0,0.0
