,TPR,FPR
gb,0.0,0.0
gb_ipw,95.23809523809524,0.6211180124223602
wrangler_23,100.0,100.0
wrangler_16,100.0,10.559006211180124
gb_23,100.0,89.44099378881988
gb_16,100.0,100.0
