,TPR,FPR
gb,23.59550561797753,0.0
gb_ipw,73.03370786516854,65.97131681877444
wrangler_23,7.865168539325842,11.734028683181226
wrangler_16,0.0,0.0
gb_23,0.0,0.0
gb_16,0.0,0.0
