,TPR,FPR
gb,5.2631578947368425,0.6134969325153374
gb_ipw,100.0,65.03067484662577
wrangler_23,100.0,100.0
wrangler_16,0.0,0.0
gb_23,100.0,100.0
gb_16,0.0,0.0
