,TPR,FPR
gb,14.705882352941176,26.492537313432837
gb_ipw,100.0,100.0
wrangler_23,0.0,0.0
wrangler_16,0.0,0.0
gb_23,0.0,0.0
gb_16,100.0,35.44776119402985
