,TPR,FPR
gb,0.0,0.0
gb_ipw,100.0,10.404624277456648
wrangler_23,0.0,0.0
wrangler_16,0.0,0.0
gb_23,100.0,70.52023121387283
gb_16,0.0,0.0
