,TPR,FPR
gb,0.0,0.0
gb_ipw,89.47368421052632,3.7267080745341614
wrangler_23,100.0,100.0
wrangler_16,100.0,100.0
gb_23,0.0,4.3478260869565215
gb_16,100.0,5.590062111801243
