,TPR,FPR
gb,0.0,0.0
gb_ipw,42.10526315789474,2.4390243902439024
wrangler_23,5.2631578947368425,1.2195121951219512
wrangler_16,0.0,0.0
gb_23,94.73684210526316,14.634146341463415
gb_16,100.0,100.0
