,TPR,FPR
gb,0.0,0.0
gb_ipw,100.0,99.38650306748467
wrangler_23,100.0,100.0
wrangler_16,10.0,4.9079754601226995
gb_23,0.0,0.0
gb_16,100.0,95.0920245398773
