,TPR,FPR
gb,0.0,0.0
gb_ipw,89.47368421052632,0.0
wrangler_23,0.0,0.0
wrangler_16,100.0,100.0
gb_23,84.21052631578948,73.61963190184049
gb_16,10.526315789473685,2.4539877300613497
