,TPR,FPR
gb,94.73684210526316,10.975609756097562
gb_ipw,100.0,60.36585365853659
wrangler_23,100.0,71.34146341463415
wrangler_16,0.0,0.0
gb_23,100.0,91.46341463414635
gb_16,0.0,0.0
