,TPR,FPR
gb,0.0,0.0
gb_ipw,42.028985507246375,28.55421686746988
wrangler_23,0.0,0.0
wrangler_16,0.0,0.0
gb_23,0.0,0.0
gb_16,0.0,0.8433734939759037
