,TPR,FPR
gb,0.0,0.0
gb_ipw,100.0,82.82208588957056
wrangler_23,59.09090909090909,1.8404907975460123
wrangler_16,50.0,0.6134969325153374
gb_23,0.0,0.0
gb_16,0.0,0.0
