,TPR,FPR
gb,0.0,0.0
gb_ipw,81.81818181818181,71.42857142857143
wrangler_23,0.0,0.0
wrangler_16,0.0,0.0
gb_23,0.0,0.0
gb_16,0.0,0.0
