,TPR,FPR
gb,0.0,0.0
gb_ipw,100.0,89.44099378881988
wrangler_23,100.0,10.559006211180124
wrangler_16,100.0,10.559006211180124
gb_23,0.0,0.0
gb_16,100.0,0.0
