,TPR,FPR
gb,0.0,0.0
gb_ipw,0.0,0.0
wrangler_23,0.0,0.0
wrangler_16,0.0,0.0
gb_23,39.09090909090909,32.926829268292686
gb_16,80.0,80.62330623306234
