,TPR,FPR
gb,50.0,17.647058823529413
gb_ipw,90.0,95.29411764705883
wrangler_23,10.0,0.0
wrangler_16,0.0,0.0
gb_23,0.0,0.0
gb_16,100.0,51.76470588235294
