,TPR,FPR
gb,0.0,0.0
gb_ipw,85.71428571428571,0.6211180124223602
wrangler_23,0.0,0.0
wrangler_16,0.0,0.0
gb_23,100.0,100.0
gb_16,100.0,98.75776397515529
