,TPR,FPR
gb,100.0,9.30232558139535
gb_ipw,100.0,9.30232558139535
wrangler_23,100.0,83.72093023255815
wrangler_16,0.0,0.0
gb_23,0.0,0.0
gb_16,0.0,0.0
