,TPR,FPR
gb,0.0,0.0
gb_ipw,9.58904109589041,0.0
wrangler_23,0.0,0.0
wrangler_16,0.0,0.0
gb_23,0.0,0.0
gb_16,4.109589041095891,0.0
