,TPR,FPR
gb,0.0,0.0
gb_ipw,40.90909090909091,1.8633540372670807
wrangler_23,100.0,100.0
wrangler_16,100.0,36.64596273291925
gb_23,100.0,98.13664596273291
gb_16,100.0,100.0
