,TPR,FPR
gb,100.0,35.58282208588957
gb_ipw,100.0,77.91411042944786
wrangler_23,0.0,0.0
wrangler_16,0.0,0.0
gb_23,0.0,0.0
gb_16,100.0,100.0
