,TPR,FPR
gb,25.925925925925927,14.93212669683258
gb_ipw,100.0,84.16289592760181
wrangler_23,100.0,52.48868778280543
wrangler_16,0.0,0.0
gb_23,0.0,0.0
gb_16,0.0,0.0
