,TPR,FPR
gb,100.0,66.87116564417178
gb_ipw,100.0,66.87116564417178
wrangler_23,100.0,91.41104294478528
wrangler_16,94.73684210526316,20.858895705521473
gb_23,100.0,100.0
gb_16,100.0,32.515337423312886
