,TPR,FPR
gb,0.0,0.0
gb_ipw,100.0,99.09909909909909
wrangler_23,65.38461538461539,13.513513513513514
wrangler_16,100.0,77.47747747747748
gb_23,100.0,100.0
gb_16,100.0,100.0
