,TPR,FPR
gb,0.0,0.0
gb_ipw,100.0,23.18339100346021
wrangler_23,100.0,100.0
wrangler_16,100.0,100.0
gb_23,99.01960784313725,59.515570934256054
gb_16,100.0,100.0
