,TPR,FPR
gb,0.0,0.0
gb_ipw,100.0,97.42647058823529
wrangler_23,0.0,0.0
wrangler_16,30.303030303030305,11.397058823529411
gb_23,0.0,0.0
gb_16,0.0,0.0
