,TPR,FPR
gb,100.0,59.09090909090909
gb_ipw,100.0,64.0909090909091
wrangler_23,100.0,99.0909090909091
wrangler_16,100.0,100.0
gb_23,0.0,0.0
gb_16,100.0,100.0
