,TPR,FPR
gb,0.0,0.0
gb_ipw,100.0,11.728395061728396
wrangler_23,100.0,100.0
wrangler_16,0.0,0.0
gb_23,100.0,85.80246913580247
gb_16,0.0,0.0
