,TPR,FPR
gb,0.0,0.0
gb_ipw,100.0,24.305555555555557
wrangler_23,100.0,81.25
wrangler_16,100.0,100.0
gb_23,100.0,100.0
gb_16,73.6842105263158,1.3888888888888888
