,TPR,FPR
gb,0.0,0.0
gb_ipw,100.0,29.09090909090909
wrangler_23,0.0,0.0
wrangler_16,100.0,100.0
gb_23,100.0,22.424242424242426
gb_16,0.0,0.0
