,TPR,FPR
gb,70.0,0.0
gb_ipw,100.0,22.093023255813954
wrangler_23,100.0,100.0
wrangler_16,100.0,100.0
gb_23,100.0,73.25581395348837
gb_16,100.0,100.0
