,TPR,FPR
gb_opt,45.45454545454545,0.0
gb_ipw_opt,100.0,20.0
wrangler,18.181818181818183,2.857142857142857
