,TPR,FPR
gb_opt,11.538461538461538,0.0
gb_ipw_opt,69.23076923076923,5.714285714285714
wrangler,0.0,0.0
