,TPR,FPR
gb_opt,30.0,0.0
gb_ipw_opt,90.0,8.571428571428571
wrangler,70.0,52.85714285714286
