,TPR,FPR
gb_opt,61.53846153846154,0.0
gb_ipw_opt,92.3076923076923,1.1494252873563218
wrangler,7.6923076923076925,3.4482758620689653
