,TPR,FPR
gb_opt,55.88235294117647,0.8403361344537815
gb_ipw_opt,88.23529411764706,5.042016806722689
wrangler,58.82352941176471,23.10924369747899
