,TPR,FPR
gb_opt,1.2345679012345678,0.0
gb_ipw_opt,100.0,100.0
wrangler,44.44444444444444,44.16961130742049
