,TPR,FPR
gb_opt,60.0,0.0
gb_ipw_opt,100.0,2.9629629629629632
wrangler,65.0,41.48148148148148
