,TPR,FPR
gb_opt,65.0,0.0
gb_ipw_opt,90.0,4.25531914893617
wrangler,0.0,1.4184397163120568
