,TPR,FPR
gb_opt,11.11111111111111,0.0
gb_ipw_opt,90.74074074074075,39.46666666666667
wrangler,0.0,0.0
