,TPR,FPR
gb_opt,37.5,0.0
gb_ipw_opt,100.0,3.571428571428571
wrangler,93.75,72.32142857142857
