,TPR,FPR
gb_opt,9.090909090909092,0.0
gb_ipw_opt,23.636363636363637,0.5194805194805194
wrangler,0.0,0.0
