,TPR,FPR
gb_opt,37.5,0.0
gb_ipw_opt,100.0,3.571428571428571
wrangler,56.25,33.035714285714285
