,TPR,FPR
gb_opt,41.66666666666667,1.1904761904761905
gb_ipw_opt,91.66666666666666,7.142857142857142
wrangler,0.0,0.0
