,TPR,FPR
gb_opt,11.538461538461538,0.0
gb_ipw_opt,55.769230769230774,6.424581005586592
wrangler,46.15384615384615,39.385474860335194
