,TPR,FPR
gb_opt,50.0,0.0
gb_ipw_opt,80.76923076923077,4.733727810650888
wrangler,23.076923076923077,24.2603550295858
