,TPR,FPR
gb_opt,17.647058823529413,0.0
gb_ipw_opt,88.23529411764706,7.82608695652174
wrangler,0.0,0.8695652173913043
