,TPR,FPR
gb_opt,61.53846153846154,0.0
gb_ipw_opt,100.0,13.793103448275861
wrangler,30.76923076923077,16.091954022988507
