,TPR,FPR
gb_opt,57.14285714285714,0.6944444444444444
gb_ipw_opt,100.0,29.86111111111111
wrangler,33.33333333333333,5.555555555555555
