,TPR,FPR
gb_opt,3.225806451612903,0.0
gb_ipw_opt,100.0,100.0
wrangler,54.83870967741935,43.575418994413404
