,TPR,FPR
gb_opt,93.33333333333333,0.0
gb_ipw_opt,100.0,2.1505376344086025
wrangler,93.33333333333333,17.20430107526882
