,TPR,FPR
gb_opt,63.1578947368421,0.0
gb_ipw_opt,100.0,14.728682170542637
wrangler,42.10526315789473,17.05426356589147
