,TPR,FPR
gb_opt,70.0,0.0
gb_ipw_opt,100.0,12.23021582733813
wrangler,15.0,5.755395683453238
