,TPR,FPR
gb_opt,80.95238095238095,0.0
gb_ipw_opt,100.0,5.755395683453238
wrangler,80.95238095238095,38.84892086330935
