,TPR,FPR
gb_opt,9.174311926605505,0.0
gb_ipw_opt,100.0,99.7308209959623
wrangler,0.0,0.0
