,TPR,FPR
gb_opt,90.0,0.0
gb_ipw_opt,95.0,1.3986013986013985
wrangler,35.0,4.895104895104895
