,TPR,FPR
gb_opt,75.0,1.3966480446927374
gb_ipw_opt,94.23076923076923,19.553072625698324
wrangler,88.46153846153845,46.089385474860336
