,TPR,FPR
gb_opt,17.307692307692307,2.5787965616045847
gb_ipw_opt,82.6923076923077,46.99140401146132
wrangler,69.23076923076923,46.41833810888252
