,TPR,FPR
gb_opt,78.57142857142857,0.0
gb_ipw_opt,100.0,16.867469879518072
wrangler,92.85714285714286,89.1566265060241
