,TPR,FPR
gb_opt,63.63636363636363,0.0
gb_ipw_opt,100.0,100.0
wrangler,54.54545454545454,32.857142857142854
