,TPR,FPR
gb_opt,72.72727272727273,1.293103448275862
gb_ipw_opt,97.97979797979798,14.224137931034484
wrangler,98.98989898989899,49.42528735632184
