,TPR,FPR
gb_opt,36.36363636363637,1.4492753623188406
gb_ipw_opt,100.0,100.0
wrangler,72.72727272727273,47.82608695652174
