,TPR,FPR
gb_opt,70.0,0.0
gb_ipw_opt,90.0,2.7777777777777777
wrangler,30.0,36.11111111111111
