,TPR,FPR
gb_opt,84.61538461538461,1.1173184357541899
gb_ipw_opt,100.0,11.1731843575419
wrangler,69.23076923076923,40.22346368715084
