,TPR,FPR
gb_opt,97.61904761904762,0.8517887563884157
gb_ipw_opt,100.0,1.192504258943782
wrangler,73.80952380952381,84.8381601362862
