,TPR,FPR
gb_opt,63.1578947368421,0.0
gb_ipw_opt,100.0,2.2556390977443606
wrangler,31.57894736842105,2.2556390977443606
