,TPR,FPR
gb_opt,82.35294117647058,0.0
gb_ipw_opt,100.0,7.627118644067797
wrangler,29.411764705882355,5.084745762711865
