,TPR,FPR
gb_opt,0.0,0.0
gb_ipw_opt,100.0,100.0
wrangler,56.00000000000001,54.41595441595442
