,TPR,FPR
gb_opt,14.285714285714285,0.0
gb_ipw_opt,66.66666666666666,4.225352112676056
wrangler,76.19047619047619,60.56338028169014
