,TPR,FPR
gb_opt,77.77777777777779,0.0
gb_ipw_opt,100.0,61.71875
wrangler,27.77777777777778,17.1875
