,TPR,FPR
gb_opt,38.095238095238095,0.0
gb_ipw_opt,100.0,15.454545454545453
wrangler,33.33333333333333,11.818181818181818
