,TPR,FPR
gb_opt,57.89473684210527,0.0
gb_ipw_opt,100.0,21.052631578947366
wrangler,5.263157894736842,0.0
