,TPR,FPR
gb_opt,83.83838383838383,1.875901875901876
gb_ipw_opt,93.93939393939394,7.792207792207792
wrangler,100.0,50.79365079365079
