,TPR,FPR
gb_opt,61.904761904761905,0.7518796992481203
gb_ipw_opt,95.23809523809523,6.7669172932330826
wrangler,0.0,0.0
