,TPR,FPR
gb_opt,75.75757575757575,2.094972067039106
gb_ipw_opt,100.0,14.804469273743019
wrangler,98.98989898989899,46.64804469273743
