,TPR,FPR
gb_opt,18.181818181818183,0.0
gb_ipw_opt,100.0,73.0593607305936
wrangler,84.84848484848484,57.99086757990868
