,TPR,FPR
gb_opt,0.0,0.0
gb_ipw_opt,100.0,100.0
wrangler,45.45454545454545,54.166666666666664
