,TPR,FPR
gb_opt,76.92307692307693,0.0
gb_ipw_opt,100.0,16.483516483516482
wrangler,100.0,72.52747252747253
