,TPR,FPR
gb_opt,27.027027027027028,0.0
gb_ipw_opt,100.0,98.62385321100918
wrangler,0.0,0.0
