,TPR,FPR
gb_opt,91.91919191919192,0.38314176245210724
gb_ipw_opt,100.0,5.236270753512133
wrangler,83.83838383838383,9.195402298850574
