,TPR,FPR
gb_opt,81.81818181818183,0.0
gb_ipw_opt,100.0,4.285714285714286
wrangler,54.54545454545454,14.285714285714285
