,TPR,FPR
gb_opt,75.75757575757575,1.267605633802817
gb_ipw_opt,94.94949494949495,11.971830985915492
wrangler,100.0,49.014084507042256
