,TPR,FPR
gb_opt,58.333333333333336,0.0
gb_ipw_opt,100.0,2.7777777777777777
wrangler,66.66666666666666,43.05555555555556
