,TPR,FPR
gb_opt,86.66666666666667,0.0
gb_ipw_opt,92.22222222222223,2.13089802130898
wrangler,98.88888888888889,14.00304414003044
