,TPR,FPR
gb_opt,69.23076923076923,0.0
gb_ipw_opt,100.0,1.1111111111111112
wrangler,0.0,0.0
