,TPR,FPR
gb_opt,96.15384615384616,0.0
gb_ipw_opt,100.0,7.142857142857142
wrangler,100.0,23.076923076923077
