,TPR,FPR
gb_opt,90.0,0.0
gb_ipw_opt,100.0,7.042253521126761
wrangler,30.0,2.8169014084507045
