,TPR,FPR
gb_opt,42.857142857142854,0.0
gb_ipw_opt,64.28571428571429,3.3707865168539324
wrangler,21.428571428571427,17.97752808988764
