,TPR,FPR
gb_opt,73.73737373737373,1.146131805157593
gb_ipw_opt,100.0,24.212034383954155
wrangler,100.0,48.42406876790831
