,TPR,FPR
gb_opt,17.391304347826086,0.0
gb_ipw_opt,100.0,100.0
wrangler,26.08695652173913,18.012422360248447
