,TPR,FPR
gb_opt,74.74747474747475,0.9985734664764622
gb_ipw_opt,97.97979797979798,14.693295292439373
wrangler,100.0,46.219686162624825
