,TPR,FPR
gb_opt,23.809523809523807,0.0
gb_ipw_opt,66.66666666666666,2.272727272727273
wrangler,19.047619047619047,1.5151515151515151
