,TPR,FPR
gb_opt,53.84615384615385,0.0
gb_ipw_opt,92.3076923076923,6.382978723404255
wrangler,65.38461538461539,46.808510638297875
