,TPR,FPR
gb_opt,87.17948717948718,0.0
gb_ipw_opt,97.43589743589743,4.395604395604396
wrangler,87.17948717948718,7.326007326007327
