,TPR,FPR
gb_opt,41.0,0.7142857142857143
gb_ipw_opt,77.0,12.857142857142856
wrangler,85.0,33.42857142857143
