,TPR,FPR
gb_opt,100.0,0.0
gb_ipw_opt,100.0,1.680672268907563
wrangler,100.0,14.285714285714285
