,TPR,FPR
gb_opt,30.0,0.7575757575757576
gb_ipw_opt,100.0,19.696969696969695
wrangler,0.0,0.0
