,TPR,FPR
gb_opt,90.9090909090909,0.0
gb_ipw_opt,100.0,5.263157894736842
wrangler,100.0,15.789473684210526
