,TPR,FPR
gb_opt,66.84397163120568,2.9950942421895173
gb_ipw_opt,81.73758865248227,21.14639814097599
wrangler,27.659574468085108,3.898786470436354
