,TPR,FPR
gb_opt,50.635208711433755,1.2320328542094456
gb_ipw_opt,79.3103448275862,20.918891170431213
wrangler,15.063520871143377,0.3080082135523614
