,TPR,FPR
gb_opt,55.55555555555556,0.0
gb_ipw_opt,88.88888888888889,1.7094017094017095
wrangler,77.77777777777779,43.58974358974359
