,TPR,FPR
gb_opt,5.0,0.0
gb_ipw_opt,100.0,83.96369137670196
wrangler,100.0,84.41754916792739
