,TPR,FPR
gb_opt,91.91919191919192,0.38314176245210724
gb_ipw_opt,100.0,5.236270753512133
wrangler,84.84848484848484,12.51596424010217
