,TPR,FPR
gb_opt,62.857142857142854,1.0638297872340425
gb_ipw_opt,100.0,98.40425531914893
wrangler,0.0,0.0
