,TPR,FPR
gb_opt,80.0,0.0
gb_ipw_opt,100.0,8.88888888888889
wrangler,25.0,9.62962962962963
