,TPR,FPR
gb_opt,47.05882352941176,0.0
gb_ipw_opt,100.0,94.18604651162791
wrangler,29.411764705882355,25.581395348837212
