,TPR,FPR
gb_opt,57.14285714285714,0.0
gb_ipw_opt,100.0,98.64253393665159
wrangler,60.0,47.963800904977376
