,TPR,FPR
gb_opt,87.17948717948718,0.0
gb_ipw_opt,97.43589743589743,6.296296296296296
wrangler,84.61538461538461,21.85185185185185
