,TPR,FPR
gb_opt,86.36363636363636,1.4760147601476015
gb_ipw_opt,95.45454545454545,9.22509225092251
wrangler,63.63636363636363,71.21771217712177
