,TPR,FPR
gb_opt,95.0,0.0
gb_ipw_opt,100.0,2.127659574468085
wrangler,30.0,10.638297872340425
