,TPR,FPR
gb_opt,100.0,0.0
gb_ipw_opt,100.0,3.225806451612903
wrangler,71.42857142857143,22.58064516129032
