,TPR,FPR
gb_opt,97.5,1.048951048951049
gb_ipw_opt,100.0,8.741258741258742
wrangler,50.0,10.13986013986014
