,TPR,FPR
gb_opt,75.0,0.0
gb_ipw_opt,85.0,0.0
wrangler,55.00000000000001,41.42857142857143
