,TPR,FPR
gb_opt,91.66666666666666,0.0
gb_ipw_opt,100.0,3.3707865168539324
wrangler,83.33333333333334,98.87640449438202
