,TPR,FPR
gb_opt,66.66666666666666,0.0
gb_ipw_opt,100.0,100.0
wrangler,26.666666666666668,15.65217391304348
