,TPR,FPR
gb_opt,94.11764705882352,0.0
gb_ipw_opt,100.0,2.5
wrangler,100.0,19.166666666666668
