,TPR,FPR
gb_opt,55.00000000000001,2.9629629629629632
gb_ipw_opt,87.5,14.814814814814813
wrangler,85.0,30.0
