,TPR,FPR
gb_opt,17.1875,0.0
gb_ipw_opt,100.0,99.77728285077951
wrangler,10.9375,10.913140311804009
