,TPR,FPR
gb_opt,75.0,0.0
gb_ipw_opt,100.0,13.043478260869565
wrangler,83.33333333333334,17.391304347826086
