,TPR,FPR
gb_opt,0.0,0.5681818181818182
gb_ipw_opt,72.41379310344827,25.0
wrangler,0.0,0.0
