,TPR,FPR
gb_opt,90.0,0.0
gb_ipw_opt,100.0,1.4084507042253522
wrangler,20.0,4.225352112676056
