,TPR,FPR
gb_opt,75.75757575757575,1.3717421124828533
gb_ipw_opt,97.97979797979798,12.894375857338819
wrangler,100.0,45.267489711934154
