,TPR,FPR
gb_opt,28.57142857142857,2.247191011235955
gb_ipw_opt,100.0,73.03370786516854
wrangler,71.42857142857143,38.20224719101123
