,TPR,FPR
gb_opt,83.33333333333334,0.0
gb_ipw_opt,100.0,1.0752688172043012
wrangler,100.0,95.6989247311828
