,TPR,FPR
gb_opt,66.05504587155964,1.7595307917888565
gb_ipw_opt,98.1651376146789,33.137829912023456
wrangler,86.23853211009175,53.81231671554252
