,TPR,FPR
gb_opt,94.87179487179486,0.36496350364963503
gb_ipw_opt,97.43589743589743,5.109489051094891
wrangler,97.43589743589743,24.087591240875913
