,TPR,FPR
gb_opt,72.72727272727273,1.4492753623188406
gb_ipw_opt,100.0,7.246376811594203
wrangler,63.63636363636363,17.391304347826086
