,TPR,FPR
gb_opt,90.0,0.0
gb_ipw_opt,100.0,5.442176870748299
wrangler,40.0,17.006802721088434
