,TPR,FPR
gb_opt,100.0,0.0
gb_ipw_opt,100.0,1.2658227848101267
wrangler,50.0,7.59493670886076
