,TPR,FPR
gb_opt,30.0,0.2857142857142857
gb_ipw_opt,74.0,11.714285714285715
wrangler,30.0,19.714285714285715
