,TPR,FPR
gb_opt,89.10891089108911,0.5714285714285714
gb_ipw_opt,94.05940594059405,2.857142857142857
wrangler,99.00990099009901,87.42857142857143
