,TPR,FPR
gb_opt,60.0,0.0
gb_ipw_opt,100.0,67.41573033707866
wrangler,73.33333333333333,43.82022471910113
