,TPR,FPR
gb_opt,73.68421052631578,0.0
gb_ipw_opt,100.0,10.526315789473683
wrangler,5.263157894736842,0.0
