,TPR,FPR
gb_opt,31.25,0.0
gb_ipw_opt,100.0,13.333333333333334
wrangler,75.0,70.47619047619048
