,TPR,FPR
gb_opt,85.71428571428571,1.5267175572519083
gb_ipw_opt,100.0,9.16030534351145
wrangler,85.71428571428571,5.343511450381679
