,TPR,FPR
gb_opt,57.692307692307686,0.0
gb_ipw_opt,96.15384615384616,35.39325842696629
wrangler,76.92307692307693,38.764044943820224
