,TPR,FPR
gb_opt,7.317073170731707,0.2597402597402597
gb_ipw_opt,100.0,100.0
wrangler,43.90243902439025,35.324675324675326
