,TPR,FPR
gb_opt,61.904761904761905,0.0
gb_ipw_opt,100.0,8.303249097472925
wrangler,69.04761904761905,21.660649819494584
