,TPR,FPR
gb_opt,92.3076923076923,0.0
gb_ipw_opt,92.3076923076923,2.1052631578947367
wrangler,30.76923076923077,8.421052631578947
