,TPR,FPR
gb_opt,86.53846153846155,1.3966480446927374
gb_ipw_opt,92.3076923076923,12.290502793296088
wrangler,90.38461538461539,55.865921787709496
