,TPR,FPR
gb_opt,80.0,0.0
gb_ipw_opt,95.0,3.6764705882352944
wrangler,85.0,9.558823529411764
