,TPR,FPR
gb_opt,84.61538461538461,1.098901098901099
gb_ipw_opt,92.3076923076923,8.058608058608058
wrangler,61.53846153846154,10.989010989010989
