,TPR,FPR
gb_opt,33.33333333333333,11.11111111111111
gb_ipw_opt,100.0,99.07407407407408
wrangler,94.44444444444444,53.24074074074075
