,TPR,FPR
gb_opt,75.47169811320755,0.38167938931297707
gb_ipw_opt,96.22641509433963,9.923664122137405
wrangler,66.0377358490566,63.358778625954194
