,TPR,FPR
gb_opt,58.333333333333336,0.0
gb_ipw_opt,100.0,2.7777777777777777
wrangler,16.666666666666664,0.0
