,TPR,FPR
gb_opt,90.0,0.0
gb_ipw_opt,100.0,5.985915492957746
wrangler,27.500000000000004,10.56338028169014
