,TPR,FPR
gb_opt,7.4074074074074066,0.0
gb_ipw_opt,100.0,100.0
wrangler,14.814814814814813,5.617977528089887
