,TPR,FPR
gb_opt,41.0,0.7142857142857143
gb_ipw_opt,77.0,12.857142857142856
wrangler,49.0,6.857142857142858
