,TPR,FPR
gb_opt,71.05263157894737,0.7168458781362007
gb_ipw_opt,97.36842105263158,8.960573476702509
wrangler,73.68421052631578,9.67741935483871
