,TPR,FPR
gb_opt,48.57142857142857,0.0
gb_ipw_opt,80.0,2.857142857142857
wrangler,0.0,0.0
