,TPR,FPR
gb_opt,88.88888888888889,0.0
gb_ipw_opt,88.88888888888889,0.0
wrangler,50.0,0.0
