,TPR,FPR
gb_opt,0.0,0.0
gb_ipw_opt,36.666666666666664,18.095238095238095
wrangler,0.0,0.0
