,TPR,FPR
gb_opt,57.89473684210527,0.7518796992481203
gb_ipw_opt,100.0,6.7669172932330826
wrangler,10.526315789473683,0.0
