,TPR,FPR
gb_opt,77.0,1.4388489208633095
gb_ipw_opt,95.0,7.76978417266187
wrangler,100.0,51.798561151079134
