,TPR,FPR
gb_opt,63.1578947368421,0.0
gb_ipw_opt,78.94736842105263,4.761904761904762
wrangler,5.263157894736842,0.0
