,TPR,FPR
gb_opt,0.0,0.0
gb_ipw_opt,77.77777777777779,14.606741573033707
wrangler,77.77777777777779,65.73033707865169
