,TPR,FPR
gb_opt,12.82051282051282,1.4981273408239701
gb_ipw_opt,97.43589743589743,44.19475655430712
wrangler,94.87179487179486,56.55430711610487
