,TPR,FPR
gb_opt,63.1578947368421,1.4925373134328357
gb_ipw_opt,100.0,10.44776119402985
wrangler,73.68421052631578,15.671641791044777
