,TPR,FPR
gb_opt,65.65656565656566,1.8571428571428572
gb_ipw_opt,97.97979797979798,17.285714285714285
wrangler,100.0,49.57142857142857
