,TPR,FPR
gb_opt,11.11111111111111,0.0
gb_ipw_opt,77.77777777777779,9.550561797752808
wrangler,7.4074074074074066,1.6853932584269662
