,TPR,FPR
gb_opt,50.0,0.0
gb_ipw_opt,100.0,44.354838709677416
wrangler,33.33333333333333,14.516129032258066
