,TPR,FPR
gb_opt,80.95238095238095,0.6896551724137931
gb_ipw_opt,100.0,6.896551724137931
wrangler,95.23809523809523,20.689655172413794
