,TPR,FPR
gb_opt,75.0,0.0
gb_ipw_opt,100.0,3.5294117647058822
wrangler,0.0,1.1764705882352942
