,TPR,FPR
gb_opt,35.0,0.0
gb_ipw_opt,100.0,14.893617021276595
wrangler,30.0,9.219858156028367
