,TPR,FPR
gb_opt,42.857142857142854,0.0
gb_ipw_opt,100.0,27.972027972027973
wrangler,14.285714285714285,1.3986013986013985
