,TPR,FPR
gb_opt,61.53846153846154,0.0
gb_ipw_opt,100.0,13.333333333333334
wrangler,61.53846153846154,67.77777777777779
