,TPR,FPR
gb_opt,95.83333333333334,0.0
gb_ipw_opt,100.0,4.166666666666666
wrangler,100.0,26.190476190476193
