,TPR,FPR
gb_opt,50.0,1.5037593984962405
gb_ipw_opt,100.0,16.541353383458645
wrangler,35.0,13.533834586466165
