,TPR,FPR
gb_opt,0.9523809523809524,0.0
gb_ipw_opt,100.0,100.0
wrangler,46.666666666666664,34.603658536585364
