,TPR,FPR
gb_opt,70.70707070707071,0.4291845493562232
gb_ipw_opt,100.0,12.160228898426324
wrangler,100.0,50.786838340486405
