,TPR,FPR
gb_opt,88.46153846153845,0.0
gb_ipw_opt,100.0,3.825136612021858
wrangler,80.76923076923077,7.103825136612022
