,TPR,FPR
gb_opt,3.4482758620689653,0.0
gb_ipw_opt,17.24137931034483,0.0
wrangler,55.172413793103445,52.21674876847291
