,TPR,FPR
gb_opt,17.391304347826086,0.0
gb_ipw_opt,100.0,100.0
wrangler,21.73913043478261,19.25465838509317
