,TPR,FPR
gb_opt,46.666666666666664,0.0
gb_ipw_opt,80.0,1.0869565217391304
wrangler,53.333333333333336,6.521739130434782
