,TPR,FPR
gb_opt,75.75757575757575,1.5691868758915835
gb_ipw_opt,100.0,15.406562054208273
wrangler,100.0,46.79029957203994
