,TPR,FPR
gb_opt,38.095238095238095,0.0
gb_ipw_opt,100.0,22.377622377622377
wrangler,9.523809523809524,13.986013986013987
