,TPR,FPR
gb_opt,28.999999999999996,0.2857142857142857
gb_ipw_opt,97.0,41.14285714285714
wrangler,67.0,13.714285714285715
