,TPR,FPR
gb_opt,74.74747474747475,1.276595744680851
gb_ipw_opt,96.96969696969697,15.460992907801419
wrangler,98.98989898989899,49.219858156028366
