,TPR,FPR
gb_opt,100.0,0.0
gb_ipw_opt,100.0,4.10958904109589
wrangler,70.0,6.8493150684931505
