,TPR,FPR
gb_opt,90.0,0.0
gb_ipw_opt,100.0,10.256410256410255
wrangler,80.0,7.6923076923076925
