,TPR,FPR
gb_opt,81.81818181818183,1.2875536480686696
gb_ipw_opt,96.96969696969697,10.72961373390558
wrangler,98.98989898989899,49.35622317596567
