,TPR,FPR
gb_opt,100.0,0.0
gb_ipw_opt,100.0,3.7383177570093453
wrangler,93.33333333333333,16.822429906542055
