,TPR,FPR
gb_opt,100.0,0.0
gb_ipw_opt,100.0,4.444444444444445
wrangler,92.3076923076923,8.88888888888889
