,TPR,FPR
gb_opt,67.67676767676768,1.875901875901876
gb_ipw_opt,97.97979797979798,15.295815295815295
wrangler,100.0,48.77344877344878
