,TPR,FPR
gb_opt,5.714285714285714,0.0
gb_ipw_opt,57.14285714285714,0.8849557522123894
wrangler,0.0,0.0
