,TPR,FPR
gb_opt,82.0,0.4048582995951417
gb_ipw_opt,95.0,3.2388663967611335
wrangler,81.0,20.242914979757085
