,TPR,FPR
gb_opt,13.684210526315791,0.14947683109118087
gb_ipw_opt,60.0,17.040358744394617
wrangler,10.526315789473683,3.1390134529147984
