,TPR,FPR
gb_opt,53.84615384615385,0.0
gb_ipw_opt,100.0,4.301075268817205
wrangler,53.84615384615385,11.827956989247312
