,TPR,FPR
gb_opt,97.5609756097561,0.0
gb_ipw_opt,97.5609756097561,1.0344827586206897
wrangler,0.0,0.0
