,TPR,FPR
gb_opt,5.445544554455446,4.32761087267525
gb_ipw_opt,96.78217821782178,74.07010014306151
wrangler,92.82178217821783,67.13161659513591
