,TPR,FPR
gb_opt,50.0,0.0
gb_ipw_opt,100.0,28.985507246376812
wrangler,43.75,34.78260869565217
