,TPR,FPR
gb_opt,0.0,0.0
gb_ipw_opt,100.0,2.586206896551724
wrangler,6.25,0.8620689655172413
