,TPR,FPR
gb_opt,95.65217391304348,0.6369426751592357
gb_ipw_opt,100.0,22.929936305732486
wrangler,95.65217391304348,35.6687898089172
