,TPR,FPR
gb_opt,68.42105263157895,0.0
gb_ipw_opt,73.68421052631578,5.691056910569105
wrangler,0.0,0.0
