,TPR,FPR
gb_opt,71.05263157894737,0.7168458781362007
gb_ipw_opt,97.36842105263158,8.960573476702509
wrangler,81.57894736842105,16.129032258064516
