,TPR,FPR
gb_opt,75.25773195876289,1.4684287812041115
gb_ipw_opt,89.69072164948454,5.873715124816446
wrangler,57.73195876288659,8.076358296622614
