,TPR,FPR
gb_opt,0.0,0.0
gb_ipw_opt,100.0,97.64150943396226
wrangler,16.666666666666664,16.037735849056602
