,TPR,FPR
gb_opt,72.72727272727273,0.5763688760806917
gb_ipw_opt,98.98989898989899,13.688760806916425
wrangler,100.0,48.84726224783862
