,TPR,FPR
gb_opt,80.8080808080808,1.4104372355430184
gb_ipw_opt,98.98989898989899,14.104372355430183
wrangler,100.0,46.5444287729196
