,TPR,FPR
gb_opt,31.25,0.0
gb_ipw_opt,100.0,13.333333333333334
wrangler,0.0,7.6190476190476195
