,TPR,FPR
gb_opt,44.44444444444444,0.0
gb_ipw_opt,100.0,18.0327868852459
wrangler,16.666666666666664,7.377049180327869
