,TPR,FPR
gb_opt,60.0,9.45945945945946
gb_ipw_opt,100.0,100.0
wrangler,0.0,4.054054054054054
