,TPR,FPR
gb_opt,57.14285714285714,0.0
gb_ipw_opt,90.47619047619048,2.5210084033613445
wrangler,66.66666666666666,10.92436974789916
