,TPR,FPR
gb_opt,15.0,1.4814814814814816
gb_ipw_opt,100.0,5.185185185185185
wrangler,65.0,35.55555555555556
