,TPR,FPR
gb_opt,84.61538461538461,0.0
gb_ipw_opt,100.0,93.97590361445783
wrangler,38.46153846153847,0.0
