,TPR,FPR
gb_opt,28.57142857142857,0.0
gb_ipw_opt,100.0,100.0
wrangler,64.28571428571429,70.32967032967034
