,TPR,FPR
gb_opt,18.666666666666668,2.666666666666667
gb_ipw_opt,58.666666666666664,24.571428571428573
wrangler,54.666666666666664,37.142857142857146
