,TPR,FPR
gb_opt,59.09090909090909,0.0
gb_ipw_opt,100.0,92.95774647887323
wrangler,0.0,0.0
