,gb_opt,gb_ipw_opt,wrangler
0,0.04125261306762695,0.047597408294677734,0.007776869941003543
