,gb_opt,gb_ipw_opt,wrangler
0,0.05208706855773926,0.058905601501464844,0.00781714916229248
