,gb_opt,gb_ipw_opt,wrangler
0,0.11435604095458984,0.12432050704956055,0.0041363456032492895
