,gb_opt,gb_ipw_opt,wrangler
0,0.05231046676635742,0.05654430389404297,0.0034020497248722957
