,gb_opt,gb_ipw_opt,wrangler
0,0.18039345741271973,0.1895589828491211,0.006220023620304802
