,gb_opt,gb_ipw_opt,wrangler
0,0.49728894233703613,0.5143234729766846,0.004830161853930164
