,gb_opt,gb_ipw_opt,wrangler
0,0.04899764060974121,0.05549001693725586,0.00568698434268727
