,gb_opt,gb_ipw_opt,wrangler
0,0.08664989471435547,0.09503531455993652,0.0066394805908203125
