,gb_opt,gb_ipw_opt,wrangler
0,0.6177737712860107,0.6454448699951172,0.01613651481453613
