,gb_opt,gb_ipw_opt,wrangler
0,0.05398392677307129,0.06109189987182617,0.0050597720675998265
