,gb_opt,gb_ipw_opt,wrangler
0,0.06369400024414062,0.07277250289916992,0.01226961612701416
