,gb_opt,gb_ipw_opt,wrangler
0,0.19928693771362305,0.20797967910766602,0.005257900223532557
