,gb_opt,gb_ipw_opt,wrangler
0,0.05362296104431152,0.061391592025756836,0.009728866873435604
