,gb_opt,gb_ipw_opt,wrangler
0,0.06768679618835449,0.07341122627258301,0.0031976788132279006
