,gb_opt,gb_ipw_opt,wrangler
0,0.03634142875671387,0.040489912033081055,0.006502866744995117
