,gb_opt,gb_ipw_opt,wrangler
0,0.10048174858093262,0.1073310375213623,0.003485817617925417
