,gb_opt,gb_ipw_opt,wrangler
0,0.039026737213134766,0.04295611381530762,0.005952243147225215
