,gb_opt,gb_ipw_opt,wrangler
0,0.09176135063171387,0.09982800483703613,0.002766412401956225
