,gb_opt,gb_ipw_opt,wrangler
0,0.06874394416809082,0.07419562339782715,0.005610527530793221
