,gb_opt,gb_ipw_opt,wrangler
0,0.06375384330749512,0.07204246520996094,0.00510479043597824
