,gb_opt,gb_ipw_opt,wrangler
0,0.0897526741027832,0.10697627067565918,0.006534768350469241
