,gb_opt,gb_ipw_opt,wrangler
0,0.0984029769897461,0.10753488540649414,0.00413295325882938
