,gb_opt,gb_ipw_opt,wrangler
0,0.04334139823913574,0.04807233810424805,0.0046929742535974225
