,gb_opt,gb_ipw_opt,wrangler
0,0.5289628505706787,0.5517270565032959,0.003110807680785994
