,gb_opt,gb_ipw_opt,wrangler
0,0.06653308868408203,0.07343006134033203,0.003303993831981312
