,gb_opt,gb_ipw_opt,wrangler
0,0.045432329177856445,0.05335831642150879,0.007342448276756084
