,gb_opt,gb_ipw_opt,wrangler
0,0.13282442092895508,0.14597058296203613,0.003287196159362793
