,gb_opt,gb_ipw_opt,wrangler
0,0.03837180137634277,0.048005104064941406,0.006921083024404581
