,gb_opt,gb_ipw_opt,wrangler
0,0.14001822471618652,0.15067744255065918,0.009164214134216309
