,gb_opt,gb_ipw_opt,wrangler
0,0.042764902114868164,0.05044102668762207,0.009489059448242188
