,gb_opt,gb_ipw_opt,wrangler
0,0.0748903751373291,0.08188128471374512,0.0059678573016972505
