,gb_opt,gb_ipw_opt,wrangler
0,0.15096235275268555,0.16315650939941406,0.0031398716115594804
