,gb_opt,gb_ipw_opt,wrangler
0,0.10116267204284668,0.10728883743286133,0.003523980417559224
