,gb_opt,gb_ipw_opt,wrangler
0,0.03515458106994629,0.03948783874511719,0.006273388862609863
