,gb_opt,gb_ipw_opt,wrangler
0,0.044814109802246094,0.05014777183532715,0.005089003464271283
