,gb_opt,gb_ipw_opt,wrangler
0,0.4462716579437256,0.47016191482543945,0.010118425262640722
