,gb_opt,gb_ipw_opt,wrangler
0,0.036428213119506836,0.04278206825256348,0.008744755010495242
