,gb_opt,gb_ipw_opt,wrangler
0,0.0613095760345459,0.06572103500366211,0.0047308843840593055
