,gb_opt,gb_ipw_opt,wrangler
0,0.04527163505554199,0.052147626876831055,0.006009724514543517
