,gb_opt,gb_ipw_opt,wrangler
0,0.06157350540161133,0.07109236717224121,0.005882037313360918
