,gb_opt,gb_ipw_opt,wrangler
0,0.187361478805542,0.1941523551940918,0.0031871455056326726
