,gb_opt,gb_ipw_opt,wrangler
0,0.0999608039855957,0.10675358772277832,0.0025264678462859126
