,gb_opt,gb_ipw_opt,wrangler
0,0.1374199390411377,0.14533424377441406,0.002748529675980689
