,gb_opt,gb_ipw_opt,wrangler
0,0.059613704681396484,0.06399083137512207,0.004155295235770089
