,gb_opt,gb_ipw_opt,wrangler
0,0.6798322200775146,0.6994791030883789,0.012089675139240441
