,gb_opt,gb_ipw_opt,wrangler
0,0.060086727142333984,0.06827378273010254,0.004319257514421329
