,gb_opt,gb_ipw_opt,wrangler
0,0.033257484436035156,0.03716135025024414,0.005906536465599424
