,gb_opt,gb_ipw_opt,wrangler
0,0.03627657890319824,0.04085850715637207,0.006511807441711426
