,gb_opt,gb_ipw_opt,wrangler
0,0.08532023429870605,0.09148669242858887,0.004967297513060774
