,gb_opt,gb_ipw_opt,wrangler
0,0.13316845893859863,0.1454296112060547,0.0045299530029296875
