,gb_opt,gb_ipw_opt,wrangler
0,0.05493497848510742,0.06365036964416504,0.010921294430652297
