,gb_opt,gb_ipw_opt,wrangler
0,0.148634672164917,0.15807318687438965,0.003478593296474881
