,gb_opt,gb_ipw_opt,wrangler
0,0.06787753105163574,0.07284188270568848,0.0035809081734962836
