,gb_opt,gb_ipw_opt,wrangler
0,0.28536343574523926,0.2982802391052246,0.006478021640588741
