,gb_opt,gb_ipw_opt,wrangler
0,0.05534696578979492,0.06342887878417969,0.010148588433323136
