,gb_opt,gb_ipw_opt,wrangler
0,0.7074153423309326,0.7264289855957031,0.008768741519874172
