,gb_opt,gb_ipw_opt,wrangler
0,0.07989120483398438,0.09016036987304688,0.005162280538807744
