,gb_opt,gb_ipw_opt,wrangler
0,0.04311060905456543,0.047718048095703125,0.005844027497047602
