,gb_opt,gb_ipw_opt,wrangler
0,1.9149184226989746,1.9627046585083008,0.036832875510939056
