,gb_opt,gb_ipw_opt,wrangler
0,0.03475046157836914,0.038666725158691406,0.005550945506376378
