,gb_opt,gb_ipw_opt,wrangler
0,0.060479164123535156,0.06563997268676758,0.009216111281822467
