,gb_opt,gb_ipw_opt,wrangler
0,0.1041724681854248,0.11728477478027344,0.009262815434881982
