,gb_opt,gb_ipw_opt,wrangler
0,0.03814697265625,0.042368173599243164,0.005628381456647601
