,gb_opt,gb_ipw_opt,wrangler
0,0.08616352081298828,0.09409713745117188,0.006147133287533309
