,gb_opt,gb_ipw_opt,wrangler
0,0.052590131759643555,0.06042146682739258,0.006296942310948525
