,gb_opt,gb_ipw_opt,wrangler
0,0.04043722152709961,0.04504513740539551,0.005980332692464192
