,gb_opt,gb_ipw_opt,wrangler
0,0.4105656147003174,0.44043707847595215,0.004964172840118408
