,gb_opt,gb_ipw_opt,wrangler
0,0.09415435791015625,0.11729121208190918,0.008356280443145007
