,gb_opt,gb_ipw_opt,wrangler
0,0.050789833068847656,0.05735898017883301,0.0044879588213833895
