,gb_opt,gb_ipw_opt,wrangler
0,0.03697705268859863,0.04043936729431152,0.0060498714447021484
