,gb_opt,gb_ipw_opt,wrangler
0,0.04315066337585449,0.04787635803222656,0.004629294077555339
