,gb_opt,gb_ipw_opt,wrangler
0,0.07819795608520508,0.08533740043640137,0.003526752121782533
