,gb_opt,gb_ipw_opt,wrangler
0,0.04435539245605469,0.05179882049560547,0.007015163615598517
