,gb_opt,gb_ipw_opt,wrangler
0,0.0802011489868164,0.08944892883300781,0.005497515780254475
