,gb_opt,gb_ipw_opt,wrangler
0,0.035312652587890625,0.039130210876464844,0.0059157609939575195
