,gb_opt,gb_ipw_opt,wrangler
0,0.0967721939086914,0.10293245315551758,0.002326167581652507
