,gb_opt,gb_ipw_opt,wrangler
0,0.03650164604187012,0.04023909568786621,0.005161762237548828
