,gb_opt,gb_ipw_opt,wrangler
0,0.058309078216552734,0.06270384788513184,0.0038676791720920136
