,gb_opt,gb_ipw_opt,wrangler
0,0.05995535850524902,0.06752371788024902,0.01669213885352725
