,gb_opt,gb_ipw_opt,wrangler
0,0.21483683586120605,0.23447275161743164,0.008116305713922205
