,gb_opt,gb_ipw_opt,wrangler
0,0.03596043586730957,0.03986716270446777,0.006038968156023723
