,gb_opt,gb_ipw_opt,wrangler
0,0.11189770698547363,0.11901283264160156,0.002475707761702999
