,gb_opt,gb_ipw_opt,wrangler
0,0.2414548397064209,0.2549886703491211,0.0031128051174674066
