,gb_opt,gb_ipw_opt,wrangler
0,0.06818413734436035,0.07857108116149902,0.01363698826279751
