,gb_opt,gb_ipw_opt,wrangler
0,0.15198659896850586,0.16137981414794922,0.004453536791679187
