,gb_opt,gb_ipw_opt,wrangler
0,0.03554987907409668,0.03937196731567383,0.005591747372649437
