,gb_opt,gb_ipw_opt,wrangler
0,0.05526232719421387,0.06185126304626465,0.008174777030944824
