,gb_opt,gb_ipw_opt,wrangler
0,0.03672289848327637,0.040884971618652344,0.006071356839911882
