,gb_opt,gb_ipw_opt,wrangler
0,0.17635607719421387,0.18633031845092773,0.002467632293701172
