,gb_opt,gb_ipw_opt,wrangler
0,0.05353879928588867,0.05799126625061035,0.0032433923685325767
