,gb_opt,gb_ipw_opt,wrangler
0,0.06090497970581055,0.06809258460998535,0.00421948485322051
