,gb_opt,gb_ipw_opt,wrangler
0,0.03557276725769043,0.039714813232421875,0.006076693534851074
