,gb_opt,gb_ipw_opt,wrangler
0,0.03395485877990723,0.038111209869384766,0.006264448165893555
