,gb_opt,gb_ipw_opt,wrangler
0,0.15342307090759277,0.1643524169921875,0.0051241654616135815
