,gb_opt,gb_ipw_opt,wrangler
0,0.059351444244384766,0.06529593467712402,0.003486309411390772
