,gb_opt,gb_ipw_opt,wrangler
0,0.04810786247253418,0.05370688438415527,0.0043036574024265094
