,gb_opt,gb_ipw_opt,wrangler
0,0.06293606758117676,0.06868362426757812,0.006617851627683176
