,gb_opt,gb_ipw_opt,wrangler
0,0.043015241622924805,0.046640872955322266,0.004318253747348128
