,gb_opt,gb_ipw_opt,wrangler
0,0.0802617073059082,0.08425068855285645,0.0031356987315938217
