,gb_opt,gb_ipw_opt,wrangler
0,0.07937312126159668,0.0861663818359375,0.0056508514616224505
