,gb_opt,gb_ipw_opt,wrangler
0,0.06863021850585938,0.07665443420410156,0.004984140396118164
