,gb_opt,gb_ipw_opt,wrangler
0,0.043065547943115234,0.04838109016418457,0.006108056931268602
