,gb_opt,gb_ipw_opt,wrangler
0,0.04612922668457031,0.05220341682434082,0.004511613112229567
