,gb_opt,gb_ipw_opt,wrangler
0,0.03511238098144531,0.03862905502319336,0.006021455276844113
