,gb_opt,gb_ipw_opt,wrangler
0,0.07561540603637695,0.08253097534179688,0.007844604222120436
