,gb_opt,gb_ipw_opt,wrangler
0,0.03545522689819336,0.038568735122680664,0.0050092230037767065
