,gb_opt,gb_ipw_opt,wrangler
0,0.1149742603302002,0.1252002716064453,0.004070776480215567
