,gb_opt,gb_ipw_opt,wrangler
0,0.09339785575866699,0.10085654258728027,0.003254337675252538
