,gb_opt,gb_ipw_opt,wrangler
0,0.0933370590209961,0.10128188133239746,0.00432702715728661
