,gb_opt,gb_ipw_opt,wrangler
0,0.046319007873535156,0.05108451843261719,0.007833091958055219
