,gb_opt,gb_ipw_opt,wrangler
0,2.0309791564941406,2.154209852218628,0.014053780295937577
