,gb_opt,gb_ipw_opt,wrangler
0,0.131605863571167,0.14153456687927246,0.003814697265625
