,gb_opt,gb_ipw_opt,wrangler
0,0.05031228065490723,0.056600093841552734,0.004012863357345779
