,gb_opt,gb_ipw_opt,wrangler
0,0.08239245414733887,0.08889627456665039,0.00734478235244751
