,gb_opt,gb_ipw_opt,wrangler
0,0.24699974060058594,0.26708102226257324,0.005046192671404499
