,gb_opt,gb_ipw_opt,wrangler
0,0.03641343116760254,0.03964090347290039,0.0057507710284497365
