,gb_opt,gb_ipw_opt,wrangler
0,0.06923437118530273,0.07408428192138672,0.0034468514578683035
