,gb_opt,gb_ipw_opt,wrangler
0,0.04134535789489746,0.044544219970703125,0.0045630666944715716
