,gb_opt,gb_ipw_opt,wrangler
0,0.07236027717590332,0.08034300804138184,0.004672309727344698
