,gb_opt,gb_ipw_opt,wrangler
0,0.1349010467529297,0.14386630058288574,0.005539001957062752
