,gb_opt,gb_ipw_opt,wrangler
0,0.1084146499633789,0.11997818946838379,0.01062243437964069
