,gb_opt,gb_ipw_opt,wrangler
0,0.04392051696777344,0.05006527900695801,0.006227266220819383
