,gb_opt,gb_ipw_opt,wrangler
0,0.07133936882019043,0.07799506187438965,0.0034019128600163246
