,gb_opt,gb_ipw_opt,wrangler
0,0.05329561233520508,0.05957436561584473,0.009381771087646484
