,gb_opt,gb_ipw_opt,wrangler
0,0.06265377998352051,0.07086944580078125,0.004199614007788968
