,gb_opt,gb_ipw_opt,wrangler
0,0.0354764461517334,0.03964495658874512,0.0062477157776614275
