,gb_opt,gb_ipw_opt,wrangler
0,0.04743552207946777,0.0540158748626709,0.006006610008978075
