,gb_opt,gb_ipw_opt,wrangler
0,0.04129195213317871,0.04491448402404785,0.005183760652837066
