,gb_opt,gb_ipw_opt,wrangler
0,0.03968381881713867,0.04395723342895508,0.004894458330594576
