,gb_opt,gb_ipw_opt,wrangler
0,0.09147167205810547,0.10044169425964355,0.0035451128591899002
