,gb_opt,gb_ipw_opt,wrangler
0,0.06627321243286133,0.07738018035888672,0.013244152069091797
