,gb_opt,gb_ipw_opt,wrangler
0,0.03506755828857422,0.038526058197021484,0.006186962127685547
