,gb_opt,gb_ipw_opt,wrangler
0,0.05315446853637695,0.05962967872619629,0.0047651926676432295
