,gb_opt,gb_ipw_opt,wrangler
0,0.06012868881225586,0.06606101989746094,0.00863016387562693
