,gb_opt,gb_ipw_opt,wrangler
0,0.05112266540527344,0.059504032135009766,0.006499329233557228
