,gb_opt,gb_ipw_opt,wrangler
0,0.0910959243774414,0.09928512573242188,0.004732862431952293
