,gb_opt,gb_ipw_opt,wrangler
0,0.13173556327819824,0.14033269882202148,0.0038278141453813967
