,gb_opt,gb_ipw_opt,wrangler
0,0.048772573471069336,0.05298876762390137,0.003258387247721354
