,gb_opt,gb_ipw_opt,wrangler
0,0.040624141693115234,0.04501938819885254,0.005811803481158088
