,gb_opt,gb_ipw_opt,wrangler
0,0.17439913749694824,0.18996834754943848,0.004378026968297146
