,gb_opt,gb_ipw_opt,wrangler
0,0.05807375907897949,0.0636451244354248,0.007735358344184027
