,gb_opt,gb_ipw_opt,wrangler
0,0.040015459060668945,0.046120405197143555,0.00910994447307822
