,gb_opt,gb_ipw_opt,wrangler
0,0.039610862731933594,0.04589724540710449,0.009492039680480957
