,gb_opt,gb_ipw_opt,wrangler
0,0.25401759147644043,0.26456427574157715,0.0017856527691238497
