,gb_opt,gb_ipw_opt,wrangler
0,0.16494512557983398,0.17032146453857422,0.004370013872782389
