,gb_opt,gb_ipw_opt,wrangler
0,0.05921530723571777,0.06693220138549805,0.015327334403991697
