,gb_opt,gb_ipw_opt,wrangler
0,0.03694319725036621,0.041321516036987305,0.007578730583190918
