,gb_opt,gb_ipw_opt,wrangler
0,0.10714054107666016,0.11591982841491699,0.0032668746405049047
