,gb_opt,gb_ipw_opt,wrangler
0,0.03778862953186035,0.04174947738647461,0.00596340791678723
