,gb_opt,gb_ipw_opt,wrangler
0,0.06092214584350586,0.06811070442199707,0.005126778596366933
