,gb_opt,gb_ipw_opt,wrangler
0,0.06163811683654785,0.06835222244262695,0.004700251988002232
