,gb_opt,gb_ipw_opt,wrangler
0,0.03643202781677246,0.039928436279296875,0.006045613970075335
