,gb_opt,gb_ipw_opt,wrangler
0,0.04555320739746094,0.049561262130737305,0.004574030387301405
