,gb_opt,gb_ipw_opt,wrangler
0,0.2749483585357666,0.28244805335998535,0.004725314857503474
