,gb_opt,gb_ipw_opt,wrangler
0,0.05664229393005371,0.06153702735900879,0.004522161546096303
