,gb_opt,gb_ipw_opt,wrangler
0,0.07095170021057129,0.0788719654083252,0.009131431579589844
