,gb_opt,gb_ipw_opt,wrangler
0,0.36051154136657715,0.37465667724609375,0.0028559246902945656
