,gb_opt,gb_ipw_opt,wrangler
0,0.03856158256530762,0.042922258377075195,0.009393692016601562
