,gb_opt,gb_ipw_opt,wrangler
0,0.03940773010253906,0.044217586517333984,0.006541609764099121
