,gb_opt,gb_ipw_opt,wrangler
0,0.19011807441711426,0.20118331909179688,0.005665701901625752
