,gb_opt,gb_ipw_opt,wrangler
0,0.14515089988708496,0.15391159057617188,0.0026824997692573363
