,gb_opt,gb_ipw_opt,wrangler
0,0.14652633666992188,0.155029296875,0.003303634569302673
