,gb_opt,gb_ipw_opt,wrangler
0,0.03871655464172363,0.04283452033996582,0.005496584850808848
