,gb_opt,gb_ipw_opt,wrangler
0,0.09548115730285645,0.1049509048461914,0.0044017912370885315
