,gb_opt,gb_ipw_opt,wrangler
0,0.25897717475891113,0.27118659019470215,0.001839437228251786
