,gb_opt,gb_ipw_opt,wrangler
0,0.14782977104187012,0.1574876308441162,0.0030322562429375777
