,gb_opt,gb_ipw_opt,wrangler
0,0.2663545608520508,0.28180956840515137,0.0017666668625351805
