,gb_opt,gb_ipw_opt,wrangler
0,0.11350893974304199,0.12623238563537598,0.010214977382873157
