,gb_opt,gb_ipw_opt,wrangler
0,0.03706526756286621,0.04113435745239258,0.005920728047688802
