,gb_opt,gb_ipw_opt,wrangler
0,0.26523733139038086,0.2766432762145996,0.0014011584334637053
