,gb_opt,gb_ipw_opt,wrangler
0,0.03877449035644531,0.04271292686462402,0.005806364664217321
