,gb_opt,gb_ipw_opt,wrangler
0,0.05855917930603027,0.06383013725280762,0.0078825303065924
