,gb_opt,gb_ipw_opt,wrangler
0,0.04058361053466797,0.04365682601928711,0.005190571149190267
