,gb_opt,gb_ipw_opt,wrangler
0,0.044930219650268555,0.0528261661529541,0.01017153263092041
