,gb_opt,gb_ipw_opt,wrangler
0,0.0722498893737793,0.07773494720458984,0.0051045269699570555
