,gb_opt,gb_ipw_opt,wrangler
0,0.08132266998291016,0.08903980255126953,0.005050444267165493
