,gb_opt,gb_ipw_opt,wrangler
0,0.038431406021118164,0.041855812072753906,0.005489108206211835
