,gb_opt,gb_ipw_opt,wrangler
0,0.11350035667419434,0.11987543106079102,0.0028518530038686898
