,gb_opt,gb_ipw_opt,wrangler
0,0.2537355422973633,0.264019250869751,0.0018021464347839355
