,gb_opt,gb_ipw_opt,wrangler
0,0.21688246726989746,0.22556781768798828,0.0029184732092432226
