,gb_opt,gb_ipw_opt,wrangler
0,0.04485464096069336,0.04934811592102051,0.006539821624755859
