,gb_opt,gb_ipw_opt,wrangler
0,0.10212922096252441,0.11018085479736328,0.0032194786601596405
