,gb_opt,gb_ipw_opt,wrangler
0,0.06737565994262695,0.07378768920898438,0.008767843246459961
