,gb_opt,gb_ipw_opt,wrangler
0,0.07128381729125977,0.07803630828857422,0.004766204140403054
