,gb_opt,gb_ipw_opt,wrangler
0,0.22773265838623047,0.23682856559753418,0.004816717571682401
