,gb_opt,gb_ipw_opt,wrangler
0,0.03487277030944824,0.03997516632080078,0.0053002284123347355
