,gb_opt,gb_ipw_opt,wrangler
0,0.10685014724731445,0.11559462547302246,0.003083238323915352
