,gb_opt,gb_ipw_opt,wrangler
0,0.254321813583374,0.264603853225708,0.001934536716394257
