,gb_opt,gb_ipw_opt,wrangler
0,0.039937734603881836,0.04320263862609863,0.004801095700731464
