,gb_opt,gb_ipw_opt,wrangler
0,0.2536468505859375,0.26482486724853516,0.0017625422565483609
