,gb_opt,gb_ipw_opt,wrangler
0,0.11100888252258301,0.11571979522705078,0.0023585963623685984
