,gb_opt,gb_ipw_opt,wrangler
0,0.13605022430419922,0.1429121494293213,0.0017595291137695312
