,gb_opt,gb_ipw_opt,wrangler
0,0.03849387168884277,0.04253435134887695,0.006268664104182546
