,gb_opt,gb_ipw_opt,wrangler
0,0.26860475540161133,0.2848825454711914,0.0030967924329969618
