,gb_opt,gb_ipw_opt,wrangler
0,0.039360761642456055,0.04311037063598633,0.004788034969998389
