,gb_opt,gb_ipw_opt,wrangler
0,0.1281874179840088,0.13366031646728516,0.003334105484128937
