,gb_opt,gb_ipw_opt,wrangler
0,0.04173612594604492,0.04558420181274414,0.00548859437306722
