,gb_opt,gb_ipw_opt,wrangler
0,0.0394136905670166,0.04371786117553711,0.0068247318267822266
