,gb_opt,gb_ipw_opt,wrangler
0,0.11282038688659668,0.12285280227661133,0.002923378577599159
