,gb_opt,gb_ipw_opt,wrangler
0,0.2831130027770996,0.29647374153137207,0.004878386952518637
