,gb_opt,gb_ipw_opt,wrangler
0,0.35207176208496094,0.3714630603790283,0.002609342520847014
