,gb_opt,gb_ipw_opt,wrangler
0,0.18842864036560059,0.21172666549682617,0.005185851417636476
