,gb_opt,gb_ipw_opt,wrangler
0,0.0391542911529541,0.04334521293640137,0.006210656813633295
