,gb_opt,gb_ipw_opt,wrangler
0,0.10265254974365234,0.10741519927978516,0.0019479625232588231
