,gb_opt,gb_ipw_opt,wrangler
0,0.08037424087524414,0.08934187889099121,0.0043450332269435975
