,gb_opt,gb_ipw_opt,wrangler
0,1.0137622356414795,1.0379536151885986,0.00934600830078125
