,gb_opt,gb_ipw_opt,wrangler
0,0.271975040435791,0.28650879859924316,0.0019906297758278
