,gb_opt,gb_ipw_opt,wrangler
0,0.22321176528930664,0.231766939163208,0.0050727194145178105
