,gb_opt,gb_ipw_opt,wrangler
0,0.1428670883178711,0.1516282558441162,0.004813075065612793
