,gb_opt,gb_ipw_opt,wrangler
0,0.039334774017333984,0.04322195053100586,0.00623166561126709
