,gb_opt,gb_ipw_opt,wrangler
0,0.08912253379821777,0.09747648239135742,0.006661023179145709
