,gb_opt,gb_ipw_opt,wrangler
0,0.039772748947143555,0.043581485748291016,0.005441407362620036
