,gb_opt,gb_ipw_opt,wrangler
0,0.03763127326965332,0.04201936721801758,0.005916312888816551
