,gb_opt,gb_ipw_opt,wrangler
0,0.16149425506591797,0.17113637924194336,0.00374350282880995
