,gb_opt,gb_ipw_opt,wrangler
0,0.06504034996032715,0.07201457023620605,0.004999339580535889
