,gb_opt,gb_ipw_opt,wrangler
0,0.05615949630737305,0.05967068672180176,0.0032619996504350142
