,gb_opt,gb_ipw_opt,wrangler
0,0.04784989356994629,0.05152392387390137,0.003940375276314196
