,gb_opt,gb_ipw_opt,wrangler
0,0.08734941482543945,0.09408164024353027,0.0034651709991751368
