,gb_opt,gb_ipw_opt,wrangler
0,0.05302572250366211,0.057080745697021484,0.0036341803414481023
