,gb_opt,gb_ipw_opt,wrangler
0,0.7239680290222168,0.745659589767456,0.0026787558490743565
