,gb_opt,gb_ipw_opt,wrangler
0,0.05791211128234863,0.0639491081237793,0.004470348358154297
