,gb_opt,gb_ipw_opt,wrangler
0,0.059060096740722656,0.06530284881591797,0.0046617106387489725
