,gb_opt,gb_ipw_opt,wrangler
0,0.07241153717041016,0.08182668685913086,0.010501637178308824
