,gb_opt,gb_ipw_opt,wrangler
0,0.06333780288696289,0.06960773468017578,0.004656612873077393
