,gb_opt,gb_ipw_opt,wrangler
0,0.05911087989807129,0.06734967231750488,0.008706586906708867
