,gb_opt,gb_ipw_opt,wrangler
0,0.07400631904602051,0.08158111572265625,0.004562964806189904
