,gb_opt,gb_ipw_opt,wrangler
0,0.5355401039123535,0.559107780456543,0.004250120340124114
