,gb_opt,gb_ipw_opt,wrangler
0,0.0751791000366211,0.0801231861114502,0.0034370044670482673
