,gb_opt,gb_ipw_opt,wrangler
0,0.07061910629272461,0.08271360397338867,0.009527454128513088
