,gb_opt,gb_ipw_opt,wrangler
0,0.039337873458862305,0.04334306716918945,0.005932415232938879
