,gb_opt,gb_ipw_opt,wrangler
0,0.39449357986450195,0.4097774028778076,0.002893089208923568
