,gb_opt,gb_ipw_opt,wrangler
0,0.24845576286315918,0.2564127445220947,0.0014084577560424805
