,gb_opt,gb_ipw_opt,wrangler
0,0.3688700199127197,0.3846275806427002,0.0021715341887859085
