,gb_opt,gb_ipw_opt,wrangler
0,0.08934640884399414,0.09774136543273926,0.0046139032068386885
