,gb_opt,gb_ipw_opt,wrangler
0,0.03760957717895508,0.041019439697265625,0.005810349075882523
