,gb_opt,gb_ipw_opt,wrangler
0,0.1268770694732666,0.13348174095153809,0.0028779632166812293
