,gb_opt,gb_ipw_opt,wrangler
0,0.0759124755859375,0.0839545726776123,0.006748948778424945
