,gb_opt,gb_ipw_opt,wrangler
0,0.23140311241149902,0.23903131484985352,0.0022156007828251006
