,gb_opt,gb_ipw_opt,wrangler
0,0.06282901763916016,0.06795406341552734,0.007050732771555583
