,gb_opt,gb_ipw_opt,wrangler
0,0.06040239334106445,0.06835770606994629,0.005629501844707288
