,gb_opt,gb_ipw_opt,wrangler
0,0.09171223640441895,0.10074377059936523,0.006135817497007309
