,gb_opt,gb_ipw_opt,wrangler
0,0.06292080879211426,0.07165384292602539,0.005503885107102736
