,gb_opt,gb_ipw_opt,wrangler
0,0.10591816902160645,0.11444091796875,0.003331687458124747
