,gb_opt,gb_ipw_opt,wrangler
0,0.05855154991149902,0.06356477737426758,0.004217812889500668
