,gb_opt,gb_ipw_opt,wrangler
0,0.039193153381347656,0.042894601821899414,0.006132009552746284
