,gb_opt,gb_ipw_opt,wrangler
0,0.04193592071533203,0.04657697677612305,0.009882450103759766
