,gb_opt,gb_ipw_opt,wrangler
0,0.04284191131591797,0.051085710525512695,0.009813904762268066
