,gb_opt,gb_ipw_opt,wrangler
0,0.03855323791503906,0.042378902435302734,0.006146547270984184
