,gb_opt,gb_ipw_opt,wrangler
0,0.06210446357727051,0.0667729377746582,0.00467449426651001
