,gb_opt,gb_ipw_opt,wrangler
0,0.08083891868591309,0.08944225311279297,0.005131233029249238
