,gb_opt,gb_ipw_opt,wrangler
0,0.16011738777160645,0.17020106315612793,0.005098088304114811
