,gb_opt,gb_ipw_opt,wrangler
0,0.35210227966308594,0.37424397468566895,0.002420479708378858
