,gb_opt,gb_ipw_opt,wrangler
0,0.04247307777404785,0.04886889457702637,0.009407480079007437
