,gb_opt,gb_ipw_opt,wrangler
0,0.06543898582458496,0.07155680656433105,0.003731564471596166
