,gb_opt,gb_ipw_opt,wrangler
0,0.06463050842285156,0.07017016410827637,0.004709606439294949
