,gb_opt,gb_ipw_opt,wrangler
0,0.1755228042602539,0.18909049034118652,0.00441634916586562
