,gb_opt,gb_ipw_opt,wrangler
0,0.05808305740356445,0.06314778327941895,0.0048457802116096795
