,gb_opt,gb_ipw_opt,wrangler
0,0.04117298126220703,0.04757118225097656,0.008703714393707644
