,gb_opt,gb_ipw_opt,wrangler
0,0.05473470687866211,0.05912423133850098,0.004123634016010123
