,gb_opt,gb_ipw_opt,wrangler
0,0.0479738712310791,0.05454587936401367,0.0031359188188137695
