,gb_opt,gb_ipw_opt,wrangler
0,0.3449852466583252,0.36368274688720703,0.003903086592511433
