,gb_opt,gb_ipw_opt,wrangler
0,0.26460719108581543,0.27558231353759766,0.0016395770125652678
