,gb_opt,gb_ipw_opt,wrangler
0,0.35776185989379883,0.3695240020751953,0.0016544986643075642
