,gb_opt,gb_ipw_opt,wrangler
0,0.07979679107666016,0.08580303192138672,0.0036707464254127358
