,gb_opt,gb_ipw_opt,wrangler
0,0.1739788055419922,0.1825711727142334,0.0019938581519656708
