,gb_opt,gb_ipw_opt,wrangler
0,0.0779104232788086,0.08276200294494629,0.003389592440623157
