,gb_opt,gb_ipw_opt,wrangler
0,0.051810264587402344,0.057071685791015625,0.004954197827507468
