,gb_opt,gb_ipw_opt,wrangler
0,0.2595655918121338,0.2750704288482666,0.002050859936759038
