,gb_opt,gb_ipw_opt,wrangler
0,0.04389238357543945,0.05024003982543945,0.007785501934233166
