,gb_opt,gb_ipw_opt,wrangler
0,0.25293898582458496,0.25987815856933594,0.0012376773282416962
