,gb_opt,gb_ipw_opt,wrangler
0,0.22392034530639648,0.23315691947937012,0.0022883000581160836
