,gb_opt,gb_ipw_opt,wrangler
0,0.256655216217041,0.2669987678527832,0.002326369285583496
