,gb_opt,gb_ipw_opt,wrangler
0,0.26783299446105957,0.28143811225891113,0.00341623610205752
