,gb_opt,gb_ipw_opt,wrangler
0,0.047229766845703125,0.05463862419128418,0.013924226528260766
