,gb_opt,gb_ipw_opt,wrangler
0,0.03810429573059082,0.04216814041137695,0.0059898988700207365
