,gb_opt,gb_ipw_opt,wrangler
0,0.05927324295043945,0.06378364562988281,0.0029515071087572948
