,gb_opt,gb_ipw_opt,wrangler
0,0.03939938545227051,0.0426938533782959,0.005518396695454915
