,gb_opt,gb_ipw_opt,wrangler
0,0.04206585884094238,0.04600787162780762,0.005505979061126709
