,gb_opt,gb_ipw_opt,wrangler
0,0.25431060791015625,0.26582837104797363,0.0022086832258436414
