,gb_opt,gb_ipw_opt,wrangler
0,0.13971185684204102,0.14698410034179688,0.006605597103343291
