,gb_opt,gb_ipw_opt,wrangler
0,0.044617414474487305,0.05288243293762207,0.009289494267216435
