,gb_opt,gb_ipw_opt,wrangler
0,0.050550222396850586,0.061277151107788086,0.009072323640187582
