,gb_opt,gb_ipw_opt,wrangler
0,0.03986358642578125,0.043392181396484375,0.004536764962332589
