,gb_opt,gb_ipw_opt,wrangler
0,0.0515744686126709,0.058719635009765625,0.0060908496379852295
