,gb_opt,gb_ipw_opt,wrangler
0,0.05764174461364746,0.06522059440612793,0.004787194101434004
