,gb_opt,gb_ipw_opt,wrangler
0,0.02525186538696289,0.03038501739501953,0.001927279523494492
