,gb_opt,gb_ipw_opt,wrangler
0,0.05907702445983887,0.0660865306854248,0.005045193153739775
