,gb_opt,gb_ipw_opt,wrangler
0,0.0645589828491211,0.07317709922790527,0.007300376892089844
