,gb_opt,gb_ipw_opt,wrangler
0,0.1268613338470459,0.14129376411437988,0.006443924374050564
