,gb_opt,gb_ipw_opt,wrangler
0,0.18613791465759277,0.20075607299804688,0.006001226363643523
