,gb_opt,gb_ipw_opt,wrangler
0,0.060640573501586914,0.0703427791595459,0.01074373722076416
