,gb_opt,gb_ipw_opt,wrangler
0,0.05718278884887695,0.06160879135131836,0.004523236986616967
