,gb_opt,gb_ipw_opt,wrangler
0,0.26923131942749023,0.2836589813232422,0.002640374698994323
