,gb_opt,gb_ipw_opt,wrangler
0,0.04128837585449219,0.04625654220581055,0.006466026765754424
