,gb_opt,gb_ipw_opt,wrangler
0,0.25331664085388184,0.26392459869384766,0.0015267102537238285
