,gb_opt,gb_ipw_opt,wrangler
0,0.07752871513366699,0.08575224876403809,0.008423328399658203
