,gb_opt,gb_ipw_opt,wrangler
0,0.0376744270324707,0.04156303405761719,0.0057220458984375
