,gb_opt,gb_ipw_opt,wrangler
0,0.0600285530090332,0.06575417518615723,0.004513141436454577
