,gb_opt,gb_ipw_opt,wrangler
0,0.05171060562133789,0.05646634101867676,0.0036936817747173886
