,gb_opt,gb_ipw_opt,wrangler
0,0.06632590293884277,0.0717461109161377,0.003850176220848447
