,gb_opt,gb_ipw_opt,wrangler
0,0.0718679428100586,0.0796818733215332,0.00818978008042034
