,gb_opt,gb_ipw_opt,wrangler
0,0.038573503494262695,0.042967796325683594,0.005981068552276235
