,gb_opt,gb_ipw_opt,wrangler
0,0.2582664489746094,0.26781535148620605,0.001244707336040944
