,gb_opt,gb_ipw_opt,wrangler
0,0.08742237091064453,0.09445738792419434,0.004829144945331648
