,gb_opt,gb_ipw_opt,wrangler
0,0.05982613563537598,0.06586122512817383,0.0041034651098784455
