,gb_opt,gb_ipw_opt,wrangler
0,0.2534611225128174,0.26189136505126953,0.0015187143075345742
