,gb_opt,gb_ipw_opt,wrangler
0,0.03685259819030762,0.04047083854675293,0.006296016551830151
