,gb_opt,gb_ipw_opt,wrangler
0,0.36549901962280273,0.38092470169067383,0.0018206509676846592
