,gb_opt,gb_ipw_opt,wrangler
0,0.04619479179382324,0.05269312858581543,0.00696329726386316
