,gb_opt,gb_ipw_opt,wrangler
0,0.1069340705871582,0.11934924125671387,0.008358767158106753
