,gb_opt,gb_ipw_opt,wrangler
0,0.10660862922668457,0.11535859107971191,0.00331940189484627
