,gb_opt,gb_ipw_opt,wrangler
0,0.059314727783203125,0.0652456283569336,0.004341399747561785
