,gb_opt,gb_ipw_opt,wrangler
0,0.05336403846740723,0.05861544609069824,0.005547551141268965
