,gb_opt,gb_ipw_opt,wrangler
0,0.038547515869140625,0.04275846481323242,0.006693601608276367
