,gb_opt,gb_ipw_opt,wrangler
0,0.048356056213378906,0.05710577964782715,0.009875238677601756
