,gb_opt,gb_ipw_opt,wrangler
0,0.08072280883789062,0.08887004852294922,0.004874849782406705
