,gb_opt,gb_ipw_opt,wrangler
0,0.05835366249084473,0.06412506103515625,0.005076702376057331
