,gb_opt,gb_ipw_opt,wrangler
0,0.09771585464477539,0.1024942398071289,0.0028054691055445996
