,gb_opt,gb_ipw_opt,wrangler
0,0.037513017654418945,0.04108572006225586,0.0059098005294799805
