,gb_opt,gb_ipw_opt,wrangler
0,0.2533762454986572,0.2600059509277344,0.001100003719329834
