,gb_opt,gb_ipw_opt,wrangler
0,0.25419044494628906,0.2640101909637451,0.0017975153547994207
