,gb_opt,gb_ipw_opt,wrangler
0,0.14904141426086426,0.1577754020690918,0.0034199998416089904
