,gb_opt,gb_ipw_opt,wrangler
0,0.0640556812286377,0.07136249542236328,0.010107244764055525
