,gb_opt,gb_ipw_opt,wrangler
0,0.10454630851745605,0.11043834686279297,0.0025428759706748643
