,gb_opt,gb_ipw_opt,wrangler
0,0.04906439781188965,0.05286073684692383,0.004337739574816799
