,gb_opt,gb_ipw_opt,wrangler
0,0.07573533058166504,0.08385515213012695,0.00494113866833673
