,gb_opt,gb_ipw_opt,wrangler
0,0.07732248306274414,0.08878374099731445,0.013167599597609186
