,gb_opt,gb_ipw_opt,wrangler
0,0.2698068618774414,0.27992939949035645,0.003061419218973397
