,gb_opt,gb_ipw_opt,wrangler
0,0.08939576148986816,0.09785246849060059,0.006803324524785431
