,gb_opt,gb_ipw_opt,wrangler
0,0.03848719596862793,0.042294979095458984,0.006142258644104004
