,gb_opt,gb_ipw_opt,wrangler
0,0.060155630111694336,0.06784868240356445,0.004838039348651837
