,gb_opt,gb_ipw_opt,wrangler
0,0.035903215408325195,0.04575657844543457,0.008363981504698057
