,gb_opt,gb_ipw_opt,wrangler
0,0.10451054573059082,0.11084723472595215,0.0021555446299844736
