,gb_opt,gb_ipw_opt,wrangler
0,0.05559349060058594,0.06119704246520996,0.008094310760498047
