,gb_opt,gb_ipw_opt,wrangler
0,0.15350031852722168,0.16276955604553223,0.002862155579048211
