,gb_opt,gb_ipw_opt,wrangler
0,0.039510250091552734,0.043582916259765625,0.005841255187988281
