,gb_opt,gb_ipw_opt,wrangler
0,0.05393695831298828,0.059787750244140625,0.005109743638472124
