,gb_opt,gb_ipw_opt,wrangler
0,0.1011507511138916,0.11014580726623535,0.008617576799894633
