,gb_opt,gb_ipw_opt,wrangler
0,0.23392319679260254,0.24492883682250977,0.0032197649233809142
