,gb_opt,gb_ipw_opt,wrangler
0,0.06094074249267578,0.06959223747253418,0.005762561473971099
