,gb_opt,gb_ipw_opt,wrangler
0,0.48055315017700195,0.5056767463684082,0.00322000376062766
