,gb_opt,gb_ipw_opt,wrangler
0,0.10441303253173828,0.11232471466064453,0.003330938277706023
