,gb_opt,gb_ipw_opt,wrangler
0,0.07266712188720703,0.07947063446044922,0.008616336556368094
