,gb_opt,gb_ipw_opt,wrangler
0,0.03973793983459473,0.04267621040344238,0.005014240741729736
