,gb_opt,gb_ipw_opt,wrangler
0,0.06095600128173828,0.06829190254211426,0.005957327390971936
