,gb_opt,gb_ipw_opt,wrangler
0,0.05607295036315918,0.06136608123779297,0.008106231689453125
