,gb_opt,gb_ipw_opt,wrangler
0,0.23432469367980957,0.24460792541503906,0.006747908062405056
