,gb_opt,gb_ipw_opt,wrangler
0,0.255490779876709,0.26544904708862305,0.0021257996559143066
