,gb_opt,gb_ipw_opt,wrangler
0,0.05987048149108887,0.06371855735778809,0.0034687565822227326
