,gb_opt,gb_ipw_opt,wrangler
0,0.04357290267944336,0.04993391036987305,0.00853073306199981
