,gb_opt,gb_ipw_opt,wrangler
0,0.03690814971923828,0.04038095474243164,0.005827063605898903
