,gb_opt,gb_ipw_opt,wrangler
0,0.03358817100524902,0.03640174865722656,0.0056296586990356445
