,gb_opt,gb_ipw_opt,wrangler
0,0.07638216018676758,0.08674192428588867,0.005210412515176309
