,gb_opt,gb_ipw_opt,wrangler
0,0.04494118690490723,0.05249929428100586,0.008168846669823232
