,gb_opt,gb_ipw_opt,wrangler
0,0.31319212913513184,0.328458309173584,0.006259716663163962
