,gb_opt,gb_ipw_opt,wrangler
0,0.038736581802368164,0.04355955123901367,0.006195975512993045
