,gb_opt,gb_ipw_opt,wrangler
0,0.06070566177368164,0.06788158416748047,0.00979304313659668
