,gb_opt,gb_ipw_opt,wrangler
0,0.2556157112121582,0.26673102378845215,0.0021104680998262526
