,gb_opt,gb_ipw_opt,wrangler
0,0.061811208724975586,0.0662081241607666,0.00368654727935791
