,gb_opt,gb_ipw_opt,wrangler
0,0.15548014640808105,0.16610360145568848,0.0027854268143816694
