,gb_opt,gb_ipw_opt,wrangler
0,0.0876016616821289,0.0953834056854248,0.009608555989093092
