,gb_opt,gb_ipw_opt,wrangler
0,0.25266170501708984,0.26212096214294434,0.0016689300537109375
