,gb_opt,gb_ipw_opt,wrangler
0,0.1069037914276123,0.11583781242370605,0.0037259654319787873
