,gb_opt,gb_ipw_opt,wrangler
0,0.25684452056884766,0.2680046558380127,0.002376716537284373
