,gb_opt,gb_ipw_opt,wrangler
0,0.26851534843444824,0.2846555709838867,0.001690877791761901
