,gb_opt,gb_ipw_opt,wrangler
0,0.0892038345336914,0.09669899940490723,0.007502960436271898
