,gb_opt,gb_ipw_opt,wrangler
0,0.08410096168518066,0.09134936332702637,0.003389690233313519
