,gb_opt,gb_ipw_opt,wrangler
0,0.08875179290771484,0.10003948211669922,0.007621551814832185
