,gb_opt,gb_ipw_opt,wrangler
0,0.1447281837463379,0.1532289981842041,0.002735326079284253
