,gb_opt,gb_ipw_opt,wrangler
0,0.0418248176574707,0.047598838806152344,0.007668137550354004
