,gb_opt,gb_ipw_opt,wrangler
0,0.06318473815917969,0.06868934631347656,0.0038805760835346425
