,gb_opt,gb_ipw_opt,wrangler
0,0.14256620407104492,0.15050816535949707,0.0036685697494014615
