,gb_opt,gb_ipw_opt,wrangler
0,0.04553341865539551,0.049713134765625,0.0042039105015942175
