,gb_opt,gb_ipw_opt,wrangler
0,0.27703189849853516,0.2872624397277832,0.0026848258041754004
