,gb_opt,gb_ipw_opt,wrangler
0,0.08637356758117676,0.09339475631713867,0.005802063092793504
