,gb_opt,gb_ipw_opt,wrangler
0,0.05263352394104004,0.05983877182006836,0.005766749382019043
