,gb_opt,gb_ipw_opt,wrangler
0,0.07982492446899414,0.08967947959899902,0.003792599933903392
