,gb_opt,gb_ipw_opt,wrangler
0,0.04296994209289551,0.04835796356201172,0.006809830665588379
