,gb_opt,gb_ipw_opt,wrangler
0,0.03798341751098633,0.041718244552612305,0.0057756900787353516
