,gb_opt,gb_ipw_opt,wrangler
0,0.06578350067138672,0.07422351837158203,0.006212315089266065
