,gb_opt,gb_ipw_opt,wrangler
0,0.03741645812988281,0.040972232818603516,0.006046639867575772
