,gb_opt,gb_ipw_opt,wrangler
0,0.038236141204833984,0.04224705696105957,0.006262849016887386
