,gb_opt,gb_ipw_opt,wrangler
0,0.0604245662689209,0.0637204647064209,0.004360099243961907
