,gb_opt,gb_ipw_opt,wrangler
0,0.24902033805847168,0.2563045024871826,0.0015243253014738996
