,gb_opt,gb_ipw_opt,wrangler
0,0.2588496208190918,0.29273486137390137,0.004096303329278459
