,gb_opt,gb_ipw_opt,wrangler
0,0.36113882064819336,0.37394094467163086,0.00819362707722348
