,gb_opt,gb_ipw_opt,wrangler
0,0.10637521743774414,0.11304807662963867,0.0033007727728949655
