,gb_opt,gb_ipw_opt,wrangler
0,0.09609699249267578,0.10073113441467285,0.0021892880636548238
