,gb_opt,gb_ipw_opt,wrangler
0,0.04957699775695801,0.05467581748962402,0.00480088320645419
