,gb_opt,gb_ipw_opt,wrangler
0,0.03815054893493652,0.04189133644104004,0.006285309791564941
