,gb_opt,gb_ipw_opt,wrangler
0,0.03856468200683594,0.04464411735534668,0.009498000144958496
