,gb_opt,gb_ipw_opt,wrangler
0,0.0382380485534668,0.04229927062988281,0.005928481497415683
