,gb_opt,gb_ipw_opt,wrangler
0,0.1149439811706543,0.12398195266723633,0.003233169898008689
