,gb_opt,gb_ipw_opt,wrangler
0,0.10768556594848633,0.11596369743347168,0.002698256419255183
