,gb_opt,gb_ipw_opt,wrangler
0,0.09441518783569336,0.10145711898803711,0.004882162267511541
