,gb_opt,gb_ipw_opt,wrangler
0,0.0371856689453125,0.04059720039367676,0.0058710575103759766
