,gb_opt,gb_ipw_opt,wrangler
0,0.10488533973693848,0.11369848251342773,0.0029879231606760336
