,gb_opt,gb_ipw_opt,wrangler
0,0.02708292007446289,0.03246808052062988,0.005715361265378578
