,gb_opt,gb_ipw_opt,wrangler
0,0.07843399047851562,0.08520245552062988,0.0034902153945550684
