,gb_opt,gb_ipw_opt,wrangler
0,0.07828879356384277,0.08587527275085449,0.004276415196860709
