,gb_opt,gb_ipw_opt,wrangler
0,0.055350542068481445,0.0623629093170166,0.0059604644775390625
