,gb_opt,gb_ipw_opt,wrangler
0,0.04013800621032715,0.04442548751831055,0.005922666410120522
