,gb_opt,gb_ipw_opt,wrangler
0,0.13866829872131348,0.1486971378326416,0.002754002140644483
