,gb_opt,gb_ipw_opt,wrangler
0,0.0458683967590332,0.05061626434326172,0.0063238792049074635
