,gb_opt,gb_ipw_opt,wrangler
0,0.12799739837646484,0.13641881942749023,0.003155027882436688
