,gb_opt,gb_ipw_opt,wrangler
0,0.15718722343444824,0.16812944412231445,0.0031860443382346654
