,gb_opt,gb_ipw_opt,wrangler
0,0.2479724884033203,0.25541138648986816,0.0015485286712646484
