,gb_opt,gb_ipw_opt,wrangler
0,0.03911566734313965,0.04389810562133789,0.006684660911560059
