,gb_opt,gb_ipw_opt,wrangler
0,0.03706717491149902,0.041559696197509766,0.006113523318443769
