,gb_opt,gb_ipw_opt,wrangler
0,0.27599048614501953,0.2872743606567383,0.0054428720066690035
