,gb_opt,gb_ipw_opt,wrangler
0,0.07244372367858887,0.08263206481933594,0.01405197897075135
