,gb_opt,gb_ipw_opt,wrangler
0,0.056290626525878906,0.06194877624511719,0.003601375379060444
