,gb_opt,gb_ipw_opt,wrangler
0,0.25946712493896484,0.27064037322998047,0.0023516198447473663
