,gb_opt,gb_ipw_opt,wrangler
0,0.05530071258544922,0.05956268310546875,0.003935496012369792
