,gb_opt,gb_ipw_opt,wrangler
0,0.04207801818847656,0.04968976974487305,0.009118124496105105
