,gb_opt,gb_ipw_opt,wrangler
0,0.14203619956970215,0.14899420738220215,0.004317791976592614
