,gb_opt,gb_ipw_opt,wrangler
0,0.2939894199371338,0.30666303634643555,0.002267593290747666
