,gb_opt,gb_ipw_opt,wrangler
0,0.06501173973083496,0.0729532241821289,0.005357835921773149
