,gb_opt,gb_ipw_opt,wrangler
0,0.044243812561035156,0.048803091049194336,0.00670770319496713
