,gb_opt,gb_ipw_opt,wrangler
0,0.2546095848083496,0.262836217880249,0.001949786550477055
