,gb_opt,gb_ipw_opt,wrangler
0,0.3945808410644531,0.41805410385131836,0.004370623819790646
