,gb_opt,gb_ipw_opt,wrangler
0,0.05472421646118164,0.0609893798828125,0.0060367584228515625
