,gb_opt,gb_ipw_opt,wrangler
0,0.03878664970397949,0.04263472557067871,0.005987286567687988
