,gb_opt,gb_ipw_opt,wrangler
0,0.05550742149353027,0.06060433387756348,0.0037698002604695108
