,gb_opt,gb_ipw_opt,wrangler
0,0.038486480712890625,0.042325496673583984,0.005922666410120522
