,gb_opt,gb_ipw_opt,wrangler
0,0.05574345588684082,0.062033891677856445,0.0045258890498768205
