,gb_opt,gb_ipw_opt,wrangler
0,0.25963592529296875,0.26865625381469727,0.0017651340417694627
