,gb_opt,gb_ipw_opt,wrangler
0,0.1436464786529541,0.15432357788085938,0.003724324138384507
