,gb_opt,gb_ipw_opt,wrangler
0,0.9136991500854492,1.0026609897613525,0.011853453849186773
