,gb_opt,gb_ipw_opt,wrangler
0,0.08322358131408691,0.09056448936462402,0.004078860573925322
