,gb_opt,gb_ipw_opt,wrangler
0,0.03809189796447754,0.04156351089477539,0.00587912166819853
