,gb_opt,gb_ipw_opt,wrangler
0,0.14799928665161133,0.15573477745056152,0.001779794692993164
