,gb_opt,gb_ipw_opt,wrangler
0,0.35960960388183594,0.3722560405731201,0.0020761168404911344
