,gb_opt,gb_ipw_opt,wrangler
0,0.2559046745300293,0.267594575881958,0.001968799765963832
