,gb_opt,gb_ipw_opt,wrangler
0,0.05625295639038086,0.06121420860290527,0.004239278296901755
