,gb_opt,gb_ipw_opt,wrangler
0,0.039342641830444336,0.0455174446105957,0.006154902930398589
