,gb_opt,gb_ipw_opt,wrangler
0,0.07681465148925781,0.08424973487854004,0.005324288169936378
