,gb_opt,gb_ipw_opt,wrangler
0,0.10277342796325684,0.10964846611022949,0.00282575846485003
