,gb_opt,gb_ipw_opt,wrangler
0,0.10566926002502441,0.11298799514770508,0.002792027218932124
