,gb_opt,gb_ipw_opt,wrangler
0,0.043801069259643555,0.05093646049499512,0.008374452590942383
