,gb_opt,gb_ipw_opt,wrangler
0,0.07751154899597168,0.08501696586608887,0.004918045467800564
