,gb_opt,gb_ipw_opt,wrangler
0,0.36118650436401367,0.3711717128753662,0.0018221139907836914
