,gb_opt,gb_ipw_opt,wrangler
0,0.038011789321899414,0.04202389717102051,0.005919256328064719
