,gb_opt,gb_ipw_opt,wrangler
0,0.043087005615234375,0.04690361022949219,0.006043910980224609
