,gb_opt,gb_ipw_opt,wrangler
0,0.07451105117797852,0.08203673362731934,0.004447779609161673
