,gb_opt,gb_ipw_opt,wrangler
0,0.10873103141784668,0.11426448822021484,0.0023395296127077135
