,gb_opt,gb_ipw_opt,wrangler
0,0.05815434455871582,0.06428050994873047,0.007239510031307445
