,gb_opt,gb_ipw_opt,wrangler
0,0.25465965270996094,0.26502251625061035,0.001573801938084467
