,gb_opt,gb_ipw_opt,wrangler
0,0.05998039245605469,0.06621694564819336,0.0053942203521728516
