,gb_opt,gb_ipw_opt,wrangler
0,0.25595831871032715,0.26604270935058594,0.0018166618113137462
