,gb_opt,gb_ipw_opt,wrangler
0,0.3051445484161377,0.31676769256591797,0.003063678741455078
