,gb_opt,gb_ipw_opt,wrangler
0,0.04012012481689453,0.044611454010009766,0.00780127769292787
