,gb_opt,gb_ipw_opt,wrangler
0,0.02300572395324707,0.028020143508911133,0.005163587965406813
