,gb_opt,gb_ipw_opt,wrangler
0,0.04475545883178711,0.04943060874938965,0.005705998494074894
