,gb_opt,gb_ipw_opt,wrangler
0,0.0716254711151123,0.08010125160217285,0.011935830116271973
