,gb_opt,gb_ipw_opt,wrangler
0,0.13183093070983887,0.14006471633911133,0.00465340293914433
