,gb_opt,gb_ipw_opt,wrangler
0,0.06162405014038086,0.0688784122467041,0.005365197175468495
