,TPR,FPR
gb_opt,61.111111111111114,0.0
gb_ipw_opt,83.33333333333334,6.557377049180328
wrangler,0.0,0.0
