,TPR,FPR
gb_opt,66.66666666666666,0.0
gb_ipw_opt,88.88888888888889,0.0
wrangler,61.111111111111114,25.581395348837212
