,TPR,FPR
gb_opt,89.47368421052632,0.0
gb_ipw_opt,100.0,9.774436090225564
wrangler,5.263157894736842,0.7518796992481203
