,TPR,FPR
gb_opt,11.538461538461538,0.0
gb_ipw_opt,65.38461538461539,8.379888268156424
wrangler,7.6923076923076925,6.70391061452514
