,TPR,FPR
gb_opt,33.0,0.5738880918220948
gb_ipw_opt,98.0,41.03299856527977
wrangler,96.0,45.33715925394548
