,TPR,FPR
gb_opt,77.77777777777779,0.0
gb_ipw_opt,100.0,100.0
wrangler,66.66666666666666,23.52941176470588
