,TPR,FPR
gb_opt,97.97979797979798,0.14285714285714285
gb_ipw_opt,98.98989898989899,1.1428571428571428
wrangler,98.98989898989899,3.1428571428571432
