,TPR,FPR
gb_opt,2.666666666666667,0.14285714285714285
gb_ipw_opt,71.0,33.095238095238095
wrangler,0.0,0.0
