,TPR,FPR
gb_opt,80.0,0.0
gb_ipw_opt,100.0,7.042253521126761
wrangler,90.0,1.4084507042253522
