,TPR,FPR
gb_opt,100.0,0.0
gb_ipw_opt,100.0,2.209944751381215
wrangler,92.3076923076923,17.12707182320442
