,TPR,FPR
gb_opt,60.60606060606061,1.2875536480686696
gb_ipw_opt,96.96969696969697,26.46638054363376
wrangler,100.0,48.783977110157366
