,TPR,FPR
gb_opt,67.67676767676768,1.5625
gb_ipw_opt,100.0,24.857954545454543
wrangler,100.0,49.14772727272727
