,TPR,FPR
gb_opt,92.45283018867924,3.080872913992298
gb_ipw_opt,99.05660377358491,8.985879332477536
wrangler,89.62264150943396,8.600770218228499
