,TPR,FPR
gb_opt,86.86868686868688,1.1363636363636365
gb_ipw_opt,97.97979797979798,4.545454545454546
wrangler,96.96969696969697,48.57954545454545
