,TPR,FPR
gb_opt,90.9090909090909,0.0
gb_ipw_opt,100.0,0.0
wrangler,100.0,24.675324675324674
