,TPR,FPR
gb_opt,61.904761904761905,0.0
gb_ipw_opt,100.0,11.818181818181818
wrangler,42.857142857142854,28.18181818181818
