,TPR,FPR
gb_opt,55.172413793103445,0.5681818181818182
gb_ipw_opt,100.0,86.36363636363636
wrangler,24.137931034482758,28.97727272727273
