,TPR,FPR
gb_opt,84.375,1.3888888888888888
gb_ipw_opt,100.0,5.092592592592593
wrangler,100.0,40.27777777777778
