,TPR,FPR
gb_opt,29.292929292929294,0.7173601147776184
gb_ipw_opt,92.92929292929293,40.45911047345768
wrangler,100.0,52.51076040172167
