,TPR,FPR
gb_opt,66.66666666666666,0.0
gb_ipw_opt,83.33333333333334,4.0650406504065035
wrangler,55.55555555555556,24.390243902439025
