,TPR,FPR
gb_opt,30.76923076923077,0.0
gb_ipw_opt,92.3076923076923,5.4945054945054945
wrangler,0.0,0.0
