,TPR,FPR
gb_opt,100.0,0.0
gb_ipw_opt,100.0,2.380952380952381
wrangler,100.0,13.095238095238097
