,TPR,FPR
gb_opt,84.61538461538461,0.0
gb_ipw_opt,100.0,6.9306930693069315
wrangler,0.0,1.9801980198019802
