,TPR,FPR
gb_opt,30.0,0.0
gb_ipw_opt,95.0,9.848484848484848
wrangler,45.0,11.363636363636363
