,TPR,FPR
gb_opt,23.52941176470588,22.22222222222222
gb_ipw_opt,100.0,69.84126984126983
wrangler,94.11764705882352,52.38095238095239
