,TPR,FPR
gb_opt,56.00000000000001,1.0
gb_ipw_opt,99.0,36.142857142857146
wrangler,100.0,49.28571428571429
