,TPR,FPR
gb_opt,19.875776397515526,0.3115264797507788
gb_ipw_opt,95.65217391304348,78.03738317757009
wrangler,68.94409937888199,67.44548286604362
