,TPR,FPR
gb_opt,74.74747474747475,1.5602836879432624
gb_ipw_opt,97.97979797979798,39.57446808510638
wrangler,100.0,49.361702127659576
