,TPR,FPR
gb_opt,73.73737373737373,1.278409090909091
gb_ipw_opt,90.9090909090909,14.772727272727273
wrangler,94.94949494949495,47.30113636363637
