,TPR,FPR
gb_opt,41.66666666666667,0.14245014245014245
gb_ipw_opt,71.875,3.7037037037037033
wrangler,57.291666666666664,36.75213675213676
