,TPR,FPR
gb_opt,100.0,0.0
gb_ipw_opt,100.0,1.3333333333333335
wrangler,60.0,6.666666666666667
