,TPR,FPR
gb_opt,68.29268292682927,0.7518796992481203
gb_ipw_opt,90.2439024390244,2.2556390977443606
wrangler,48.78048780487805,18.796992481203006
