,TPR,FPR
gb_opt,66.66666666666666,0.0
gb_ipw_opt,100.0,6.086956521739131
wrangler,61.904761904761905,18.26086956521739
