,TPR,FPR
gb_opt,83.33333333333334,0.0
gb_ipw_opt,94.44444444444444,1.5625
wrangler,38.88888888888889,3.90625
