,TPR,FPR
gb_opt,15.151515151515152,0.45045045045045046
gb_ipw_opt,90.9090909090909,25.675675675675674
wrangler,30.303030303030305,12.612612612612612
