,TPR,FPR
gb_opt,77.77777777777779,0.0
gb_ipw_opt,94.44444444444444,0.7633587786259541
wrangler,33.33333333333333,8.396946564885496
