,TPR,FPR
gb_opt,46.15384615384615,0.0
gb_ipw_opt,100.0,75.86206896551724
wrangler,92.3076923076923,70.11494252873564
