,TPR,FPR
gb_opt,83.33333333333334,0.0
gb_ipw_opt,94.44444444444444,1.5625
wrangler,77.77777777777779,23.4375
