,TPR,FPR
gb_opt,83.01886792452831,0.8403361344537815
gb_ipw_opt,90.56603773584906,12.044817927170868
wrangler,94.33962264150944,63.02521008403361
