,TPR,FPR
gb_opt,61.111111111111114,0.0
gb_ipw_opt,100.0,90.32258064516128
wrangler,88.88888888888889,77.41935483870968
