,TPR,FPR
gb_opt,12.121212121212121,0.0
gb_ipw_opt,100.0,100.0
wrangler,30.303030303030305,15.311004784688995
