,TPR,FPR
gb_opt,37.37373737373738,0.7102272727272727
gb_ipw_opt,97.97979797979798,41.19318181818182
wrangler,100.0,48.29545454545455
