,TPR,FPR
gb_opt,61.111111111111114,0.0
gb_ipw_opt,100.0,0.8620689655172413
wrangler,44.44444444444444,30.17241379310345
