,TPR,FPR
gb_opt,85.0,0.37174721189591076
gb_ipw_opt,100.0,5.947955390334572
wrangler,55.00000000000001,9.293680297397769
