,TPR,FPR
gb_opt,65.38461538461539,0.0
gb_ipw_opt,84.61538461538461,2.197802197802198
wrangler,61.53846153846154,7.6923076923076925
