,TPR,FPR
gb_opt,92.3076923076923,0.0
gb_ipw_opt,100.0,5.128205128205128
wrangler,69.23076923076923,11.355311355311356
