,TPR,FPR
gb_opt,66.66666666666666,0.34602076124567477
gb_ipw_opt,78.57142857142857,2.422145328719723
wrangler,4.761904761904762,0.0
