,TPR,FPR
gb_opt,80.48780487804879,0.3703703703703704
gb_ipw_opt,92.6829268292683,2.9629629629629632
wrangler,80.48780487804879,10.74074074074074
