,TPR,FPR
gb_opt,57.14285714285714,1.1235955056179776
gb_ipw_opt,100.0,32.58426966292135
wrangler,0.0,0.0
