,TPR,FPR
gb_opt,67.85714285714286,0.5649717514124294
gb_ipw_opt,89.28571428571429,16.38418079096045
wrangler,67.85714285714286,33.89830508474576
