,TPR,FPR
gb_opt,46.15384615384615,0.0
gb_ipw_opt,100.0,6.315789473684211
wrangler,0.0,0.0
