,TPR,FPR
gb_opt,52.38095238095239,0.7633587786259541
gb_ipw_opt,100.0,6.106870229007633
wrangler,66.66666666666666,3.0534351145038165
