,TPR,FPR
gb_opt,54.54545454545454,0.0
gb_ipw_opt,100.0,1.3513513513513513
wrangler,63.63636363636363,18.91891891891892
