,TPR,FPR
gb_opt,82.05128205128204,1.1029411764705883
gb_ipw_opt,94.87179487179486,4.779411764705882
wrangler,87.17948717948718,6.985294117647059
