,TPR,FPR
gb_opt,75.0,0.6993006993006993
gb_ipw_opt,100.0,5.594405594405594
wrangler,50.0,25.874125874125873
