,TPR,FPR
gb_opt,80.0,0.0
gb_ipw_opt,100.0,6.944444444444445
wrangler,90.0,19.444444444444446
