,TPR,FPR
gb_opt,90.9090909090909,0.0
gb_ipw_opt,100.0,1.4492753623188406
wrangler,90.9090909090909,10.144927536231885
