,TPR,FPR
gb_opt,76.76767676767676,1.1494252873563218
gb_ipw_opt,95.95959595959596,17.81609195402299
wrangler,100.0,50.143678160919535
