,TPR,FPR
gb_opt,60.0,0.0
gb_ipw_opt,100.0,8.21917808219178
wrangler,20.0,4.10958904109589
