,TPR,FPR
gb_opt,79.59183673469387,1.3062409288824384
gb_ipw_opt,97.95918367346938,10.159651669085632
wrangler,100.0,60.2322206095791
