,TPR,FPR
gb_opt,83.33333333333334,0.0
gb_ipw_opt,91.66666666666666,1.0416666666666665
wrangler,100.0,97.91666666666666
