,TPR,FPR
gb_opt,17.647058823529413,1.7857142857142856
gb_ipw_opt,100.0,16.071428571428573
wrangler,41.17647058823529,16.964285714285715
