,TPR,FPR
gb_opt,57.57575757575758,0.7102272727272727
gb_ipw_opt,98.98989898989899,24.857954545454543
wrangler,100.0,48.4375
