,TPR,FPR
gb_opt,47.524752475247524,0.5706134094151213
gb_ipw_opt,89.10891089108911,20.114122681883025
wrangler,79.20792079207921,18.830242510699
