,TPR,FPR
gb_opt,42.0,0.0
gb_ipw_opt,100.0,26.368876080691646
wrangler,100.0,49.42363112391931
