,TPR,FPR
gb_opt,71.42857142857143,0.5524861878453038
gb_ipw_opt,100.0,31.491712707182316
wrangler,67.85714285714286,11.602209944751381
