,TPR,FPR
gb_opt,88.88888888888889,0.8620689655172413
gb_ipw_opt,95.95959595959596,13.649425287356323
wrangler,88.88888888888889,47.41379310344828
