,TPR,FPR
gb_opt,35.92233009708738,0.8708272859216255
gb_ipw_opt,95.14563106796116,42.52539912917271
wrangler,99.02912621359224,54.57184325108854
