,TPR,FPR
gb_opt,50.505050505050505,0.28612303290414876
gb_ipw_opt,100.0,33.90557939914164
wrangler,100.0,49.78540772532189
