,TPR,FPR
gb_opt,97.77777777777777,0.0
gb_ipw_opt,97.77777777777777,1.2422360248447204
wrangler,97.77777777777777,19.565217391304348
