,TPR,FPR
gb_opt,52.63157894736842,0.0
gb_ipw_opt,94.73684210526315,4.411764705882353
wrangler,68.42105263157895,41.17647058823529
