,TPR,FPR
gb_opt,29.411764705882355,0.0
gb_ipw_opt,41.17647058823529,1.1494252873563218
wrangler,47.05882352941176,6.896551724137931
