,TPR,FPR
gb_opt,81.81818181818183,0.6925207756232686
gb_ipw_opt,91.91919191919192,6.232686980609419
wrangler,88.88888888888889,48.337950138504155
