,TPR,FPR
gb_opt,45.45454545454545,0.0
gb_ipw_opt,100.0,35.63218390804598
wrangler,39.39393939393939,81.03448275862068
