,TPR,FPR
gb_opt,76.92307692307693,0.26666666666666666
gb_ipw_opt,80.76923076923077,0.6666666666666667
wrangler,0.9615384615384616,0.0
