,TPR,FPR
gb_opt,90.0,0.0
gb_ipw_opt,100.0,4.285714285714286
wrangler,80.0,21.428571428571427
