,TPR,FPR
gb_opt,87.87878787878788,0.7132667617689016
gb_ipw_opt,98.98989898989899,6.847360912981455
wrangler,97.97979797979798,50.07132667617689
