,TPR,FPR
gb_opt,58.536585365853654,0.3663003663003663
gb_ipw_opt,95.1219512195122,14.285714285714285
wrangler,73.17073170731707,9.157509157509157
