,TPR,FPR
gb_opt,46.15384615384615,0.0
gb_ipw_opt,76.92307692307693,3.296703296703297
wrangler,23.076923076923077,13.186813186813188
