,TPR,FPR
gb_opt,73.68421052631578,0.0
gb_ipw_opt,100.0,20.149253731343283
wrangler,36.84210526315789,44.02985074626866
