,TPR,FPR
gb_opt,76.0,1.5781922525107603
gb_ipw_opt,96.0,16.06886657101865
wrangler,97.0,48.20659971305595
