,TPR,FPR
gb_opt,2.666666666666667,0.14285714285714285
gb_ipw_opt,71.0,33.095238095238095
wrangler,44.333333333333336,18.142857142857142
