,TPR,FPR
gb_opt,42.30769230769231,0.0
gb_ipw_opt,100.0,24.083769633507853
wrangler,23.076923076923077,12.041884816753926
