,TPR,FPR
gb_opt,42.30769230769231,1.0174418604651163
gb_ipw_opt,93.26923076923077,29.651162790697676
wrangler,96.15384615384616,51.45348837209303
