,TPR,FPR
gb_opt,92.5,0.0
gb_ipw_opt,97.5,4.83271375464684
wrangler,85.0,6.691449814126393
