,TPR,FPR
gb_opt,94.73684210526315,0.7352941176470588
gb_ipw_opt,94.73684210526315,0.7352941176470588
wrangler,94.73684210526315,0.7352941176470588
