,TPR,FPR
gb_opt,46.0,2.4045261669024045
gb_ipw_opt,100.0,26.449787835926447
wrangler,97.0,50.21216407355021
