,TPR,FPR
gb_opt,86.8421052631579,0.39215686274509803
gb_ipw_opt,97.36842105263158,3.5294117647058822
wrangler,92.10526315789474,11.372549019607844
