,TPR,FPR
gb_opt,53.535353535353536,0.7215007215007215
gb_ipw_opt,98.98989898989899,33.62193362193362
wrangler,100.0,49.06204906204906
