,TPR,FPR
gb_opt,84.61538461538461,0.7220216606498195
gb_ipw_opt,94.87179487179486,6.859205776173286
wrangler,87.17948717948718,14.440433212996389
