,TPR,FPR
gb_opt,78.84615384615384,0.8379888268156425
gb_ipw_opt,86.53846153846155,5.307262569832402
wrangler,98.07692307692307,58.10055865921788
