,TPR,FPR
gb_opt,50.505050505050505,1.291248206599713
gb_ipw_opt,97.97979797979798,28.83787661406026
wrangler,97.97979797979798,51.07604017216643
