,TPR,FPR
gb_opt,48.07692307692308,0.0
gb_ipw_opt,59.61538461538461,5.307262569832402
wrangler,44.230769230769226,12.849162011173185
