,TPR,FPR
gb_opt,66.66666666666666,5.5045871559633035
gb_ipw_opt,100.0,76.14678899082568
wrangler,57.14285714285714,43.11926605504588
