,TPR,FPR
gb_opt,88.23529411764706,0.0
gb_ipw_opt,100.0,2.7522935779816518
wrangler,52.94117647058824,30.275229357798167
