,TPR,FPR
gb_opt,88.46153846153845,0.2777777777777778
gb_ipw_opt,96.15384615384616,6.666666666666667
wrangler,88.46153846153845,28.055555555555557
