,TPR,FPR
gb_opt,91.91919191919192,1.2949640287769784
gb_ipw_opt,100.0,8.201438848920864
wrangler,100.0,49.7841726618705
