,TPR,FPR
gb_opt,75.0,0.0
gb_ipw_opt,90.0,1.4705882352941175
wrangler,0.0,0.7352941176470588
