,TPR,FPR
gb_opt,89.74358974358975,0.3676470588235294
gb_ipw_opt,97.43589743589743,5.514705882352941
wrangler,94.87179487179486,7.720588235294118
