,TPR,FPR
gb_opt,83.83838383838383,0.5633802816901409
gb_ipw_opt,97.97979797979798,4.507042253521127
wrangler,84.84848484848484,49.29577464788733
