,TPR,FPR
gb_opt,71.71717171717171,1.7266187050359711
gb_ipw_opt,98.98989898989899,21.8705035971223
wrangler,98.98989898989899,50.935251798561154
