,TPR,FPR
gb_opt,41.41414141414141,0.8658008658008658
gb_ipw_opt,98.98989898989899,41.55844155844156
wrangler,100.0,49.06204906204906
