,TPR,FPR
gb_opt,60.60606060606061,0.9831460674157303
gb_ipw_opt,94.94949494949495,30.61797752808989
wrangler,89.8989898989899,44.241573033707866
