,TPR,FPR
gb_opt,95.0,0.6451612903225806
gb_ipw_opt,100.0,5.161290322580645
wrangler,85.0,38.064516129032256
