,TPR,FPR
gb_opt,93.54838709677419,1.3761467889908259
gb_ipw_opt,100.0,5.963302752293578
wrangler,93.54838709677419,27.06422018348624
