,TPR,FPR
gb_opt,63.81818181818182,1.3157894736842104
gb_ipw_opt,80.36363636363636,9.468524251805986
wrangler,48.90909090909091,13.725490196078432
