,TPR,FPR
gb_opt,50.505050505050505,0.14326647564469913
gb_ipw_opt,100.0,26.21776504297994
wrangler,100.0,47.134670487106014
