,TPR,FPR
gb_opt,78.94736842105263,0.0
gb_ipw_opt,100.0,0.7407407407407408
wrangler,10.526315789473683,2.2222222222222223
