,TPR,FPR
gb_opt,65.81818181818181,3.7363777893098082
gb_ipw_opt,86.9090909090909,27.73741567202906
wrangler,68.36363636363636,29.865075246497145
