,TPR,FPR
gb_opt,39.39393939393939,0.28612303290414876
gb_ipw_opt,94.94949494949495,40.772532188841204
wrangler,98.98989898989899,50.35765379113018
