,TPR,FPR
gb_opt,85.85858585858585,1.0101010101010102
gb_ipw_opt,96.96969696969697,4.9062049062049065
wrangler,96.96969696969697,48.62914862914863
