,TPR,FPR
gb_opt,13.333333333333334,0.0
gb_ipw_opt,86.66666666666667,7.865168539325842
wrangler,33.33333333333333,10.112359550561797
