,TPR,FPR
gb_opt,61.53846153846154,0.0
gb_ipw_opt,73.07692307692307,3.910614525139665
wrangler,48.07692307692308,10.893854748603351
