,TPR,FPR
gb_opt,90.0,0.36231884057971014
gb_ipw_opt,97.5,3.985507246376811
wrangler,92.5,21.73913043478261
