,TPR,FPR
gb_opt,35.714285714285715,0.0
gb_ipw_opt,96.42857142857143,5.1020408163265305
wrangler,57.14285714285714,33.16326530612245
