,TPR,FPR
gb_opt,41.41414141414141,0.430416068866571
gb_ipw_opt,97.97979797979798,42.46771879483501
wrangler,100.0,50.21520803443329
