,TPR,FPR
gb_opt,60.396039603960396,0.5633802816901409
gb_ipw_opt,95.04950495049505,29.154929577464788
wrangler,95.04950495049505,45.2112676056338
