,TPR,FPR
gb_opt,81.81818181818183,0.0
gb_ipw_opt,100.0,2.857142857142857
wrangler,63.63636363636363,7.142857142857142
