,TPR,FPR
gb_opt,91.66666666666666,0.0
gb_ipw_opt,100.0,5.88235294117647
wrangler,66.66666666666666,83.52941176470588
