,TPR,FPR
gb_opt,75.75757575757575,0.9985734664764622
gb_ipw_opt,93.93939393939394,12.981455064194009
wrangler,89.8989898989899,48.787446504992865
