,TPR,FPR
gb_opt,42.857142857142854,0.0
gb_ipw_opt,100.0,7.207207207207207
wrangler,0.0,0.0
