,TPR,FPR
gb_opt,33.0,0.0
gb_ipw_opt,95.0,42.19653179190752
wrangler,98.0,61.849710982658955
