,TPR,FPR
gb_opt,49.0,0.8670520231213872
gb_ipw_opt,100.0,43.786127167630056
wrangler,100.0,49.13294797687861
