,TPR,FPR
gb_opt,87.0,1.0115606936416186
gb_ipw_opt,100.0,10.83815028901734
wrangler,98.0,50.0
