,TPR,FPR
gb_opt,58.666666666666664,1.0476190476190477
gb_ipw_opt,76.0,4.095238095238096
wrangler,70.66666666666667,15.333333333333332
