,TPR,FPR
gb_opt,20.224719101123593,0.0
gb_ipw_opt,100.0,98.88
wrangler,15.730337078651685,12.16
