,TPR,FPR
gb_opt,62.0,0.5714285714285714
gb_ipw_opt,92.0,10.571428571428571
wrangler,72.0,22.857142857142858
