,TPR,FPR
gb_opt,84.21052631578947,0.0
gb_ipw_opt,100.0,2.097902097902098
wrangler,0.0,0.0
