,TPR,FPR
gb_opt,88.0,0.7032348804500703
gb_ipw_opt,94.0,4.219409282700422
wrangler,78.0,6.751054852320674
