,TPR,FPR
gb_opt,90.0,0.0
gb_ipw_opt,100.0,5.633802816901409
wrangler,70.0,11.267605633802818
