,TPR,FPR
gb_opt,62.5,0.0
gb_ipw_opt,93.75,1.834862385321101
wrangler,50.0,40.36697247706422
