,TPR,FPR
gb_opt,88.88888888888889,0.0
gb_ipw_opt,100.0,28.346456692913385
wrangler,5.555555555555555,0.7874015748031495
