,TPR,FPR
gb_opt,25.0,1.3157894736842104
gb_ipw_opt,90.625,8.771929824561402
wrangler,28.125,13.157894736842104
