,TPR,FPR
gb_opt,23.809523809523807,0.0
gb_ipw_opt,100.0,100.0
wrangler,23.809523809523807,1.3157894736842104
