,TPR,FPR
gb_opt,52.94117647058824,0.28653295128939826
gb_ipw_opt,100.0,15.472779369627506
wrangler,74.50980392156863,25.501432664756447
