,TPR,FPR
gb_opt,90.0,0.0
gb_ipw_opt,90.0,4.10958904109589
wrangler,80.0,30.136986301369863
