,TPR,FPR
gb_opt,79.7979797979798,1.5714285714285716
gb_ipw_opt,96.96969696969697,10.857142857142858
wrangler,100.0,50.857142857142854
