,TPR,FPR
gb,0.0,6.082725060827251
gb_ipw,100.0,98.05352798053528
wrangler_23,0.0,0.0
wrangler_16,0.0,0.0
gb_23,0.0,0.0
gb_16,93.65079365079364,47.93187347931873
