,TPR,FPR
gb,0.0,0.0
gb_ipw,0.0,0.0
wrangler_23,3.0303030303030303,7.334109429569266
wrangler_16,0.0,2.2118742724097786
gb_23,0.0,0.0
gb_16,0.0,0.0
