,TPR,FPR
gb,0.0,0.0
gb_ipw,100.0,98.56459330143541
wrangler_23,0.0,0.0
wrangler_16,100.0,52.15311004784689
gb_23,0.0,0.0
gb_16,0.0,0.0
