,TPR,FPR
gb,16.666666666666668,0.0
gb_ipw,100.0,99.00990099009901
wrangler_23,0.0,0.0
wrangler_16,0.0,0.0
gb_23,0.0,0.0
gb_16,0.0,0.0
