,TPR,FPR
gb,0.0,0.0
gb_ipw,0.0,0.0
wrangler_23,0.0,0.0
wrangler_16,48.41269841269841,71.42857142857143
gb_23,100.0,100.0
gb_16,0.0,0.0
