,TPR,FPR
gb,71.42857142857143,33.333333333333336
gb_ipw,71.42857142857143,33.333333333333336
wrangler_23,64.28571428571429,74.50980392156863
wrangler_16,100.0,100.0
gb_23,0.0,0.0
gb_16,100.0,100.0
