,TPR,FPR
gb,0.0,0.0
gb_ipw,0.0,0.0
wrangler_23,4.040404040404041,8.19672131147541
wrangler_16,0.0,1.405152224824356
gb_23,0.0,0.0
gb_16,0.0,0.0
