,TPR,FPR
gb,0.0,0.0
gb_ipw,11.0,0.9411764705882353
wrangler_23,0.0,0.0
wrangler_16,0.0,1.2941176470588236
gb_23,0.0,0.0
gb_16,0.0,0.0
