,TPR,FPR
gb,77.27272727272727,13.88888888888889
gb_ipw,100.0,100.0
wrangler_23,100.0,73.61111111111111
wrangler_16,22.727272727272727,2.0833333333333335
gb_23,100.0,73.61111111111111
gb_16,0.0,0.0
