,TPR,FPR
gb,0.0,0.0
gb_ipw,66.66666666666667,70.47619047619048
wrangler_23,0.0,0.0
wrangler_16,0.0,0.0
gb_23,19.607843137254903,0.0
gb_16,0.0,0.0
