,TPR,FPR
gb,84.21052631578948,1.8404907975460123
gb_ipw,100.0,46.625766871165645
wrangler_23,100.0,100.0
wrangler_16,100.0,100.0
gb_23,0.0,0.0
gb_16,5.2631578947368425,0.0
