,TPR,FPR
gb,97.43589743589743,17.46987951807229
gb_ipw,100.0,39.75903614457831
wrangler_23,100.0,100.0
wrangler_16,100.0,100.0
gb_23,100.0,100.0
gb_16,100.0,100.0
