,TPR,FPR
gb,0.0,0.0
gb_ipw,35.294117647058826,49.645390070921984
wrangler_23,100.0,100.0
wrangler_16,100.0,100.0
gb_23,100.0,100.0
gb_16,52.94117647058823,79.43262411347517
