,TPR,FPR
gb,95.91836734693878,51.199040767386094
gb_ipw,95.91836734693878,97.12230215827338
wrangler_23,96.93877551020408,100.0
wrangler_16,92.85714285714286,64.86810551558753
gb_23,96.93877551020408,100.0
gb_16,96.93877551020408,100.0
