,TPR,FPR
gb,0.0,0.0
gb_ipw,100.0,99.31350114416476
wrangler_23,0.0,0.0
wrangler_16,0.0,0.0
gb_23,100.0,0.2288329519450801
gb_16,0.0,0.0
