,TPR,FPR
gb,100.0,9.253731343283581
gb_ipw,100.0,9.253731343283581
wrangler_23,100.0,100.0
wrangler_16,100.0,91.64179104477611
gb_23,100.0,91.64179104477611
gb_16,100.0,91.64179104477611
