,TPR,FPR
gb,100.0,82.75862068965517
gb_ipw,100.0,82.75862068965517
wrangler_23,53.84615384615385,31.03448275862069
wrangler_16,0.0,0.0
gb_23,100.0,100.0
gb_16,0.0,0.0
