,TPR,FPR
gb,0.0,0.0
gb_ipw,100.0,92.67015706806282
wrangler_23,0.0,0.0
wrangler_16,100.0,52.35602094240838
gb_23,0.0,0.0
gb_16,0.0,0.0
