,TPR,FPR
gb,0.0,0.0
gb_ipw,100.0,26.877934272300468
wrangler_23,0.0,6.924882629107981
wrangler_16,0.9900990099009901,7.042253521126761
gb_23,0.0,0.0
gb_16,0.0,0.0
