,TPR,FPR
gb,0.0,0.0
gb_ipw,100.0,88.05194805194805
wrangler_23,0.0,0.5194805194805194
wrangler_16,0.0,0.0
gb_23,100.0,43.63636363636363
gb_16,0.0,0.0
