,TPR,FPR
gb,0.0,0.0
gb_ipw,100.0,99.37106918238993
wrangler_23,100.0,100.0
wrangler_16,100.0,100.0
gb_23,85.18518518518519,11.0062893081761
gb_16,22.22222222222222,86.79245283018868
