,TPR,FPR
gb,18.181818181818183,0.0
gb_ipw,18.181818181818183,0.0
wrangler_23,100.0,100.0
wrangler_16,9.090909090909092,0.0
gb_23,36.36363636363637,47.05882352941177
gb_16,0.0,0.0
