,TPR,FPR
gb,83.33333333333333,37.17948717948718
gb_ipw,100.0,89.74358974358974
wrangler_23,100.0,98.71794871794872
wrangler_16,100.0,100.0
gb_23,100.0,100.0
gb_16,0.0,0.0
