,TPR,FPR
gb,0.0,0.0
gb_ipw,100.0,48.466257668711656
wrangler_23,0.0,0.0
wrangler_16,0.0,0.6134969325153374
gb_23,100.0,62.576687116564415
gb_16,100.0,62.576687116564415
