,TPR,FPR
gb,5.128205128205129,0.0
gb_ipw,100.0,6.325301204819277
wrangler_23,100.0,100.0
wrangler_16,100.0,100.0
gb_23,100.0,94.27710843373494
gb_16,100.0,100.0
