,TPR,FPR
gb,100.0,90.80459770114942
gb_ipw,100.0,91.95402298850574
wrangler_23,100.0,100.0
wrangler_16,100.0,24.137931034482758
gb_23,100.0,8.045977011494253
gb_16,100.0,100.0
