,TPR,FPR
gb,54.54545454545455,0.0
gb_ipw,100.0,4.705882352941177
wrangler_23,100.0,100.0
wrangler_16,100.0,92.94117647058823
gb_23,100.0,92.94117647058823
gb_16,0.0,0.0
