,TPR,FPR
gb,100.0,18.404907975460123
gb_ipw,100.0,18.404907975460123
wrangler_23,100.0,100.0
wrangler_16,100.0,100.0
gb_23,100.0,100.0
gb_16,100.0,84.66257668711657
