,TPR,FPR
gb,67.14285714285714,30.153321976149915
gb_ipw,100.0,100.0
wrangler_23,100.0,100.0
wrangler_16,100.0,100.0
gb_23,98.57142857142857,70.18739352640546
gb_16,100.0,100.0
