,TPR,FPR
gb,0.0,0.0
gb_ipw,94.9367088607595,83.67647058823529
wrangler_23,100.0,88.25630252100841
wrangler_16,100.0,88.25630252100841
gb_23,100.0,88.25630252100841
gb_16,0.0,0.0
