,TPR,FPR
gb,0.0,0.0
gb_ipw,100.0,36.799065420560744
wrangler_23,0.0,0.0
wrangler_16,0.0,0.8177570093457944
gb_23,0.0,0.0
gb_16,0.0,0.0
