,TPR,FPR
gb,0.0,0.0
gb_ipw,100.0,98.24561403508773
wrangler_23,100.0,100.0
wrangler_16,0.0,0.0
gb_23,4.761904761904762,1.1695906432748537
gb_16,100.0,66.08187134502924
