,TPR,FPR
gb,0.0,0.0
gb_ipw,35.294117647058826,0.0
wrangler_23,94.11764705882354,95.0
wrangler_16,58.8235294117647,10.0
gb_23,0.0,0.0
gb_16,94.11764705882354,95.0
