,TPR,FPR
gb,0.0,0.0
gb_ipw,100.0,35.97560975609756
wrangler_23,100.0,100.0
wrangler_16,0.0,0.0
gb_23,100.0,70.1219512195122
gb_16,100.0,70.1219512195122
