,TPR,FPR
gb,100.0,45.45454545454545
gb_ipw,100.0,80.45454545454545
wrangler_23,0.0,0.0
wrangler_16,100.0,55.68181818181818
gb_23,0.0,0.0
gb_16,0.0,0.0
