,TPR,FPR
gb,100.0,18.6046511627907
gb_ipw,100.0,18.6046511627907
wrangler_23,100.0,100.0
wrangler_16,100.0,100.0
gb_23,100.0,84.88372093023256
gb_16,100.0,15.116279069767442
