,TPR,FPR
gb,0.0,0.0
gb_ipw,61.53846153846154,34.54545454545455
wrangler_23,84.61538461538461,41.81818181818182
wrangler_16,76.92307692307692,36.36363636363637
gb_23,100.0,99.0909090909091
gb_16,0.0,0.0
