,TPR,FPR
gb,0.0,0.0
gb_ipw,0.0,0.0
wrangler_23,0.0,0.0
wrangler_16,1.941747572815534,8.13679245283019
gb_23,0.0,0.0
gb_16,0.0,0.0
