,TPR,FPR
gb,0.0,0.0
gb_ipw,100.0,62.745098039215684
wrangler_23,0.0,0.0
wrangler_16,100.0,57.51633986928105
gb_23,0.0,0.0
gb_16,0.0,0.0
