,TPR,FPR
gb,74.07407407407408,0.91324200913242
gb_ipw,74.07407407407408,99.54337899543378
wrangler_23,100.0,98.17351598173516
wrangler_16,100.0,100.0
gb_23,100.0,100.0
gb_16,0.0,0.0
