,TPR,FPR
gb,30.0,1.1627906976744187
gb_ipw,100.0,77.90697674418605
wrangler_23,0.0,0.0
wrangler_16,0.0,0.0
gb_23,80.0,77.90697674418605
gb_16,0.0,0.0
