,TPR,FPR
gb,0.0,0.0
gb_ipw,98.18181818181819,6.432748538011696
wrangler_23,0.0,0.0
wrangler_16,0.0,0.0
gb_23,21.818181818181817,1.4035087719298245
gb_16,33.63636363636363,95.90643274853801
