,TPR,FPR
gb,0.0,0.0
gb_ipw,100.0,26.4947245017585
wrangler_23,0.0,0.0
wrangler_16,0.0,1.2895662368112544
gb_23,0.0,0.0
gb_16,0.0,0.0
