,TPR,FPR
gb,88.0503144654088,85.39778449144008
gb_ipw,100.0,99.49647532729104
wrangler_23,0.0,0.0
wrangler_16,0.0,0.0
gb_23,60.37735849056604,44.008056394763344
gb_16,10.062893081761006,22.658610271903324
