,TPR,FPR
gb,0.0,0.0
gb_ipw,88.23529411764706,0.0
wrangler_23,0.0,4.166666666666667
wrangler_16,100.0,100.0
gb_23,0.0,0.0
gb_16,0.0,0.0
