,TPR,FPR
gb,0.0,0.0
gb_ipw,100.0,95.67901234567901
wrangler_23,5.0,0.0
wrangler_16,0.0,0.0
gb_23,100.0,4.938271604938271
gb_16,0.0,0.0
