,TPR,FPR
gb,0.0,0.0
gb_ipw,91.30434782608695,3.5175879396984926
wrangler_23,0.0,0.0
wrangler_16,0.0,0.0
gb_23,91.30434782608695,51.256281407035175
gb_16,0.0,0.0
