,TPR,FPR
gb,100.0,18.451025056947607
gb_ipw,100.0,95.44419134396355
wrangler_23,56.60377358490566,40.31890660592255
wrangler_16,92.45283018867924,52.84738041002278
gb_23,39.62264150943396,40.31890660592255
gb_16,0.0,0.0
