,TPR,FPR
gb,0.0,0.0
gb_ipw,100.0,25.23474178403756
wrangler_23,0.0,1.8779342723004695
wrangler_16,0.0,0.0
gb_23,0.0,0.0
gb_16,0.0,0.0
