,TPR,FPR
gb,0.0,0.0
gb_ipw,100.0,29.508196721311474
wrangler_23,2.0,3.981264637002342
wrangler_16,0.0,1.288056206088993
gb_23,0.0,0.0
gb_16,0.0,0.0
