,TPR,FPR
gb,0.0,0.0
gb_ipw,0.0,0.0
wrangler_23,0.0,2.1151586368977675
wrangler_16,2.0202020202020203,8.225616921269095
gb_23,0.0,0.0
gb_16,0.0,0.0
