,TPR,FPR
gb,0.0,0.0
gb_ipw,100.0,51.76470588235294
wrangler_23,100.0,100.0
wrangler_16,100.0,22.352941176470587
gb_23,100.0,100.0
gb_16,100.0,100.0
