,TPR,FPR
gb,0.0,0.0
gb_ipw,100.0,36.75564681724846
wrangler_23,100.0,96.91991786447639
wrangler_16,0.0,0.0
gb_23,100.0,0.0
gb_16,0.0,0.0
