,TPR,FPR
gb,3.8461538461538463,0.8968609865470852
gb_ipw,100.0,64.57399103139014
wrangler_23,100.0,100.0
wrangler_16,100.0,75.33632286995515
gb_23,100.0,75.33632286995515
gb_16,100.0,100.0
