,TPR,FPR
gb,0.0,0.0
gb_ipw,100.0,100.0
wrangler_23,4.761904761904762,0.9345794392523364
wrangler_16,0.0,0.0
gb_23,100.0,100.0
gb_16,0.0,0.0
