,TPR,FPR
gb,0.0,0.0
gb_ipw,0.0,0.0
wrangler_23,11.11111111111111,5.147058823529412
wrangler_16,0.0,1.4705882352941178
gb_23,88.88888888888889,100.0
gb_16,88.88888888888889,83.82352941176471
