,TPR,FPR
gb,0.0,0.0
gb_ipw,100.0,32.82887077997672
wrangler_23,0.0,5.005820721769499
wrangler_16,0.0,0.0
gb_23,0.0,0.0
gb_16,0.0,0.0
