,TPR,FPR
gb,0.0,0.0
gb_ipw,100.0,18.93491124260355
wrangler_23,100.0,100.0
wrangler_16,69.23076923076923,3.5502958579881656
gb_23,100.0,100.0
gb_16,0.0,0.0
