,TPR,FPR
gb,0.0,0.0
gb_ipw,0.0,0.0
wrangler_23,17.171717171717173,8.225616921269095
wrangler_16,0.0,0.0
gb_23,0.0,0.0
gb_16,0.0,0.0
