,TPR,FPR
gb,69.23076923076923,4.491017964071856
gb_ipw,100.0,5.089820359281437
wrangler_23,100.0,100.0
wrangler_16,100.0,100.0
gb_23,0.0,0.0
gb_16,100.0,100.0
