,TPR,FPR
gb,0.0,0.0
gb_ipw,100.0,99.35897435897436
wrangler_23,0.0,0.0
wrangler_16,0.0,0.6410256410256411
gb_23,100.0,100.0
gb_16,100.0,100.0
