,TPR,FPR
gb,0.0,0.0
gb_ipw,100.0,2.3076923076923075
wrangler_23,37.5,0.38461538461538464
wrangler_16,0.0,0.0
gb_23,0.0,0.0
gb_16,0.0,0.0
