,TPR,FPR
gb,0.0,0.0
gb_ipw,100.0,67.31391585760518
wrangler_23,11.428571428571429,15.857605177993527
wrangler_16,5.714285714285714,6.148867313915858
gb_23,0.0,0.0
gb_16,0.0,0.0
