,TPR,FPR
gb,0.0,0.0
gb_ipw,92.3076923076923,95.53571428571429
wrangler_23,100.0,86.60714285714286
wrangler_16,100.0,100.0
gb_23,0.0,0.0
gb_16,0.0,0.0
