,TPR,FPR
gb,100.0,0.5586592178770949
gb_ipw,100.0,0.5586592178770949
wrangler_23,100.0,100.0
wrangler_16,0.0,0.5586592178770949
gb_23,100.0,94.41340782122904
gb_16,100.0,100.0
