,TPR,FPR
gb,0.0,0.0
gb_ipw,18.75,0.0
wrangler_23,29.166666666666668,6.87960687960688
wrangler_16,0.0,0.0
gb_23,18.75,0.2457002457002457
gb_16,0.0,0.0
