,TPR,FPR
gb,100.0,58.74704491725768
gb_ipw,100.0,59.219858156028366
wrangler_23,2.0408163265306123,0.1182033096926714
wrangler_16,0.0,0.0
gb_23,0.0,0.0
gb_16,0.0,0.0
