,TPR,FPR
gb,20.0,0.0
gb_ipw,100.0,5.714285714285714
wrangler_23,90.0,87.42857142857143
wrangler_16,0.0,1.7142857142857142
gb_23,100.0,90.85714285714286
gb_16,0.0,0.0
