,TPR,FPR
gb,0.0,0.0
gb_ipw,100.0,50.920245398773005
wrangler_23,0.0,0.0
wrangler_16,5.2631578947368425,0.6134969325153374
gb_23,0.0,0.0
gb_16,0.0,0.0
