,TPR,FPR
gb,0.0,0.0
gb_ipw,99.3006993006993,86.09756097560975
wrangler_23,4.895104895104895,0.8536585365853658
wrangler_16,6.293706293706293,1.0975609756097562
gb_23,52.44755244755245,20.609756097560975
gb_16,0.0,1.951219512195122
