,TPR,FPR
gb,89.47368421052632,10.493827160493828
gb_ipw,100.0,98.76543209876543
wrangler_23,100.0,100.0
wrangler_16,100.0,100.0
gb_23,100.0,100.0
gb_16,100.0,100.0
