,TPR,FPR
gb,0.0,0.0
gb_ipw,100.0,61.142857142857146
wrangler_23,100.0,100.0
wrangler_16,94.11764705882354,24.0
gb_23,100.0,53.142857142857146
gb_16,0.0,0.0
