,TPR,FPR
gb,0.0,0.0
gb_ipw,70.0,94.9367088607595
wrangler_23,100.0,15.189873417721518
wrangler_16,100.0,96.20253164556962
gb_23,100.0,50.63291139240506
gb_16,20.0,87.34177215189874
