,TPR,FPR
gb,100.0,12.790697674418604
gb_ipw,100.0,12.790697674418604
wrangler_23,100.0,100.0
wrangler_16,100.0,100.0
gb_23,100.0,89.53488372093024
gb_16,100.0,100.0
