,TPR,FPR
gb,100.0,15.909090909090908
gb_ipw,100.0,15.909090909090908
wrangler_23,100.0,100.0
wrangler_16,100.0,100.0
gb_23,100.0,84.0909090909091
gb_16,100.0,100.0
