,TPR,FPR
gb,0.0,0.0
gb_ipw,10.0,60.0
wrangler_23,100.0,100.0
wrangler_16,100.0,8.235294117647058
gb_23,40.0,8.235294117647058
gb_16,40.0,8.235294117647058
