,TPR,FPR
gb,0.0,0.0
gb_ipw,100.0,96.42857142857143
wrangler_23,0.0,0.0
wrangler_16,0.0,0.0
gb_23,0.0,0.0
gb_16,100.0,41.42857142857143
