,TPR,FPR
gb,100.0,0.5586592178770949
gb_ipw,100.0,6.145251396648045
wrangler_23,100.0,92.17877094972067
wrangler_16,0.0,0.5586592178770949
gb_23,100.0,94.41340782122904
gb_16,0.0,0.0
