,TPR,FPR
gb,0.0,0.0
gb_ipw,100.0,99.91694352159469
wrangler_23,0.0,0.0
wrangler_16,0.0,0.0
gb_23,100.0,62.70764119601329
gb_16,0.0,0.0
