,TPR,FPR
gb,100.0,92.41773962804005
gb_ipw,100.0,92.41773962804005
wrangler_23,41.25,28.04005722460658
wrangler_16,100.0,100.0
gb_23,0.0,0.0
gb_16,100.0,99.71387696709586
