,TPR,FPR
gb,0.0,0.0
gb_ipw,100.0,99.79508196721312
wrangler_23,0.0,0.0
wrangler_16,0.0,0.0
gb_23,0.0,0.0
gb_16,51.19047619047619,41.39344262295082
