,TPR,FPR
gb,1.3986013986013985,13.165537270087125
gb_ipw,100.0,99.90319457889642
wrangler_23,0.0,0.0
wrangler_16,0.0,0.0
gb_23,0.0,0.0
gb_16,12.587412587412587,13.843175217812197
