,TPR,FPR
gb,0.0,0.0
gb_ipw,100.0,98.11557788944724
wrangler_23,4.310344827586207,1.0050251256281406
wrangler_16,0.0,0.0
gb_23,0.0,0.0
gb_16,0.0,0.0
