,TPR,FPR
gb,0.0,0.0
gb_ipw,64.28571428571429,45.283018867924525
wrangler_23,0.0,26.41509433962264
wrangler_16,0.0,0.0
gb_23,0.0,0.0
gb_16,0.0,0.0
