,TPR,FPR
gb,0.0,0.0
gb_ipw,100.0,98.2905982905983
wrangler_23,0.0,0.0
wrangler_16,0.0,0.0
gb_23,100.0,0.8547008547008547
gb_16,100.0,100.0
