,TPR,FPR
gb,0.0,0.0
gb_ipw,100.0,99.38271604938272
wrangler_23,0.0,0.0
wrangler_16,0.0,0.0
gb_23,100.0,28.395061728395063
gb_16,0.0,0.0
