,TPR,FPR
gb,0.0,0.0
gb_ipw,100.0,36.502347417840376
wrangler_23,0.0,1.7605633802816902
wrangler_16,0.0,0.0
gb_23,0.0,0.0
gb_16,0.0,0.0
