,TPR,FPR
gb,0.0,0.0
gb_ipw,100.0,93.01075268817205
wrangler_23,84.375,17.204301075268816
wrangler_16,0.0,0.0
gb_23,0.0,0.0
gb_16,0.0,0.0
