,TPR,FPR
gb,0.0,0.0
gb_ipw,20.0,7.853403141361256
wrangler_23,100.0,99.47643979057591
wrangler_16,0.0,0.0
gb_23,100.0,100.0
gb_16,100.0,93.19371727748691
