,TPR,FPR
gb,0.0,0.0
gb_ipw,77.77777777777777,61.971830985915496
wrangler_23,0.0,0.0
wrangler_16,0.0,0.0
gb_23,0.0,0.0
gb_16,0.0,0.0
