,TPR,FPR
gb,0.0,0.0
gb_ipw,78.57142857142857,0.0
wrangler_23,7.142857142857143,11.650485436893204
wrangler_16,0.0,1.941747572815534
gb_23,0.0,0.0
gb_16,0.0,0.0
