,TPR,FPR
gb,18.181818181818183,2.2222222222222223
gb_ipw,100.0,100.0
wrangler_23,0.0,0.0
wrangler_16,100.0,64.44444444444444
gb_23,0.0,0.0
gb_16,100.0,100.0
