,TPR,FPR
gb,83.33333333333333,0.0
gb_ipw,100.0,98.07692307692308
wrangler_23,75.0,0.0
wrangler_16,75.0,0.9615384615384616
gb_23,100.0,100.0
gb_16,100.0,100.0
