,TPR,FPR
gb,0.0,0.0
gb_ipw,0.0,0.0
wrangler_23,95.04950495049505,52.11764705882353
wrangler_16,0.0,2.0
gb_23,0.0,0.0
gb_16,0.0,0.0
