,TPR,FPR
gb,0.0,0.0
gb_ipw,98.98989898989899,39.48598130841121
wrangler_23,0.0,0.0
wrangler_16,0.0,0.0
gb_23,0.0,0.0
gb_16,0.0,0.0
