,TPR,FPR
gb,0.0,0.0
gb_ipw,88.57142857142857,36.496350364963504
wrangler_23,0.0,0.0
wrangler_16,0.0,0.0
gb_23,0.0,0.0
gb_16,0.0,0.0
