,TPR,FPR
gb,100.0,58.74704491725768
gb_ipw,100.0,59.219858156028366
wrangler_23,5.1020408163265305,4.0189125295508275
wrangler_16,0.0,0.0
gb_23,100.0,99.52718676122932
gb_16,0.0,0.0
