,TPR,FPR
gb,2.985074626865672,0.0
gb_ipw,98.50746268656717,93.84057971014492
wrangler_23,26.865671641791046,2.717391304347826
wrangler_16,0.0,0.0
gb_23,88.05970149253731,80.43478260869566
gb_16,38.80597014925373,79.16666666666667
