,TPR,FPR
gb,100.0,45.45454545454545
gb_ipw,100.0,99.77272727272727
wrangler_23,100.0,55.68181818181818
wrangler_16,100.0,55.68181818181818
gb_23,0.0,0.0
gb_16,96.29629629629629,0.22727272727272727
