,TPR,FPR
gb,0.0,0.0
gb_ipw,28.94736842105263,23.076923076923077
wrangler_23,100.0,100.0
wrangler_16,100.0,100.0
gb_23,100.0,100.0
gb_16,100.0,100.0
