,TPR,FPR
gb,0.0,0.0
gb_ipw,100.0,99.0521327014218
wrangler_23,0.0,0.0
wrangler_16,100.0,78.67298578199052
gb_23,100.0,75.35545023696683
gb_16,0.0,0.0
