,TPR,FPR
gb,69.23076923076923,31.77570093457944
gb_ipw,100.0,75.70093457943925
wrangler_23,100.0,43.925233644859816
wrangler_16,0.0,0.0
gb_23,0.0,0.0
gb_16,0.0,0.0
