,TPR,FPR
gb,0.0,0.0
gb_ipw,100.0,91.60839160839161
wrangler_23,0.0,0.0
wrangler_16,100.0,52.214452214452216
gb_23,100.0,100.0
gb_16,0.0,0.0
