,TPR,FPR
gb,0.0,0.0
gb_ipw,100.0,62.7906976744186
wrangler_23,0.0,0.0
wrangler_16,60.0,33.72093023255814
gb_23,0.0,0.0
gb_16,100.0,100.0
