,TPR,FPR
gb,0.0,0.0
gb_ipw,0.0,0.0
wrangler_23,74.74747474747475,31.074766355140188
wrangler_16,0.0,1.1682242990654206
gb_23,0.0,0.0
gb_16,0.0,0.0
