,TPR,FPR
gb,0.0,0.0
gb_ipw,99.0,38.98704358068316
wrangler_23,0.0,2.3557126030624262
wrangler_16,0.0,2.7090694935217905
gb_23,0.0,0.0
gb_16,0.0,0.0
