,TPR,FPR
gb,100.0,43.95348837209303
gb_ipw,100.0,98.83720930232558
wrangler_23,0.0,0.0
wrangler_16,0.0,0.0
gb_23,100.0,88.13953488372093
gb_16,0.0,0.0
