,TPR,FPR
gb,0.0,0.0
gb_ipw,50.505050505050505,0.0
wrangler_23,0.0,0.0
wrangler_16,0.0,2.306805074971165
gb_23,0.0,0.0
gb_16,0.0,0.0
