,TPR,FPR
gb,0.0,0.0
gb_ipw,80.0,35.80246913580247
wrangler_23,0.0,0.0
wrangler_16,0.0,0.6172839506172839
gb_23,0.0,0.0
gb_16,100.0,74.07407407407408
