,TPR,FPR
gb,69.23076923076923,31.77570093457944
gb_ipw,100.0,88.78504672897196
wrangler_23,0.0,0.0
wrangler_16,0.0,0.0
gb_23,0.0,0.0
gb_16,0.0,0.0
