,Correlation,Causal,Wrangler_23,Wrangler_16,GB_23,GB_16
0,0.0,0.0,0.0,0.0,0.0,0.0
1,0.0,58.333333333333336,0.0,0.0,0.0,0.0
2,0.0,95.83333333333334,0.0,0.0,0.0,0.0
3,0.0,97.91666666666666,0.0,0.0,0.0,0.0
4,100.0,100.0,100.0,100.0,100.0,100.0
