,Correlation,Causal,Wrangler_23,Wrangler_16,GB_23,GB_16
0,0.0,0.0,0.0,0.0,0.0,0.0
1,0.0,0.0,5.714285714285714,5.714285714285714,0.0,0.0
2,0.0,100.0,8.571428571428571,5.714285714285714,0.0,0.0
3,0.0,100.0,11.428571428571429,5.714285714285714,0.0,0.0
4,0.0,100.0,11.428571428571429,5.714285714285714,0.0,0.0
5,0.0,100.0,11.428571428571429,5.714285714285714,0.0,0.0
6,100.0,100.0,100.0,100.0,100.0,100.0
