,Correlation,Causal,Wrangler_23,Wrangler_16,GB_23,GB_16
0,0.0,0.0,0.0,0.0,0.0,0.0
1,0.0,0.0,47.368421052631575,100.0,0.0,89.47368421052632
2,0.0,0.0,52.63157894736842,100.0,0.0,89.47368421052632
3,100.0,100.0,100.0,100.0,100.0,100.0
