,Correlation,Causal,Wrangler_23,Wrangler_16,GB_23,GB_16
0,0.0,0.0,0.0,0.0,0.0,0.0
1,0.0,0.0,0.0,0.0,0.0,0.0
2,0.0,0.0,0.0,1.0101010101010102,0.0,0.0
3,0.0,0.0,3.0303030303030303,43.43434343434344,0.0,0.0
4,0.0,0.0,12.121212121212121,74.74747474747475,0.0,0.0
5,0.0,0.0,14.14141414141414,82.82828282828282,0.0,0.0
6,0.0,0.0,15.151515151515152,83.83838383838383,0.0,0.0
7,100.0,100.0,100.0,100.0,100.0,100.0
