,Correlation,Causal,Wrangler_23,Wrangler_16,GB_23,GB_16
0,0.0,0.0,0.0,0.0,0.0,0.0
1,0.0,100.0,0.0,0.0,0.0,0.0
2,0.0,100.0,14.814814814814813,0.0,0.0,0.0
3,0.0,100.0,96.29629629629629,0.0,0.0,0.0
4,0.0,100.0,100.0,18.51851851851852,0.0,0.0
5,0.0,100.0,100.0,33.33333333333333,0.0,0.0
6,0.0,100.0,100.0,37.03703703703704,0.0,0.0
7,100.0,100.0,100.0,100.0,100.0,100.0
