,Correlation,Causal,Wrangler_23,Wrangler_16,GB_23,GB_16
0,0.0,0.0,0.0,0.0,0.0,0.0
1,0.0,99.3006993006993,1.3986013986013985,5.594405594405594,44.05594405594406,0.0
2,0.0,99.3006993006993,2.097902097902098,5.594405594405594,50.349650349650354,0.0
3,0.0,99.3006993006993,4.895104895104895,5.594405594405594,52.44755244755245,0.0
4,0.0,99.3006993006993,4.895104895104895,6.293706293706294,52.44755244755245,0.0
5,100.0,100.0,100.0,100.0,100.0,100.0
