,Correlation,Causal,Wrangler_23,Wrangler_16,GB_23,GB_16
0,0.0,0.0,0.0,0.0,0.0,0.0
1,0.0,83.07692307692308,0.0,0.0,0.0,0.0
2,0.0,84.61538461538461,0.0,0.0,0.0,0.0
3,0.0,95.38461538461539,0.0,0.0,0.0,0.0
4,100.0,100.0,100.0,100.0,100.0,100.0
