,Correlation,Causal,Wrangler_23,Wrangler_16,GB_23,GB_16
0,0.0,0.0,0.0,0.0,0.0,0.0
1,0.0,64.19529837251356,99.81916817359856,52.26039783001808,15.551537070524413,99.81916817359856
2,0.0,86.61844484629296,100.0,90.59674502712477,18.806509945750452,100.0
3,0.0,91.13924050632912,100.0,95.11754068716094,19.168173598553345,100.0
4,0.0,99.81916817359856,100.0,96.56419529837251,19.168173598553345,100.0
5,0.0,99.81916817359856,100.0,96.9258589511754,19.168173598553345,100.0
6,0.0,99.81916817359856,100.0,96.9258589511754,19.168173598553345,100.0
7,0.0,99.81916817359856,100.0,96.9258589511754,19.168173598553345,100.0
8,0.0,99.81916817359856,100.0,96.9258589511754,19.168173598553345,100.0
9,0.0,99.81916817359856,100.0,96.9258589511754,19.168173598553345,100.0
10,100.0,100.0,100.0,100.0,100.0,100.0
