,Correlation,Causal,Wrangler_23,Wrangler_16,GB_23,GB_16
0,0.0,0.0,0.0,0.0,0.0,0.0
1,0.0,0.0,64.28571428571429,100.0,0.0,100.0
2,71.42857142857143,71.42857142857143,64.28571428571429,100.0,0.0,100.0
3,100.0,100.0,100.0,100.0,100.0,100.0
