,Correlation,Causal,Wrangler_23,Wrangler_16,GB_23,GB_16
0,0.0,0.0,0.0,0.0,0.0,0.0
1,0.0,0.0,0.0,0.0,0.0,0.0
2,0.0,0.0,0.0,0.0,0.0,0.0
3,0.0,0.0,6.0606060606060606,0.0,0.0,0.0
4,0.0,76.76767676767676,26.262626262626267,0.0,0.0,0.0
5,0.0,83.83838383838383,35.35353535353536,0.0,0.0,0.0
6,0.0,100.0,35.35353535353536,0.0,0.0,0.0
7,0.0,100.0,35.35353535353536,0.0,0.0,0.0
8,0.0,100.0,35.35353535353536,0.0,0.0,0.0
9,100.0,100.0,100.0,100.0,100.0,100.0
