,Correlation,Causal,Wrangler_23,Wrangler_16,GB_23,GB_16
0,0.0,0.0,0.0,0.0,0.0,0.0
1,0.0,0.0,0.0,0.0,0.0,0.0
2,0.0,89.8989898989899,0.0,2.0202020202020203,0.0,0.0
3,0.0,97.97979797979798,0.0,26.262626262626267,0.0,0.0
4,0.0,100.0,1.0101010101010102,35.35353535353536,0.0,0.0
5,0.0,100.0,1.0101010101010102,36.36363636363637,0.0,0.0
6,100.0,100.0,100.0,100.0,100.0,100.0
