,Correlation,Causal,Wrangler_23,Wrangler_16,GB_23,GB_16
0,0.0,0.0,0.0,0.0,0.0,0.0
1,0.0,9.183673469387756,36.734693877551024,4.081632653061225,36.734693877551024,34.69387755102041
2,0.0,27.55102040816326,94.89795918367348,13.26530612244898,94.89795918367348,93.87755102040816
3,76.53061224489795,77.55102040816327,96.93877551020408,43.87755102040816,96.93877551020408,95.91836734693877
4,90.81632653061224,95.91836734693877,96.93877551020408,66.3265306122449,96.93877551020408,95.91836734693877
5,95.91836734693877,95.91836734693877,96.93877551020408,73.46938775510205,96.93877551020408,95.91836734693877
6,95.91836734693877,95.91836734693877,96.93877551020408,74.48979591836735,96.93877551020408,95.91836734693877
7,100.0,100.0,100.0,100.0,100.0,100.0
