,Correlation,Causal,Wrangler_23,Wrangler_16,GB_23,GB_16
0,0.0,0.0,0.0,0.0,0.0,0.0
1,0.0,0.0,0.0,100.0,0.0,100.0
2,0.0,0.0,0.0,100.0,0.0,100.0
3,0.0,0.0,0.0,100.0,0.0,100.0
4,0.0,53.84615384615385,0.0,100.0,0.0,100.0
5,0.0,84.61538461538461,0.0,100.0,0.0,100.0
6,100.0,100.0,100.0,100.0,100.0,100.0
