,Correlation,Causal,Wrangler_23,Wrangler_16,GB_23,GB_16
0,0.0,0.0,0.0,0.0,0.0,0.0
1,0.0,0.0,0.0,0.0,0.0,53.333333333333336
2,0.0,0.0,0.0,0.0,0.0,53.333333333333336
3,0.0,100.0,0.0,0.0,0.0,53.333333333333336
4,0.0,100.0,0.0,0.0,0.0,53.333333333333336
5,0.0,100.0,0.0,0.0,0.0,53.333333333333336
6,0.0,100.0,0.0,0.0,0.0,53.333333333333336
7,100.0,100.0,100.0,100.0,100.0,100.0
