,Correlation,Causal,Wrangler_23,Wrangler_16,GB_23,GB_16
0,0.0,0.0,0.0,0.0,0.0,0.0
1,95.14563106796116,95.14563106796116,0.0,0.0,29.126213592233007,0.0
2,95.14563106796116,95.14563106796116,0.0,0.0,29.126213592233007,0.0
3,95.14563106796116,95.14563106796116,0.0,0.0,30.097087378640776,0.0
4,100.0,100.0,100.0,100.0,100.0,100.0
