,Correlation,Causal,Wrangler_23,Wrangler_16,GB_23,GB_16
0,0.0,0.0,0.0,0.0,0.0,0.0
1,0.0,0.0,0.0,0.0,0.0,0.0
2,0.0,23.232323232323232,7.07070707070707,0.0,0.0,0.0
3,0.0,86.86868686868688,88.88888888888889,1.0101010101010102,0.0,0.0
4,0.0,92.92929292929293,98.98989898989899,3.0303030303030303,0.0,0.0
5,0.0,96.96969696969697,98.98989898989899,4.040404040404041,0.0,0.0
6,0.0,98.98989898989899,98.98989898989899,4.040404040404041,0.0,0.0
7,100.0,100.0,100.0,100.0,100.0,100.0
