,Correlation,Causal,Wrangler_23,Wrangler_16,GB_23,GB_16
0,0.0,0.0,0.0,0.0,0.0,0.0
1,0.0,9.183673469387756,36.734693877551024,8.16326530612245,36.734693877551024,36.734693877551024
2,0.0,27.55102040816326,94.89795918367348,27.55102040816326,94.89795918367348,94.89795918367348
3,76.53061224489795,77.55102040816327,96.93877551020408,74.48979591836735,96.93877551020408,96.93877551020408
4,90.81632653061224,95.91836734693877,96.93877551020408,89.79591836734694,96.93877551020408,96.93877551020408
5,95.91836734693877,95.91836734693877,96.93877551020408,91.83673469387756,96.93877551020408,96.93877551020408
6,95.91836734693877,95.91836734693877,96.93877551020408,92.85714285714286,96.93877551020408,96.93877551020408
7,100.0,100.0,100.0,100.0,100.0,100.0
