,Correlation,Causal,Wrangler_23,Wrangler_16,GB_23,GB_16
0,0.0,0.0,0.0,0.0,0.0,0.0
1,0.0,0.0,0.0,0.0,0.0,0.0
2,0.0,5.9405940594059405,0.0,0.0,0.0,0.0
3,0.0,5.9405940594059405,0.0,0.0,0.0,0.0
4,0.0,5.9405940594059405,0.0,0.0,0.0,0.0
5,0.0,39.603960396039604,0.0,0.0,0.0,0.0
6,0.0,59.4059405940594,0.0,0.0,0.0,0.0
7,0.0,65.34653465346535,0.0,0.0,0.0,0.0
8,0.0,93.06930693069307,0.0,0.0,0.0,0.0
9,0.0,100.0,0.0,0.0,0.0,0.0
10,0.0,100.0,0.0,0.0,0.0,0.0
11,100.0,100.0,100.0,100.0,100.0,100.0
