,Correlation,Causal,Wrangler_23,Wrangler_16,GB_23,GB_16
0,0.0,0.0,0.0,0.0,0.0,0.0
1,0.0,0.0,100.0,100.0,87.17948717948718,0.0
2,0.0,0.0,100.0,100.0,89.74358974358975,0.0
3,0.0,0.0,100.0,100.0,97.43589743589743,0.0
4,97.43589743589743,100.0,100.0,100.0,97.43589743589743,0.0
5,100.0,100.0,100.0,100.0,97.43589743589743,0.0
6,100.0,100.0,100.0,100.0,100.0,0.0
7,100.0,100.0,100.0,100.0,100.0,0.0
8,100.0,100.0,100.0,100.0,100.0,0.0
9,100.0,100.0,100.0,100.0,100.0,100.0
