,TPR,FPR
gb,0.0,0.0
gb_ipw,100.0,16.76300578034682
wrangler_23,80.0,19.653179190751445
wrangler_16,0.0,0.0
gb_23,0.0,0.0
gb_16,0.0,0.0
