,TPR,FPR
gb,38.70967741935484,0.0
gb_ipw,61.29032258064516,100.0
wrangler_23,0.0,0.0
wrangler_16,0.0,0.0
gb_23,25.806451612903224,12.345679012345679
gb_16,100.0,100.0
