,TPR,FPR
gb,0.0,0.0
gb_ipw,100.0,78.13211845102505
wrangler_23,100.0,100.0
wrangler_16,0.0,0.0
gb_23,100.0,43.50797266514807
gb_16,100.0,100.0
