,TPR,FPR
gb,0.0,0.0
gb_ipw,100.0,23.25581395348837
wrangler_23,78.0,40.69767441860465
wrangler_16,100.0,100.0
gb_23,0.0,0.0
gb_16,100.0,68.13953488372093
