,TPR,FPR
gb,0.0,0.0
gb_ipw,97.14285714285714,33.44947735191638
wrangler_23,0.0,0.0
wrangler_16,100.0,53.31010452961672
gb_23,100.0,53.31010452961672
gb_16,0.0,0.0
