,TPR,FPR
gb,0.20040080160320642,1.3801756587202008
gb_ipw,17.83567134268537,9.075700543705562
wrangler_23,0.0,0.0
wrangler_16,0.0,0.0
gb_23,100.0,89.41865328314513
gb_16,0.0,0.0
