,TPR,FPR
gb,0.0,0.0
gb_ipw,100.0,89.55223880597015
wrangler_23,31.57894736842105,11.194029850746269
wrangler_16,0.0,0.0
gb_23,0.0,0.0
gb_16,0.0,0.0
