,TPR,FPR
gb,0.0,0.0
gb_ipw,0.0,0.3816793893129771
wrangler_23,0.0,0.0
wrangler_16,2.380952380952381,0.7633587786259542
gb_23,0.0,0.0
gb_16,90.47619047619048,82.06106870229007
