,TPR,FPR
gb,0.0,0.0
gb_ipw,0.0,0.0
wrangler_23,100.0,89.58333333333333
wrangler_16,100.0,100.0
gb_23,0.0,0.0
gb_16,100.0,97.22222222222223
