,TPR,FPR
gb,0.0,0.0
gb_ipw,0.0,0.0
wrangler_23,100.0,100.0
wrangler_16,0.0,8.035714285714286
gb_23,100.0,93.75
gb_16,100.0,91.96428571428571
