,TPR,FPR
gb,0.0,0.0
gb_ipw,100.0,67.98245614035088
wrangler_23,0.0,0.0
wrangler_16,0.0,0.0
gb_23,25.714285714285715,57.89473684210526
gb_16,0.0,0.0
