,TPR,FPR
gb,100.0,2.3121387283236996
gb_ipw,100.0,2.3121387283236996
wrangler_23,100.0,87.86127167630057
wrangler_16,33.673469387755105,18.38150289017341
gb_23,100.0,100.0
gb_16,100.0,100.0
