,TPR,FPR
gb,100.0,88.88888888888889
gb_ipw,100.0,88.88888888888889
wrangler_23,100.0,100.0
wrangler_16,100.0,100.0
gb_23,100.0,100.0
gb_16,100.0,100.0
