,TPR,FPR
gb,100.0,73.56557377049181
gb_ipw,100.0,73.56557377049181
wrangler_23,100.0,100.0
wrangler_16,0.0,0.0
gb_23,100.0,76.22950819672131
gb_16,100.0,97.54098360655738
