,TPR,FPR
gb,61.53846153846154,19.736842105263158
gb_ipw,100.0,98.6842105263158
wrangler_23,0.0,0.0
wrangler_16,0.0,0.0
gb_23,100.0,94.73684210526316
gb_16,0.0,0.0
