,TPR,FPR
gb,83.33333333333333,34.666666666666664
gb_ipw,100.0,58.666666666666664
wrangler_23,100.0,60.0
wrangler_16,88.88888888888889,22.666666666666668
gb_23,100.0,65.33333333333333
gb_16,0.0,0.0
