,TPR,FPR
gb,11.764705882352942,23.636363636363637
gb_ipw,100.0,44.54545454545455
wrangler_23,100.0,76.36363636363636
wrangler_16,0.0,0.9090909090909091
gb_23,100.0,100.0
gb_16,0.0,0.0
