,TPR,FPR
gb,52.63157894736842,0.0
gb_ipw,52.63157894736842,0.0
wrangler_23,100.0,100.0
wrangler_16,97.36842105263158,51.083591331269346
gb_23,100.0,100.0
gb_16,0.0,0.0
