,TPR,FPR
gb,0.0,0.0
gb_ipw,100.0,99.68652037617555
wrangler_23,100.0,100.0
wrangler_16,100.0,100.0
gb_23,92.3076923076923,98.43260188087774
gb_16,0.0,0.0
