,TPR,FPR
gb,0.0,0.0
gb_ipw,100.0,40.0
wrangler_23,100.0,65.29411764705883
wrangler_16,95.0,28.235294117647058
gb_23,100.0,67.05882352941177
gb_16,0.0,0.0
