,TPR,FPR
gb,0.0,0.0
gb_ipw,100.0,95.75471698113208
wrangler_23,0.0,0.0
wrangler_16,100.0,76.41509433962264
gb_23,0.0,0.0
gb_16,0.0,0.0
