,TPR,FPR
gb,100.0,85.30640668523677
gb_ipw,100.0,85.30640668523677
wrangler_23,0.0,0.0
wrangler_16,0.0,0.0
gb_23,72.18934911242603,66.5041782729805
gb_16,1.183431952662722,0.8356545961002786
