,TPR,FPR
gb,100.0,93.77777777777777
gb_ipw,100.0,93.77777777777777
wrangler_23,100.0,92.44444444444444
wrangler_16,100.0,93.33333333333333
gb_23,3.8461538461538463,0.0
gb_16,100.0,93.33333333333333
