,TPR,FPR
gb,0.0,0.0
gb_ipw,100.0,72.01834862385321
wrangler_23,0.0,0.0
wrangler_16,100.0,43.11926605504587
gb_23,0.0,0.0
gb_16,0.0,0.0
