,TPR,FPR
gb,79.16666666666667,0.1394700139470014
gb_ipw,100.0,96.44351464435147
wrangler_23,100.0,93.65411436541143
wrangler_16,100.0,100.0
gb_23,0.0,0.0
gb_16,100.0,100.0
