,TPR,FPR
gb,0.0,0.0
gb_ipw,100.0,94.50549450549451
wrangler_23,45.45454545454545,4.395604395604396
wrangler_16,9.090909090909092,0.0
gb_23,0.0,0.0
gb_16,0.0,0.0
