,TPR,FPR
gb,0.0,0.0
gb_ipw,20.0,5.936073059360731
wrangler_23,100.0,100.0
wrangler_16,0.0,0.0
gb_23,100.0,100.0
gb_16,86.66666666666667,0.0
