,TPR,FPR
gb,61.53846153846154,19.736842105263158
gb_ipw,92.3076923076923,97.36842105263158
wrangler_23,92.3076923076923,73.6842105263158
wrangler_16,0.0,0.0
gb_23,100.0,100.0
gb_16,100.0,100.0
