,TPR,FPR
gb,0.0,4.624277456647399
gb_ipw,95.0,68.78612716763006
wrangler_23,20.0,0.5780346820809249
wrangler_16,0.0,0.0
gb_23,95.0,56.64739884393064
gb_16,0.0,0.0
