,TPR,FPR
gb,0.0,1.1627906976744187
gb_ipw,40.0,1.1627906976744187
wrangler_23,100.0,100.0
wrangler_16,100.0,100.0
gb_23,100.0,100.0
gb_16,100.0,88.37209302325581
