,TPR,FPR
gb,70.0,6.944444444444445
gb_ipw,98.0,7.407407407407407
wrangler_23,0.0,0.0
wrangler_16,100.0,85.64814814814815
gb_23,0.0,0.0
gb_16,100.0,100.0
