,TPR,FPR
gb,54.54545454545455,22.22222222222222
gb_ipw,90.9090909090909,52.77777777777778
wrangler_23,100.0,100.0
wrangler_16,0.0,0.0
gb_23,100.0,100.0
gb_16,0.0,0.0
