,TPR,FPR
gb,100.0,50.23148148148148
gb_ipw,100.0,55.324074074074076
wrangler_23,0.0,0.0
wrangler_16,0.0,0.0
gb_23,100.0,58.101851851851855
gb_16,0.0,0.0
