,TPR,FPR
gb,0.0,0.0
gb_ipw,0.0,0.0
wrangler_23,0.0,0.0
wrangler_16,0.0,0.0
gb_23,2.380952380952381,0.0
gb_16,0.0,0.7633587786259542
