,TPR,FPR
gb,0.0,0.0
gb_ipw,7.6923076923076925,4.186046511627907
wrangler_23,100.0,100.0
wrangler_16,100.0,67.90697674418605
gb_23,0.0,0.0
gb_16,0.0,0.0
