,TPR,FPR
gb,7.142857142857143,0.0
gb_ipw,92.85714285714286,90.09009009009009
wrangler_23,100.0,91.89189189189189
wrangler_16,100.0,100.0
gb_23,100.0,100.0
gb_16,100.0,100.0
