,TPR,FPR
gb,0.0,0.0
gb_ipw,100.0,99.06976744186046
wrangler_23,10.714285714285714,8.372093023255815
wrangler_16,0.0,0.0
gb_23,0.0,5.5813953488372094
gb_16,100.0,100.0
