,TPR,FPR
gb,0.0,0.0
gb_ipw,100.0,50.87719298245614
wrangler_23,100.0,69.5906432748538
wrangler_16,0.0,0.0
gb_23,100.0,69.5906432748538
gb_16,0.0,0.0
