,TPR,FPR
gb,0.0,0.0
gb_ipw,90.0,0.0
wrangler_23,10.0,2.3255813953488373
wrangler_16,10.0,22.093023255813954
gb_23,0.0,0.0
gb_16,0.0,0.0
