,TPR,FPR
gb,0.0,0.0
gb_ipw,100.0,6.484641638225256
wrangler_23,100.0,100.0
wrangler_16,99.02912621359224,7.053469852104665
gb_23,100.0,59.72696245733788
gb_16,100.0,100.0
