,TPR,FPR
gb,0.0,0.0
gb_ipw,18.181818181818183,54.285714285714285
wrangler_23,0.0,0.0
wrangler_16,0.0,0.0
gb_23,54.54545454545455,40.0
gb_16,0.0,0.0
