,TPR,FPR
gb,0.0,0.0
gb_ipw,100.0,99.74193548387096
wrangler_23,0.0,0.0
wrangler_16,0.0,0.0
gb_23,100.0,99.35483870967742
gb_16,0.0,0.3870967741935484
