,TPR,FPR
gb,0.0,0.0
gb_ipw,100.0,98.59154929577464
wrangler_23,100.0,83.09859154929578
wrangler_16,0.0,0.0
gb_23,97.05882352941177,37.32394366197183
gb_16,0.0,0.0
