,TPR,FPR
gb,0.0,0.0
gb_ipw,100.0,23.80952380952381
wrangler_23,100.0,79.76190476190476
wrangler_16,0.0,0.0
gb_23,0.0,0.0
gb_16,100.0,100.0
