,TPR,FPR
gb,0.0,0.0
gb_ipw,0.0,0.0
wrangler_23,97.43589743589743,98.5576923076923
wrangler_16,0.0,0.0
gb_23,38.46153846153846,23.557692307692307
gb_16,100.0,100.0
