,TPR,FPR
gb,0.0,0.0
gb_ipw,100.0,99.54337899543378
wrangler_23,0.0,0.0
wrangler_16,0.0,0.0
gb_23,100.0,72.14611872146119
gb_16,0.0,0.0
