,TPR,FPR
gb,0.0,2.6056338028169015
gb_ipw,94.82758620689656,97.88732394366197
wrangler_23,100.0,100.0
wrangler_16,99.42528735632185,81.69014084507042
gb_23,100.0,97.74647887323944
gb_16,0.0,0.0
