,TPR,FPR
gb,0.0,0.0
gb_ipw,100.0,77.50294464075382
wrangler_23,0.0,0.0
wrangler_16,0.0,0.0
gb_23,65.04854368932038,35.571260306242635
gb_16,37.86407766990291,60.65959952885748
