,TPR,FPR
gb,0.0,0.0
gb_ipw,100.0,96.31901840490798
wrangler_23,0.0,0.0
wrangler_16,0.0,0.0
gb_23,0.0,0.0
gb_16,100.0,58.282208588957054
