,TPR,FPR
gb,60.0,12.790697674418604
gb_ipw,100.0,73.83720930232558
wrangler_23,0.0,0.0
wrangler_16,0.0,0.0
gb_23,0.0,0.0
gb_16,0.0,0.0
