,TPR,FPR
gb,62.96296296296296,0.0
gb_ipw,62.96296296296296,0.0
wrangler_23,7.407407407407407,0.0
wrangler_16,3.7037037037037037,0.0
gb_23,100.0,100.0
gb_16,0.0,0.0
