,TPR,FPR
gb,0.0,0.0
gb_ipw,0.0,0.0
wrangler_23,5.0,0.591715976331361
wrangler_16,20.0,2.366863905325444
gb_23,45.0,25.443786982248522
gb_16,85.0,88.16568047337279
