,TPR,FPR
gb,0.0,0.0
gb_ipw,100.0,79.35943060498221
wrangler_23,0.0,40.213523131672595
wrangler_16,0.0,0.0
gb_23,100.0,100.0
gb_16,0.0,0.0
