,TPR,FPR
gb,8.955223880597014,0.0
gb_ipw,8.955223880597014,0.0
wrangler_23,0.0,0.17301038062283736
wrangler_16,0.0,0.0
gb_23,11.940298507462687,65.91695501730104
gb_16,0.0,0.0
