,gb_opt,gb_ipw_opt,wrangler
0,0.09160351753234863,0.09917831420898438,0.004047960848421663
