,gb_opt,gb_ipw_opt,wrangler
0,0.03354787826538086,0.03693675994873047,0.005644559860229492
