,gb_opt,gb_ipw_opt,wrangler
0,1.4158751964569092,1.4602644443511963,0.01491613510815874
