,gb_opt,gb_ipw_opt,wrangler
0,0.10504484176635742,0.11287808418273926,0.003839002072232441
