,gb_opt,gb_ipw_opt,wrangler
0,0.04730582237243652,0.0517885684967041,0.003636993976853649
