,gb_opt,gb_ipw_opt,wrangler
0,0.07066512107849121,0.07912850379943848,0.004757955236342347
