,gb_opt,gb_ipw_opt,wrangler
0,0.036483049392700195,0.04086780548095703,0.006255507469177246
