,gb_opt,gb_ipw_opt,wrangler
0,0.05264472961425781,0.05951213836669922,0.005346016595827653
