,gb_opt,gb_ipw_opt,wrangler
0,0.08870768547058105,0.09507417678833008,0.002841982576582167
