,gb_opt,gb_ipw_opt,wrangler
0,0.09618258476257324,0.10539937019348145,0.002998690451345136
