,gb_opt,gb_ipw_opt,wrangler
0,0.0341944694519043,0.03810596466064453,0.006094574928283691
