,gb_opt,gb_ipw_opt,wrangler
0,0.21840381622314453,0.22859954833984375,0.002809740462393131
