,gb_opt,gb_ipw_opt,wrangler
0,0.034806013107299805,0.03873443603515625,0.0062525272369384766
