,gb_opt,gb_ipw_opt,wrangler
0,0.23218655586242676,0.23981547355651855,0.001963761497108013
