,gb_opt,gb_ipw_opt,wrangler
0,0.040027618408203125,0.04543709754943848,0.008165836334228516
