,gb_opt,gb_ipw_opt,wrangler
0,0.10030746459960938,0.10861778259277344,0.0035278258785124746
