,gb_opt,gb_ipw_opt,wrangler
0,0.05230879783630371,0.06012248992919922,0.005707929008885434
