,gb_opt,gb_ipw_opt,wrangler
0,0.03990626335144043,0.04973292350769043,0.007377480560878538
