,gb_opt,gb_ipw_opt,wrangler
0,0.034674644470214844,0.03805994987487793,0.0061452388763427734
