,gb_opt,gb_ipw_opt,wrangler
0,0.21346735954284668,0.22295784950256348,0.001799850079514818
