,gb_opt,gb_ipw_opt,wrangler
0,0.20636987686157227,0.21415400505065918,0.0027551248706599914
