,gb_opt,gb_ipw_opt,wrangler
0,0.1219930648803711,0.13213634490966797,0.004639701237754216
