,gb_opt,gb_ipw_opt,wrangler
0,0.2281045913696289,0.2394425868988037,0.006003242215069205
