,gb_opt,gb_ipw_opt,wrangler
0,0.2185056209564209,0.23035502433776855,0.0038432593904858432
