,gb_opt,gb_ipw_opt,wrangler
0,0.20748066902160645,0.21758723258972168,0.0026844610795566356
