,gb_opt,gb_ipw_opt,wrangler
0,0.033238887786865234,0.037132978439331055,0.005501287954824942
