,gb_opt,gb_ipw_opt,wrangler
0,0.034758806228637695,0.03837323188781738,0.0055290403820219495
