,gb_opt,gb_ipw_opt,wrangler
0,0.062132835388183594,0.07147932052612305,0.006420047659622996
