,gb_opt,gb_ipw_opt,wrangler
0,0.21779942512512207,0.22781729698181152,0.002190746302669351
