,gb_opt,gb_ipw_opt,wrangler
0,0.0901331901550293,0.0949394702911377,0.0022491590876409537
