,gb_opt,gb_ipw_opt,wrangler
0,0.03507566452026367,0.03917336463928223,0.005707508180199599
