,gb_opt,gb_ipw_opt,wrangler
0,0.2403550148010254,0.25092220306396484,0.0023788121812849845
