,gb_opt,gb_ipw_opt,wrangler
0,0.16419506072998047,0.17617225646972656,0.0032732259863368913
