,gb_opt,gb_ipw_opt,wrangler
0,0.051796674728393555,0.059023380279541016,0.005407697835545631
