,gb_opt,gb_ipw_opt,wrangler
0,0.09348559379577637,0.10143756866455078,0.003593253472090539
