,gb_opt,gb_ipw_opt,wrangler
0,0.2145395278930664,0.222398042678833,0.0021736928137483765
