,gb_opt,gb_ipw_opt,wrangler
0,0.0472111701965332,0.05240011215209961,0.004672167593972725
