,gb_opt,gb_ipw_opt,wrangler
0,0.035506248474121094,0.038877010345458984,0.004253297481896742
