,gb_opt,gb_ipw_opt,wrangler
0,0.049780845642089844,0.05431985855102539,0.0035915619287735377
