,gb_opt,gb_ipw_opt,wrangler
0,0.05887746810913086,0.06818842887878418,0.01283339512201003
