,gb_opt,gb_ipw_opt,wrangler
0,0.09608912467956543,0.10250353813171387,0.003109872341156006
