,gb_opt,gb_ipw_opt,wrangler
0,0.04350709915161133,0.04930281639099121,0.004619584047704711
