,gb_opt,gb_ipw_opt,wrangler
0,0.035241127014160156,0.03936600685119629,0.0059074825710720485
