,gb_opt,gb_ipw_opt,wrangler
0,0.20408892631530762,0.20966434478759766,0.0013946050620940794
