,gb_opt,gb_ipw_opt,wrangler
0,0.20583105087280273,0.21538543701171875,0.003317167174141362
