,gb_opt,gb_ipw_opt,wrangler
0,0.09126782417297363,0.10078907012939453,0.004597536222202572
