,gb_opt,gb_ipw_opt,wrangler
0,0.09461688995361328,0.10317540168762207,0.003968241916891054
