,gb_opt,gb_ipw_opt,wrangler
0,0.05083918571472168,0.05550575256347656,0.007240860550491898
