,gb_opt,gb_ipw_opt,wrangler
0,0.04077291488647461,0.04483842849731445,0.0056748588879903155
