,gb_opt,gb_ipw_opt,wrangler
0,0.20264506340026855,0.21039056777954102,0.003408757476615188
