,gb_opt,gb_ipw_opt,wrangler
0,0.03411531448364258,0.03750252723693848,0.005963444709777832
