,gb_opt,gb_ipw_opt,wrangler
0,0.052208900451660156,0.05601787567138672,0.003436716591439596
