,gb_opt,gb_ipw_opt,wrangler
0,0.189544677734375,0.1993551254272461,0.0039442871393782376
