,gb_opt,gb_ipw_opt,wrangler
0,0.035642385482788086,0.03914165496826172,0.005158044958627352
