,gb_opt,gb_ipw_opt,wrangler
0,0.03645586967468262,0.04035067558288574,0.006559491157531738
