,gb_opt,gb_ipw_opt,wrangler
0,0.05086517333984375,0.05707836151123047,0.0042515416299143145
