,gb_opt,gb_ipw_opt,wrangler
0,0.04317760467529297,0.04800868034362793,0.004505157470703125
