,gb_opt,gb_ipw_opt,wrangler
0,0.23106861114501953,0.24079680442810059,0.001590647798650125
