,gb_opt,gb_ipw_opt,wrangler
0,0.06062889099121094,0.06842756271362305,0.004842877388000488
