,gb_opt,gb_ipw_opt,wrangler
0,0.045539140701293945,0.05201387405395508,0.0062999725341796875
