,gb_opt,gb_ipw_opt,wrangler
0,0.04969215393066406,0.055016279220581055,0.004282364478478065
