,gb_opt,gb_ipw_opt,wrangler
0,0.4540584087371826,0.4674193859100342,0.008148838247486842
