,gb_opt,gb_ipw_opt,wrangler
0,0.21716809272766113,0.22728323936462402,0.005297456640440511
