,gb_opt,gb_ipw_opt,wrangler
0,0.05835747718811035,0.0640103816986084,0.004184246063232422
