,gb_opt,gb_ipw_opt,wrangler
0,0.05351376533508301,0.06050443649291992,0.004944277972709842
