,gb_opt,gb_ipw_opt,wrangler
0,0.22459030151367188,0.23245549201965332,0.0018203364951269968
