,gb_opt,gb_ipw_opt,wrangler
0,0.0707559585571289,0.07790017127990723,0.0033887844641231797
