,gb_opt,gb_ipw_opt,wrangler
0,0.46347737312316895,0.47511863708496094,0.012952442109770493
