,gb_opt,gb_ipw_opt,wrangler
0,0.21825432777404785,0.22696805000305176,0.0014445189309090997
