,gb_opt,gb_ipw_opt,wrangler
0,0.06318259239196777,0.06812262535095215,0.003426249434308308
