,gb_opt,gb_ipw_opt,wrangler
0,0.10029840469360352,0.10610175132751465,0.00247847995574068
