,gb_opt,gb_ipw_opt,wrangler
0,0.09093070030212402,0.09764814376831055,0.0027329404763033476
