,gb_opt,gb_ipw_opt,wrangler
0,0.036547183990478516,0.03948569297790527,0.005167309600527924
