,gb_opt,gb_ipw_opt,wrangler
0,0.03457927703857422,0.03822207450866699,0.006213784217834473
