,gb_opt,gb_ipw_opt,wrangler
0,0.05123138427734375,0.05695009231567383,0.003479994260347807
