,gb_opt,gb_ipw_opt,wrangler
0,0.03979802131652832,0.044271230697631836,0.006110895247686476
