,gb_opt,gb_ipw_opt,wrangler
0,0.05215573310852051,0.05932116508483887,0.004967053731282552
