,gb_opt,gb_ipw_opt,wrangler
0,0.03468179702758789,0.03807330131530762,0.005981068552276235
