,gb_opt,gb_ipw_opt,wrangler
0,0.09481573104858398,0.10569071769714355,0.003721770339124785
