,gb_opt,gb_ipw_opt,wrangler
0,0.04384899139404297,0.04847264289855957,0.006768761611566311
