,gb_opt,gb_ipw_opt,wrangler
0,0.050362586975097656,0.05574321746826172,0.003978317859126073
