,gb_opt,gb_ipw_opt,wrangler
0,0.03120899200439453,0.03486490249633789,0.0062548084023558055
