,gb_opt,gb_ipw_opt,wrangler
0,0.037808895111083984,0.041480302810668945,0.004385526363666241
