,gb_opt,gb_ipw_opt,wrangler
0,0.22684407234191895,0.2385854721069336,0.0035715162679646048
