,gb_opt,gb_ipw_opt,wrangler
0,0.05631875991821289,0.06258606910705566,0.007912516593933105
