,gb_opt,gb_ipw_opt,wrangler
0,0.04779171943664551,0.05521035194396973,0.005000676864232772
