,gb_opt,gb_ipw_opt,wrangler
0,0.04247927665710449,0.04768967628479004,0.006425839204054613
