,gb_opt,gb_ipw_opt,wrangler
0,0.03359842300415039,0.037171125411987305,0.005626678466796875
