,gb_opt,gb_ipw_opt,wrangler
0,0.0515286922454834,0.05713462829589844,0.003942960425268246
