,gb_opt,gb_ipw_opt,wrangler
0,0.0427093505859375,0.049005746841430664,0.006521591032394255
