,gb_opt,gb_ipw_opt,wrangler
0,0.08525776863098145,0.09230923652648926,0.0032749235259820213
