,gb_opt,gb_ipw_opt,wrangler
0,0.03451371192932129,0.038306474685668945,0.0059098005294799805
