,gb_opt,gb_ipw_opt,wrangler
0,0.18850421905517578,0.19713425636291504,0.00412142678592982
