,gb_opt,gb_ipw_opt,wrangler
0,0.22406268119812012,0.23170781135559082,0.0032159138698967136
