,gb_opt,gb_ipw_opt,wrangler
0,0.03292274475097656,0.0360107421875,0.007184935204776717
