,gb_opt,gb_ipw_opt,wrangler
0,0.2658121585845947,0.2863008975982666,0.0044029146026649145
