,gb_opt,gb_ipw_opt,wrangler
0,0.03426718711853027,0.03766274452209473,0.0064520188319830245
