,gb_opt,gb_ipw_opt,wrangler
0,0.06597566604614258,0.07732915878295898,0.0144273042678833
