,gb_opt,gb_ipw_opt,wrangler
0,0.09102678298950195,0.0983269214630127,0.0027020772298177085
