,gb_opt,gb_ipw_opt,wrangler
0,0.05178022384643555,0.0561830997467041,0.003511968411897358
