,gb_opt,gb_ipw_opt,wrangler
0,0.07534027099609375,0.08314251899719238,0.009529865705049954
