,gb_opt,gb_ipw_opt,wrangler
0,0.09331822395324707,0.10093283653259277,0.0033082476087436556
