,gb_opt,gb_ipw_opt,wrangler
0,0.22272753715515137,0.23332667350769043,0.0035354576394812346
