,gb_opt,gb_ipw_opt,wrangler
0,0.0472562313079834,0.05385160446166992,0.006212451593662666
