,gb_opt,gb_ipw_opt,wrangler
0,0.052854299545288086,0.058010101318359375,0.00463347685964484
