,gb_opt,gb_ipw_opt,wrangler
0,0.051201820373535156,0.05604362487792969,0.0038565816106023018
