,gb_opt,gb_ipw_opt,wrangler
0,0.035253047943115234,0.039267539978027344,0.005924000459558824
