,gb_opt,gb_ipw_opt,wrangler
0,0.04995608329772949,0.05517077445983887,0.004169987697227328
