,gb_opt,gb_ipw_opt,wrangler
0,0.05084395408630371,0.05574679374694824,0.005005099249224291
