,gb_opt,gb_ipw_opt,wrangler
0,0.05819582939147949,0.06620430946350098,0.0054135918617248535
