,gb_opt,gb_ipw_opt,wrangler
0,0.0396575927734375,0.044089317321777344,0.005815710340227399
