,gb_opt,gb_ipw_opt,wrangler
0,0.09834408760070801,0.10652303695678711,0.0041893550327845985
