,gb_opt,gb_ipw_opt,wrangler
0,0.05069136619567871,0.05645036697387695,0.004145406907604587
