,gb_opt,gb_ipw_opt,wrangler
0,0.04134368896484375,0.04805135726928711,0.009008429267189718
