,gb_opt,gb_ipw_opt,wrangler
0,0.050716400146484375,0.0554964542388916,0.003134592985495543
