,gb_opt,gb_ipw_opt,wrangler
0,0.19982671737670898,0.20666122436523438,0.0020563602447509766
