,gb_opt,gb_ipw_opt,wrangler
0,0.036461591720581055,0.04009294509887695,0.006001170088605183
