,gb_opt,gb_ipw_opt,wrangler
0,0.0409085750579834,0.045056819915771484,0.00515493374426388
