,gb_opt,gb_ipw_opt,wrangler
0,0.04373002052307129,0.04746890068054199,0.004425770094414719
