,gb_opt,gb_ipw_opt,wrangler
0,0.035710811614990234,0.03991866111755371,0.006113523318443769
