,gb_opt,gb_ipw_opt,wrangler
0,0.21239614486694336,0.21941113471984863,0.0024430435104178905
