,gb_opt,gb_ipw_opt,wrangler
0,0.05152392387390137,0.05880141258239746,0.00531221526900148
