,gb_opt,gb_ipw_opt,wrangler
0,0.060303449630737305,0.06551384925842285,0.004540720293598791
