,gb_opt,gb_ipw_opt,wrangler
0,0.22921371459960938,0.2429637908935547,0.004489614505960484
