,gb_opt,gb_ipw_opt,wrangler
0,0.24506020545959473,0.26367759704589844,0.004285814786198163
