,gb_opt,gb_ipw_opt,wrangler
0,0.0644681453704834,0.07166123390197754,0.008734261117330411
