,gb_opt,gb_ipw_opt,wrangler
0,0.05585074424743652,0.06330633163452148,0.009121718230070892
