,gb_opt,gb_ipw_opt,wrangler
0,0.03618335723876953,0.04005622863769531,0.005943019215653582
