,gb_opt,gb_ipw_opt,wrangler
0,0.23188066482543945,0.24159741401672363,0.0021428454156015436
