,gb_opt,gb_ipw_opt,wrangler
0,0.21531939506530762,0.22481131553649902,0.002472996711730957
