,gb_opt,gb_ipw_opt,wrangler
0,0.09191203117370605,0.09966182708740234,0.0035894381535517706
