,gb_opt,gb_ipw_opt,wrangler
0,0.0808861255645752,0.09249448776245117,0.009260257753003544
