,gb_opt,gb_ipw_opt,wrangler
0,0.05484151840209961,0.05997633934020996,0.005122862364116468
