,gb_opt,gb_ipw_opt,wrangler
0,0.21771478652954102,0.2286698818206787,0.0029021089181960006
