,gb_opt,gb_ipw_opt,wrangler
0,0.0336453914642334,0.037293195724487305,0.005135591002716415
