,gb_opt,gb_ipw_opt,wrangler
0,0.03578019142150879,0.03963780403137207,0.00635683536529541
