,gb_opt,gb_ipw_opt,wrangler
0,0.13467621803283691,0.14220404624938965,0.004206161832184771
