,gb_opt,gb_ipw_opt,wrangler
0,0.18808603286743164,0.1981356143951416,0.0033408486411432036
