,gb_opt,gb_ipw_opt,wrangler
0,0.34703516960144043,0.3630709648132324,0.00424804927418067
