,gb_opt,gb_ipw_opt,wrangler
0,0.05554533004760742,0.0602564811706543,0.004485055997774198
