,gb_opt,gb_ipw_opt,wrangler
0,0.07742047309875488,0.08417677879333496,0.003059898934713224
