,gb_opt,gb_ipw_opt,wrangler
0,0.2257528305053711,0.2342090606689453,0.0023796622242246357
