,gb_opt,gb_ipw_opt,wrangler
0,0.050795793533325195,0.054061174392700195,0.0036594114805522716
