,gb_opt,gb_ipw_opt,wrangler
0,0.09193873405456543,0.10035324096679688,0.00323543479726633
