,gb_opt,gb_ipw_opt,wrangler
0,0.060980796813964844,0.06787562370300293,0.004036860032515093
