,gb_opt,gb_ipw_opt,wrangler
0,0.059812068939208984,0.06456136703491211,0.0032809647646817293
