,gb_opt,gb_ipw_opt,wrangler
0,0.08391857147216797,0.09337306022644043,0.006455183029174805
