,gb_opt,gb_ipw_opt,wrangler
0,0.13701939582824707,0.14422941207885742,0.00597834587097168
