,gb_opt,gb_ipw_opt,wrangler
0,0.04474282264709473,0.05208992958068848,0.0067348154182108036
