,gb_opt,gb_ipw_opt,wrangler
0,0.05527949333190918,0.06325531005859375,0.0051021575927734375
