,gb_opt,gb_ipw_opt,wrangler
0,0.23149871826171875,0.25314974784851074,0.0054682327422085186
