,gb_opt,gb_ipw_opt,wrangler
0,0.2119450569152832,0.2209768295288086,0.0025239074022098077
