,gb_opt,gb_ipw_opt,wrangler
0,0.05351591110229492,0.060823917388916016,0.005290696495457699
