,gb_opt,gb_ipw_opt,wrangler
0,0.12592148780822754,0.13310003280639648,0.0036007020531631097
