,gb_opt,gb_ipw_opt,wrangler
0,0.06128811836242676,0.0695500373840332,0.013586915569540895
