,gb_opt,gb_ipw_opt,wrangler
0,0.2017354965209961,0.2123255729675293,0.0016463525367505622
