,gb_opt,gb_ipw_opt,wrangler
0,0.1530475616455078,0.16056036949157715,0.002737319234029609
