,gb_opt,gb_ipw_opt,wrangler
0,0.05254387855529785,0.0587613582611084,0.0047747720807990775
