,gb_opt,gb_ipw_opt,wrangler
0,0.09090542793273926,0.09872722625732422,0.0041218267546759705
