,gb_opt,gb_ipw_opt,wrangler
0,0.06986308097839355,0.0759279727935791,0.0036623419784918066
