,gb_opt,gb_ipw_opt,wrangler
0,0.05437898635864258,0.061118364334106445,0.0051536211153356045
