,gb_opt,gb_ipw_opt,wrangler
0,0.05295205116271973,0.058621883392333984,0.004735257890489366
