,gb_opt,gb_ipw_opt,wrangler
0,0.06798624992370605,0.07492685317993164,0.0037578019228848543
