,gb_opt,gb_ipw_opt,wrangler
0,0.08189702033996582,0.0882570743560791,0.004620705881426411
