,gb_opt,gb_ipw_opt,wrangler
0,0.13861417770385742,0.14800477027893066,0.007333042465637778
