,gb_opt,gb_ipw_opt,wrangler
0,0.2091073989868164,0.21760869026184082,0.003059947098651844
