,gb_opt,gb_ipw_opt,wrangler
0,0.09358882904052734,0.10521984100341797,0.00831987950708959
