,gb_opt,gb_ipw_opt,wrangler
0,0.07033872604370117,0.07791829109191895,0.004482500761458018
