,gb_opt,gb_ipw_opt,wrangler
0,0.05455374717712402,0.060770273208618164,0.007788340250651041
