,gb_opt,gb_ipw_opt,wrangler
0,0.03572368621826172,0.039725542068481445,0.0059840119915244025
