,gb_opt,gb_ipw_opt,wrangler
0,0.027092933654785156,0.03329825401306152,0.005573596594468603
