,gb_opt,gb_ipw_opt,wrangler
0,0.04647970199584961,0.05146002769470215,0.005664177311276926
