,gb_opt,gb_ipw_opt,wrangler
0,0.04955434799194336,0.054154157638549805,0.0037054861745526714
