,gb_opt,gb_ipw_opt,wrangler
0,0.08277559280395508,0.11021184921264648,0.013056397438049316
