,gb_opt,gb_ipw_opt,wrangler
0,0.20718693733215332,0.2174997329711914,0.0035860100570990114
