,gb_opt,gb_ipw_opt,wrangler
0,0.03452634811401367,0.03816032409667969,0.005981068552276235
