,gb_opt,gb_ipw_opt,wrangler
0,0.046683549880981445,0.05008697509765625,0.004317409308381783
