,gb_opt,gb_ipw_opt,wrangler
0,0.03989863395690918,0.04477357864379883,0.006222430570625965
