,gb_opt,gb_ipw_opt,wrangler
0,0.12675070762634277,0.13467788696289062,0.003942153738729608
