,gb_opt,gb_ipw_opt,wrangler
0,0.09452605247497559,0.10347247123718262,0.00404696310720136
