,gb_opt,gb_ipw_opt,wrangler
0,0.047211647033691406,0.05177426338195801,0.0033812089399857955
