,gb_opt,gb_ipw_opt,wrangler
0,0.05392050743103027,0.05861949920654297,0.007325410842895508
