,gb_opt,gb_ipw_opt,wrangler
0,0.10037660598754883,0.10681033134460449,0.0022968668846567726
