,gb_opt,gb_ipw_opt,wrangler
0,0.06767106056213379,0.07387161254882812,0.004105197573171078
