,gb_opt,gb_ipw_opt,wrangler
0,0.058745622634887695,0.06337976455688477,0.0033763624866556675
