,gb_opt,gb_ipw_opt,wrangler
0,0.06672048568725586,0.07233119010925293,0.0036728091356230943
