,gb_opt,gb_ipw_opt,wrangler
0,0.0533750057220459,0.06065797805786133,0.005999126949825802
