,gb_opt,gb_ipw_opt,wrangler
0,0.047328948974609375,0.05317974090576172,0.0068340301513671875
