,gb_opt,gb_ipw_opt,wrangler
0,0.14140653610229492,0.15232300758361816,0.004331656644259455
