,gb_opt,gb_ipw_opt,wrangler
0,0.053916215896606445,0.058868408203125,0.007257905117301054
