,gb_opt,gb_ipw_opt,wrangler
0,0.05088496208190918,0.0555415153503418,0.007840991020202637
