,gb_opt,gb_ipw_opt,wrangler
0,0.2233443260192871,0.2337818145751953,0.0030252398276815608
