,gb_opt,gb_ipw_opt,wrangler
0,0.03155779838562012,0.03418684005737305,0.0063990369255160105
