,gb_opt,gb_ipw_opt,wrangler
0,0.22571539878845215,0.23488831520080566,0.001369790637984258
