,gb_opt,gb_ipw_opt,wrangler
0,0.041764020919799805,0.047110557556152344,0.0058579667706355875
