,gb_opt,gb_ipw_opt,wrangler
0,0.0811302661895752,0.09251642227172852,0.00984954833984375
