,gb_opt,gb_ipw_opt,wrangler
0,0.10172176361083984,0.11101460456848145,0.0030918726845393105
