,gb_opt,gb_ipw_opt,wrangler
0,0.06577897071838379,0.07478594779968262,0.005669891834259033
