,gb_opt,gb_ipw_opt,wrangler
0,0.09317135810852051,0.10051512718200684,0.0031863489458637856
