,gb_opt,gb_ipw_opt,wrangler
0,0.08669233322143555,0.09443807601928711,0.003060801275845232
