,gb_opt,gb_ipw_opt,wrangler
0,0.22370600700378418,0.23647212982177734,0.0017139146912772702
