,gb_opt,gb_ipw_opt,wrangler
0,0.22635793685913086,0.2376101016998291,0.0029092391134787434
