,gb_opt,gb_ipw_opt,wrangler
0,0.2230517864227295,0.23273897171020508,0.00265544774580975
