,gb_opt,gb_ipw_opt,wrangler
0,0.0530848503112793,0.057488441467285156,0.0058739793066884954
