,gb_opt,gb_ipw_opt,wrangler
0,0.053617000579833984,0.059978485107421875,0.004785512787064696
