,gb_opt,gb_ipw_opt,wrangler
0,0.10257530212402344,0.11322975158691406,0.0037188910267835743
