,gb_opt,gb_ipw_opt,wrangler
0,0.03559565544128418,0.039778709411621094,0.005899406060939882
