,gb_opt,gb_ipw_opt,wrangler
0,0.03236722946166992,0.03584122657775879,0.005272030830383301
