,gb_opt,gb_ipw_opt,wrangler
0,0.22614645957946777,0.23528075218200684,0.002189521932423338
