,gb_opt,gb_ipw_opt,wrangler
0,0.10559344291687012,0.11554431915283203,0.006755578865125341
