,gb_opt,gb_ipw_opt,wrangler
0,0.13187909126281738,0.1410999298095703,0.004882887592465859
