,gb_opt,gb_ipw_opt,wrangler
0,1.8222689628601074,1.867434024810791,0.06033509614226953
