,gb_opt,gb_ipw_opt,wrangler
0,0.05170869827270508,0.0561680793762207,0.004032173672237911
