,gb_opt,gb_ipw_opt,wrangler
0,0.051953792572021484,0.05933117866516113,0.005717340268586811
