,gb_opt,gb_ipw_opt,wrangler
0,0.20539474487304688,0.21261334419250488,0.0018956673205198355
