,gb_opt,gb_ipw_opt,wrangler
0,0.06980657577514648,0.07663679122924805,0.0041821152691679875
