,gb_opt,gb_ipw_opt,wrangler
0,0.09000158309936523,0.09581279754638672,0.0031218173820224005
