,gb_opt,gb_ipw_opt,wrangler
0,0.04606151580810547,0.05264639854431152,0.006153549946529765
