,gb_opt,gb_ipw_opt,wrangler
0,0.24086928367614746,0.25170350074768066,0.003942005398446811
