,gb_opt,gb_ipw_opt,wrangler
0,0.07471752166748047,0.08451199531555176,0.00970318632305793
