,gb_opt,gb_ipw_opt,wrangler
0,0.06290340423583984,0.06895709037780762,0.006388692022527305
