,gb_opt,gb_ipw_opt,wrangler
0,0.03513622283935547,0.039357900619506836,0.0063478946685791016
