,gb_opt,gb_ipw_opt,wrangler
0,0.06572771072387695,0.07214021682739258,0.003710052006924314
