,gb_opt,gb_ipw_opt,wrangler
0,0.03534245491027832,0.038936614990234375,0.0057220458984375
