,gb_opt,gb_ipw_opt,wrangler
0,0.0929417610168457,0.10191702842712402,0.0031259324815538195
