,gb_opt,gb_ipw_opt,wrangler
0,0.20293569564819336,0.21401071548461914,0.005436183823746458
