,gb_opt,gb_ipw_opt,wrangler
0,0.1009218692779541,0.11065983772277832,0.0040354267243416075
