,gb_opt,gb_ipw_opt,wrangler
0,0.04096412658691406,0.0479583740234375,0.007180067209097056
