,gb_opt,gb_ipw_opt,wrangler
0,0.22500300407409668,0.23578691482543945,0.0037964264951159607
