,gb_opt,gb_ipw_opt,wrangler
0,0.21074151992797852,0.2202446460723877,0.004261767878538133
