,gb_opt,gb_ipw_opt,wrangler
0,0.04201674461364746,0.05048370361328125,0.009581446647644043
