,gb_opt,gb_ipw_opt,wrangler
0,0.0321660041809082,0.03489542007446289,0.005919256328064719
