,gb_opt,gb_ipw_opt,wrangler
0,0.05386996269226074,0.06123661994934082,0.005030781967834856
