,gb_opt,gb_ipw_opt,wrangler
0,0.05798602104187012,0.06568479537963867,0.005395710468292236
