,gb_opt,gb_ipw_opt,wrangler
0,0.03737211227416992,0.04051089286804199,0.004793833760381902
