,gb_opt,gb_ipw_opt,wrangler
0,0.15144729614257812,0.1596670150756836,0.002008803347323803
