,gb_opt,gb_ipw_opt,wrangler
0,0.2302110195159912,0.24327540397644043,0.0047867114727313705
