,gb_opt,gb_ipw_opt,wrangler
0,0.1098015308380127,0.11471176147460938,0.0032059197286957676
