,gb_opt,gb_ipw_opt,wrangler
0,0.03486442565917969,0.03870892524719238,0.00585019588470459
