,gb_opt,gb_ipw_opt,wrangler
0,0.22924256324768066,0.2431631088256836,0.002916573877598837
