,gb_opt,gb_ipw_opt,wrangler
0,0.056577444076538086,0.06369686126708984,0.0046987711272624706
