,gb_opt,gb_ipw_opt,wrangler
0,0.21234393119812012,0.2200174331665039,0.0016032102228831892
