,gb_opt,gb_ipw_opt,wrangler
0,0.055303096771240234,0.06287860870361328,0.006209862859625566
