,gb_opt,gb_ipw_opt,wrangler
0,0.09601426124572754,0.1048734188079834,0.0043297541960505125
