,gb_opt,gb_ipw_opt,wrangler
0,0.21782612800598145,0.22628068923950195,0.0016404039012995414
