,gb_opt,gb_ipw_opt,wrangler
0,0.053272247314453125,0.05939483642578125,0.004217392060814834
