,gb_opt,gb_ipw_opt,wrangler
0,0.05022716522216797,0.05486273765563965,0.003782395393617692
