,gb_opt,gb_ipw_opt,wrangler
0,0.04920339584350586,0.056389808654785156,0.005641560645619776
