,gb_opt,gb_ipw_opt,wrangler
0,0.09482240676879883,0.10129499435424805,0.002249187191590568
