,gb_opt,gb_ipw_opt,wrangler
0,0.06258606910705566,0.06909799575805664,0.005139244927300348
