,gb_opt,gb_ipw_opt,wrangler
0,0.21786975860595703,0.2283155918121338,0.002600821446119172
