,gb_opt,gb_ipw_opt,wrangler
0,0.21982526779174805,0.23155713081359863,0.0033031648664332146
