,gb_opt,gb_ipw_opt,wrangler
0,0.035854339599609375,0.03971600532531738,0.006251864963107639
