,gb_opt,gb_ipw_opt,wrangler
0,0.46299242973327637,0.4754352569580078,0.009517195802297651
