,gb_opt,gb_ipw_opt,wrangler
0,0.09561657905578613,0.10525822639465332,0.0037957882059031518
