,gb_opt,gb_ipw_opt,wrangler
0,0.0896141529083252,0.0944979190826416,0.0024066342935933696
