,gb_opt,gb_ipw_opt,wrangler
0,0.06155276298522949,0.06991791725158691,0.010180473327636719
