,gb_opt,gb_ipw_opt,wrangler
0,0.03542280197143555,0.039249420166015625,0.006645917892456055
