,gb_opt,gb_ipw_opt,wrangler
0,0.05261683464050293,0.056771039962768555,0.004379372847707648
