,gb_opt,gb_ipw_opt,wrangler
0,0.04947185516357422,0.05223417282104492,0.0036516497212071572
