,gb_opt,gb_ipw_opt,wrangler
0,0.1990208625793457,0.2180168628692627,0.004899823987806165
