,gb_opt,gb_ipw_opt,wrangler
0,0.03523969650268555,0.03923630714416504,0.00631956406581549
