,gb_opt,gb_ipw_opt,wrangler
0,0.03527498245239258,0.03901052474975586,0.00622868537902832
