,gb_opt,gb_ipw_opt,wrangler
0,0.03539705276489258,0.0395815372467041,0.006431414757245853
