,gb_opt,gb_ipw_opt,wrangler
0,0.05753898620605469,0.0617520809173584,0.002433307206810419
