,gb_opt,gb_ipw_opt,wrangler
0,0.22578859329223633,0.23743367195129395,0.0049114792938051415
