,gb_opt,gb_ipw_opt,wrangler
0,0.2124617099761963,0.22377562522888184,0.002119014942249152
