,gb_opt,gb_ipw_opt,wrangler
0,0.1543736457824707,0.16402268409729004,0.005367230590155684
