,gb_opt,gb_ipw_opt,wrangler
0,0.049724578857421875,0.05366921424865723,0.0036139237253289473
