,gb_opt,gb_ipw_opt,wrangler
0,0.03347611427307129,0.03704333305358887,0.006098806122202932
