,gb_opt,gb_ipw_opt,wrangler
0,0.051867008209228516,0.05887103080749512,0.005420885587993421
