,gb_opt,gb_ipw_opt,wrangler
0,0.25560998916625977,0.26608800888061523,0.003113512132988601
