,gb_opt,gb_ipw_opt,wrangler
0,0.21791529655456543,0.22862672805786133,0.002805707472429678
