,gb_opt,gb_ipw_opt,wrangler
0,0.034662723541259766,0.03866410255432129,0.005673794519333612
