,gb_opt,gb_ipw_opt,wrangler
0,0.21803975105285645,0.22908997535705566,0.004215456133511797
