,gb_opt,gb_ipw_opt,wrangler
0,0.04541325569152832,0.049513816833496094,0.0038043312404466715
