,gb_opt,gb_ipw_opt,wrangler
0,0.05016732215881348,0.0560305118560791,0.0042278574120183906
