,gb_opt,gb_ipw_opt,wrangler
0,0.21627545356750488,0.22499442100524902,0.0020857188601056042
