,gb_opt,gb_ipw_opt,wrangler
0,0.08432626724243164,0.08970379829406738,0.002311380117531591
