,gb_opt,gb_ipw_opt,wrangler
0,0.09257245063781738,0.10114932060241699,0.0040213949178933076
