,gb_opt,gb_ipw_opt,wrangler
0,0.1324160099029541,0.1390225887298584,0.0035196542739868164
