,gb_opt,gb_ipw_opt,wrangler
0,0.05168867111206055,0.05891108512878418,0.004840052984898386
