,gb_opt,gb_ipw_opt,wrangler
0,0.0548245906829834,0.06317949295043945,0.005151980962508764
