,gb_opt,gb_ipw_opt,wrangler
0,0.0725548267364502,0.08185482025146484,0.004658421266426161
