,gb_opt,gb_ipw_opt,wrangler
0,0.051682233810424805,0.0569307804107666,0.004969987293217806
