,gb_opt,gb_ipw_opt,wrangler
0,0.10274076461791992,0.10853433609008789,0.004315453439854495
