,gb_opt,gb_ipw_opt,wrangler
0,0.04136943817138672,0.04504203796386719,0.005712111790974935
