,gb_opt,gb_ipw_opt,wrangler
0,0.04110836982727051,0.04509282112121582,0.006130337715148926
