,gb_opt,gb_ipw_opt,wrangler
0,0.07004189491271973,0.07885098457336426,0.004403535709824673
