,gb_opt,gb_ipw_opt,wrangler
0,0.06339216232299805,0.07161259651184082,0.0044473192908547135
