,gb_opt,gb_ipw_opt,wrangler
0,0.06614065170288086,0.07411861419677734,0.0040074375188239265
