,gb_opt,gb_ipw_opt,wrangler
0,0.05365180969238281,0.06008124351501465,0.005858509164107473
