,gb_opt,gb_ipw_opt,wrangler
0,0.2145092487335205,0.22315120697021484,0.0020185112953186035
