,gb_opt,gb_ipw_opt,wrangler
0,0.09302544593811035,0.1016385555267334,0.0030109717411065254
