,gb_opt,gb_ipw_opt,wrangler
0,0.05169320106506348,0.059178829193115234,0.004877451977698631
