,gb_opt,gb_ipw_opt,wrangler
0,0.21424627304077148,0.22301483154296875,0.0028506051586213036
