,gb_opt,gb_ipw_opt,wrangler
0,0.24332284927368164,0.2571437358856201,0.004383678338965591
