,gb_opt,gb_ipw_opt,wrangler
0,0.07916474342346191,0.08520722389221191,0.005416212410762392
