,gb_opt,gb_ipw_opt,wrangler
0,0.44779086112976074,0.45984411239624023,0.006901551477657342
