,gb_opt,gb_ipw_opt,wrangler
0,0.04797172546386719,0.05247354507446289,0.004584062184002383
