,gb_opt,gb_ipw_opt,wrangler
0,0.04932856559753418,0.05341362953186035,0.003004666440975592
