,gb_opt,gb_ipw_opt,wrangler
0,0.23463940620422363,0.24348044395446777,0.0024459430319286072
