,gb_opt,gb_ipw_opt,wrangler
0,0.05276989936828613,0.05837512016296387,0.004554885664796517
