,gb_opt,gb_ipw_opt,wrangler
0,0.0637357234954834,0.07330155372619629,0.006930633161052968
