,gb_opt,gb_ipw_opt,wrangler
0,0.06514525413513184,0.0730886459350586,0.006051806660441609
