,gb_opt,gb_ipw_opt,wrangler
0,0.21340346336364746,0.22367191314697266,0.004426958578960121
