,gb_opt,gb_ipw_opt,wrangler
0,0.14874839782714844,0.15530014038085938,0.0029488307673756673
