,gb_opt,gb_ipw_opt,wrangler
0,0.055233001708984375,0.06100153923034668,0.009086396959092883
