,gb_opt,gb_ipw_opt,wrangler
0,0.049729347229003906,0.054933786392211914,0.004028019152189556
