,gb_opt,gb_ipw_opt,wrangler
0,0.034809112548828125,0.03880906105041504,0.006298959991078318
