,gb_opt,gb_ipw_opt,wrangler
0,0.04514932632446289,0.04836606979370117,0.004556443956163194
