,gb_opt,gb_ipw_opt,wrangler
0,0.2202003002166748,0.23144221305847168,0.004082316099995315
