,gb_opt,gb_ipw_opt,wrangler
0,0.03468728065490723,0.038324832916259766,0.0062400912061149685
