,gb_opt,gb_ipw_opt,wrangler
0,0.04910159111022949,0.053497314453125,0.0027105128964898307
