,gb_opt,gb_ipw_opt,wrangler
0,0.05263352394104004,0.05876588821411133,0.004246467497290635
