,gb_opt,gb_ipw_opt,wrangler
0,0.04129910469055176,0.04894375801086426,0.008984309871022294
