,gb_opt,gb_ipw_opt,wrangler
0,0.061617374420166016,0.06971430778503418,0.008059175390946237
