,gb_opt,gb_ipw_opt,wrangler
0,1.7056381702423096,1.760244607925415,0.04107621168617486
