,gb_opt,gb_ipw_opt,wrangler
0,0.05110788345336914,0.057741641998291016,0.004980124925312243
