,gb_opt,gb_ipw_opt,wrangler
0,0.06575393676757812,0.07572531700134277,0.01280101729028019
