,gb_opt,gb_ipw_opt,wrangler
0,0.21979475021362305,0.2278430461883545,0.0025826173953120072
