,gb_opt,gb_ipw_opt,wrangler
0,0.08706855773925781,0.09249377250671387,0.002753320347848546
