,gb_opt,gb_ipw_opt,wrangler
0,0.21295857429504395,0.21981573104858398,0.0016488651237865487
