,gb_opt,gb_ipw_opt,wrangler
0,0.06930780410766602,0.07526683807373047,0.00403450756538205
