,gb_opt,gb_ipw_opt,wrangler
0,0.2095484733581543,0.21927857398986816,0.0015540692791249017
