,gb_opt,gb_ipw_opt,wrangler
0,0.06247663497924805,0.06780171394348145,0.0027935061834554755
