,gb_opt,gb_ipw_opt,wrangler
0,0.07800841331481934,0.08544206619262695,0.0036557515462239585
