,gb_opt,gb_ipw_opt,wrangler
0,0.08480668067932129,0.09123039245605469,0.00632554292678833
