,gb_opt,gb_ipw_opt,wrangler
0,0.21213197708129883,0.21907258033752441,0.0027723573333588406
