,gb_opt,gb_ipw_opt,wrangler
0,0.06974172592163086,0.07760047912597656,0.004456506521215936
