,gb_opt,gb_ipw_opt,wrangler
0,0.03469133377075195,0.038420915603637695,0.005705015999930245
