,gb_opt,gb_ipw_opt,wrangler
0,0.03958606719970703,0.044611454010009766,0.006411133742913968
