,gb_opt,gb_ipw_opt,wrangler
0,0.20175886154174805,0.20947885513305664,0.0025295702696145703
