,gb_opt,gb_ipw_opt,wrangler
0,0.03480267524719238,0.03874564170837402,0.005868077278137207
