,gb_opt,gb_ipw_opt,wrangler
0,0.04035687446594238,0.04492378234863281,0.0064373016357421875
