,gb_opt,gb_ipw_opt,wrangler
0,0.17853140830993652,0.19031691551208496,0.002638101577758789
