,gb_opt,gb_ipw_opt,wrangler
0,0.0503087043762207,0.057411909103393555,0.005488332949186626
