,gb_opt,gb_ipw_opt,wrangler
0,0.05345439910888672,0.05863642692565918,0.0038910535425921667
