,gb_opt,gb_ipw_opt,wrangler
0,0.2189178466796875,0.23111820220947266,0.003351745700008955
