,gb_opt,gb_ipw_opt,wrangler
0,0.050626516342163086,0.05390810966491699,0.003192939010320925
