,gb_opt,gb_ipw_opt,wrangler
0,0.20310688018798828,0.2139756679534912,0.0019726729152178524
