,gb_opt,gb_ipw_opt,wrangler
0,0.06730985641479492,0.07481980323791504,0.004437661940051663
