,gb_opt,gb_ipw_opt,wrangler
0,0.03537321090698242,0.03917074203491211,0.006225705146789551
