,gb_opt,gb_ipw_opt,wrangler
0,0.051816701889038086,0.05543923377990723,0.0033000620400033347
