,gb_opt,gb_ipw_opt,wrangler
0,0.058619022369384766,0.06314826011657715,0.0030994415283203125
