,gb_opt,gb_ipw_opt,wrangler
0,0.034967899322509766,0.03889656066894531,0.005849977818931021
