,gb_opt,gb_ipw_opt,wrangler
0,0.10343241691589355,0.10899162292480469,0.011047720909118652
