,gb_opt,gb_ipw_opt,wrangler
0,0.07847476005554199,0.08539032936096191,0.003250324783693765
