,gb_opt,gb_ipw_opt,wrangler
0,0.04810285568237305,0.0545351505279541,0.005054473876953125
