,gb_opt,gb_ipw_opt,wrangler
0,0.05051827430725098,0.05511808395385742,0.0037029385566711426
