,gb_opt,gb_ipw_opt,wrangler
0,0.06244969367980957,0.06736969947814941,0.002949544698885172
