,gb_opt,gb_ipw_opt,wrangler
0,0.10612058639526367,0.11281323432922363,0.007820360868879892
