,gb_opt,gb_ipw_opt,wrangler
0,0.05930471420288086,0.06707096099853516,0.004750377727004717
