,gb_opt,gb_ipw_opt,wrangler
0,0.09416794776916504,0.10444831848144531,0.007208830081157803
