,gb_opt,gb_ipw_opt,wrangler
0,0.03786826133728027,0.04266929626464844,0.0059002811468920665
