,gb_opt,gb_ipw_opt,wrangler
0,0.07943534851074219,0.08384060859680176,0.0032822888596613607
