,gb_opt,gb_ipw_opt,wrangler
0,0.061551809310913086,0.06627106666564941,0.006666889897099248
