,gb_opt,gb_ipw_opt,wrangler
0,0.048361778259277344,0.05382895469665527,0.003726858841745477
