,gb_opt,gb_ipw_opt,wrangler
0,0.03274178504943848,0.0366358757019043,0.005677894309714988
