,gb_opt,gb_ipw_opt,wrangler
0,0.04442858695983887,0.05173850059509277,0.007564166806778818
