,gb_opt,gb_ipw_opt,wrangler
0,0.30252957344055176,0.3126795291900635,0.0025426341833847486
