,gb_opt,gb_ipw_opt,wrangler
0,0.05074715614318848,0.05693221092224121,0.0050381610268040704
