,gb_opt,gb_ipw_opt,wrangler
0,0.08057117462158203,0.0896458625793457,0.005067267069002477
