,gb_opt,gb_ipw_opt,wrangler
0,0.03582191467285156,0.040120601654052734,0.0061174718345083845
