,gb_opt,gb_ipw_opt,wrangler
0,0.0350494384765625,0.03890848159790039,0.006306171417236328
