,gb_opt,gb_ipw_opt,wrangler
0,0.05268716812133789,0.06023383140563965,0.005427334043714736
