,gb_opt,gb_ipw_opt,wrangler
0,0.06358909606933594,0.06865358352661133,0.0036705107915969122
