,gb_opt,gb_ipw_opt,wrangler
0,0.048005104064941406,0.05630016326904297,0.007218177165460149
