,gb_opt,gb_ipw_opt,wrangler
0,0.039875030517578125,0.04389309883117676,0.005169348283247515
