,gb_opt,gb_ipw_opt,wrangler
0,0.0850989818572998,0.09430384635925293,0.0037664458865211124
