,gb_opt,gb_ipw_opt,wrangler
0,0.03624463081359863,0.04011702537536621,0.0053603997391261414
