,gb_opt,gb_ipw_opt,wrangler
0,0.0463407039642334,0.050476789474487305,0.003582353045226662
