,gb_opt,gb_ipw_opt,wrangler
0,0.05177903175354004,0.05933356285095215,0.005240375931198533
