,gb_opt,gb_ipw_opt,wrangler
0,0.20550036430358887,0.21277546882629395,0.004256752661041488
