,gb_opt,gb_ipw_opt,wrangler
0,0.033529043197631836,0.0371708869934082,0.005643508013556986
