,gb_opt,gb_ipw_opt,wrangler
0,0.05174422264099121,0.05652284622192383,0.004033247629801433
