,gb_opt,gb_ipw_opt,wrangler
0,0.20075297355651855,0.21001720428466797,0.002904016463482966
