,gb_opt,gb_ipw_opt,wrangler
0,0.13197660446166992,0.14045929908752441,0.002875682991299429
