,gb_opt,gb_ipw_opt,wrangler
0,0.10048151016235352,0.11260366439819336,0.004924800061532276
