,gb_opt,gb_ipw_opt,wrangler
0,0.2102375030517578,0.2243514060974121,0.004918243235895595
