,gb_opt,gb_ipw_opt,wrangler
0,0.034386396408081055,0.038199663162231445,0.005969405174255371
