,gb_opt,gb_ipw_opt,wrangler
0,0.24272632598876953,0.253084659576416,0.001976490020751953
