,gb_opt,gb_ipw_opt,wrangler
0,0.03416037559509277,0.0375514030456543,0.006088614463806152
