,gb_opt,gb_ipw_opt,wrangler
0,0.04303765296936035,0.0477604866027832,0.0039997100830078125
