,gb_opt,gb_ipw_opt,wrangler
0,0.045472145080566406,0.04863286018371582,0.004149618602934338
