,gb_opt,gb_ipw_opt,wrangler
0,0.04922938346862793,0.05330944061279297,0.004167619504426655
