,gb_opt,gb_ipw_opt,wrangler
0,0.20346879959106445,0.21272039413452148,0.001404923622054283
