,gb_opt,gb_ipw_opt,wrangler
0,0.10410046577453613,0.11543560028076172,0.009163715052262447
