,gb_opt,gb_ipw_opt,wrangler
0,0.20123839378356934,0.21117091178894043,0.0021670702183698935
