,gb_opt,gb_ipw_opt,wrangler
0,0.05202364921569824,0.05979609489440918,0.006633758544921875
