,gb_opt,gb_ipw_opt,wrangler
0,0.22836589813232422,0.23963618278503418,0.0011129165763285624
