,gb_opt,gb_ipw_opt,wrangler
0,0.0597386360168457,0.06545829772949219,0.010037127836250964
