,gb_opt,gb_ipw_opt,wrangler
0,0.20189452171325684,0.2103121280670166,0.0019558710069512604
