,gb_opt,gb_ipw_opt,wrangler
0,0.04068613052368164,0.04500079154968262,0.005097065157103307
