,gb_opt,gb_ipw_opt,wrangler
0,0.0531308650970459,0.058329105377197266,0.00757394835006359
