,gb_opt,gb_ipw_opt,wrangler
0,0.2088017463684082,0.21773099899291992,0.0017544235846008917
