,gb_opt,gb_ipw_opt,wrangler
0,0.21219921112060547,0.2202160358428955,0.004149497823512301
