,gb_opt,gb_ipw_opt,wrangler
0,0.05035853385925293,0.056040048599243164,0.004550344065616005
