,gb_opt,gb_ipw_opt,wrangler
0,0.046796560287475586,0.05177927017211914,0.006687293932275865
