,gb_opt,gb_ipw_opt,wrangler
0,0.03963112831115723,0.04476165771484375,0.006693380850332754
