,gb_opt,gb_ipw_opt,wrangler
0,0.034729719161987305,0.03849959373474121,0.005923566364106678
