,gb_opt,gb_ipw_opt,wrangler
0,0.07629680633544922,0.08515787124633789,0.00767853423839307
