,gb_opt,gb_ipw_opt,wrangler
0,0.0435032844543457,0.049701690673828125,0.005797545115152995
