,gb_opt,gb_ipw_opt,wrangler
0,0.04376506805419922,0.04881095886230469,0.004992449193968809
