,gb_opt,gb_ipw_opt,wrangler
0,0.08295536041259766,0.09265494346618652,0.005135169396033654
