,gb_opt,gb_ipw_opt,wrangler
0,0.21946096420288086,0.229752779006958,0.003436454256674401
