,gb_opt,gb_ipw_opt,wrangler
0,0.20964789390563965,0.21810555458068848,0.004410743713378906
