,gb_opt,gb_ipw_opt,wrangler
0,0.040251970291137695,0.04805564880371094,0.012771557953398108
