,gb_opt,gb_ipw_opt,wrangler
0,0.12619805335998535,0.13572144508361816,0.003678909200706229
