,gb_opt,gb_ipw_opt,wrangler
0,0.08392548561096191,0.09025216102600098,0.0027312641650174573
