,gb_opt,gb_ipw_opt,wrangler
0,0.06024622917175293,0.06707644462585449,0.004807585164120323
