,gb_opt,gb_ipw_opt,wrangler
0,0.047608137130737305,0.051512718200683594,0.00376566082027787
