,gb_opt,gb_ipw_opt,wrangler
0,0.05908203125,0.06391692161560059,0.006613430676159558
