,gb_opt,gb_ipw_opt,wrangler
0,0.05177712440490723,0.057352304458618164,0.007841645217523343
