,gb_opt,gb_ipw_opt,wrangler
0,0.3698606491088867,0.38196825981140137,0.010636724302115586
