,gb_opt,gb_ipw_opt,wrangler
0,0.047545433044433594,0.0525362491607666,0.0058771337120278365
