,gb_opt,gb_ipw_opt,wrangler
0,0.06879568099975586,0.07469367980957031,0.002652283031416137
