,gb_opt,gb_ipw_opt,wrangler
0,0.2192401885986328,0.23026657104492188,0.00424397036601489
