,gb_opt,gb_ipw_opt,wrangler
0,0.08613395690917969,0.09508919715881348,0.005987455260078862
