,gb_opt,gb_ipw_opt,wrangler
0,0.08755660057067871,0.09518814086914062,0.0027108192443847656
