,gb_opt,gb_ipw_opt,wrangler
0,1.1476821899414062,1.4539375305175781,0.07916418835520744
