,gb_opt,gb_ipw_opt,wrangler
0,0.04796147346496582,0.05211997032165527,0.0035990575316605295
