,gb_opt,gb_ipw_opt,wrangler
0,0.25165796279907227,0.26161694526672363,0.0030944314963738027
