,gb_opt,gb_ipw_opt,wrangler
0,0.22800183296203613,0.24234867095947266,0.0017306104821352224
