,gb_opt,gb_ipw_opt,wrangler
0,0.055115699768066406,0.05992841720581055,0.0041484832763671875
