,gb_opt,gb_ipw_opt,wrangler
0,0.054805755615234375,0.06279397010803223,0.005497382237361027
