,gb_opt,gb_ipw_opt,wrangler
0,0.10509967803955078,0.11600470542907715,0.00675101029245477
