,gb_opt,gb_ipw_opt,wrangler
0,0.09542632102966309,0.10725903511047363,0.006564925698673024
