,gb_opt,gb_ipw_opt,wrangler
0,0.12967848777770996,0.13850617408752441,0.003103596971964784
