,gb_opt,gb_ipw_opt,wrangler
0,0.4949049949645996,0.526752233505249,0.004984125678921923
