,gb_opt,gb_ipw_opt,wrangler
0,0.3103342056274414,0.34154176712036133,0.00310569740940461
