,gb_opt,gb_ipw_opt,wrangler
0,0.03562283515930176,0.03978371620178223,0.006101749561451099
