,gb_opt,gb_ipw_opt,wrangler
0,0.24684405326843262,0.2683839797973633,0.004945311156458824
