,gb_opt,gb_ipw_opt,wrangler
0,0.12649893760681152,0.1358928680419922,0.0029693950306285515
