,gb_opt,gb_ipw_opt,wrangler
0,0.25515294075012207,0.26799488067626953,0.002403583389109367
