,gb_opt,gb_ipw_opt,wrangler
0,0.2550048828125,0.2698507308959961,0.007558641885581457
