,gb_opt,gb_ipw_opt,wrangler
0,0.053250789642333984,0.05856490135192871,0.007209452715787021
