,gb_opt,gb_ipw_opt,wrangler
0,0.3020646572113037,0.316464900970459,0.009465948935666699
