,gb_opt,gb_ipw_opt,wrangler
0,0.03479933738708496,0.03844189643859863,0.00574530624761814
