,gb_opt,gb_ipw_opt,wrangler
0,0.21045207977294922,0.21832823753356934,0.0018579598272772811
