,gb_opt,gb_ipw_opt,wrangler
0,0.03976917266845703,0.0441744327545166,0.006513831056194541
