,gb_opt,gb_ipw_opt,wrangler
0,0.2331991195678711,0.25147175788879395,0.007654713318411228
