,gb_opt,gb_ipw_opt,wrangler
0,0.10976600646972656,0.12609648704528809,0.00848004847397039
