,gb_opt,gb_ipw_opt,wrangler
0,0.04128003120422363,0.04579329490661621,0.0067043304443359375
