,gb_opt,gb_ipw_opt,wrangler
0,0.039652347564697266,0.04466509819030762,0.006383657455444336
