,gb_opt,gb_ipw_opt,wrangler
0,1.4890503883361816,1.5567288398742676,0.04107128490101207
