,gb_opt,gb_ipw_opt,wrangler
0,0.1327495574951172,0.14045238494873047,0.005411090993524489
