,gb_opt,gb_ipw_opt,wrangler
0,0.05709433555603027,0.06270456314086914,0.00479330424389808
