,gb_opt,gb_ipw_opt,wrangler
0,0.1563427448272705,0.16751408576965332,0.003930926322937012
