,gb_opt,gb_ipw_opt,wrangler
0,0.07949066162109375,0.08793020248413086,0.004141130180002373
