,gb_opt,gb_ipw_opt,wrangler
0,0.06116008758544922,0.0697641372680664,0.006241233725296824
