,gb_opt,gb_ipw_opt,wrangler
0,0.03543686866760254,0.03937935829162598,0.005245208740234375
