,gb_opt,gb_ipw_opt,wrangler
0,0.035581111907958984,0.0389859676361084,0.005857444103853202
