,gb_opt,gb_ipw_opt,wrangler
0,0.06509017944335938,0.0720365047454834,0.009170392664467416
