,gb_opt,gb_ipw_opt,wrangler
0,0.060842275619506836,0.06866812705993652,0.007217175492616457
