,gb_opt,gb_ipw_opt,wrangler
0,0.04219222068786621,0.049976348876953125,0.0097898789394049
