,gb_opt,gb_ipw_opt,wrangler
0,0.09947466850280762,0.10764265060424805,0.0028992038604627726
