,gb_opt,gb_ipw_opt,wrangler
0,0.05065774917602539,0.05497455596923828,0.0035426368011287385
