,gb_opt,gb_ipw_opt,wrangler
0,0.26697587966918945,0.2749216556549072,0.003618096979441024
