,gb_opt,gb_ipw_opt,wrangler
0,0.05391526222229004,0.06348633766174316,0.011400244701867816
