,gb_opt,gb_ipw_opt,wrangler
0,0.10162234306335449,0.11133122444152832,0.005290048931716779
