,gb_opt,gb_ipw_opt,wrangler
0,0.09234213829040527,0.0999298095703125,0.0027825755457724297
