,gb_opt,gb_ipw_opt,wrangler
0,0.06072664260864258,0.06672215461730957,0.008172713793241061
