,gb_opt,gb_ipw_opt,wrangler
0,0.03639554977416992,0.040398359298706055,0.005868077278137207
