,gb_opt,gb_ipw_opt,wrangler
0,0.3060479164123535,0.3165321350097656,0.0032328959531004323
