,gb_opt,gb_ipw_opt,wrangler
0,0.21740007400512695,0.22847890853881836,0.0019764119491769323
