,gb_opt,gb_ipw_opt,wrangler
0,0.0710296630859375,0.07819509506225586,0.008912973625715389
