,gb_opt,gb_ipw_opt,wrangler
0,0.04044175148010254,0.04601597785949707,0.006722815242814429
