,gb_opt,gb_ipw_opt,wrangler
0,0.03466320037841797,0.03838396072387695,0.006052851676940918
