,gb_opt,gb_ipw_opt,wrangler
0,0.03860974311828613,0.0419466495513916,0.0058242252894810265
