,gb_opt,gb_ipw_opt,wrangler
0,0.2197248935699463,0.23074078559875488,0.002507308516839538
