,gb_opt,gb_ipw_opt,wrangler
0,0.034181833267211914,0.037815093994140625,0.005563100179036458
