,gb_opt,gb_ipw_opt,wrangler
0,0.03363037109375,0.03651857376098633,0.006178021430969238
