,gb_opt,gb_ipw_opt,wrangler
0,0.22549986839294434,0.23950839042663574,0.003100338963373392
