,gb_opt,gb_ipw_opt,wrangler
0,0.23393607139587402,0.24985742568969727,0.004369305723560247
