,gb_opt,gb_ipw_opt,wrangler
0,0.09067034721374512,0.0959019660949707,0.0031108673388203873
