,gb_opt,gb_ipw_opt,wrangler
0,0.058255672454833984,0.06431937217712402,0.005194585617274454
