,gb_opt,gb_ipw_opt,wrangler
0,0.21834516525268555,0.22597622871398926,0.0017582995336760515
