,gb_opt,gb_ipw_opt,wrangler
0,0.036589860916137695,0.041365861892700195,0.006806850433349609
