,gb_opt,gb_ipw_opt,wrangler
0,0.23869109153747559,0.24804115295410156,0.001913121479764112
