,gb_opt,gb_ipw_opt,wrangler
0,0.09203720092773438,0.09903812408447266,0.002641003231526954
