,gb_opt,gb_ipw_opt,wrangler
0,0.03358125686645508,0.03692460060119629,0.00597834587097168
