,gb_opt,gb_ipw_opt,wrangler
0,0.24162006378173828,0.2559089660644531,0.0047840687058727195
