,gb_opt,gb_ipw_opt,wrangler
0,0.0347292423248291,0.03833603858947754,0.005897879600524902
