,gb_opt,gb_ipw_opt,wrangler
0,0.03491091728210449,0.03882551193237305,0.006133317947387695
