,gb_opt,gb_ipw_opt,wrangler
0,0.29160332679748535,0.3053407669067383,0.004951541649041541
