,gb_opt,gb_ipw_opt,wrangler
0,0.03588700294494629,0.039606571197509766,0.006270408630371094
