,gb_opt,gb_ipw_opt,wrangler
0,0.041062116622924805,0.04703831672668457,0.008597970008850098
