,gb_opt,gb_ipw_opt,wrangler
0,0.03602480888366699,0.040236473083496094,0.0063696025330343365
