,gb_opt,gb_ipw_opt,wrangler
0,0.036745309829711914,0.04001665115356445,0.004706996502262532
