,gb_opt,gb_ipw_opt,wrangler
0,0.03556036949157715,0.03981280326843262,0.006210656813633295
