,gb_opt,gb_ipw_opt,wrangler
0,0.06030869483947754,0.06636285781860352,0.00604656007554796
