,gb_opt,gb_ipw_opt,wrangler
0,0.10114026069641113,0.11068320274353027,0.0038698938498543003
