,gb_opt,gb_ipw_opt,wrangler
0,0.061705589294433594,0.071044921875,0.009990432887401394
