,gb_opt,gb_ipw_opt,wrangler
0,0.09317731857299805,0.10175085067749023,0.0030269128990790604
