,gb_opt,gb_ipw_opt,wrangler
0,0.22755813598632812,0.23865675926208496,0.002500858712703624
