,gb_opt,gb_ipw_opt,wrangler
0,0.22878050804138184,0.23840570449829102,0.0019589959824415537
