,gb_opt,gb_ipw_opt,wrangler
0,0.11057019233703613,0.12002706527709961,0.0049837545496254155
