,gb_opt,gb_ipw_opt,wrangler
0,0.03686213493347168,0.04329395294189453,0.009613377707345145
