,gb_opt,gb_ipw_opt,wrangler
0,0.048316001892089844,0.05623960494995117,0.006896257400512695
