,gb_opt,gb_ipw_opt,wrangler
0,0.21817517280578613,0.22766351699829102,0.002630620935043392
