,gb_opt,gb_ipw_opt,wrangler
0,0.06228160858154297,0.07036089897155762,0.004899772730740634
