,gb_opt,gb_ipw_opt,wrangler
0,0.21594929695129395,0.22586750984191895,0.0018314881758256392
