,gb_opt,gb_ipw_opt,wrangler
0,0.042207956314086914,0.05020594596862793,0.009447336196899414
