,gb_opt,gb_ipw_opt,wrangler
0,0.054944753646850586,0.06160473823547363,0.00466641626859966
