,gb_opt,gb_ipw_opt,wrangler
0,0.10294389724731445,0.11163115501403809,0.004284761168740013
