,gb_opt,gb_ipw_opt,wrangler
0,0.09145665168762207,0.09849309921264648,0.0037151224472943473
