,gb_opt,gb_ipw_opt,wrangler
0,0.08090496063232422,0.09256958961486816,0.007184046619343308
