,gb_opt,gb_ipw_opt,wrangler
0,0.49706053733825684,0.5396380424499512,0.0025557071505324094
