,gb_opt,gb_ipw_opt,wrangler
0,0.04272127151489258,0.04687237739562988,0.004899043303269606
