,gb_opt,gb_ipw_opt,wrangler
0,0.08123064041137695,0.08849596977233887,0.004535950954605198
