,gb_opt,gb_ipw_opt,wrangler
0,0.23460626602172852,0.2430567741394043,0.0015600369526789738
