,gb_opt,gb_ipw_opt,wrangler
0,0.3390071392059326,0.35097265243530273,0.003815595828109051
