,gb_opt,gb_ipw_opt,wrangler
0,0.21940922737121582,0.23035597801208496,0.003467338361990139
