,gb_opt,gb_ipw_opt,wrangler
0,0.0878293514251709,0.0952749252319336,0.005036592483520508
