,gb_opt,gb_ipw_opt,wrangler
0,0.28066205978393555,0.29297447204589844,0.0023444493611653647
