,gb_opt,gb_ipw_opt,wrangler
0,0.05166816711425781,0.05632972717285156,0.004002026149204799
