,gb_opt,gb_ipw_opt,wrangler
0,0.05328869819641113,0.05790519714355469,0.004943211873372396
