,gb_opt,gb_ipw_opt,wrangler
0,0.22321677207946777,0.23420286178588867,0.0034346053348713788
