,gb_opt,gb_ipw_opt,wrangler
0,0.051165103912353516,0.05844473838806152,0.0048169964238216996
