,gb_opt,gb_ipw_opt,wrangler
0,0.07055044174194336,0.07857441902160645,0.004218264323909108
