,gb_opt,gb_ipw_opt,wrangler
0,0.26359057426452637,0.27374696731567383,0.003483681037920211
