,gb_opt,gb_ipw_opt,wrangler
0,0.04028010368347168,0.044405221939086914,0.0045254116966610865
