,gb_opt,gb_ipw_opt,wrangler
0,0.053043365478515625,0.059342145919799805,0.0038437727021008003
