,gb_opt,gb_ipw_opt,wrangler
0,0.3075728416442871,0.3296051025390625,0.00447690486907959
