,gb_opt,gb_ipw_opt,wrangler
0,0.09083175659179688,0.09574723243713379,0.0023511148268176665
