,gb_opt,gb_ipw_opt,wrangler
0,0.04895377159118652,0.056168556213378906,0.007329508662223816
