,gb_opt,gb_ipw_opt,wrangler
0,0.03650927543640137,0.03993868827819824,0.005937484373529273
