,gb_opt,gb_ipw_opt,wrangler
0,0.2193441390991211,0.22978639602661133,0.0029469368761019816
