,gb_opt,gb_ipw_opt,wrangler
0,0.2112441062927246,0.2204911708831787,0.0014676252011195808
