,gb_opt,gb_ipw_opt,wrangler
0,0.036203622817993164,0.04047369956970215,0.006151788028669946
