,gb_opt,gb_ipw_opt,wrangler
0,0.036417484283447266,0.04135632514953613,0.006639957427978516
