,gb_opt,gb_ipw_opt,wrangler
0,0.05481457710266113,0.06268453598022461,0.004361837338178586
