,gb_opt,gb_ipw_opt,wrangler
0,0.10300374031066895,0.11104202270507812,0.0054122169236630055
