,gb_opt,gb_ipw_opt,wrangler
0,0.03629326820373535,0.04084420204162598,0.006572699841157889
