,gb_opt,gb_ipw_opt,wrangler
0,0.05617165565490723,0.06417322158813477,0.010598273504348027
