,gb_opt,gb_ipw_opt,wrangler
0,0.0354914665222168,0.039676666259765625,0.006528548252435378
