,gb_opt,gb_ipw_opt,wrangler
0,0.05373382568359375,0.061296939849853516,0.0054093150349406455
