,gb_opt,gb_ipw_opt,wrangler
0,0.04546070098876953,0.04952692985534668,0.004572946517193904
