,gb_opt,gb_ipw_opt,wrangler
0,0.03578543663024902,0.040094614028930664,0.0056955549452039934
