,gb_opt,gb_ipw_opt,wrangler
0,0.10161018371582031,0.10993814468383789,0.004783417414692999
