,gb_opt,gb_ipw_opt,wrangler
0,0.05077338218688965,0.058522939682006836,0.00729784369468689
