,gb_opt,gb_ipw_opt,wrangler
0,0.0680093765258789,0.0789954662322998,0.014615058898925781
