,gb_opt,gb_ipw_opt,wrangler
0,0.15572857856750488,0.16792702674865723,0.005708849298118226
