,gb_opt,gb_ipw_opt,wrangler
0,0.21163344383239746,0.21928167343139648,0.003058142978377658
