,gb_opt,gb_ipw_opt,wrangler
0,0.12264704704284668,0.13512277603149414,0.006262315522640123
