,gb_opt,gb_ipw_opt,wrangler
0,0.2174973487854004,0.22514605522155762,0.003811686930030283
