,gb_opt,gb_ipw_opt,wrangler
0,0.03524637222290039,0.03940105438232422,0.006004616066261574
