,gb_opt,gb_ipw_opt,wrangler
0,0.03456401824951172,0.03900265693664551,0.005735748115627245
