,gb_opt,gb_ipw_opt,wrangler
0,0.0517277717590332,0.056410789489746094,0.004157423973083496
