,gb_opt,gb_ipw_opt,wrangler
0,0.10342192649841309,0.11185479164123535,0.0034045046708715246
