,gb_opt,gb_ipw_opt,wrangler
0,0.23776936531066895,0.246751070022583,0.0020434650091024544
