,gb_opt,gb_ipw_opt,wrangler
0,0.214766263961792,0.22288990020751953,0.0017739655228520513
