,gb_opt,gb_ipw_opt,wrangler
0,0.0718083381652832,0.08043551445007324,0.005174264675233423
