,gb_opt,gb_ipw_opt,wrangler
0,0.05988740921020508,0.06651186943054199,0.006730357805887858
