,gb_opt,gb_ipw_opt,wrangler
0,0.09454941749572754,0.10267186164855957,0.003703178897980721
