,gb_opt,gb_ipw_opt,wrangler
0,0.2190537452697754,0.22861003875732422,0.0010982693948900122
