,gb_opt,gb_ipw_opt,wrangler
0,0.04243111610412598,0.04864192008972168,0.006384805801811568
