,gb_opt,gb_ipw_opt,wrangler
0,0.2276928424835205,0.24279499053955078,0.005433307820229075
