,gb_opt,gb_ipw_opt,wrangler
0,0.03558158874511719,0.03995561599731445,0.006222724914550781
