,gb_opt,gb_ipw_opt,wrangler
0,0.07954192161560059,0.0871882438659668,0.004175797249506979
