,gb_opt,gb_ipw_opt,wrangler
0,0.05750107765197754,0.06473135948181152,0.005440413951873779
