,gb_opt,gb_ipw_opt,wrangler
0,0.2267131805419922,0.23343896865844727,0.0015046607934687125
