,gb_opt,gb_ipw_opt,wrangler
0,0.21249890327453613,0.22108769416809082,0.002129593087201142
