,gb_opt,gb_ipw_opt,wrangler
0,0.04567766189575195,0.05030488967895508,0.004217738196963356
