,gb_opt,gb_ipw_opt,wrangler
0,0.3418281078338623,0.3544747829437256,0.002047028204407355
