,gb_opt,gb_ipw_opt,wrangler
0,0.035297393798828125,0.03921818733215332,0.006380677223205566
