,gb_opt,gb_ipw_opt,wrangler
0,0.04991626739501953,0.054872989654541016,0.005843242009480794
