,gb_opt,gb_ipw_opt,wrangler
0,0.054097652435302734,0.062284231185913086,0.010763726583341274
