,gb_opt,gb_ipw_opt,wrangler
0,0.08240318298339844,0.0893564224243164,0.0057622983858182835
