,gb_opt,gb_ipw_opt,wrangler
0,0.5732717514038086,0.6227531433105469,0.0031756135983208116
