,gb_opt,gb_ipw_opt,wrangler
0,0.041498422622680664,0.04919147491455078,0.009301268024209105
