,gb_opt,gb_ipw_opt,wrangler
0,0.09670901298522949,0.10555195808410645,0.003674722486926663
