,gb_opt,gb_ipw_opt,wrangler
0,0.09752631187438965,0.10521554946899414,0.004670904867304196
