,gb_opt,gb_ipw_opt,wrangler
0,0.2154543399810791,0.22463345527648926,0.0022894181545425507
