,gb_opt,gb_ipw_opt,wrangler
0,0.05069422721862793,0.05838322639465332,0.004737999788515127
