,gb_opt,gb_ipw_opt,wrangler
0,0.18651342391967773,0.19463300704956055,0.0035635062626429965
