,gb_opt,gb_ipw_opt,wrangler
0,0.0995492935180664,0.10771989822387695,0.0040319042273687725
