,gb_opt,gb_ipw_opt,wrangler
0,0.05620574951171875,0.06437444686889648,0.011238455772399902
