,gb_opt,gb_ipw_opt,wrangler
0,0.036394596099853516,0.0411381721496582,0.0064820051193237305
