,gb_opt,gb_ipw_opt,wrangler
0,2.3765504360198975,2.5552968978881836,0.02227285132895756
