,gb_opt,gb_ipw_opt,wrangler
0,0.040137529373168945,0.04445219039916992,0.005941499363292348
