,gb_opt,gb_ipw_opt,wrangler
0,0.09223365783691406,0.10052061080932617,0.0030383085593199115
