,gb_opt,gb_ipw_opt,wrangler
0,0.0516667366027832,0.05869483947753906,0.004911119011557026
