,gb_opt,gb_ipw_opt,wrangler
0,0.053093910217285156,0.05799388885498047,0.00489228650143272
