,gb_opt,gb_ipw_opt,wrangler
0,0.040995121002197266,0.04499959945678711,0.00424089684950567
