,gb_opt,gb_ipw_opt,wrangler
0,0.22876238822937012,0.24069952964782715,0.0031856780356549204
