,gb_opt,gb_ipw_opt,wrangler
0,0.09729647636413574,0.10577011108398438,0.0030883522920830304
