,gb_opt,gb_ipw_opt,wrangler
0,0.22899818420410156,0.2404026985168457,0.001895623128922259
