,gb_opt,gb_ipw_opt,wrangler
0,0.06501388549804688,0.07023382186889648,0.002787663386418269
