,gb_opt,gb_ipw_opt,wrangler
0,0.03467988967895508,0.03867053985595703,0.00592808664580922
