,gb_opt,gb_ipw_opt,wrangler
0,0.05219125747680664,0.057216644287109375,0.0038910535425921667
