,gb_opt,gb_ipw_opt,wrangler
0,0.09254240989685059,0.1006464958190918,0.005948874685499404
