,gb_opt,gb_ipw_opt,wrangler
0,0.08955049514770508,0.09381937980651855,0.002875588714501482
