,gb_opt,gb_ipw_opt,wrangler
0,0.054471492767333984,0.061888933181762695,0.005285724315767974
