,gb_opt,gb_ipw_opt,wrangler
0,0.0646977424621582,0.07089900970458984,0.0036387767606568568
