,gb_opt,gb_ipw_opt,wrangler
0,0.03592729568481445,0.03997039794921875,0.006258487701416016
