,gb_opt,gb_ipw_opt,wrangler
0,0.22044062614440918,0.22920513153076172,0.002308258188996912
