,gb_opt,gb_ipw_opt,wrangler
0,0.05950522422790527,0.06551265716552734,0.00840057561426987
