,gb_opt,gb_ipw_opt,wrangler
0,0.225386381149292,0.23610377311706543,0.0015870489255346433
