,gb_opt,gb_ipw_opt,wrangler
0,0.26525306701660156,0.27825331687927246,0.004804209030246934
