,gb_opt,gb_ipw_opt,wrangler
0,0.060117483139038086,0.0657038688659668,0.004230361235769172
