,gb_opt,gb_ipw_opt,wrangler
0,0.09210419654846191,0.09750676155090332,0.0023134052753448486
