,gb_opt,gb_ipw_opt,wrangler
0,0.13248562812805176,0.14470911026000977,0.006104678642459032
