,gb_opt,gb_ipw_opt,wrangler
0,0.0367128849029541,0.04049968719482422,0.005765659053151201
