,gb_opt,gb_ipw_opt,wrangler
0,0.06266355514526367,0.0667874813079834,0.0030196041142174957
