,gb_opt,gb_ipw_opt,wrangler
0,0.48609495162963867,0.5068037509918213,0.010736700814164989
