,gb_opt,gb_ipw_opt,wrangler
0,0.07816076278686523,0.08466100692749023,0.005243388751080928
