,gb_opt,gb_ipw_opt,wrangler
0,0.04116940498352051,0.04565834999084473,0.006038409013014574
