,gb_opt,gb_ipw_opt,wrangler
0,0.19951105117797852,0.22278857231140137,0.005818815792308135
