,gb_opt,gb_ipw_opt,wrangler
0,0.21194124221801758,0.2204434871673584,0.002821976730308817
