,gb_opt,gb_ipw_opt,wrangler
0,0.037746429443359375,0.04105639457702637,0.005614189874558221
