,gb_opt,gb_ipw_opt,wrangler
0,0.06559228897094727,0.06973910331726074,0.00292835412202058
