,gb_opt,gb_ipw_opt,wrangler
0,0.05141091346740723,0.05778050422668457,0.00531843730381557
