,gb_opt,gb_ipw_opt,wrangler
0,0.21038317680358887,0.21835923194885254,0.0015933706302835484
