,gb_opt,gb_ipw_opt,wrangler
0,0.0360865592956543,0.040097951889038086,0.005859926522496235
