,gb_opt,gb_ipw_opt,wrangler
0,0.09489083290100098,0.10345768928527832,0.0036079135141712172
