,gb_opt,gb_ipw_opt,wrangler
0,0.21751642227172852,0.2286369800567627,0.0026919884596042294
