,gb_opt,gb_ipw_opt,wrangler
0,0.10564613342285156,0.1163792610168457,0.005432150580666283
