,gb_opt,gb_ipw_opt,wrangler
0,0.09303760528564453,0.10090899467468262,0.004340580531529018
