,gb_opt,gb_ipw_opt,wrangler
0,0.34719157218933105,0.3740813732147217,0.003331287164138373
