,gb_opt,gb_ipw_opt,wrangler
0,0.051140785217285156,0.05683016777038574,0.007794227129147378
