,gb_opt,gb_ipw_opt,wrangler
0,0.21638703346252441,0.2269737720489502,0.002590296708206311
