,gb_opt,gb_ipw_opt,wrangler
0,0.055846214294433594,0.06185507774353027,0.004506111145019531
