,gb_opt,gb_ipw_opt,wrangler
0,0.07828712463378906,0.08594202995300293,0.004416197733162276
