,gb_opt,gb_ipw_opt,wrangler
0,0.12087202072143555,0.13025808334350586,0.0024888109653554064
