,gb_opt,gb_ipw_opt,wrangler
0,0.09884500503540039,0.10938668251037598,0.005389253298441569
