,gb_opt,gb_ipw_opt,wrangler
0,0.22900843620300293,0.24135661125183105,0.002900659287306163
