,gb_opt,gb_ipw_opt,wrangler
0,0.40125536918640137,0.4441993236541748,0.0045988555807981195
