,gb_opt,gb_ipw_opt,wrangler
0,0.0880286693572998,0.09615230560302734,0.003756270578256238
