,gb_opt,gb_ipw_opt,wrangler
0,0.05975198745727539,0.06758356094360352,0.007638224848994502
