,gb_opt,gb_ipw_opt,wrangler
0,0.06160855293273926,0.06508588790893555,0.0019111786501474649
