,gb_opt,gb_ipw_opt,wrangler
0,0.03577113151550293,0.040255069732666016,0.006137070832429109
