,gb_opt,gb_ipw_opt,wrangler
0,0.0892794132232666,0.09581565856933594,0.004640189550256216
