,gb_opt,gb_ipw_opt,wrangler
0,0.053832292556762695,0.061521291732788086,0.0052359197046849635
