,gb_opt,gb_ipw_opt,wrangler
0,0.050852298736572266,0.05861258506774902,0.005399027178364415
