,gb_opt,gb_ipw_opt,wrangler
0,0.2817215919494629,0.29390811920166016,0.003434633181478972
