,gb_opt,gb_ipw_opt,wrangler
0,0.146223783493042,0.15317535400390625,0.004684269235357883
