,gb_opt,gb_ipw_opt,wrangler
0,0.037893056869506836,0.0429534912109375,0.005968781404717024
