,gb_opt,gb_ipw_opt,wrangler
0,0.03564906120300293,0.03972315788269043,0.005745026002447289
