,gb_opt,gb_ipw_opt,wrangler
0,0.30771613121032715,0.34845876693725586,0.004271691263398487
