,gb_opt,gb_ipw_opt,wrangler
0,0.05582284927368164,0.06217479705810547,0.0047907233238220215
