,gb_opt,gb_ipw_opt,wrangler
0,0.11092400550842285,0.11670398712158203,0.001850280355899892
