,gb_opt,gb_ipw_opt,wrangler
0,0.03984332084655762,0.04482316970825195,0.00616908073425293
