,gb_opt,gb_ipw_opt,wrangler
0,0.03560590744018555,0.039114952087402344,0.0056811053343493526
