,gb_opt,gb_ipw_opt,wrangler
0,0.06298184394836426,0.06876420974731445,0.004377424346734278
