,gb_opt,gb_ipw_opt,wrangler
0,0.03543901443481445,0.03946685791015625,0.005602836608886719
