,gb_opt,gb_ipw_opt,wrangler
0,0.058420658111572266,0.06419777870178223,0.0052418507320780156
