,gb_opt,gb_ipw_opt,wrangler
0,0.03546023368835449,0.03940725326538086,0.006091303941680164
