,gb_opt,gb_ipw_opt,wrangler
0,0.035176992416381836,0.038735151290893555,0.005570579977596507
