,gb_opt,gb_ipw_opt,wrangler
0,0.05470895767211914,0.062221527099609375,0.0066916147867838545
