,gb_opt,gb_ipw_opt,wrangler
0,0.07501530647277832,0.08302426338195801,0.0033017692215945743
