,gb_opt,gb_ipw_opt,wrangler
0,0.03844022750854492,0.04363393783569336,0.006454331534249442
