,gb_opt,gb_ipw_opt,wrangler
0,0.04013323783874512,0.04494142532348633,0.006204628082643072
