,gb_opt,gb_ipw_opt,wrangler
0,0.0363461971282959,0.03981447219848633,0.005160768826802571
