,gb_opt,gb_ipw_opt,wrangler
0,0.03569769859313965,0.03988146781921387,0.006201755569641848
