,gb_opt,gb_ipw_opt,wrangler
0,0.1343848705291748,0.14251089096069336,0.003997152641271855
