,gb_opt,gb_ipw_opt,wrangler
0,0.2279829978942871,0.2378559112548828,0.0015767933882614002
