,gb_opt,gb_ipw_opt,wrangler
0,0.05105328559875488,0.058170318603515625,0.005213789237562077
