,gb_opt,gb_ipw_opt,wrangler
0,0.03534650802612305,0.039605140686035156,0.0060558319091796875
