,gb_opt,gb_ipw_opt,wrangler
0,0.03893709182739258,0.0435483455657959,0.0057245294253031416
