,gb_opt,gb_ipw_opt,wrangler
0,0.21819829940795898,0.22870945930480957,0.004024718594610247
