,gb_opt,gb_ipw_opt,wrangler
0,0.30406975746154785,0.32675695419311523,0.0039377615819522985
