,gb_opt,gb_ipw_opt,wrangler
0,0.22955536842346191,0.23991012573242188,0.0026679907506277083
