,gb_opt,gb_ipw_opt,wrangler
0,0.05199885368347168,0.057202816009521484,0.004492307964124177
