,gb_opt,gb_ipw_opt,wrangler
0,0.09005355834960938,0.09577751159667969,0.0021527114423733314
