,gb_opt,gb_ipw_opt,wrangler
0,0.2631692886352539,0.2726163864135742,0.003377283651997724
