,gb_opt,gb_ipw_opt,wrangler
0,0.34499597549438477,0.36186861991882324,0.0050458848846625095
