,gb_opt,gb_ipw_opt,wrangler
0,0.09486627578735352,0.1040339469909668,0.0030516034962675717
