,gb_opt,gb_ipw_opt,wrangler
0,0.05521392822265625,0.06410384178161621,0.005219227228409205
