,gb_opt,gb_ipw_opt,wrangler
0,0.041582584381103516,0.04878854751586914,0.008853999051180752
