,gb_opt,gb_ipw_opt,wrangler
0,0.1569530963897705,0.16756701469421387,0.003702314939792986
