,gb_opt,gb_ipw_opt,wrangler
0,0.03513216972351074,0.03883051872253418,0.006212907678940717
