,gb_opt,gb_ipw_opt,wrangler
0,0.29157090187072754,0.30117273330688477,0.0013218383596401023
