,gb_opt,gb_ipw_opt,wrangler
0,0.03500962257385254,0.039528846740722656,0.006523728370666504
