,gb_opt,gb_ipw_opt,wrangler
0,0.344451904296875,0.36246275901794434,0.004858929074716152
