,gb_opt,gb_ipw_opt,wrangler
0,0.03590512275695801,0.04037666320800781,0.006243586540222168
