,gb_opt,gb_ipw_opt,wrangler
0,0.036917924880981445,0.040935516357421875,0.006458163261413574
