,gb_opt,gb_ipw_opt,wrangler
0,0.03671860694885254,0.04331827163696289,0.009146332740783691
