,gb_opt,gb_ipw_opt,wrangler
0,0.03508710861206055,0.039105892181396484,0.006332630064429307
