,gb_opt,gb_ipw_opt,wrangler
0,0.03461599349975586,0.03869152069091797,0.006368756294250488
