,gb_opt,gb_ipw_opt,wrangler
0,0.21917438507080078,0.2301185131072998,0.004676947916360726
