,gb_opt,gb_ipw_opt,wrangler
0,0.09640765190124512,0.10147595405578613,0.0023015840785709893
