,gb_opt,gb_ipw_opt,wrangler
0,0.24024343490600586,0.2495133876800537,0.002510611139255921
