,gb_opt,gb_ipw_opt,wrangler
0,0.1356661319732666,0.14612126350402832,0.005420242867818693
