,gb_opt,gb_ipw_opt,wrangler
0,0.04128742218017578,0.04869675636291504,0.010070204734802246
