,gb_opt,gb_ipw_opt,wrangler
0,0.039598703384399414,0.04436326026916504,0.0069200992584228516
