,gb_opt,gb_ipw_opt,wrangler
0,0.047258615493774414,0.05535411834716797,0.007900926801893445
