,gb_opt,gb_ipw_opt,wrangler
0,0.22874045372009277,0.23519039154052734,0.002158193877249053
