,gb_opt,gb_ipw_opt,wrangler
0,0.21792984008789062,0.23081231117248535,0.0021386289311026386
