,gb_opt,gb_ipw_opt,wrangler
0,0.03467082977294922,0.03857016563415527,0.0058203935623168945
