,gb_opt,gb_ipw_opt,wrangler
0,0.3084282875061035,0.3229222297668457,0.00504508686526386
