,gb_opt,gb_ipw_opt,wrangler
0,0.0959630012512207,0.10344338417053223,0.0052386121787572565
