,gb_opt,gb_ipw_opt,wrangler
0,0.21745872497558594,0.23005342483520508,0.004184141362476229
