,gb_opt,gb_ipw_opt,wrangler
0,0.03400158882141113,0.03873324394226074,0.0061203793781559645
