,gb_opt,gb_ipw_opt,wrangler
0,0.23575949668884277,0.2468101978302002,0.0028718738580021334
