,gb_opt,gb_ipw_opt,wrangler
0,0.15244197845458984,0.15961623191833496,0.005268637155521812
