,gb_opt,gb_ipw_opt,wrangler
0,0.04131317138671875,0.045610666275024414,0.005516033728145859
