,gb_opt,gb_ipw_opt,wrangler
0,0.2913534641265869,0.30967020988464355,0.005309883205369971
