,gb_opt,gb_ipw_opt,wrangler
0,0.09442400932312012,0.10504484176635742,0.003881393138235405
