,Correlation,Corr-Oracle,Wrangler,Wrangler16,Wrangler23,Sherlock
0,11.111111111111109,55.55555555555555,55.55555555555555,100.0,100.0,0.0
