,Correlation,Corr-Oracle,Wrangler,Wrangler16,Wrangler23,Sherlock
0,16.666666666666668,33.333333333333336,55.55555555555555,11.111111111111109,55.55555555555555,16.666666666666668
