,Correlation,Causal,Wrangler_23,Wrangler_16,GB_23,GB_16
0,0.0,0.0,25.6140350877193,50.175438596491226,0.0,0.0
1,0.0,0.0,19.767441860465116,35.27131782945737,0.0,0.0
2,0.0,0.0,18.994413407821227,33.89199255121043,0.0,0.0
3,0.0,0.0,25.325443786982248,43.31360946745562,0.0,0.0
4,0.0,0.0,25.146198830409354,42.92397660818714,0.0,0.0
