,Correlation,Causal,Wrangler_23,Wrangler_16,GB_23,GB_16
0,0.0,0.0,100.0,100.0,94.79768786127167,100.0
1,43.648208469055376,43.648208469055376,100.0,100.0,72.63843648208469,100.0
