,Correlation,Causal,Wrangler_23,Wrangler_16,GB_23,GB_16
0,0.0,0.0,2.3738872403560833,2.967359050445104,86.94362017804154,100.0
1,0.0,0.0,1.444043321299639,1.8050541516245486,92.05776173285199,62.093862815884485
2,0.0,0.0,1.384083044982699,1.7301038062283738,91.00346020761245,63.32179930795848
3,0.0,30.82271147161066,0.9269988412514484,1.1587485515643106,88.18076477404404,73.00115874855156
