,Correlation,Causal,Wrangler_23,Wrangler_16,GB_23,GB_16
0,0.0,100.0,56.19047619047619,100.0,0.0,0.0
1,0.0,100.0,40.78431372549019,69.41176470588235,0.0,0.0
2,0.0,99.609375,40.625,69.140625,0.0,0.0
3,0.0,99.61685823754789,39.84674329501915,67.81609195402298,0.0,0.0
