,Correlation,Causal,Wrangler_23,Wrangler_16,GB_23,GB_16
0,0.0,0.0,0.0,0.0,0.0,0.0
1,0.0,0.0,12.048192771084338,0.0,0.0,0.0
2,0.0,4.597701149425287,11.494252873563218,0.0,0.0,0.0
