,Correlation,Causal,Wrangler_23,Wrangler_16,GB_23,GB_16
0,0.0,0.0,0.0,0.0,66.66666666666666,0.0
1,0.0,62.5,0.0,0.0,37.5,0.0
2,44.44444444444444,83.33333333333334,0.0,0.0,50.0,0.0
3,9.876543209876543,96.29629629629629,0.0,0.0,48.148148148148145,0.0
4,5.633802816901409,97.88732394366197,0.0,0.0,55.633802816901415,0.0
5,5.405405405405405,97.97297297297297,0.0,0.0,57.432432432432435,0.0
