,Correlation,Causal,Wrangler_23,Wrangler_16,GB_23,GB_16
0,0.0,0.0,100.0,100.0,100.0,100.0
1,0.0,15.476190476190476,100.0,100.0,100.0,100.0
2,1.1764705882352942,16.470588235294116,100.0,100.0,100.0,100.0
3,2.3255813953488373,17.441860465116278,100.0,100.0,100.0,100.0
