,Correlation,Causal,Wrangler_23,Wrangler_16,GB_23,GB_16
0,0.0,100.0,0.0,81.81818181818183,0.0,100.0
1,0.0,100.0,0.0,57.692307692307686,0.0,100.0
2,0.0,100.0,0.0,50.0,0.0,100.0
3,0.0,100.0,0.0,42.69662921348314,0.0,100.0
4,0.0,100.0,0.0,38.775510204081634,0.0,100.0
5,0.0,100.0,0.0,33.6283185840708,0.0,100.0
6,0.0,100.0,0.0,31.932773109243694,0.0,100.0
7,0.0,100.0,0.0,30.4,0.0,100.0
8,0.0,99.20634920634922,0.0,30.158730158730158,0.0,100.0
9,0.0,98.4251968503937,0.0,29.92125984251969,0.0,100.0
