,Correlation,Causal,Wrangler_23,Wrangler_16,GB_23,GB_16
0,0.0,0.0,100.0,100.0,100.0,0.0
1,61.65644171779141,79.14110429447852,100.0,100.0,100.0,0.0
2,60.36036036036037,79.57957957957959,100.0,100.0,100.0,0.0
