,Correlation,Causal,Wrangler_23,Wrangler_16,GB_23,GB_16
0,0.0,0.0,0.0,0.0,0.0,0.0
1,0.0,34.177215189873415,0.0,0.0,0.0,0.0
2,6.976744186046512,39.53488372093023,0.0,0.0,0.0,0.0
