,Correlation,Causal,Wrangler_23,Wrangler_16,GB_23,GB_16
0,0.0,0.0,100.0,100.0,100.0,100.0
1,79.7752808988764,79.7752808988764,100.0,100.0,100.0,100.0
