,Correlation,Causal,Wrangler_23,Wrangler_16,GB_23,GB_16
0,0.0,0.0,100.0,96.37462235649546,100.0,100.0
1,0.0,0.0,100.0,96.3855421686747,100.0,100.0
