,Correlation,Causal,Wrangler_23,Wrangler_16,GB_23,GB_16
0,0.0,0.0,0.0,0.0,0.0,0.0
1,0.0,66.66666666666666,0.0,0.0,0.0,0.0
2,0.0,91.30434782608695,0.0,0.0,0.0,0.0
3,0.0,81.13207547169812,0.0,0.0,0.0,15.09433962264151
4,0.0,87.17948717948718,0.0,0.0,0.0,23.076923076923077
5,0.0,79.34782608695652,0.0,0.0,0.0,29.347826086956523
6,0.0,76.53061224489795,0.0,0.0,0.0,31.63265306122449
7,0.0,70.75471698113208,0.0,0.0,0.0,36.79245283018868
8,0.0,69.44444444444444,0.0,0.0,0.0,37.96296296296296
