,Correlation,Causal,Wrangler_23,Wrangler_16,GB_23,GB_16
0,0.0,0.0,0.0,100.0,0.0,0.0
1,0.0,0.0,0.6944444444444444,100.0,0.0,20.13888888888889
2,4.0,4.0,0.6666666666666667,100.0,0.0,19.333333333333332
3,11.65644171779141,11.65644171779141,1.2269938650306749,100.0,0.0,17.791411042944784
