,Correlation,Causal,Wrangler_23,Wrangler_16,GB_23,GB_16
0,0.0,0.0,0.0,0.0,0.0,0.0
1,0.0,0.0,0.0,0.0,0.0,0.0
2,0.0,2.7472527472527473,0.0,0.0,0.0,0.0
3,0.0,14.903846153846153,0.0,0.0,0.0,0.0
4,0.0,14.761904761904763,0.0,0.0,0.0,0.0
5,0.0,14.485981308411214,0.0,0.0,0.0,0.0
