,Correlation,Causal,Wrangler_23,Wrangler_16,GB_23,GB_16
0,0.0,0.0,0.0,0.0,0.0,58.26446280991735
1,0.0,0.0,0.0,0.0,0.0,56.39999999999999
