,Correlation,Causal,Wrangler_23,Wrangler_16,GB_23,GB_16
0,0.0,0.0,99.0909090909091,99.54545454545455,100.0,100.0
1,0.0,0.0,96.46017699115043,96.90265486725663,100.0,100.0
