,Correlation,Causal,Wrangler_23,Wrangler_16,GB_23,GB_16
0,0.0,0.0,100.0,100.0,100.0,100.0
1,13.017751479289942,13.017751479289942,100.0,100.0,100.0,81.06508875739645
