,Correlation,Causal,Wrangler_23,Wrangler_16,GB_23,GB_16
0,0.0,0.0,100.0,0.0,100.0,0.0
1,0.0,80.23255813953489,100.0,16.27906976744186,100.0,0.0
