,Correlation,Causal,Wrangler_23,Wrangler_16,GB_23,GB_16
0,0.0,0.0,0.0,0.0,0.0,0.0
1,0.0,12.5,0.0,0.0,0.0,0.0
2,0.0,30.0,0.0,0.0,0.0,0.0
3,0.0,34.18803418803419,0.0,0.0,0.0,0.0
4,0.0,34.74576271186441,0.0,0.0,0.0,0.0
