,Correlation,Causal,Wrangler_23,Wrangler_16,GB_23,GB_16
0,0.0,0.0,0.0,9.67741935483871,100.0,100.0
1,0.0,41.17647058823529,21.176470588235293,28.235294117647058,100.0,100.0
2,1.1627906976744187,41.86046511627907,22.093023255813954,29.069767441860467,100.0,100.0
