,Correlation,Causal,Wrangler_23,Wrangler_16,GB_23,GB_16
0,0.0,0.0,0.0,0.0,0.0,0.0
1,0.0,0.6097560975609756,0.0,0.0,0.0,0.0
2,0.0,25.229357798165136,0.0,0.0,0.0,0.0
