,Correlation,Causal,Wrangler_23,Wrangler_16,GB_23,GB_16
0,0.0,0.0,100.0,50.0,0.0,100.0
1,0.0,0.0,100.0,90.80459770114942,1.1494252873563218,100.0
