,Correlation,Causal,Wrangler_23,Wrangler_16,GB_23,GB_16
0,0.0,0.0,96.61016949152543,96.61016949152543,100.0,100.0
1,0.0,19.17808219178082,97.26027397260275,97.26027397260275,100.0,100.0
