,Correlation,Causal,Wrangler_23,Wrangler_16,GB_23,GB_16
0,0.0,0.46728971962616817,0.0,0.0,8.878504672897195,0.0
1,0.0,0.4608294930875576,0.0,0.0,9.67741935483871,0.0
2,0.0,0.4424778761061947,0.0,0.0,13.274336283185843,0.0
3,0.0,10.0,0.0,0.0,19.6,0.0
4,0.0,9.578544061302683,0.0,0.0,22.22222222222222,0.0
