,Correlation,Causal,Wrangler_23,Wrangler_16,GB_23,GB_16
0,0.0,0.0,0.0,0.0,0.0,0.0
1,14.64968152866242,17.197452229299362,0.0,0.0,14.64968152866242,0.0
