,Correlation,Causal,Wrangler_23,Wrangler_16,GB_23,GB_16
0,0.0,0.0,0.0,0.0,0.0,0.0
1,0.0,25.252525252525253,0.0,0.0,0.0,0.0
2,0.0,32.11009174311927,0.0,0.0,0.0,0.0
