,Correlation,Causal,Wrangler_23,Wrangler_16,GB_23,GB_16
0,0.0,0.0,8.058608058608058,7.326007326007327,6.95970695970696,0.0
1,0.0,0.0,5.850091407678245,4.204753199268739,39.6709323583181,0.0
2,0.0,1.971326164874552,5.734767025089606,4.121863799283155,40.86021505376344,0.0
3,0.0,29.14507772020725,4.145077720207254,2.9792746113989637,36.39896373056995,0.0
4,0.0,36.469221835075494,3.7166085946573753,2.671312427409988,40.76655052264808,0.0
5,0.0,36.42691415313225,3.7122969837587005,2.668213457076566,40.835266821345705,0.0
