,Correlation,Causal,Wrangler_23,Wrangler_16,GB_23,GB_16
0,0.0,0.0,100.0,100.0,100.0,0.0
1,0.0,98.7878787878788,100.0,100.0,99.69696969696969,26.666666666666668
