,Correlation,Causal,Wrangler_23,Wrangler_16,GB_23,GB_16
0,0.0,0.0,0.0,0.0,0.0,0.0
1,0.0,0.0,52.94117647058824,0.0,0.0,0.0
2,0.0,0.0,80.64516129032258,0.0,0.0,0.0
3,0.0,49.18032786885246,70.49180327868852,0.0,0.0,0.0
4,0.0,63.95348837209303,58.720930232558146,0.0,0.0,0.0
