,Correlation,Causal,Wrangler_23,Wrangler_16,GB_23,GB_16
0,0.0,0.0,0.0,0.0,100.0,90.0
1,0.0,0.0,0.0,0.0,99.6291718170581,54.51174289245982
2,0.0,6.148491879350348,0.0,0.0,99.65197215777262,51.508120649651964
3,0.0,6.466512702078522,0.0,0.0,99.65357967667437,51.38568129330254
