,Correlation,Causal,Wrangler_23,Wrangler_16,GB_23,GB_16
0,0.0,0.0,11.25,1.25,0.0,0.0
1,0.0,5.813953488372093,17.441860465116278,1.1627906976744187,0.0,0.0
