,Correlation,Causal,Wrangler_23,Wrangler_16,GB_23,GB_16
0,0.0,0.0,0.0,0.0,0.0,0.0
1,0.0,0.0,0.0,0.0,0.0,0.0
2,0.0,76.22377622377621,0.0,0.0,1.3986013986013985,0.0
3,0.0,77.18120805369128,0.0,0.0,1.342281879194631,0.0
4,0.0,77.5,0.0,0.0,1.25,0.0
