,Correlation,Causal,Wrangler_23,Wrangler_16,GB_23,GB_16
0,0.0,0.0,100.0,100.0,0.0,16.666666666666664
1,89.0909090909091,89.0909090909091,100.0,100.0,5.454545454545454,20.909090909090907
