,Correlation,Causal,Wrangler_23,Wrangler_16,GB_23,GB_16
0,0.0,0.0,0.0,0.0,100.0,0.0
1,84.76190476190476,84.76190476190476,0.0,0.0,100.0,0.0
