,Correlation,Causal,Wrangler_23,Wrangler_16,GB_23,GB_16
0,0.0,0.0,100.0,100.0,0.0,0.0
1,0.0,0.0,100.0,100.0,0.0,0.0
2,15.294117647058824,15.294117647058824,100.0,100.0,0.0,0.0
3,16.27906976744186,16.27906976744186,100.0,100.0,0.0,0.0
