,Correlation,Causal,Wrangler_23,Wrangler_16,GB_23,GB_16
0,0.0,0.0,0.0,0.0,0.0,0.0
1,0.0,18.75,0.0,0.0,0.0,0.0
2,0.0,73.73737373737373,0.0,0.0,0.0,0.0
3,0.0,72.27722772277228,0.0,0.0,0.0,0.0
4,0.0,71.56862745098039,0.0,0.0,0.0,0.0
5,0.0,70.1923076923077,0.0,0.0,0.0,0.0
6,0.0,69.52380952380952,0.0,0.0,0.0,0.0
