,Correlation,Causal,Wrangler_23,Wrangler_16,GB_23,GB_16
0,0.0,0.0,0.0,0.0,0.0,100.0
1,0.0,0.0,0.0,0.0,0.0,100.0
2,0.0,3.6036036036036037,0.0,0.0,1.8018018018018018,98.1981981981982
3,0.0,47.549019607843135,0.0,0.0,27.450980392156865,72.54901960784314
4,0.0,50.0,0.0,0.0,30.373831775700932,69.62616822429906
