,Correlation,Causal,Wrangler_23,Wrangler_16,GB_23,GB_16
0,0.0,0.0,0.0,0.0,0.0,0.0
1,0.0,0.0,0.0,0.0,0.0,0.0
2,0.0,49.668874172185426,0.0,0.0,16.55629139072848,0.0
3,0.0,51.28205128205128,0.0,0.0,17.94871794871795,0.0
4,0.0,61.61616161616161,0.0,0.0,28.28282828282828,0.0
5,0.0,64.15094339622641,0.0,0.0,31.60377358490566,0.0
