,Correlation,Causal,Wrangler_23,Wrangler_16,GB_23,GB_16
0,0.0,0.0,100.0,0.0,100.0,0.0
1,0.0,96.42857142857143,97.44897959183673,0.0,95.40816326530613,0.0
2,0.0,95.93908629441624,96.95431472081218,0.0,95.43147208121827,0.0
