,Correlation,Causal,Wrangler_23,Wrangler_16,GB_23,GB_16
0,0.0,0.0,0.0,0.0,0.0,0.0
1,0.0,66.66666666666666,0.0,0.0,0.0,0.0
2,0.0,86.66666666666667,0.0,0.0,0.0,0.0
3,0.0,93.93939393939394,0.0,0.0,15.151515151515152,0.0
