,Correlation,Causal,Wrangler_23,Wrangler_16,GB_23,GB_16
0,0.0,0.0,100.0,100.0,100.0,100.0
1,0.0,0.0,100.0,100.0,100.0,100.0
2,2.8901734104046244,3.005780346820809,100.0,100.0,100.0,100.0
3,3.0023094688221708,3.117782909930716,100.0,100.0,100.0,100.0
