,Correlation,Causal,Wrangler_23,Wrangler_16,GB_23,GB_16
0,0.0,0.0,100.0,100.0,100.0,100.0
1,96.7741935483871,96.7741935483871,100.0,100.0,100.0,100.0
2,97.14285714285714,97.14285714285714,100.0,100.0,100.0,100.0
3,98.68421052631578,98.68421052631578,100.0,100.0,100.0,100.0
