,Correlation,Causal,Wrangler_23,Wrangler_16,GB_23,GB_16
0,0.0,0.0,0.0,99.73118279569893,86.29032258064517,100.0
1,0.0,15.646258503401361,0.0,99.77324263038548,88.43537414965986,100.0
2,0.0,15.628539071347678,0.0,99.77349943374858,88.4484711211778,100.0
