,Correlation,Causal,Wrangler_23,Wrangler_16,GB_23,GB_16
0,0.0,0.0,100.0,100.0,100.0,100.0
1,0.0,1.2048192771084338,100.0,100.0,100.0,100.0
2,0.0,3.5294117647058822,100.0,100.0,100.0,100.0
