,Correlation,Causal,Wrangler_23,Wrangler_16,GB_23,GB_16
0,0.0,0.0,0.0,0.0,0.0,0.0
1,0.0,0.0,3.10077519379845,4.651162790697675,0.0,0.0
2,0.0,0.0,2.6022304832713754,4.646840148698884,0.0,0.0
3,0.0,0.0,2.540834845735027,4.537205081669692,0.0,0.0
4,0.0,0.0,1.8995929443690638,3.3921302578018993,0.0,0.0
5,0.0,0.0,1.6317016317016315,2.9137529137529135,0.0,0.0
