,Correlation,Causal,Wrangler_23,Wrangler_16,GB_23,GB_16
0,0.0,0.0,100.0,8.47457627118644,0.0,0.0
1,35.16483516483517,35.16483516483517,90.10989010989012,6.593406593406594,0.0,0.0
2,27.350427350427353,49.572649572649574,81.19658119658119,5.982905982905983,0.0,0.0
3,24.8062015503876,46.51162790697674,75.1937984496124,5.426356589147287,0.0,0.0
4,28.676470588235293,49.26470588235294,72.05882352941177,5.147058823529411,0.0,0.0
5,31.690140845070424,51.40845070422535,70.4225352112676,4.929577464788732,0.0,0.0
6,34.01360544217687,53.06122448979592,68.02721088435374,4.761904761904762,0.0,0.0
