,Correlation,Causal,Wrangler_23,Wrangler_16,GB_23,GB_16
0,0.0,0.0,100.0,100.0,0.0,100.0
1,22.988505747126435,22.988505747126435,100.0,100.0,17.24137931034483,100.0
2,23.863636363636363,23.863636363636363,100.0,100.0,18.181818181818183,100.0
