,Correlation,Causal,Wrangler_23,Wrangler_16,GB_23,GB_16
0,0.0,0.0,100.0,0.0,0.0,100.0
1,0.0,93.82716049382715,97.53086419753086,0.0,0.0,96.29629629629629
2,10.989010989010989,94.5054945054945,94.5054945054945,0.0,0.0,95.6043956043956
3,20.588235294117645,95.09803921568627,89.2156862745098,0.0,0.0,96.07843137254902
4,40.44117647058824,96.32352941176471,80.14705882352942,0.0,0.0,97.05882352941177
5,63.348416289592755,97.73755656108597,63.348416289592755,0.0,0.0,98.19004524886877
