,Correlation,Causal,Wrangler_23,Wrangler_16,GB_23,GB_16
0,0.0,0.0,100.0,100.0,100.0,96.42857142857143
1,0.0,0.0,100.0,100.0,95.45454545454545,96.5909090909091
