,Correlation,Causal,Wrangler_23,Wrangler_16,GB_23,GB_16
0,0.0,0.0,100.0,0.0,0.0,0.0
1,0.0,17.96875,88.28125,0.0,0.0,0.0
2,0.0,23.91304347826087,84.05797101449275,0.0,0.0,0.0
