,Correlation,Causal,Wrangler_23,Wrangler_16,GB_23,GB_16
0,0.0,0.0,0.0,0.0,0.0,0.0
1,0.0,0.0,0.0,0.0,0.0,0.0
2,0.0,10.79136690647482,0.0,0.0,0.0,0.0
3,0.0,21.019108280254777,0.0,0.0,0.0,0.0
4,0.0,22.981366459627328,0.0,0.0,0.0,0.0
