,Correlation,Causal,Wrangler_23,Wrangler_16,GB_23,GB_16
0,0.0,0.0,0.0,0.0,97.61904761904762,0.0
1,0.591715976331361,0.591715976331361,0.0,0.0,97.63313609467455,0.0
2,5.084745762711865,5.084745762711865,0.0,0.0,97.74011299435028,0.0
