,Correlation,Causal,Wrangler_23,Wrangler_16,GB_23,GB_16
0,0.0,0.0,0.0,0.0,0.0,0.0
1,0.0,1.2345679012345678,0.0,0.0,0.0,0.0
2,0.0,6.976744186046512,0.0,0.0,0.0,0.0
3,0.0,8.045977011494253,0.0,0.0,0.0,0.0
4,0.0,9.090909090909092,0.0,0.0,0.0,0.0
