,Correlation,Causal,Wrangler_23,Wrangler_16,GB_23,GB_16
0,0.0,0.0,100.0,100.0,0.0,0.0
1,0.0,0.1152073732718894,87.78801843317973,87.78801843317973,12.788018433179724,0.1152073732718894
2,0.0,0.11507479861910241,87.80207134637514,87.80207134637514,12.773302646720369,0.11507479861910241
3,0.0,0.22935779816513763,87.61467889908256,87.61467889908256,12.958715596330276,0.11467889908256881
