,Correlation,Causal,Wrangler_23,Wrangler_16,GB_23,GB_16
0,0.0,0.0,100.0,100.0,0.0,0.0
1,0.0,99.29328621908127,99.29328621908127,99.29328621908127,0.0,0.7067137809187279
2,1.5015015015015014,99.3993993993994,85.88588588588588,85.88588588588588,0.0,14.114114114114114
