,Correlation,Causal,Wrangler_23,Wrangler_16,GB_23,GB_16
0,0.0,0.0,100.0,100.0,100.0,100.0
1,0.0,0.0,100.0,100.0,99.36305732484077,99.36305732484077
2,0.0,20.304568527918782,100.0,100.0,81.7258883248731,81.7258883248731
