,gb,gb_ipw,wrangler_23,wrangler_16
0,0.022456875350891515,0.03328746962335869,0.006171423764992464,0.0025308908382805566
