,gb,gb_ipw,wrangler_23,wrangler_16
0,0.028838533343690815,0.04549941631278606,0.005783697571417297,0.004459631563437106
