,gb,gb_ipw,wrangler_23,wrangler_16
0,0.029021141718606803,0.039074106871086506,0.002724358439020173,0.0021166241388442058
