,gb,gb_ipw,wrangler_23,wrangler_16
0,0.031532208944104384,0.05374790466937822,0.005969313002124275,0.004922237592874114
