,gb,gb_ipw,wrangler_23,wrangler_16
0,0.031107415755589802,0.054303763641251446,0.005976814362737868,0.004718494084146287
