,gb,gb_ipw,wrangler_23,wrangler_16
0,0.018559036644598702,0.021139404143247865,0.002082385429447842,0.0005584162722546073
