,gb,gb_ipw,wrangler_23,wrangler_16
0,0.005633590949906243,0.009889114234182572,0.005948108931382498,0.0018613619936837088
