,gb,gb_ipw,wrangler_23,wrangler_16
0,0.01748026858870289,0.020063208158406228,0.0055381373204464335,0.0011480766068318593
