,gb,gb_ipw,wrangler_23,wrangler_16
0,0.0140198206497451,0.021269361851579054,0.0035676579017423645,0.0019006136447022863
