,gb,gb_ipw,wrangler_23,wrangler_16
0,0.014416327079137165,0.01756767431894938,0.006179163853327433,0.001547733942667643
