,gb,gb_ipw,wrangler_23,wrangler_16
0,0.019166145985327177,0.02190373474870821,0.004209763476601831,0.0010611403146867449
