,gb,gb_ipw,wrangler_23,wrangler_16
0,0.03566796013469316,0.042809789564347354,0.00560703851955285,0.0015454072701303583
