,gb,gb_ipw,wrangler_23,wrangler_16
0,0.020093174390895394,0.030273711809548,0.0038082881640362485,0.0023136856735393565
