,gb,gb_ipw,wrangler_23,wrangler_16
0,0.02997290768735457,0.042951615408119974,0.005203739680378342,0.003760160156258341
