,gb,gb_ipw,wrangler_23,wrangler_16
0,0.02927079643170858,0.052756869915834406,0.005632331690837428,0.004341921855493919
