,gb,gb_ipw,wrangler_23,wrangler_16
0,0.01866406407849542,0.03593584586834085,0.006173807999183391,0.0034303500734526537
