,gb,gb_ipw,wrangler_23,wrangler_16
0,0.00981939232514435,0.016912890953250836,0.005756196376487723,0.0018604266376921921
