,gb,gb_ipw,wrangler_23,wrangler_16
0,0.03567738113579926,0.058610958081704606,0.005679687968006841,0.004820111725065444
