,gb,gb_ipw,wrangler_23,wrangler_16
0,0.03021560466693322,0.05359010598094193,0.007521245897430734,0.005051383915986861
