,gb,gb_ipw,wrangler_23,wrangler_16
0,0.019592864351122792,0.022810325156539732,0.006615320841471355,0.0013107779138375325
