,gb,gb_ipw,wrangler_23,wrangler_16
0,0.02340724070866903,0.042726950986044746,0.005566648074558804,0.003830662795475551
