,gb,gb_ipw,wrangler_23,wrangler_16
0,0.028494331571790908,0.04768592339974863,0.00499161305250945,0.003762543201446533
