,gb,gb_ipw,wrangler_23,wrangler_16
0,0.009031900074789191,0.01522248037579976,0.006501133830402605,0.0015551797625101926
