,gb,gb_ipw,wrangler_23,wrangler_16
0,0.015295871918421123,0.025340488978794644,0.004151667565082153,0.002450491549700675
