,gb,gb_ipw,wrangler_23,wrangler_16
0,0.011238680090955508,0.01746271887133198,0.0029153400851834204,0.0014067977987309937
