,gb,gb_ipw,wrangler_23,wrangler_16
0,0.022613424860853756,0.04052589421937947,0.008512256491897451,0.004172155320474566
