,gb,gb_ipw,wrangler_23,wrangler_16
0,0.018167900684785944,0.029458614924404523,0.005388462366318753,0.002825589190116607
