,gb,gb_ipw,wrangler_23,wrangler_16
0,0.006914883852005005,0.013285544183519151,0.0064089273413022365,0.0021789015995131605
