,gb,gb_ipw,wrangler_23,wrangler_16
0,0.05442975747464883,0.09831948713822798,0.017772539697512232,0.009906653201941288
