,gb,gb_ipw,wrangler_23,wrangler_16
0,0.01139974349315323,0.01916207364945784,0.004907296085952183,0.00189515230285846
