,gb,gb_ipw,wrangler_23,wrangler_16
0,0.023101164837076207,0.02789109794780462,0.0033283399211035828,0.0013891946185718884
