,gb,gb_ipw,wrangler_23,wrangler_16
0,0.02438383004100052,0.04476411236110831,0.005568016026028243,0.004586485243335213
