,gb,gb_ipw,wrangler_23,wrangler_16
0,0.021560144287808922,0.02703489068586027,0.0024208273543576205,0.0012900935513614892
