,gb,gb_ipw,wrangler_23,wrangler_16
0,0.018243620033615925,0.03197996200201016,0.005525881018518664,0.003537979767067168
