,gb,gb_ipw,wrangler_23,wrangler_16
0,0.019110106175241906,0.024235893131648225,0.002833965344579179,0.001302731582541871
