,gb,gb_ipw,wrangler_23,wrangler_16
0,0.02792335691906157,0.05208381584712437,0.006507904756636846,0.004687834353674025
