,gb,gb_ipw,wrangler_23,wrangler_16
0,0.016626815835968787,0.01935181873185294,0.005950133840576942,0.0011162096712769578
