,gb,gb_ipw,wrangler_23,wrangler_16
0,0.01717822248583397,0.027239117835395527,0.005715901089697769,0.00240098160157089
