,gb,gb_ipw,wrangler_23,wrangler_16
0,0.03675506873564286,0.06567957726391879,0.011620196429165926,0.005859317201556581
