,gb,gb_ipw,wrangler_23,wrangler_16
0,0.010459808831085887,0.019178674266479113,0.008406717586911359,0.0019828017736996995
