,gb,gb_ipw,wrangler_23,wrangler_16
0,0.023826226674954404,0.02796364215688416,0.004060496287209181,0.0011209409666408272
