,gb,gb_ipw,wrangler_23,wrangler_16
0,0.026047229766845703,0.048401455084482826,0.005815178155899048,0.0048764050006866455
