,gb,gb_ipw,wrangler_23,wrangler_16
0,0.020262381358935475,0.030427445716308354,0.003495502993057335,0.0022736817998075982
