,gb,gb_ipw,wrangler_23,wrangler_16
0,0.02929991294109338,0.03965221333941341,0.0031462099199053187,0.002211109336157113
