,gb,gb_ipw,wrangler_23,wrangler_16
0,0.010814343820862375,0.019608973937226045,0.008600204371215009,0.0022922434657749666
