,gb,gb_ipw,wrangler_23,wrangler_16
0,0.029753816884422867,0.04046683520583923,0.00280790741877578,0.0021383176752544516
