,gb,gb_ipw,wrangler_23,wrangler_16
0,0.057913362979888916,0.10051743851767646,0.017239815658993195,0.0076724423302544495
