,gb,gb_ipw,wrangler_23,wrangler_16
0,0.025253115650714465,0.047669377933253126,0.005843303457568192,0.004333728777174277
