,gb,gb_ipw,wrangler_23,wrangler_16
0,0.007850283975558989,0.014298758572571228,0.006796371644025134,0.0016285335915189826
