,gb,gb_ipw,wrangler_23,wrangler_16
0,0.02625477441429976,0.04579432388320493,0.006012249270959081,0.004841936109596602
