,gb,gb_ipw,wrangler_23,wrangler_16
0,0.029973784954068584,0.04056121120933724,0.004046743118000091,0.0025780954589054695
