,gb,gb_ipw,wrangler_23,wrangler_16
0,0.02296730552647201,0.02818074932468678,0.005215794403924206,0.0015587329319960094
