,gb,gb_ipw,wrangler_23,wrangler_16
0,0.01751279235113829,0.030287810626550074,0.004702363186202072,0.0032391727422740354
