,gb,gb_ipw,wrangler_23,wrangler_16
0,0.01862645149230957,0.02613663673400879,0.00430079730781349,0.0018227744746852565
