,gb,gb_ipw,wrangler_23,wrangler_16
0,0.014461919475339967,0.027177061865238546,0.007847448190053327,0.003585994026482856
