,gb,gb_ipw,wrangler_23,wrangler_16
0,0.016206049559787414,0.018557414146126508,0.004899322130034105,0.0009960849118826058
