,gb,gb_ipw,wrangler_23,wrangler_16
0,0.031298190404183884,0.04482906395258834,0.00515308062061708,0.0034438058155491554
