,gb,gb_ipw,wrangler_23,wrangler_16
0,0.004874720118352486,0.006906554247168915,0.0043529527645717846,0.0007032193913334468
