,gb,gb_ipw,wrangler_23,wrangler_16
0,0.030361470722016833,0.061917517866407125,0.005873895826793853,0.004694220565614246
