,gb,gb_ipw,wrangler_23,wrangler_16
0,0.02116081463236388,0.04095085759281842,0.0057960448621892716,0.004513953683597974
