,gb,gb_ipw,wrangler_23,wrangler_16
0,0.021061620810292173,0.023811844076230958,0.005120178838097034,0.0011691063301540608
