,gb,gb_ipw,wrangler_23,wrangler_16
0,0.012844677799004167,0.022541731595993035,0.004573301835493607,0.002402504367276657
