,gb,gb_ipw,wrangler_23,wrangler_16
0,0.02440412527350841,0.039569811319444016,0.005228178841727119,0.0035346396489644915
