,gb,gb_ipw,wrangler_23,wrangler_16
0,0.016581194671662094,0.018690052149605726,0.003767141666236651,0.0008877553617698022
