,gb,gb_ipw,wrangler_23,wrangler_16
0,0.018074295737526634,0.028681135796881342,0.004543576921735492,0.002477540598287211
