,gb,gb_ipw,wrangler_23,wrangler_16
0,0.021200155410963744,0.03675835385187035,0.005197771451886002,0.0032263516763692064
