,gb,gb_ipw,wrangler_23,wrangler_16
0,0.011212899098320612,0.013605268701674448,0.0058007973527151434,0.001058727502822876
