,gb,gb_ipw,wrangler_23,wrangler_16
0,0.01823404333093664,0.027834845113230276,0.003618722433572288,0.002118126376644596
