,gb,gb_ipw,wrangler_23,wrangler_16
0,0.023024017308034054,0.04431868897003382,0.005647033250250784,0.004174757976921238
