,gb,gb_ipw,wrangler_23,wrangler_16
0,0.007705490558349347,0.009702124751249994,0.007793267050826497,0.0013539843524946781
