,gb,gb_ipw,wrangler_23,wrangler_16
0,0.036855659099540326,0.05743864810828005,0.005802000411833176,0.0048083488387290875
