,gb,gb_ipw,wrangler_23,wrangler_16
0,0.01984682383455128,0.02577031430784464,0.002928454466540404,0.0016328060265743372
