,gb,gb_ipw,wrangler_23,wrangler_16
0,0.018904271878694232,0.021163400850797952,0.004059289631090666,0.0008409023284912109
