,gb,gb_ipw,wrangler_23,wrangler_16
0,0.024272425155434006,0.032335278801519596,0.002759727184984562,0.0015324498765230824
