,gb,gb_ipw,wrangler_23,wrangler_16
0,0.012509003569260527,0.0235040215451745,0.0055606945140941715,0.0026646175900021116
