,gb,gb_ipw,wrangler_23,wrangler_16
0,0.009287534956592276,0.011319769511791306,0.004049492462065444,0.0009361613002108465
