,gb,gb_ipw,wrangler_23,wrangler_16
0,0.02593260544996995,0.04401233440160184,0.005347685242909273,0.0036921792329066717
