,gb,gb_ipw,wrangler_23,wrangler_16
0,0.04419642733612989,0.05938376981274604,0.005944500618014212,0.003184016725761328
