,gb,gb_ipw,wrangler_23,wrangler_16
0,0.0171424002352476,0.0315106234787981,0.006629785162931463,0.003998476622466123
