,gb,gb_ipw,wrangler_23,wrangler_16
0,0.032373310364398764,0.05416231057078569,0.005556873439513531,0.004696600215951192
