,gb,gb_ipw,wrangler_23,wrangler_16
0,0.021193832253055996,0.024571829915172046,0.005336890837371537,0.0011778404283974823
