,gb,gb_ipw,wrangler_23,wrangler_16
0,0.030845956704051224,0.05382754139064514,0.005498129067961702,0.004539538904563668
