,gb,gb_ipw,wrangler_23,wrangler_16
0,0.02143725696697473,0.023989401427395828,0.0030889748767022633,0.0008887327156077947
