,gb,gb_ipw,wrangler_23,wrangler_16
0,0.022600351837632572,0.03204716301952619,0.004363677662271292,0.00237479728738261
