,gb,gb_ipw,wrangler_23,wrangler_16
0,0.014820690185352805,0.023889806956668726,0.004550193944303334,0.002325661421201187
