,gb,gb_ipw,wrangler_23,wrangler_16
0,0.022275816826593308,0.04441539446512858,0.005517687116350446,0.00465483892531622
