,gb,gb_ipw,wrangler_23,wrangler_16
0,0.019956518102575233,0.03808114665124554,0.00590106052180332,0.004367796258894281
