,gb,gb_ipw,wrangler_23,wrangler_16
0,0.01743643180183742,0.02951742946237758,0.004323582718337791,0.0026543071304542436
