,gb,gb_ipw,wrangler_23,wrangler_16
0,0.01686913999452084,0.019646598350516943,0.006006364404720112,0.0011912849076224318
