,gb,gb_ipw,wrangler_23,wrangler_16
0,0.03193363998875473,0.05557704152482928,0.005980332692464193,0.004517761143771086
