,gb,gb_ipw,wrangler_23,wrangler_16
0,0.017577675497455963,0.02791117204475808,0.004080450458891073,0.002427718695055401
