,gb,gb_ipw,wrangler_23,wrangler_16
0,0.013460596527837678,0.01595333672973761,0.005558888368175358,0.0011471167723839213
