,gb,gb_ipw,wrangler_23,wrangler_16
0,0.027615042965661463,0.03741867073425161,0.002679607809120884,0.0021081278090152532
