,gb,gb_ipw,wrangler_23,wrangler_16
0,0.019403012682445788,0.03852444097153267,0.006397773468102881,0.00442032377508285
