,gb,gb_ipw,wrangler_23,wrangler_16
0,0.05476563065140336,0.09360799083003292,0.00983752586223461,0.0074607906518159095
