,gb,gb_ipw,wrangler_23,wrangler_16
0,0.01828556191431333,0.0326380337754341,0.005992035887557079,0.0029807765734250146
