,gb,gb_ipw,wrangler_23,wrangler_16
0,0.019063002383340875,0.021799296777874302,0.005793731770164305,0.0011763745753930646
