,gb,gb_ipw,wrangler_23,wrangler_16
0,0.016742716721498248,0.029610705606172752,0.004719164552885026,0.0026928571754766648
