,gb,gb_ipw,wrangler_23,wrangler_16
0,0.005709381890174023,0.009544011932334904,0.014466184170017797,0.0015189155640592425
