,gb,gb_ipw,wrangler_23,wrangler_16
0,0.012534005301339286,0.01812002622427859,0.003060454842429491,0.0013814567984060885
