,gb,gb_ipw,wrangler_23,wrangler_16
0,0.01720352223698326,0.01982827677607337,0.006455300848968369,0.001281974015498654
