,gb,gb_ipw,wrangler_23,wrangler_16
0,0.006882294651546279,0.011154957708602958,0.004725142746235672,0.0018196534945478077
