,gb,gb_ipw,wrangler_23,wrangler_16
0,0.02348515414452368,0.04124703025325016,0.004674729142694202,0.003701340628532784
