,gb,gb_ipw,wrangler_23,wrangler_16
0,0.00828563460248261,0.016449821796341847,0.00612655647187365,0.0020773278865889597
