,gb,gb_ipw,wrangler_23,wrangler_16
0,0.05858743905786685,0.08526851762829746,0.010260672930302053,0.005874193054619323
