,gb,gb_ipw,wrangler_23,wrangler_16
0,0.01240792599591342,0.02253715964880856,0.006685880097475919,0.0026079854278853445
