,gb,gb_ipw,wrangler_23,wrangler_16
0,0.019207140684627637,0.021706387181951812,0.0041368497492632285,0.0010237753766137849
