,gb,gb_ipw,wrangler_23,wrangler_16
0,0.026205713434736863,0.03321466742526519,0.004161425172152547,0.0017701583025757645
