,gb,gb_ipw,wrangler_23,wrangler_16
0,0.02151769068506029,0.043695585595236876,0.00642240047454834,0.004370179441240099
