,gb,gb_ipw,wrangler_23,wrangler_16
0,0.012789127487598669,0.02261298612305527,0.0042824568311578375,0.0024086367261114006
