,gb,gb_ipw,wrangler_23,wrangler_16
0,0.018431443088459516,0.02079716018660763,0.003959672755915163,0.0009190986241434605
