,gb,gb_ipw,wrangler_23,wrangler_16
0,0.017906071818776466,0.020078869650794067,0.004887195522676487,0.001123492762218606
