,gb,gb_ipw,wrangler_23,wrangler_16
0,0.015854014186408576,0.02957111972523487,0.0056595079542145,0.0036260274451548656
