,gb,gb_ipw,wrangler_23,wrangler_16
0,0.01419769538627876,0.027192817939506782,0.006514691943751485,0.0026028537185939812
