,gb,gb_ipw,wrangler_23,wrangler_16
0,0.01821641696992241,0.020740659613358352,0.005590201722299124,0.00118305808619449
