,gb,gb_ipw,wrangler_23,wrangler_16
0,0.016797392590974083,0.019070546749631358,0.0068005741205445615,0.0011325195228440567
