,gb,gb_ipw,wrangler_23,wrangler_16
0,0.029713099764794422,0.050811177676485984,0.005558593985960656,0.0040668802163035585
