,gb,gb_ipw,wrangler_23,wrangler_16
0,0.030446107740755433,0.05106020856786657,0.005516465063448305,0.0040078604662859875
