,gb,gb_ipw,wrangler_23,wrangler_16
0,0.030293874886250717,0.04099715536041921,0.004715489893546205,0.002455140122248877
