,gb,gb_ipw,wrangler_23,wrangler_16
0,0.01849455985052125,0.020987711136123462,0.005829935831641166,0.0012068392129508435
