,gb,gb_ipw,wrangler_23,wrangler_16
0,0.016304551308125134,0.018823159289659316,0.005829034988850229,0.0011171818278324654
