,gb,gb_ipw,wrangler_23,wrangler_16
0,0.02642970021940296,0.04416625173172649,0.005308763619199593,0.0036679241197274254
