,gb,gb_ipw,wrangler_23,wrangler_16
0,0.028442059244428358,0.04667274299122037,0.006223008746192569,0.0047848692962101525
