,gb,gb_ipw,wrangler_23,wrangler_16
0,0.013845270776838097,0.01820671688865926,0.004735319629294459,0.0013515558859785442
