,gb,gb_ipw,wrangler_23,wrangler_16
0,0.017071154809767203,0.03284469727546938,0.005460093098302039,0.0034560695771248106
