,gb,gb_ipw,wrangler_23,wrangler_16
0,0.018159357401040882,0.032610785311613336,0.00885902689053462,0.003075871903162736
