,gb,gb_ipw,wrangler_23,wrangler_16
0,0.010785689720740683,0.02292486337515024,0.005698204040527344,0.002302267612555088
