,gb,gb_ipw,wrangler_23,wrangler_16
0,0.017699221868459142,0.02027245564952849,0.005505814537264947,0.0010919728507611671
