,gb,gb_ipw,wrangler_23,wrangler_16
0,0.024295402999427458,0.027353579536612743,0.006290664532815626,0.0011700335372894037
