,gb,gb_ipw,wrangler_23,wrangler_16
0,0.032054429704492744,0.05427883429960771,0.005827031352303245,0.004440320260596998
