,gb,gb_ipw,wrangler_23,wrangler_16
0,0.02329454857400661,0.02752259834525511,0.00856477487420825,0.0017256378600804547
