,gb,gb_ipw,wrangler_23,wrangler_16
0,0.02171544684577234,0.03175268468168593,0.005543846444985301,0.0024419469931690964
