,gb,gb_ipw,wrangler_23,wrangler_16
0,0.017458937462924626,0.02007597849434879,0.0054227168104943385,0.0011041170122528992
