,gb,gb_ipw,wrangler_23,wrangler_16
0,0.023702840101624795,0.027902491932358,0.0034458079326274977,0.0011364562752756166
