,gb,gb_ipw,wrangler_23,wrangler_16
0,0.017053046753455352,0.019363519885282017,0.005557883168417693,0.0011110143426076944
