,gb,gb_ipw,wrangler_23,wrangler_16
0,0.022225557489598043,0.03933718969635931,0.006165998342753021,0.004070421271290343
