,gb,gb_ipw,wrangler_23,wrangler_16
0,0.021217228510440927,0.02638772948757632,0.006191492517352541,0.0016741591058807932
