,gb,gb_ipw,wrangler_23,wrangler_16
0,0.029175369827835654,0.04960789724632546,0.005138693032441316,0.004266975102601229
