,gb,gb_ipw,wrangler_23,wrangler_16
0,0.015198608924602642,0.029970366379310342,0.00578814539416083,0.0030971395558324353
