,gb,gb_ipw,wrangler_23,wrangler_16
0,0.02432717540399815,0.04189552330389255,0.0048517211665952105,0.0035614986729815726
