,gb,gb_ipw,wrangler_23,wrangler_16
0,0.029347360748605632,0.05019890893365919,0.005552203384871336,0.004694388084804889
