,gb,gb_ipw,wrangler_23,wrangler_16
0,0.018203749313792646,0.020529540584261517,0.005064847196834927,0.0010188763883905887
