,gb,gb_ipw,wrangler_23,wrangler_16
0,0.01906632295811798,0.027483012400516846,0.003871058120208532,0.002371210630248193
