,gb,gb_ipw,wrangler_23,wrangler_16
0,0.017694602994357836,0.028424403246711277,0.006185647319344914,0.0027876566438113934
