,gb,gb_ipw,wrangler_23,wrangler_16
0,0.0431024365954929,0.0720520814259847,0.006462964746687147,0.0057079725795321995
