,gb,gb_ipw,wrangler_23,wrangler_16
0,0.018145661408759502,0.02091848937264324,0.006433410863309508,0.0014039721802203322
