,gb,gb_ipw,wrangler_23,wrangler_16
0,0.03203568105509936,0.05267419430733621,0.005091700245536368,0.0039331244886089065
