,gb,gb_ipw,wrangler_23,wrangler_16
0,0.016521323810924183,0.03296919543333728,0.004717195876921066,0.005333712606719045
