,gb,gb_ipw,wrangler_23,wrangler_16
0,0.010262667750313812,0.01296482549974621,0.004735600098851805,0.0010095549290021582
