,gb,gb_ipw,wrangler_23,wrangler_16
0,0.024785184197955664,0.04771807127528721,0.005359657936626011,0.004071949256791009
