,gb,gb_ipw,wrangler_23,wrangler_16
0,0.019503651924853056,0.025151874819855806,0.0031955961911183483,0.0012859179967175918
