,gb,gb_ipw,wrangler_23,wrangler_16
0,0.004402134759368144,0.0071684890697423995,0.007063198616385003,0.001842772828671779
