,gb,gb_ipw,wrangler_23,wrangler_16
0,0.025187219892229353,0.04304063563444177,0.00522088031379544,0.003925391605922154
