,gb,gb_ipw,wrangler_23,wrangler_16
0,0.012356705135769315,0.016231350447415326,0.005689128436178828,0.0015074333536281507
