,gb,gb_ipw,wrangler_23,wrangler_16
0,0.01890615400947249,0.021492692485744258,0.006067971535576169,0.001334275008398964
