,gb,gb_ipw,wrangler_23,wrangler_16
0,0.027151952187220253,0.045357396205266326,0.006217509508132935,0.004390180110931396
