,gb,gb_ipw,wrangler_23,wrangler_16
0,0.019851995974170922,0.03898549242084529,0.016570496721332578,0.004669841454953563
