,gb,gb_ipw,wrangler_23,wrangler_16
0,0.024135053070023414,0.042947999507583816,0.0058926960154380295,0.004657062760860122
