,gb,gb_ipw,wrangler_23,wrangler_16
0,0.0247235099474589,0.04515193757556734,0.005851189295450847,0.004014443783533005
