,gb,gb_ipw,wrangler_23,wrangler_16
0,0.026533124493617635,0.047089714629977346,0.007170234240737615,0.00467078358519311
