,gb,gb_ipw,wrangler_23,wrangler_16
0,0.01588086684127043,0.01840636557209003,0.005736503106353578,0.0012637103936816783
