,gb,gb_ipw,wrangler_23,wrangler_16
0,0.0182374116513344,0.02071822836264941,0.005943822774177456,0.0011840273377683333
