,gb,gb_ipw,wrangler_23,wrangler_16
0,0.00705202536740963,0.01389781634012858,0.004844329742892677,0.0015451894168965299
