,gb,gb_ipw,wrangler_23,wrangler_16
0,0.037649557704017275,0.07319485857373191,0.012849413213275726,0.005841255187988281
