,gb,gb_ipw,wrangler_23,wrangler_16
0,0.018880344494625913,0.025587787642195013,0.0038324574342226175,0.0015089132715106974
