,gb,gb_ipw,wrangler_23,wrangler_16
0,0.017518774610356638,0.031159083786926386,0.005904344269992121,0.0036181183055428094
