,gb,gb_ipw,wrangler_23,wrangler_16
0,0.015535032129422682,0.018146484490924066,0.006229817449966628,0.0011426191757568107
