,gb,gb_ipw,wrangler_23,wrangler_16
0,0.036892027426988654,0.06782569182224762,0.007002208477411514,0.005468344077085838
