,gb,gb_ipw,wrangler_23,wrangler_16
0,0.022091834657796714,0.02692866079468154,0.005093316260960269,0.001390708324920076
