,gb,gb_ipw,wrangler_23,wrangler_16
0,0.0137390208845379,0.016292153286332843,0.005891042597153608,0.0012912670103441767
