,gb,gb_ipw,wrangler_23,wrangler_16
0,0.01717862148283329,0.035219534374690054,0.007303965338017765,0.0037263808987583976
