,gb,gb_ipw,wrangler_23,wrangler_16
0,0.028952504649306786,0.046748555067813766,0.004947185516357423,0.0037740577350963245
