,gb,gb_ipw,wrangler_23,wrangler_16
0,0.007284806464111666,0.009994205727587082,0.009454185177820809,0.0014895402290970809
