,gb,gb_ipw,wrangler_23,wrangler_16
0,0.023976982175462215,0.031275749886670146,0.0034025061948376603,0.001729852444876314
