,gb,gb_ipw,wrangler_23,wrangler_16
0,0.019173350760607215,0.03446113772508576,0.00479612893205348,0.003676065584508384
