,gb,gb_ipw,wrangler_23,wrangler_16
0,0.027170715232690178,0.053733897705872856,0.005652507146199544,0.0042226165533065805
