,gb,gb_ipw,wrangler_23,wrangler_16
0,0.021875066601711773,0.03462871941535369,0.0044954535753830615,0.003045951218708702
