,gb,gb_ipw,wrangler_23,wrangler_16
0,0.009576342097615702,0.0173321793576319,0.007858857423703897,0.0018697611141616467
