,gb,gb_ipw,wrangler_23,wrangler_16
0,0.018140095879675786,0.020543457130563367,0.00744617467478562,0.0013156803969946753
