,gb,gb_ipw,wrangler_23,wrangler_16
0,0.012153992220183695,0.019129824231362835,0.0032179010739116546,0.001366461919217311
