,gb,gb_ipw,wrangler_23,wrangler_16
0,0.01146883089677674,0.02163227461137933,0.005056088512875632,0.002091722869681209
