,gb,gb_ipw,wrangler_23,wrangler_16
0,0.0192390079873645,0.021642396247329863,0.006024708209349246,0.0011348477993934644
