,gb,gb_ipw,wrangler_23,wrangler_16
0,0.023284203544114476,0.02966310419562355,0.010955155505428717,0.0021378887065464265
