,gb,gb_ipw,wrangler_23,wrangler_16
0,0.024257787647384402,0.028773417135170988,0.0053951298374442565,0.0012130812872730126
