,gb,gb_ipw,wrangler_23,wrangler_16
0,0.009610832835405408,0.014977839431840998,0.0042712508791792345,0.0015175117831018182
