,gb,gb_ipw,wrangler_23,wrangler_16
0,0.02419454811592779,0.039847342522589715,0.007601783926569599,0.0033092418164392696
