,gb,gb_ipw,wrangler_23,wrangler_16
0,0.028566767772038777,0.04832854583149865,0.005367965925307501,0.003979319617861793
