,gb,gb_ipw,wrangler_23,wrangler_16
0,0.02779594312111537,0.04822139938672384,0.0056708231568336495,0.00396991769472758
