,gb,gb_ipw,wrangler_23,wrangler_16
0,0.01832351628181587,0.03551115217864381,0.005873238168111661,0.003473016833342717
