,gb,gb_ipw,wrangler_23,wrangler_16
0,0.032370514941937996,0.05409008625781897,0.005677793965195165,0.004322465622063839
