,gb,gb_ipw,wrangler_23,wrangler_16
0,0.03029827672864427,0.05218144271518493,0.005870340616023008,0.004597136245150746
