,gb,gb_ipw,wrangler_23,wrangler_16
0,0.018304969262473963,0.020901579279017292,0.005587568199051519,0.0012333769707551271
