,gb,gb_ipw,wrangler_23,wrangler_16
0,0.018246075957293672,0.02043922385704334,0.005810342220045766,0.0010055112981346523
