,gb,gb_ipw,wrangler_23,wrangler_16
0,0.00943527012417461,0.01618485947955082,0.0073369803431627195,0.0016865174379689883
