,gb,gb_ipw,wrangler_23,wrangler_16
0,0.01106576787100898,0.021822750568389893,0.004762990607155695,0.0023150609599219426
