,gb,gb_ipw,wrangler_23,wrangler_16
0,0.014405707790427014,0.027446877466489196,0.005239656526748448,0.002770227928684182
