,gb,gb_ipw,wrangler_23,wrangler_16
0,0.013086767423720587,0.026651318111116925,0.004769790740240187,0.002951612548222617
