,gb,gb_ipw,wrangler_23,wrangler_16
0,0.016953183718376758,0.019903613634758597,0.00626956605162296,0.0012322246092152222
