,gb,gb_ipw,wrangler_23,wrangler_16
0,0.027894973754882812,0.04356447607278824,0.00692841907342275,0.004085401693979899
