,gb,gb_ipw,wrangler_23,wrangler_16
0,0.010129361150400753,0.019204779539058813,0.005659940162957249,0.0018422921723433676
