,gb,gb_ipw,wrangler_23,wrangler_16
0,0.01985580198161875,0.022500784674821594,0.004259436728446456,0.0009493087296220711
