,gb,gb_ipw,wrangler_23,wrangler_16
0,0.019449212637936034,0.03811745416550409,0.02063329146355808,0.004028405795912116
