,gb,gb_ipw,wrangler_23,wrangler_16
0,0.01664516564571496,0.029082743326822917,0.005440636837121212,0.0034464633826053505
