,gb,gb_ipw,wrangler_23,wrangler_16
0,0.005910620430897332,0.010150422380969141,0.005904899278928886,0.0014813854030995904
