,gb,gb_ipw,wrangler_23,wrangler_16
0,0.022022810564737885,0.041239252781759106,0.006173180254627037,0.004374001124133802
