,gb,gb_ipw,wrangler_23,wrangler_16
0,0.017189754139293325,0.03047967390580611,0.006404183127663352,0.0036367936567826705
