,gb,gb_ipw,wrangler_23,wrangler_16
0,0.015795137294607596,0.025351249628950325,0.004005768984041558,0.0022239924600023302
