,gb,gb_ipw,wrangler_23,wrangler_16
0,0.017412326954029226,0.022230218957971642,0.0025949124936704283,0.0011665202953197336
