,gb,gb_ipw,wrangler_23,wrangler_16
0,0.0286428456243364,0.039283110170948266,0.003097276031021901,0.0024426274835381654
