,gb,gb_ipw,wrangler_23,wrangler_16
0,0.019154198663197296,0.034833977366159,0.007811320228640273,0.003728131678079924
