,gb,gb_ipw,wrangler_23,wrangler_16
0,0.0133981373428153,0.019500472328879616,0.005256160487973592,0.0017929411956493877
