,gb,gb_ipw,wrangler_23,wrangler_16
0,0.01763958592846944,0.030973837833017395,0.005230138293248686,0.0035389620005035014
