,gb,gb_ipw,wrangler_23,wrangler_16
0,0.019521744945909063,0.022025782147167692,0.005347831301774206,0.0011690182467364234
