,gb,gb_ipw,wrangler_23,wrangler_16
0,0.01813653632980776,0.020432976061217138,0.005224845184650177,0.0010184284822373347
