,gb,gb_ipw,wrangler_23,wrangler_16
0,0.021087567423291775,0.03002690527723243,0.004135141718572903,0.0023505848306448348
