,gb,gb_ipw,wrangler_23,wrangler_16
0,0.018885355968730876,0.03614202337986851,0.007279028696496774,0.003575295854867915
