,gb,gb_ipw,wrangler_23,wrangler_16
0,0.025696581703265473,0.033506737032862985,0.003503335047645554,0.0018540776722986508
