,gb,gb_ipw,wrangler_23,wrangler_16
0,0.030530731391921022,0.04213364397893186,0.003632693173276942,0.002432301405152748
