,gb,gb_ipw,wrangler_23,wrangler_16
0,0.013667985923757812,0.023690470188095142,0.005205348069331952,0.0019965744151078466
