,gb,gb_ipw,wrangler_23,wrangler_16
0,0.005497472981611887,0.009978728161917794,0.004728076358636219,0.0020890186230341588
