,gb,gb_ipw,wrangler_23,wrangler_16
0,0.023523514921014958,0.032570627000596784,0.0035473794648141575,0.0021806871048127762
