,gb,gb_ipw,wrangler_23,wrangler_16
0,0.024875816033810984,0.042443980976026884,0.005473895948760363,0.004489202888644472
