,gb,gb_ipw,wrangler_23,wrangler_16
0,0.021653018515076075,0.042523715094602406,0.0062590436603019925,0.004421219149230448
