,gb,gb_ipw,wrangler_23,wrangler_16
0,0.015417213738307421,0.01759523080633184,0.005038244740179223,0.0009598994161826539
