,gb,gb_ipw,wrangler_23,wrangler_16
0,0.01966145079014665,0.038106562727588715,0.005339161824371856,0.005726086891303628
