,gb,gb_ipw,wrangler_23,wrangler_16
0,0.01725943464981882,0.020057653125963713,0.006547319261651289,0.0012747237556859066
