,gb,gb_ipw,wrangler_23,wrangler_16
0,0.0594407320022583,0.10423746072884764,0.009793675307071571,0.0081829952471184
