,gb,gb_ipw,wrangler_23,wrangler_16
0,0.0136404917175165,0.016338670278745127,0.0070766832843516606,0.0014579021205942083
