,gb,gb_ipw,wrangler_23,wrangler_16
0,0.017235293566156846,0.03292894433320792,0.0048054528126518815,0.003695425549760044
