,gb,gb_ipw,wrangler_23,wrangler_16
0,0.005778541136821355,0.010078448813766152,0.005357671755878301,0.0014516268352236913
