,gb,gb_ipw,wrangler_23,wrangler_16
0,0.015203668621769417,0.024836847364952876,0.003882413785133136,0.0021387134077986317
