,gb,gb_ipw,wrangler_23,wrangler_16
0,0.016177668266757577,0.018803045265140653,0.006304078220154405,0.0012851132012401836
