,gb,gb_ipw,wrangler_23,wrangler_16
0,0.0108969598393173,0.021902927926540004,0.00773141773497013,0.0022064523806869895
