,gb,gb_ipw,wrangler_23,wrangler_16
0,0.026167053537270456,0.043513848609531044,0.005358273221045425,0.003972618850236086
