,gb,gb_ipw,wrangler_23,wrangler_16
0,0.01797552364518144,0.020335980682269637,0.005495260871845105,0.0010594380814796705
