,gb,gb_ipw,wrangler_23,wrangler_16
0,0.018060340741270418,0.03701726816711307,0.009106564791274113,0.004077260017778015
