,gb,gb_ipw,wrangler_23,wrangler_16
0,0.0260348121325175,0.047268063733072,0.0060451301661404696,0.004422258247028698
