,gb,gb_ipw,wrangler_23,wrangler_16
0,0.03084834440116152,0.05340067030579423,0.005554907100716816,0.004601583916238551
