,gb,gb_ipw,wrangler_23,wrangler_16
0,0.020163575398553277,0.04078801145258638,0.0055475333302291395,0.004483252456507732
