,gb,gb_ipw,wrangler_23,wrangler_16
0,0.019515746082642275,0.03664978151398946,0.005683457575566028,0.0037945382963351106
