,gb,gb_ipw,wrangler_23,wrangler_16
0,0.029510330586206345,0.05178100296429224,0.005514848799932572,0.004523921580541703
