,gb,gb_ipw,wrangler_23,wrangler_16
0,0.026492490654899958,0.047767446154639834,0.005669537044706799,0.004327722958156041
