,gb,gb_ipw,wrangler_23,wrangler_16
0,0.01122560007742182,0.020478311413949714,0.005874985163551718,0.002044546419579946
