,gb,gb_ipw,wrangler_23,wrangler_16
0,0.01806693087094478,0.02099729972771307,0.008098570022102666,0.001227946371496787
