,gb,gb_ipw,wrangler_23,wrangler_16
0,0.011362476811576082,0.01763301396948308,0.0022951804724022384,0.00132045977199174
