,gb,gb_ipw,wrangler_23,wrangler_16
0,0.011774913343802961,0.019279421952666426,0.004665561454005973,0.002032234555199033
