,gb,gb_ipw,wrangler_23,wrangler_16
0,0.025559312194574257,0.029608819235195205,0.006203666206506381,0.0013686669962071935
