,gb,gb_ipw,wrangler_23,wrangler_16
0,0.021676045314521546,0.0347286272960104,0.006294857924151573,0.002895950511762291
