,gb,gb_ipw,wrangler_23,wrangler_16
0,0.011799188833388072,0.014589200653727092,0.005874581753261505,0.0011887283079207887
