,gb,gb_ipw,wrangler_23,wrangler_16
0,0.02105616860919528,0.040711628066168896,0.005729496479034424,0.004145834181043837
