,gb,gb_ipw,wrangler_23,wrangler_16
0,0.018922115627088044,0.021277415124993575,0.004088502181203742,0.0008621717754163238
