,gb,gb_ipw,wrangler_23,wrangler_16
0,0.021744071487342746,0.02421694746987435,0.0027719959595071445,0.0007853702129539771
