,gb,gb_ipw,wrangler_23,wrangler_16
0,0.0168387186864991,0.0196993350982666,0.005899171138735407,0.001194719752885112
