,gb,gb_ipw,wrangler_23,wrangler_16
0,0.007199672984508798,0.01090335833597171,0.007281033093062931,0.0021897451274291864
