,gb,gb_ipw,wrangler_23,wrangler_16
0,0.015492061190895775,0.027342702304583518,0.006943708327401819,0.0033278619296112674
