,gb,gb_ipw,wrangler_23,wrangler_16
0,0.013490892806143132,0.016149484886313382,0.006764789797225089,0.0014015213748444053
