,gb,gb_ipw,wrangler_23,wrangler_16
0,0.012526293649185056,0.019545396597451813,0.0026671605825638405,0.0014153023828607579
