,gb,gb_ipw,wrangler_23,wrangler_16
0,0.027770028924042324,0.03143049136147809,0.0045763621540189535,0.0010373457422796285
