,gb,gb_ipw,wrangler_23,wrangler_16
0,0.0327373995925441,0.05492613171086167,0.005826579801964036,0.005040430661403771
