,gb,gb_ipw,wrangler_23,wrangler_16
0,0.02857844034830729,0.04978709750705295,0.005699363019731309,0.004849831263224283
