,gb,gb_ipw,wrangler_23,wrangler_16
0,0.02313167606938622,0.026866205769763653,0.0109516455870744,0.001960264463446506
