,gb,gb_ipw,wrangler_23,wrangler_16
0,0.03988162065163637,0.08493916601197332,0.007780189188117655,0.004311912080161592
