,gb,gb_ipw,wrangler_23,wrangler_16
0,0.030842242818890198,0.05031309344551781,0.005330551754344594,0.003986060619354248
