,gb,gb_ipw,wrangler_23,wrangler_16
0,0.023742491844065287,0.02751977688611429,0.004441920566358906,0.0010635118064640451
