,gb,gb_ipw,wrangler_23,wrangler_16
0,0.01036603417661455,0.012614246871736312,0.006945359736982016,0.0014800296136827178
