,gb,gb_ipw,wrangler_23,wrangler_16
0,0.01774039373567948,0.02062294857616231,0.007348312452649187,0.0012739007395437105
