,gb,gb_ipw,wrangler_23,wrangler_16
0,0.028406872468836167,0.04636790572094315,0.006327108174812894,0.004294038820667427
