,gb,gb_ipw,wrangler_23,wrangler_16
0,0.008006112878782709,0.012335664870446189,0.004428036903080188,0.0014185251896841487
