,gb,gb_ipw,wrangler_23,wrangler_16
0,0.013347566999190038,0.017998280406695367,0.005352357674760428,0.0016688124129646703
