,gb,gb_ipw,wrangler_23,wrangler_16
0,0.030344304365989488,0.057270702643272206,0.006137941128168351,0.005587362326108492
