,gb,gb_ipw,wrangler_23,wrangler_16
0,0.021737326616011327,0.032528891253521354,0.0037354743205776256,0.002387934510812819
