,gb,gb_ipw,wrangler_23,wrangler_16
0,0.012690516003974323,0.01844899584077319,0.002153181837966551,0.0011888969360024297
