,gb,gb_ipw,wrangler_23,wrangler_16
0,0.020790017313427396,0.04182755947113037,0.005610287189483643,0.003999720017115275
