,gb,gb_ipw,wrangler_23,wrangler_16
0,0.015774125664804284,0.018235727305510697,0.006158548981990239,0.0012309537062323065
