,gb,gb_ipw,wrangler_23,wrangler_16
0,0.02488155954891873,0.046324074473168025,0.005374249723768726,0.003964220944958454
