,gb,gb_ipw,wrangler_23,wrangler_16
0,0.021965292650230235,0.043827640683973886,0.006436877855829108,0.004065405462206024
