,gb,gb_ipw,wrangler_23,wrangler_16
0,0.005763168964121076,0.0106271356344223,0.005383851627508799,0.001532812085416582
