,gb,gb_ipw,wrangler_23,wrangler_16
0,0.019336270762013864,0.0297019769857218,0.0047441367264632345,0.002696094932136955
