,gb,gb_ipw,wrangler_23,wrangler_16
0,0.016151195619164442,0.028856044862328505,0.006213118390339177,0.0036876027177019815
