,gb,gb_ipw,wrangler_23,wrangler_16
0,0.00807604002813758,0.015310914206423819,0.0054058365339448595,0.0018201323749370154
