,gb,gb_ipw,wrangler_23,wrangler_16
0,0.019819806146655405,0.043825453931355854,0.008031551484535035,0.004424311717507344
