,gb,gb_ipw,wrangler_23,wrangler_16
0,0.019795570090774577,0.025697715198897287,0.003566478461910772,0.001363757485649335
