,gb,gb_ipw,wrangler_23,wrangler_16
0,0.025416222902444694,0.04408221978407639,0.00524291625389686,0.004404439375950741
