,gb,gb_ipw,wrangler_23,wrangler_16
0,0.028414165027887812,0.037821642502349886,0.0034175297438630665,0.0022489752266442345
