,gb,gb_ipw,wrangler_23,wrangler_16
0,0.016230221452384157,0.030486337069807384,0.006817784802667026,0.0034128386398841596
