,gb,gb_ipw,wrangler_23,wrangler_16
0,0.03196186188495521,0.05302939451102054,0.005929759054472952,0.004211158463449189
