,gb,gb_ipw,wrangler_23,wrangler_16
0,0.031589219967524215,0.05335857470830282,0.005842496951421102,0.0045736630757649745
