,gb,gb_ipw,wrangler_23,wrangler_16
0,0.047616937041822065,0.06694578708335513,0.005040718958928036,0.0032210704505096837
