,gb,gb_ipw,wrangler_23,wrangler_16
0,0.020902492066870705,0.024146548348233682,0.005163601037712938,0.001129160898054509
