,gb,gb_ipw,wrangler_23,wrangler_16
0,0.031188544299867418,0.053757387730810374,0.0054426491260528564,0.0041774991485807635
