,gb,gb_ipw,wrangler_23,wrangler_16
0,0.020090444806238002,0.02277555684528026,0.005813354390537535,0.0012153170887052704
