,gb,gb_ipw,wrangler_23,wrangler_16
0,0.0206882889206345,0.03133698821946502,0.005015225609631737,0.0026032731339738174
