,gb,gb_ipw,wrangler_23,wrangler_16
0,0.019802561139092557,0.03521492916242414,0.0071807757104882415,0.004370057881521272
