,gb,gb_ipw,wrangler_23,wrangler_16
0,0.0173901068684545,0.020177767134163086,0.005787686905950558,0.001192938087714151
