,gb,gb_ipw,wrangler_23,wrangler_16
0,0.02413645557973577,0.04092304185889233,0.005529529746921583,0.0038215483742198727
