,gb,gb_ipw,wrangler_23,wrangler_16
0,0.02532535129123264,0.05316899882422554,0.010243720478481717,0.005281633800930447
