,gb,gb_ipw,wrangler_23,wrangler_16
0,0.014580202020305839,0.01699492103695252,0.005203969326249882,0.001027732315458782
