,gb,gb_ipw,wrangler_23,wrangler_16
0,0.023280205178995428,0.041348593575613844,0.005300639390277595,0.006248303154269521
