,gb,gb_ipw,wrangler_23,wrangler_16
0,0.00824911436374657,0.015643779297321164,0.004573087943227668,0.0019549858732762627
