,gb,gb_ipw,wrangler_23,wrangler_16
0,0.025775815759386336,0.04597966160093036,0.005623769192468553,0.00420780408950079
