,gb,gb_ipw,wrangler_23,wrangler_16
0,0.018949260314305626,0.02271930376688639,0.006953577200571695,0.001867810885111491
