,gb,gb_ipw,wrangler_23,wrangler_16
0,0.01082501358041589,0.020695795108065462,0.005142000083964303,0.0022124578514280523
