,gb,gb_ipw,wrangler_23,wrangler_16
0,0.023240423471914174,0.03693130730235644,0.004740758130779374,0.00327589821680791
