,gb,gb_ipw,wrangler_23,wrangler_16
0,0.027563112477461495,0.04924337069193521,0.005588245888551077,0.004328787326812744
