,gb,gb_ipw,wrangler_23,wrangler_16
0,0.024918337022104567,0.032217329548251246,0.0032972904943650762,0.0017552029701971244
