,gb,gb_ipw,wrangler_23,wrangler_16
0,0.031216652532623398,0.05261717793048452,0.005578871854801768,0.004390261017579803
