,gb,gb_ipw,wrangler_23,wrangler_16
0,0.0231903594283467,0.04148273548553058,0.005981437258951938,0.0039774460493889096
