,gb,gb_ipw,wrangler_23,wrangler_16
0,0.01356001289809342,0.0186898540429941,0.0036318139378804263,0.0020382348044820768
