,gb,gb_ipw,wrangler_23,wrangler_16
0,0.019784514608599542,0.023165631252641657,0.006024791724186709,0.00130405392738329
