,gb,gb_ipw,wrangler_23,wrangler_16
0,0.023729789816984277,0.03110534727695119,0.003190329482232412,0.001760467207293838
