,gb,gb_ipw,wrangler_23,wrangler_16
0,0.023853980888754633,0.03858272638698082,0.006514080500198623,0.003793145303672316
