,gb,gb_ipw,wrangler_23,wrangler_16
0,0.015238729016534214,0.030288367435849943,0.006364296222555227,0.0034023153370824353
