,gb,gb_ipw,wrangler_23,wrangler_16
0,0.019067320330389614,0.03887209398993131,0.006269175430824017,0.0035684684227252827
