,gb,gb_ipw,wrangler_23,wrangler_16
0,0.03074418317090284,0.056253897177206504,0.006427099038888742,0.0065076458561527835
