,gb,gb_ipw,wrangler_23,wrangler_16
0,0.0262391526264833,0.051742839922473464,0.00580097255291671,0.005063868606759648
