,gb,gb_ipw,wrangler_23,wrangler_16
0,0.019507119530125672,0.021921672319111074,0.003977374026649876,0.00088920091327868
