,gb,gb_ipw,wrangler_23,wrangler_16
0,0.026930123567581177,0.044599125782648734,0.006010631720225016,0.004207193851470946
