,gb,gb_ipw,wrangler_23,wrangler_16
0,0.01825885526065169,0.020470418806733757,0.005339000416898178,0.0011175956534243178
