,gb,gb_ipw,wrangler_23,wrangler_16
0,0.019211633831051227,0.02411481336498937,0.0023892162539434774,0.0011741269564797692
