,gb,gb_ipw,wrangler_23,wrangler_16
0,0.031509436666965485,0.05525692055622737,0.005411294599374136,0.004190330704053244
