,gb,gb_ipw,wrangler_23,wrangler_16
0,0.018699294642398234,0.02135090732747543,0.005902915165342134,0.0013102290851018388
