,gb,gb_ipw,wrangler_23,wrangler_16
0,0.03330008736972151,0.05209980339839541,0.007215450549947805,0.0037686578158674573
