,gb,gb_ipw,wrangler_23,wrangler_16
0,0.022940824121953706,0.04031460514592961,0.005696084081512134,0.00429460682819799
