,gb,gb_ipw,wrangler_23,wrangler_16
0,0.04020614444084888,0.059819671342957695,0.005722495744813164,0.004526129308736549
