,gb,gb_ipw,wrangler_23,wrangler_16
0,0.021166984851543717,0.03232143737457611,0.0042731945331280045,0.0027418136596679688
