,gb,gb_ipw,wrangler_23,wrangler_16
0,0.022923092233057704,0.03933460912971853,0.0046866705113110885,0.003452984343436648
