,gb,gb_ipw,wrangler_23,wrangler_16
0,0.018705547066950358,0.02122844266937521,0.005752203124567822,0.001137130775365716
