,gb,gb_ipw,wrangler_23,wrangler_16
0,0.0290048619111379,0.047081460555394486,0.004944453636805216,0.0037029385566711426
