,gb,gb_ipw,wrangler_23,wrangler_16
0,0.017540533464033524,0.027251112592089306,0.003455890403999077,0.002192795931637942
