,gb,gb_ipw,wrangler_23,wrangler_16
0,0.010470184750484564,0.019884768197224106,0.0053621623248314276,0.0020120202041253804
