,gb,gb_ipw,wrangler_23,wrangler_16
0,0.01903649034171269,0.033211708068847656,0.008188444992591595,0.002909528798070447
