,gb,gb_ipw,wrangler_23,wrangler_16
0,0.019961871018930644,0.023125850853799774,0.0069725914161746245,0.0013235486856027815
