,gb,gb_ipw,wrangler_23,wrangler_16
0,0.021682125112237455,0.04028260163520568,0.006064874668643897,0.004661596937266655
