,gb,gb_ipw,wrangler_23,wrangler_16
0,0.008492283463668215,0.015644817070907764,0.003913111473764908,0.0016090164534403
