,gb,gb_ipw,wrangler_23,wrangler_16
0,0.01986324787139893,0.04042039314905803,0.0063871343930562334,0.004077951113382975
