,gb,gb_ipw,wrangler_23,wrangler_16
0,0.0058799319797092015,0.011907577514648438,0.0029326544867621525,0.001423305935329861
