,gb,gb_ipw,wrangler_23,wrangler_16
0,0.011052722412679739,0.017226988329259185,0.003242649792762022,0.001443576653051472
