,gb,gb_ipw,wrangler_23,wrangler_16
0,0.010719315873252021,0.02093985676765442,0.008368657694922553,0.002476076285044352
