,TPR,FPR
gb,0.0,0.0
gb_ipw,98.05825242718447,57.31132075471698
wrangler_23,0.0,0.0
wrangler_16,0.0,0.0
gb_23,0.0,0.35377358490566035
gb_16,0.0,0.0
