,TPR,FPR
gb,0.0,0.0
gb_ipw,100.0,80.0925925925926
wrangler_23,65.38461538461539,39.81481481481482
wrangler_16,0.0,0.0
gb_23,100.0,70.37037037037037
gb_16,100.0,100.0
