,TPR,FPR
gb,0.0,0.0
gb_ipw,100.0,34.312573443008226
wrangler_23,0.0,2.1151586368977675
wrangler_16,1.0101010101010102,5.7579318448883665
gb_23,0.0,0.0
gb_16,0.0,0.0
