,TPR,FPR
gb,0.0,0.0
gb_ipw,35.0,8.003857280617165
wrangler_23,0.0,7.232401157184185
wrangler_16,0.0,0.0
gb_23,0.0,0.0
gb_16,0.0,0.0
