,TPR,FPR
gb,0.0,0.0
gb_ipw,100.0,45.5607476635514
wrangler_23,0.0,2.102803738317757
wrangler_16,0.0,3.7383177570093458
gb_23,0.0,0.0
gb_16,0.0,0.0
