,TPR,FPR
gb,0.0,0.0
gb_ipw,100.0,97.53810082063306
wrangler_23,0.0,0.0
wrangler_16,0.0,3.7514654161781946
gb_23,0.0,0.0
gb_16,0.0,0.0
