,TPR,FPR
gb,0.0,0.0
gb_ipw,0.0,0.0
wrangler_23,100.0,72.15041128084606
wrangler_16,8.080808080808081,8.225616921269095
gb_23,0.0,0.0
gb_16,0.0,0.0
