,TPR,FPR
gb,100.0,8.361774744027304
gb_ipw,100.0,8.361774744027304
wrangler_23,100.0,92.15017064846417
wrangler_16,0.0,0.0
gb_23,0.0,0.0
gb_16,0.0,0.0
