,TPR,FPR
gb,100.0,52.4390243902439
gb_ipw,100.0,100.0
wrangler_23,89.47368421052632,1.2195121951219512
wrangler_16,94.73684210526316,11.585365853658537
gb_23,100.0,68.90243902439025
gb_16,0.0,0.0
