,TPR,FPR
gb,0.0,0.0
gb_ipw,100.0,24.702380952380953
wrangler_23,100.0,83.33333333333333
wrangler_16,100.0,83.33333333333333
gb_23,2.5641025641025643,16.666666666666668
gb_16,0.0,0.0
