,TPR,FPR
gb,0.0,0.0
gb_ipw,0.0,0.0
wrangler_23,0.0,0.0
wrangler_16,0.0,0.0
gb_23,4.040404040404041,0.4700352526439483
gb_16,0.0,0.0
