,TPR,FPR
gb,0.0,0.0
gb_ipw,100.0,77.86561264822134
wrangler_23,0.0,0.0
wrangler_16,6.25,0.3952569169960474
gb_23,0.0,0.0
gb_16,100.0,37.15415019762846
