,TPR,FPR
gb,0.0,0.0
gb_ipw,100.0,4.597701149425287
wrangler_23,20.0,3.4482758620689653
wrangler_16,0.0,0.0
gb_23,100.0,100.0
gb_16,0.0,0.0
