,TPR,FPR
gb,0.0,0.0
gb_ipw,0.0,0.0
wrangler_23,100.0,100.0
wrangler_16,100.0,100.0
gb_23,63.63636363636363,96.51162790697674
gb_16,100.0,100.0
