,TPR,FPR
gb,0.0,0.38022813688212925
gb_ipw,100.0,100.0
wrangler_23,0.0,0.0
wrangler_16,0.0,0.0
gb_23,64.1025641025641,4.562737642585551
gb_16,48.717948717948715,0.0
