,TPR,FPR
gb,0.0,0.0
gb_ipw,93.33333333333333,98.44961240310077
wrangler_23,93.33333333333333,99.2248062015504
wrangler_16,66.66666666666667,9.30232558139535
gb_23,100.0,100.0
gb_16,0.0,0.0
