,TPR,FPR
gb,0.0,0.0
gb_ipw,98.05825242718447,58.136792452830186
wrangler_23,0.0,0.0
wrangler_16,0.0,0.0
gb_23,97.0873786407767,88.56132075471699
gb_16,93.20388349514563,82.90094339622641
