,TPR,FPR
gb,0.0,0.0
gb_ipw,100.0,95.75471698113208
wrangler_23,100.0,93.39622641509433
wrangler_16,96.96969696969697,92.9245283018868
gb_23,100.0,100.0
gb_16,100.0,93.39622641509433
