,TPR,FPR
gb,0.0,0.0
gb_ipw,92.27272727272727,99.53623188405797
wrangler_23,0.0,0.0
wrangler_16,0.0,0.0
gb_23,19.545454545454547,17.507246376811594
gb_16,100.0,100.0
