,TPR,FPR
gb,22.22222222222222,48.92430278884462
gb_ipw,100.0,96.65338645418326
wrangler_23,100.0,100.0
wrangler_16,100.0,100.0
gb_23,100.0,99.9203187250996
gb_16,100.0,100.0
