,TPR,FPR
gb,61.111111111111114,5.369127516778524
gb_ipw,100.0,46.97986577181208
wrangler_23,5.555555555555555,3.3557046979865772
wrangler_16,0.0,0.0
gb_23,0.0,0.0
gb_16,0.0,0.0
