,TPR,FPR
gb,0.0,0.0
gb_ipw,93.0,99.77142857142857
wrangler_23,93.0,100.0
wrangler_16,93.0,100.0
gb_23,93.0,97.37142857142857
gb_16,93.0,100.0
