,TPR,FPR
gb,86.36363636363636,34.01360544217687
gb_ipw,86.36363636363636,59.863945578231295
wrangler_23,0.0,0.6802721088435374
wrangler_16,95.45454545454545,38.775510204081634
gb_23,0.0,0.0
gb_16,0.0,0.0
