,TPR,FPR
gb,0.0,0.0
gb_ipw,100.0,98.4251968503937
wrangler_23,0.0,0.0
wrangler_16,47.05882352941177,29.921259842519685
gb_23,0.0,0.0
gb_16,100.0,100.0
