,TPR,FPR
gb,100.0,60.666666666666664
gb_ipw,100.0,66.66666666666667
wrangler_23,100.0,55.333333333333336
wrangler_16,100.0,55.333333333333336
gb_23,0.0,0.0
gb_16,0.0,0.0
