,TPR,FPR
gb,0.0,0.0
gb_ipw,99.0,85.3211009174312
wrangler_23,100.0,87.61467889908256
wrangler_16,100.0,87.61467889908256
gb_23,100.0,31.76605504587156
gb_16,100.0,100.0
