,TPR,FPR
gb,0.0,0.0
gb_ipw,100.0,6.581986143187067
wrangler_23,0.0,0.0
wrangler_16,0.0,0.0
gb_23,77.0,6.697459584295612
gb_16,69.0,8.083140877598153
