,TPR,FPR
gb,80.0,2.2988505747126435
gb_ipw,100.0,93.10344827586206
wrangler_23,0.0,0.0
wrangler_16,100.0,100.0
gb_23,100.0,96.55172413793103
gb_16,100.0,100.0
