,TPR,FPR
gb,58.8235294117647,74.02135231316726
gb_ipw,97.05882352941177,100.0
wrangler_23,100.0,91.1032028469751
wrangler_16,100.0,100.0
gb_23,100.0,100.0
gb_16,100.0,100.0
