,TPR,FPR
gb,0.0,0.0
gb_ipw,100.0,81.14035087719299
wrangler_23,0.0,0.0
wrangler_16,0.0,0.0
gb_23,30.555555555555557,28.50877192982456
gb_16,100.0,100.0
