,TPR,FPR
gb,0.0,0.0
gb_ipw,20.0,0.1936108422071636
wrangler_23,0.0,0.0
wrangler_16,0.0,0.0
gb_23,1.6666666666666667,0.1936108422071636
gb_16,0.0,0.0
