,TPR,FPR
gb,0.0,0.0
gb_ipw,98.98989898989899,44.90035169988277
wrangler_23,0.0,0.0
wrangler_16,0.0,0.0
gb_23,0.0,0.0
gb_16,0.0,0.0
