,TPR,FPR
gb,0.0,0.0
gb_ipw,97.0,4.550758459743291
wrangler_23,0.0,0.0
wrangler_16,0.0,3.267211201866978
gb_23,0.0,0.0
gb_16,0.0,0.0
