,TPR,FPR
gb,0.0,0.0
gb_ipw,20.0,0.0
wrangler_23,93.0,100.0
wrangler_16,93.0,99.54285714285714
gb_23,93.0,100.0
gb_16,71.0,0.45714285714285713
