,TPR,FPR
gb,100.0,90.9090909090909
gb_ipw,100.0,93.63636363636364
wrangler_23,98.14814814814815,56.59090909090909
wrangler_16,100.0,64.77272727272727
gb_23,0.0,0.22727272727272727
gb_16,0.0,0.22727272727272727
