,TPR,FPR
gb,0.0,0.0
gb_ipw,100.0,19.196428571428573
wrangler_23,100.0,84.82142857142857
wrangler_16,0.0,0.0
gb_23,0.0,0.0
gb_16,0.0,0.0
