,TPR,FPR
gb,0.0,0.0
gb_ipw,20.0,26.578073089700997
wrangler_23,0.0,0.0
wrangler_16,0.0,0.0
gb_23,97.14285714285714,67.10963455149502
gb_16,0.0,0.0
