,TPR,FPR
gb,0.0,0.0
gb_ipw,98.0,15.176470588235293
wrangler_23,0.0,0.0
wrangler_16,0.0,0.0
gb_23,1.0,23.647058823529413
gb_16,0.0,0.0
