,TPR,FPR
gb,0.0,0.0
gb_ipw,100.0,73.2919254658385
wrangler_23,100.0,24.84472049689441
wrangler_16,0.0,0.0
gb_23,100.0,100.0
gb_16,100.0,100.0
