,TPR,FPR
gb,0.0,0.0
gb_ipw,100.0,78.24074074074075
wrangler_23,0.0,0.0
wrangler_16,0.0,0.0
gb_23,100.0,100.0
gb_16,0.0,39.351851851851855
