,TPR,FPR
gb,85.71428571428571,0.9090909090909091
gb_ipw,85.71428571428571,0.9090909090909091
wrangler_23,100.0,100.0
wrangler_16,0.0,1.8181818181818181
gb_23,100.0,100.0
gb_16,0.0,0.0
