,TPR,FPR
gb,65.0,6.395348837209302
gb_ipw,95.0,6.395348837209302
wrangler_23,0.0,0.0
wrangler_16,0.0,0.0
gb_23,0.0,0.0
gb_16,0.0,0.0
