,TPR,FPR
gb,90.0,3.658536585365854
gb_ipw,90.0,3.658536585365854
wrangler_23,0.0,0.0
wrangler_16,0.0,0.0
gb_23,0.0,0.0
gb_16,0.0,0.0
