,TPR,FPR
gb,0.0,0.0
gb_ipw,0.0,0.0
wrangler_23,0.0,1.7301038062283738
wrangler_16,5.05050505050505,3.5755478662053055
gb_23,0.0,0.0
gb_16,0.0,0.0
