,TPR,FPR
gb,0.0,0.0
gb_ipw,100.0,98.71794871794872
wrangler_23,100.0,98.71794871794872
wrangler_16,100.0,98.71794871794872
gb_23,94.44444444444444,1.2820512820512822
gb_16,0.0,0.0
