,TPR,FPR
gb,100.0,8.620689655172415
gb_ipw,100.0,8.735632183908047
wrangler_23,0.0,0.6896551724137931
wrangler_16,0.0,5.747126436781609
gb_23,0.0,0.0
gb_16,100.0,99.65517241379311
