,TPR,FPR
gb,0.0,0.0
gb_ipw,100.0,100.0
wrangler_23,0.0,0.0
wrangler_16,58.333333333333336,33.64485981308411
gb_23,100.0,100.0
gb_16,100.0,72.89719626168224
