,TPR,FPR
gb,55.660377358490564,44.306930693069305
gb_ipw,100.0,99.00990099009901
wrangler_23,0.0,0.0
wrangler_16,0.0,0.0
gb_23,100.0,53.21782178217822
gb_16,100.0,100.0
