,TPR,FPR
gb,53.125,24.137931034482758
gb_ipw,81.25,74.71264367816092
wrangler_23,0.0,0.0
wrangler_16,0.0,0.0
gb_23,53.125,20.689655172413794
gb_16,0.0,0.0
