,TPR,FPR
gb,0.0,0.0
gb_ipw,99.00990099009901,62.23529411764706
wrangler_23,0.0,0.0
wrangler_16,0.0,0.0
gb_23,100.0,96.94117647058823
gb_16,0.0,0.0
