,TPR,FPR
gb,0.0,14.64968152866242
gb_ipw,100.0,17.197452229299362
wrangler_23,0.0,0.0
wrangler_16,100.0,14.64968152866242
gb_23,100.0,84.71337579617834
gb_16,100.0,100.0
