,TPR,FPR
gb,0.0,0.0
gb_ipw,100.0,97.45762711864407
wrangler_23,0.0,0.0
wrangler_16,0.0,0.0
gb_23,27.77777777777778,0.0
gb_16,0.0,0.0
