,TPR,FPR
gb,0.0,0.0
gb_ipw,100.0,87.79069767441861
wrangler_23,100.0,52.906976744186046
wrangler_16,100.0,52.44186046511628
gb_23,0.0,0.0
gb_16,100.0,47.093023255813954
