,TPR,FPR
gb,77.77777777777777,32.25806451612903
gb_ipw,77.77777777777777,32.25806451612903
wrangler_23,100.0,67.09677419354838
wrangler_16,100.0,67.09677419354838
gb_23,100.0,67.09677419354838
gb_16,0.0,0.0
