,TPR,FPR
gb,0.0,0.0
gb_ipw,100.0,99.85141158989599
wrangler_23,100.0,90.63893016344726
wrangler_16,0.0,0.0
gb_23,72.8395061728395,0.0
gb_16,0.0,0.0
