,TPR,FPR
gb,76.92307692307692,0.0
gb_ipw,76.92307692307692,0.0
wrangler_23,0.0,0.0
wrangler_16,69.23076923076923,42.35807860262009
gb_23,0.0,0.0
gb_16,0.0,0.0
