,TPR,FPR
gb,100.0,85.90604026845638
gb_ipw,100.0,100.0
wrangler_23,0.0,2.684563758389262
wrangler_16,0.0,0.0
gb_23,100.0,100.0
gb_16,100.0,100.0
