,TPR,FPR
gb,0.0,0.0
gb_ipw,100.0,6.666666666666667
wrangler_23,0.0,0.0
wrangler_16,0.0,0.0
gb_23,94.87179487179488,8.181818181818182
gb_16,0.0,0.0
