,TPR,FPR
gb,0.0,0.0
gb_ipw,100.0,92.578125
wrangler_23,0.0,0.0
wrangler_16,9.375,3.515625
gb_23,0.0,0.0
gb_16,0.0,0.0
