,TPR,FPR
gb,0.0,0.0
gb_ipw,100.0,64.99416569428239
wrangler_23,0.0,2.5670945157526255
wrangler_16,5.0,5.484247374562427
gb_23,0.0,0.0
gb_16,0.0,0.0
