,TPR,FPR
gb,0.0,0.0
gb_ipw,100.0,87.89473684210526
wrangler_23,100.0,26.842105263157894
wrangler_16,100.0,53.1578947368421
gb_23,0.0,0.0
gb_16,0.0,0.0
