,TPR,FPR
gb,100.0,4.531722054380665
gb_ipw,100.0,95.61933534743203
wrangler_23,0.0,0.0
wrangler_16,0.0,0.0
gb_23,100.0,91.69184290030212
gb_16,0.0,0.0
