,TPR,FPR
gb,30.0,0.0
gb_ipw,100.0,18.6046511627907
wrangler_23,100.0,100.0
wrangler_16,100.0,100.0
gb_23,100.0,93.02325581395348
gb_16,100.0,100.0
