,TPR,FPR
gb,0.0,0.0
gb_ipw,100.0,79.81438515081207
wrangler_23,100.0,75.63805104408353
wrangler_16,0.0,0.0
gb_23,100.0,45.707656612529
gb_16,0.0,0.0
