,TPR,FPR
gb,0.0,0.0
gb_ipw,4.545454545454546,11.872146118721462
wrangler_23,0.0,0.0
wrangler_16,0.0,0.0
gb_23,27.272727272727273,0.45662100456621
gb_16,100.0,83.10502283105023
