,TPR,FPR
gb,0.0,0.0
gb_ipw,97.97979797979798,75.20184544405998
wrangler_23,54.54545454545455,18.685121107266436
wrangler_16,0.0,0.5767012687427913
gb_23,0.0,0.0
gb_16,0.0,0.0
