,TPR,FPR
gb,0.0,0.0
gb_ipw,100.0,54.41860465116279
wrangler_23,100.0,52.906976744186046
wrangler_16,70.29702970297029,2.558139534883721
gb_23,1.9801980198019802,0.46511627906976744
gb_16,0.0,0.0
