,TPR,FPR
gb,42.30769230769231,1.8018018018018018
gb_ipw,100.0,85.58558558558559
wrangler_23,100.0,100.0
wrangler_16,0.0,0.0
gb_23,100.0,100.0
gb_16,100.0,88.28828828828829
