,TPR,FPR
gb,0.0,0.0
gb_ipw,100.0,98.77300613496932
wrangler_23,100.0,80.3680981595092
wrangler_16,100.0,80.3680981595092
gb_23,100.0,80.3680981595092
gb_16,100.0,80.3680981595092
