,TPR,FPR
gb,0.0,0.0
gb_ipw,100.0,69.18604651162791
wrangler_23,100.0,52.906976744186046
wrangler_16,76.23762376237623,2.558139534883721
gb_23,0.0,0.0
gb_16,0.0,0.0
