,TPR,FPR
gb,0.0,0.0
gb_ipw,100.0,64.19753086419753
wrangler_23,0.0,0.0
wrangler_16,0.0,0.0
gb_23,0.0,0.0
gb_16,45.45454545454545,27.77777777777778
