,TPR,FPR
gb,0.0,0.0
gb_ipw,100.0,6.976744186046512
wrangler_23,100.0,20.930232558139537
wrangler_16,0.0,5.813953488372093
gb_23,100.0,98.83720930232558
gb_16,0.0,0.0
