,TPR,FPR
gb,5.555555555555555,0.0
gb_ipw,5.555555555555555,0.0
wrangler_23,0.0,0.6369426751592356
wrangler_16,0.0,0.0
gb_23,0.0,0.0
gb_16,0.0,0.0
