,TPR,FPR
gb,0.0,0.0
gb_ipw,98.98989898989899,67.92009400705052
wrangler_23,0.0,0.0
wrangler_16,0.0,3.6427732079905994
gb_23,98.98989898989899,56.169212690951824
gb_16,0.0,0.0
