,TPR,FPR
gb,0.0,0.0
gb_ipw,100.0,99.70282317979198
wrangler_23,0.0,0.0
wrangler_16,30.864197530864196,23.476968796433876
gb_23,50.617283950617285,0.0
gb_16,100.0,100.0
