,TPR,FPR
gb,0.0,0.0
gb_ipw,0.0,0.0
wrangler_23,42.857142857142854,0.0
wrangler_16,42.857142857142854,0.0
gb_23,100.0,100.0
gb_16,92.85714285714286,96.96969696969697
