,TPR,FPR
gb,0.0,0.0
gb_ipw,100.0,77.99145299145299
wrangler_23,0.0,0.0
wrangler_16,0.0,0.0
gb_23,100.0,88.9957264957265
gb_16,100.0,88.9957264957265
