,TPR,FPR
gb,100.0,11.11111111111111
gb_ipw,100.0,11.11111111111111
wrangler_23,100.0,100.0
wrangler_16,100.0,88.88888888888889
gb_23,100.0,88.88888888888889
gb_16,100.0,88.88888888888889
