,TPR,FPR
gb,0.0,0.0
gb_ipw,100.0,80.26315789473684
wrangler_23,0.0,0.0
wrangler_16,66.66666666666667,42.10526315789474
gb_23,100.0,100.0
gb_16,100.0,100.0
