,TPR,FPR
gb,0.0,0.0
gb_ipw,99.0,71.56286721504112
wrangler_23,0.0,4.230317273795535
wrangler_16,0.0,2.4676850763807288
gb_23,0.0,0.0
gb_16,0.0,0.0
