,TPR,FPR
gb,0.0,14.678899082568808
gb_ipw,84.61538461538461,79.81651376146789
wrangler_23,0.0,0.0
wrangler_16,0.0,0.0
gb_23,0.0,0.0
gb_16,0.0,0.0
