,TPR,FPR
gb,0.0,0.0
gb_ipw,100.0,53.74707259953161
wrangler_23,0.0,3.161592505854801
wrangler_16,0.0,0.0
gb_23,0.0,0.0
gb_16,0.0,0.0
