,TPR,FPR
gb,0.0,0.0
gb_ipw,2.0202020202020203,0.11655011655011654
wrangler_23,0.0,0.0
wrangler_16,0.0,0.8158508158508159
gb_23,0.0,0.0
gb_16,0.0,0.0
