,TPR,FPR
gb,0.0,0.0
gb_ipw,96.0,32.90246768507638
wrangler_23,0.0,0.0
wrangler_16,0.0,2.4676850763807288
gb_23,0.0,0.0
gb_16,0.0,0.0
