,TPR,FPR
gb,100.0,63.34841628959276
gb_ipw,100.0,97.73755656108597
wrangler_23,100.0,63.34841628959276
wrangler_16,100.0,100.0
gb_23,100.0,63.34841628959276
gb_16,100.0,100.0
