,TPR,FPR
gb,66.15384615384616,0.0
gb_ipw,81.53846153846153,1.3539651837524178
wrangler_23,9.23076923076923,0.5802707930367504
wrangler_16,4.615384615384615,0.0
gb_23,3.076923076923077,37.9110251450677
gb_16,0.0,0.0
