,TPR,FPR
gb,0.0,0.0
gb_ipw,100.0,99.28571428571429
wrangler_23,11.11111111111111,12.857142857142858
wrangler_16,0.0,0.0
gb_23,0.0,0.0
gb_16,0.0,0.0
