,TPR,FPR
gb,0.0,0.0
gb_ipw,0.0,0.0
wrangler_23,100.0,98.71794871794872
wrangler_16,100.0,100.0
gb_23,22.22222222222222,1.2820512820512822
gb_16,100.0,100.0
