,TPR,FPR
gb,0.0,0.0
gb_ipw,100.0,77.35849056603773
wrangler_23,8.333333333333334,20.754716981132077
wrangler_16,0.0,0.0
gb_23,8.333333333333334,20.754716981132077
gb_16,100.0,100.0
