,TPR,FPR
gb,100.0,0.0
gb_ipw,100.0,92.87833827893175
wrangler_23,100.0,100.0
wrangler_16,100.0,42.433234421364986
gb_23,100.0,91.0979228486647
gb_16,0.0,0.0
