,TPR,FPR
gb,5.405405405405405,0.0
gb_ipw,75.67567567567568,0.0
wrangler_23,100.0,100.0
wrangler_16,72.97297297297297,11.708860759493671
gb_23,100.0,100.0
gb_16,0.0,0.0
