,TPR,FPR
gb,0.0,0.0
gb_ipw,71.875,50.0
wrangler_23,0.0,0.0
wrangler_16,0.0,0.0
gb_23,100.0,30.373831775700936
gb_16,100.0,69.62616822429906
