,TPR,FPR
gb,0.0,0.0
gb_ipw,100.0,96.15384615384616
wrangler_23,0.0,0.0
wrangler_16,61.53846153846154,49.03846153846154
gb_23,0.0,0.0
gb_16,0.0,0.0
