,TPR,FPR
gb,0.0,0.0
gb_ipw,100.0,52.87009063444109
wrangler_23,100.0,76.43504531722054
wrangler_16,100.0,76.43504531722054
gb_23,100.0,100.0
gb_16,100.0,76.43504531722054
