,TPR,FPR
gb,5.555555555555555,0.0
gb_ipw,5.555555555555555,0.0
wrangler_23,0.0,1.2658227848101267
wrangler_16,27.77777777777778,9.49367088607595
gb_23,0.0,0.0
gb_16,0.0,0.0
