,TPR,FPR
gb,25.0,0.0
gb_ipw,75.0,0.0
wrangler_23,11.11111111111111,0.0
wrangler_16,0.0,0.0
gb_23,30.555555555555557,6.840390879478828
gb_16,2.7777777777777777,0.0
