,TPR,FPR
gb,0.0,0.0
gb_ipw,100.0,99.61685823754789
wrangler_23,0.0,0.0
wrangler_16,0.0,0.0
gb_23,0.0,0.0
gb_16,100.0,68.5823754789272
