,TPR,FPR
gb,0.0,0.0
gb_ipw,94.0,15.741789354473386
wrangler_23,94.0,98.07474518686297
wrangler_16,0.0,0.0
gb_23,94.0,84.59796149490374
gb_16,94.0,100.0
