,TPR,FPR
gb,100.0,37.627811860940696
gb_ipw,100.0,100.0
wrangler_23,100.0,100.0
wrangler_16,100.0,100.0
gb_23,100.0,99.79550102249489
gb_16,100.0,25.766871165644172
