,TPR,FPR
gb,0.0,0.0
gb_ipw,91.91919191919192,0.0
wrangler_23,95.95959595959596,47.485380116959064
wrangler_16,0.0,3.0409356725146197
gb_23,0.0,0.0
gb_16,0.0,0.0
