,TPR,FPR
gb,5.405405405405405,0.0
gb_ipw,75.67567567567568,0.0
wrangler_23,100.0,100.0
wrangler_16,97.29729729729729,81.0126582278481
gb_23,100.0,100.0
gb_16,100.0,100.0
