,TPR,FPR
gb,100.0,3.6036036036036037
gb_ipw,100.0,3.6036036036036037
wrangler_23,100.0,96.3963963963964
wrangler_16,0.0,0.0
gb_23,0.0,0.0
gb_16,0.0,0.0
