,TPR,FPR
gb,0.0,0.0
gb_ipw,93.33333333333333,81.03448275862068
wrangler_23,0.0,0.0
wrangler_16,0.0,0.0
gb_23,93.33333333333333,84.48275862068965
gb_16,0.0,0.0
