,TPR,FPR
gb,100.0,73.74429223744292
gb_ipw,100.0,73.74429223744292
wrangler_23,0.0,0.0
wrangler_16,92.0,68.94977168949772
gb_23,0.0,0.0
gb_16,0.0,0.0
