,TPR,FPR
gb,2.5,0.0
gb_ipw,100.0,99.69788519637463
wrangler_23,100.0,100.0
wrangler_16,97.5,98.18731117824774
gb_23,100.0,1.5105740181268883
gb_16,100.0,0.3021148036253776
