,TPR,FPR
gb,100.0,54.3046357615894
gb_ipw,100.0,54.3046357615894
wrangler_23,0.0,0.0
wrangler_16,95.0,97.35099337748345
gb_23,100.0,100.0
gb_16,0.0,0.0
