,TPR,FPR
gb,0.0,0.0
gb_ipw,0.0,0.0
wrangler_23,0.0,0.0
wrangler_16,0.0,0.0
gb_23,100.0,81.52173913043478
gb_16,100.0,53.26086956521739
