,TPR,FPR
gb,0.0,0.0
gb_ipw,100.0,50.306748466257666
wrangler_23,100.0,100.0
wrangler_16,0.0,0.0
gb_23,100.0,42.94478527607362
gb_16,21.05263157894737,24.539877300613497
