,TPR,FPR
gb,100.0,43.558282208588956
gb_ipw,100.0,77.30061349693251
wrangler_23,100.0,24.539877300613497
wrangler_16,100.0,23.926380368098158
gb_23,73.6842105263158,21.47239263803681
gb_16,0.0,0.0
