,TPR,FPR
gb,16.9811320754717,6.590909090909091
gb_ipw,98.11320754716981,100.0
wrangler_23,30.18867924528302,13.863636363636363
wrangler_16,0.0,0.0
gb_23,0.0,0.0
gb_16,0.0,0.0
