,TPR,FPR
gb,0.0,0.0
gb_ipw,100.0,97.45222929936305
wrangler_23,0.0,0.0
wrangler_16,0.0,0.0
gb_23,81.81818181818181,2.5477707006369426
gb_16,0.0,0.0
