,TPR,FPR
gb,0.0,0.0
gb_ipw,100.0,21.511627906976745
wrangler_23,35.0,6.395348837209302
wrangler_16,35.0,1.744186046511628
gb_23,100.0,86.04651162790698
gb_16,100.0,85.46511627906976
