,TPR,FPR
gb,0.0,0.0
gb_ipw,100.0,13.121118012422361
wrangler_23,0.0,0.0
wrangler_16,0.0,0.0
gb_23,97.35099337748345,0.0
gb_16,0.0,0.0
