,TPR,FPR
gb,0.0,0.0
gb_ipw,91.30434782608695,100.0
wrangler_23,0.0,0.0
wrangler_16,0.0,0.0
gb_23,91.30434782608695,86.98224852071006
gb_16,0.0,0.0
