,TPR,FPR
gb,0.0,0.0
gb_ipw,96.29629629629629,95.0
wrangler_23,22.22222222222222,14.545454545454545
wrangler_16,0.0,0.0
gb_23,85.18518518518519,74.0909090909091
gb_16,0.0,0.0
