,TPR,FPR
gb,0.0,0.0
gb_ipw,100.0,95.7396449704142
wrangler_23,1.8518518518518519,15.502958579881657
wrangler_16,0.0,0.0
gb_23,0.0,0.0
gb_16,0.0,0.0
