,TPR,FPR
gb,100.0,97.54601226993866
gb_ipw,100.0,97.54601226993866
wrangler_23,100.0,60.122699386503065
wrangler_16,100.0,100.0
gb_23,100.0,100.0
gb_16,100.0,100.0
