,TPR,FPR
gb,0.0,0.0
gb_ipw,97.36842105263158,6.853582554517134
wrangler_23,97.36842105263158,100.0
wrangler_16,97.36842105263158,93.14641744548287
gb_23,97.36842105263158,100.0
gb_16,97.36842105263158,93.14641744548287
