,TPR,FPR
gb,7.142857142857143,0.0
gb_ipw,7.142857142857143,0.0
wrangler_23,100.0,99.08256880733946
wrangler_16,7.142857142857143,0.0
gb_23,0.0,0.0
gb_16,0.0,0.0
