,TPR,FPR
gb,19.23076923076923,0.44642857142857145
gb_ipw,19.23076923076923,0.44642857142857145
wrangler_23,100.0,99.55357142857143
wrangler_16,11.538461538461538,0.0
gb_23,0.0,0.0
gb_16,3.8461538461538463,0.44642857142857145
