,TPR,FPR
gb,0.0,0.0
gb_ipw,90.9090909090909,34.131736526946106
wrangler_23,100.0,100.0
wrangler_16,100.0,67.66467065868264
gb_23,100.0,100.0
gb_16,100.0,100.0
