,TPR,FPR
gb,100.0,4.022988505747127
gb_ipw,100.0,56.32183908045977
wrangler_23,100.0,70.6896551724138
wrangler_16,100.0,62.64367816091954
gb_23,100.0,72.41379310344827
gb_16,0.0,0.0
