,TPR,FPR
gb,0.0,0.0
gb_ipw,73.07692307692308,81.16591928251121
wrangler_23,100.0,81.61434977578476
wrangler_16,0.0,0.0
gb_23,0.0,0.0
gb_16,0.0,0.0
