,TPR,FPR
gb,0.0,0.0
gb_ipw,0.0,0.0
wrangler_23,86.27450980392157,19.20838183934808
wrangler_16,86.27450980392157,19.324796274738066
gb_23,0.0,0.0
gb_16,0.0,0.0
