,TPR,FPR
gb,100.0,90.951821386604
gb_ipw,100.0,98.94242068155111
wrangler_23,100.0,100.0
wrangler_16,100.0,100.0
gb_23,100.0,100.0
gb_16,100.0,46.88601645123384
