,TPR,FPR
gb,70.0,3.488372093023256
gb_ipw,100.0,30.232558139534884
wrangler_23,100.0,80.23255813953489
wrangler_16,0.0,0.0
gb_23,0.0,2.3255813953488373
gb_16,10.0,0.0
