,TPR,FPR
gb,100.0,2.484472049689441
gb_ipw,100.0,19.25465838509317
wrangler_23,100.0,83.22981366459628
wrangler_16,100.0,83.22981366459628
gb_23,100.0,100.0
gb_16,0.0,0.0
