,TPR,FPR
gb,13.461538461538462,3.8636363636363638
gb_ipw,100.0,67.5
wrangler_23,1.9230769230769231,0.0
wrangler_16,0.0,0.0
gb_23,0.0,0.0
gb_16,0.0,0.0
