,TPR,FPR
gb,0.0,0.0
gb_ipw,0.0,0.0
wrangler_23,100.0,94.9367088607595
wrangler_16,90.0,89.87341772151899
gb_23,0.0,0.0
gb_16,0.0,0.0
