,TPR,FPR
gb,96.3963963963964,65.36842105263158
gb_ipw,95.49549549549549,65.36842105263158
wrangler_23,97.29729729729729,68.42105263157895
wrangler_16,95.49549549549549,62.421052631578945
gb_23,97.29729729729729,100.0
gb_16,97.29729729729729,68.42105263157895
