,TPR,FPR
gb,15.384615384615385,0.0
gb_ipw,15.384615384615385,0.0
wrangler_23,76.92307692307692,8.737864077669903
wrangler_16,69.23076923076923,7.766990291262136
gb_23,100.0,95.14563106796116
gb_16,0.0,0.0
