,TPR,FPR
gb,0.0,0.0
gb_ipw,57.142857142857146,2.2857142857142856
wrangler_23,100.0,100.0
wrangler_16,100.0,100.0
gb_23,100.0,88.57142857142857
gb_16,0.0,0.0
