,TPR,FPR
gb,100.0,54.1044776119403
gb_ipw,100.0,100.0
wrangler_23,0.0,0.0
wrangler_16,100.0,89.92537313432835
gb_23,100.0,100.0
gb_16,0.0,0.0
