,TPR,FPR
gb,0.0,0.0
gb_ipw,89.74358974358974,75.2851711026616
wrangler_23,0.0,0.0
wrangler_16,79.48717948717949,41.82509505703422
gb_23,100.0,52.47148288973384
gb_16,100.0,54.372623574144484
