,TPR,FPR
gb,0.0,0.0
gb_ipw,100.0,45.51282051282051
wrangler_23,100.0,75.0
wrangler_16,0.0,0.0
gb_23,100.0,75.64102564102564
gb_16,0.0,0.0
