,TPR,FPR
gb,0.0,0.0
gb_ipw,94.94949494949495,35.294117647058826
wrangler_23,3.0303030303030303,6.117647058823529
wrangler_16,0.0,3.2941176470588234
gb_23,0.0,0.0
gb_16,0.0,0.0
