,TPR,FPR
gb,0.0,0.0
gb_ipw,100.0,100.0
wrangler_23,0.0,0.0
wrangler_16,100.0,73.5042735042735
gb_23,0.0,0.0
gb_16,100.0,95.72649572649573
