,TPR,FPR
gb,85.0,9.25925925925926
gb_ipw,100.0,69.75308641975309
wrangler_23,100.0,47.53086419753087
wrangler_16,0.0,0.0
gb_23,100.0,47.53086419753087
gb_16,0.0,0.0
