,TPR,FPR
gb,100.0,88.15789473684211
gb_ipw,100.0,93.75
wrangler_23,100.0,100.0
wrangler_16,58.333333333333336,4.934210526315789
gb_23,80.55555555555556,7.565789473684211
gb_16,100.0,100.0
