,TPR,FPR
gb,0.0,0.0
gb_ipw,100.0,92.40506329113924
wrangler_23,100.0,100.0
wrangler_16,33.333333333333336,3.1645569620253164
gb_23,100.0,100.0
gb_16,0.0,0.0
