,TPR,FPR
gb,20.0,0.0
gb_ipw,20.0,0.0
wrangler_23,100.0,90.69767441860465
wrangler_16,100.0,100.0
gb_23,100.0,33.72093023255814
gb_16,100.0,100.0
