,TPR,FPR
gb,0.0,0.0
gb_ipw,100.0,68.16037735849056
wrangler_23,0.0,0.0
wrangler_16,39.0,13.915094339622641
gb_23,0.0,0.0
gb_16,0.0,0.0
