,TPR,FPR
gb,15.384615384615385,21.3855421686747
gb_ipw,100.0,57.2289156626506
wrangler_23,0.0,0.0
wrangler_16,0.0,0.0
gb_23,0.0,0.0
gb_16,0.0,0.0
