,TPR,FPR
gb,0.0,0.0
gb_ipw,58.737864077669904,100.0
wrangler_23,0.0,0.0
wrangler_16,0.0,0.0
gb_23,33.980582524271846,8.718626155878468
gb_16,29.611650485436893,8.058124174372523
