,TPR,FPR
gb,0.0,0.0
gb_ipw,100.0,98.81796690307328
wrangler_23,93.44262295081967,1.3002364066193854
wrangler_16,0.0,0.0
gb_23,0.0,0.0
gb_16,100.0,100.0
