,TPR,FPR
gb,0.0,0.0
gb_ipw,100.0,71.69811320754717
wrangler_23,0.0,0.0
wrangler_16,64.28571428571429,39.62264150943396
gb_23,100.0,73.58490566037736
gb_16,0.0,0.0
