,TPR,FPR
gb,7.6923076923076925,3.6363636363636362
gb_ipw,92.3076923076923,83.63636363636364
wrangler_23,100.0,100.0
wrangler_16,0.0,0.0
gb_23,100.0,100.0
gb_16,0.0,0.0
