,TPR,FPR
gb,0.0,0.0
gb_ipw,94.0,97.53363228699551
wrangler_23,93.0,97.08520179372198
wrangler_16,94.0,99.43946188340807
gb_23,91.0,72.53363228699551
gb_16,94.0,72.98206278026906
