,TPR,FPR
gb,0.0,0.0
gb_ipw,46.728971962616825,0.11750881316098707
wrangler_23,100.0,99.88249118683902
wrangler_16,100.0,99.88249118683902
gb_23,0.0,0.11750881316098707
gb_16,100.0,100.0
