,TPR,FPR
gb,100.0,53.28947368421053
gb_ipw,100.0,55.26315789473684
wrangler_23,100.0,63.81578947368421
wrangler_16,16.666666666666668,0.0
gb_23,0.0,0.0
gb_16,0.0,0.0
