,TPR,FPR
gb,0.0,0.0
gb_ipw,100.0,19.745222929936304
wrangler_23,100.0,92.35668789808918
wrangler_16,84.21052631578948,26.11464968152866
gb_23,100.0,100.0
gb_16,0.0,0.0
