,TPR,FPR
gb,95.0,71.25140924464488
gb_ipw,95.0,71.02593010146562
wrangler_23,95.0,100.0
wrangler_16,95.0,100.0
gb_23,95.0,100.0
gb_16,95.0,100.0
