,TPR,FPR
gb,0.0,0.0
gb_ipw,100.0,1.1494252873563218
wrangler_23,30.0,1.1494252873563218
wrangler_16,0.0,1.1494252873563218
gb_23,0.0,0.0
gb_16,100.0,100.0
