,TPR,FPR
gb,0.0,0.0
gb_ipw,46.15384615384615,0.9523809523809523
wrangler_23,0.0,0.0
wrangler_16,0.0,0.0
gb_23,0.0,0.0
gb_16,0.0,0.0
