,TPR,FPR
gb,0.0,0.0
gb_ipw,100.0,7.741935483870968
wrangler_23,0.0,0.0
wrangler_16,0.0,0.0
gb_23,0.0,7.741935483870968
gb_16,100.0,92.25806451612904
