,TPR,FPR
gb,1.0101010101010102,0.0
gb_ipw,98.98989898989899,47.591069330199765
wrangler_23,0.0,3.6427732079905994
wrangler_16,0.0,0.11750881316098707
gb_23,0.0,0.0
gb_16,0.0,0.0
