,TPR,FPR
gb,100.0,61.146496815286625
gb_ipw,100.0,61.146496815286625
wrangler_23,100.0,100.0
wrangler_16,11.11111111111111,1.910828025477707
gb_23,100.0,77.70700636942675
gb_16,0.0,0.0
