,TPR,FPR
gb,15.384615384615385,0.0
gb_ipw,15.384615384615385,0.0
wrangler_23,84.61538461538461,13.592233009708737
wrangler_16,61.53846153846154,5.825242718446602
gb_23,15.384615384615385,51.45631067961165
gb_16,0.0,0.0
