,TPR,FPR
gb,0.0,0.0
gb_ipw,100.0,99.36708860759494
wrangler_23,0.0,0.0
wrangler_16,21.05263157894737,29.11392405063291
gb_23,0.0,0.0
gb_16,0.0,0.0
