,TPR,FPR
gb,100.0,74.6606334841629
gb_ipw,100.0,74.6606334841629
wrangler_23,100.0,79.18552036199095
wrangler_16,100.0,100.0
gb_23,100.0,100.0
gb_16,100.0,79.18552036199095
