,TPR,FPR
gb,0.0,0.0
gb_ipw,100.0,36.19047619047619
wrangler_23,0.0,0.0
wrangler_16,0.0,0.0
gb_23,100.0,43.80952380952381
gb_16,0.0,0.0
