,TPR,FPR
gb,100.0,41.125541125541126
gb_ipw,100.0,41.125541125541126
wrangler_23,100.0,100.0
wrangler_16,100.0,100.0
gb_23,100.0,100.0
gb_16,100.0,100.0
