,TPR,FPR
gb,0.0,0.0
gb_ipw,0.0,0.0
wrangler_23,0.0,4.093567251461988
wrangler_16,69.6969696969697,34.03508771929825
gb_23,0.0,0.0
gb_16,0.0,0.0
