,TPR,FPR
gb,0.0,0.0
gb_ipw,95.0,85.20710059171597
wrangler_23,100.0,69.23076923076923
wrangler_16,95.0,69.23076923076923
gb_23,100.0,69.23076923076923
gb_16,0.0,0.0
