,TPR,FPR
gb,0.0,0.0
gb_ipw,100.0,80.27210884353741
wrangler_23,100.0,99.77324263038548
wrangler_16,0.0,0.0
gb_23,0.0,0.0
gb_16,0.0,0.0
