,TPR,FPR
gb,0.0,0.0
gb_ipw,100.0,100.0
wrangler_23,30.0,0.5813953488372093
wrangler_16,0.0,0.0
gb_23,95.0,76.74418604651163
gb_16,0.0,0.0
