,TPR,FPR
gb,0.0,0.0
gb_ipw,100.0,65.11627906976744
wrangler_23,10.0,0.0
wrangler_16,90.0,24.41860465116279
gb_23,70.0,70.93023255813954
gb_16,100.0,29.069767441860463
