,TPR,FPR
gb,29.62962962962963,12.32876712328767
gb_ipw,29.62962962962963,12.32876712328767
wrangler_23,100.0,88.58447488584476
wrangler_16,0.0,0.0
gb_23,0.0,0.0
gb_16,0.0,0.45662100456621
