,TPR,FPR
gb,0.0,0.0
gb_ipw,100.0,87.53993610223642
wrangler_23,100.0,93.9297124600639
wrangler_16,100.0,93.9297124600639
gb_23,87.17948717948718,34.185303514377
gb_16,97.43589743589743,81.46964856230032
