,TPR,FPR
gb,100.0,46.661490683229815
gb_ipw,100.0,100.0
wrangler_23,0.6578947368421053,0.0
wrangler_16,100.0,100.0
gb_23,100.0,98.2919254658385
gb_16,100.0,99.06832298136646
