,TPR,FPR
gb,0.0,0.0
gb_ipw,100.0,94.96904024767802
wrangler_23,100.0,99.84520123839009
wrangler_16,0.0,0.0
gb_23,100.0,100.0
gb_16,0.0,0.0
