,TPR,FPR
gb,0.0,0.0
gb_ipw,100.0,51.875
wrangler_23,84.21052631578948,35.625
wrangler_16,0.0,0.0
gb_23,5.2631578947368425,0.625
gb_16,0.0,0.0
