,TPR,FPR
gb,84.61538461538461,0.0
gb_ipw,84.61538461538461,0.0
wrangler_23,0.0,0.0
wrangler_16,0.0,0.0
gb_23,100.0,95.49549549549549
gb_16,100.0,99.09909909909909
