,TPR,FPR
gb,0.0,0.0
gb_ipw,88.88888888888889,23.943661971830984
wrangler_23,100.0,49.29577464788732
wrangler_16,0.0,0.0
gb_23,0.0,0.0
gb_16,0.0,0.0
