,TPR,FPR
gb,0.0,12.630359212050985
gb_ipw,90.0990099009901,60.25492468134415
wrangler_23,90.0990099009901,100.0
wrangler_16,0.0,0.0
gb_23,81.18811881188118,94.90150637311703
gb_16,0.9900990099009901,0.34762456546929316
