,TPR,FPR
gb,7.6923076923076925,0.0
gb_ipw,100.0,98.18181818181819
wrangler_23,0.0,0.0
wrangler_16,0.0,0.0
gb_23,100.0,100.0
gb_16,15.384615384615385,1.8181818181818181
