,TPR,FPR
gb,100.0,16.27906976744186
gb_ipw,100.0,16.27906976744186
wrangler_23,100.0,100.0
wrangler_16,0.0,12.790697674418604
gb_23,100.0,87.20930232558139
gb_16,0.0,12.790697674418604
