,TPR,FPR
gb,0.0,0.0
gb_ipw,96.96969696969697,62.22222222222222
wrangler_23,14.141414141414142,14.502923976608187
wrangler_16,0.0,5.964912280701754
gb_23,19.19191919191919,0.4678362573099415
gb_16,0.0,0.0
