,TPR,FPR
gb,20.0,22.093023255813954
gb_ipw,100.0,81.3953488372093
wrangler_23,100.0,100.0
wrangler_16,100.0,87.20930232558139
gb_23,100.0,100.0
gb_16,100.0,100.0
