,TPR,FPR
gb,0.0,0.0
gb_ipw,100.0,42.87396937573616
wrangler_23,0.0,11.778563015312132
wrangler_16,0.0,12.720848056537102
gb_23,0.0,0.0
gb_16,0.0,0.0
