,TPR,FPR
gb,7.627118644067797,0.0
gb_ipw,92.37288135593221,98.7551867219917
wrangler_23,92.37288135593221,100.0
wrangler_16,92.37288135593221,100.0
gb_23,92.37288135593221,84.12863070539419
gb_16,91.52542372881356,64.6265560165975
