,TPR,FPR
gb,0.0,0.0
gb_ipw,100.0,89.68253968253968
wrangler_23,66.66666666666667,10.317460317460318
wrangler_16,0.0,0.0
gb_23,0.0,0.0
gb_16,0.0,0.0
