,TPR,FPR
gb,0.0,0.0
gb_ipw,65.0,0.5988023952095808
wrangler_23,100.0,100.0
wrangler_16,100.0,100.0
gb_23,100.0,98.80239520958084
gb_16,95.0,1.1976047904191616
