,TPR,FPR
gb,0.0,0.0
gb_ipw,100.0,75.9825327510917
wrangler_23,100.0,100.0
wrangler_16,100.0,100.0
gb_23,26.923076923076923,50.65502183406114
gb_16,0.0,0.0
