,TPR,FPR
gb,0.0,0.0
gb_ipw,100.0,74.85448195576251
wrangler_23,100.0,100.0
wrangler_16,100.0,100.0
gb_23,89.0,72.87543655413272
gb_16,100.0,100.0
