,TPR,FPR
gb,73.91304347826087,35.86206896551724
gb_ipw,73.91304347826087,35.86206896551724
wrangler_23,100.0,67.58620689655173
wrangler_16,17.391304347826086,0.0
gb_23,100.0,67.58620689655173
gb_16,0.0,0.0
