,TPR,FPR
gb,0.0,0.0
gb_ipw,0.0,0.0
wrangler_23,0.0,0.0
wrangler_16,0.0,0.35377358490566035
gb_23,0.0,0.0
gb_16,0.0,0.2358490566037736
