,TPR,FPR
gb,100.0,89.86486486486487
gb_ipw,100.0,89.86486486486487
wrangler_23,75.0,39.86486486486486
wrangler_16,0.0,0.0
gb_23,90.0,82.43243243243244
gb_16,100.0,100.0
