,TPR,FPR
gb,2.0,0.11750881316098707
gb_ipw,99.0,10.223266745005876
wrangler_23,92.0,46.650998824911866
wrangler_16,0.0,0.0
gb_23,100.0,77.55581668625148
gb_16,100.0,100.0
