,TPR,FPR
gb,33.70786516853933,0.0
gb_ipw,100.0,99.48387096774194
wrangler_23,100.0,100.0
wrangler_16,100.0,100.0
gb_23,100.0,100.0
gb_16,100.0,100.0
