,TPR,FPR
gb,0.0,0.0
gb_ipw,99.27007299270073,90.40333796940195
wrangler_23,46.715328467153284,16.968011126564672
wrangler_16,31.386861313868614,7.093184979137691
gb_23,10.94890510948905,2.642559109874826
gb_16,3.6496350364963503,0.6954102920723226
