,TPR,FPR
gb,0.0,0.0
gb_ipw,100.0,67.29411764705883
wrangler_23,0.0,2.1176470588235294
wrangler_16,0.0,0.0
gb_23,1.9801980198019802,0.47058823529411764
gb_16,0.0,0.0
