,TPR,FPR
gb,0.0,0.0
gb_ipw,95.95959595959596,0.0
wrangler_23,0.0,2.464788732394366
wrangler_16,23.232323232323232,16.197183098591548
gb_23,0.0,0.0
gb_16,0.0,0.0
