,TPR,FPR
gb,3.3333333333333335,0.0
gb_ipw,3.3333333333333335,0.0
wrangler_23,13.333333333333334,0.0
wrangler_16,3.3333333333333335,0.0
gb_23,3.3333333333333335,0.0
gb_16,0.0,0.0
