,TPR,FPR
gb,0.0,0.0
gb_ipw,100.0,50.0
wrangler_23,100.0,100.0
wrangler_16,66.66666666666667,39.23076923076923
gb_23,13.333333333333334,10.76923076923077
gb_16,0.0,0.0
