,TPR,FPR
gb,100.0,76.68711656441718
gb_ipw,100.0,100.0
wrangler_23,100.0,98.77300613496932
wrangler_16,0.0,0.0
gb_23,100.0,31.288343558282207
gb_16,0.0,0.0
