,TPR,FPR
gb,0.0,0.0
gb_ipw,97.19626168224299,39.56343792633015
wrangler_23,0.0,0.0
wrangler_16,0.0,0.0
gb_23,0.9345794392523364,0.1364256480218281
gb_16,84.11214953271028,14.324693042291951
