,TPR,FPR
gb,0.0,0.0
gb_ipw,0.0,0.0
wrangler_23,3.0927835051546393,1.4634146341463414
wrangler_16,0.0,0.0
gb_23,97.9381443298969,100.0
gb_16,97.9381443298969,100.0
