,TPR,FPR
gb,0.0,0.0
gb_ipw,20.0,0.0
wrangler_23,100.0,100.0
wrangler_16,0.0,5.882352941176471
gb_23,100.0,92.94117647058823
gb_16,0.0,0.0
