,TPR,FPR
gb,0.0,0.0
gb_ipw,100.0,70.77464788732394
wrangler_23,0.0,0.0
wrangler_16,4.938271604938271,3.5211267605633805
gb_23,0.0,0.0
gb_16,0.0,0.0
