,TPR,FPR
gb,0.0,0.0
gb_ipw,100.0,74.1822429906542
wrangler_23,0.0,4.789719626168225
wrangler_16,0.0,0.0
gb_23,0.0,0.0
gb_16,0.0,0.0
