,TPR,FPR
gb,0.0,0.0
gb_ipw,100.0,78.23529411764706
wrangler_23,100.0,100.0
wrangler_16,100.0,100.0
gb_23,100.0,45.88235294117647
gb_16,100.0,100.0
