,TPR,FPR
gb,0.0,0.0
gb_ipw,91.30434782608695,43.19526627218935
wrangler_23,91.30434782608695,97.0414201183432
wrangler_16,0.0,0.0
gb_23,78.26086956521739,64.49704142011835
gb_16,0.0,0.0
