,TPR,FPR
gb,96.3963963963964,65.36842105263158
gb_ipw,96.3963963963964,65.36842105263158
wrangler_23,97.29729729729729,68.42105263157895
wrangler_16,97.29729729729729,68.42105263157895
gb_23,83.78378378378379,92.0
gb_16,0.0,0.0
