,TPR,FPR
gb,0.0,0.0
gb_ipw,100.0,13.293051359516616
wrangler_23,100.0,100.0
wrangler_16,100.0,89.72809667673717
gb_23,100.0,89.72809667673717
gb_16,100.0,89.72809667673717
