,TPR,FPR
gb,0.0,0.0
gb_ipw,0.0,0.0
wrangler_23,38.888888888888886,0.0
wrangler_16,0.0,0.0
gb_23,8.333333333333334,15.54054054054054
gb_16,0.0,0.0
