,TPR,FPR
gb,0.0,0.0
gb_ipw,94.05940594059406,45.514511873350926
wrangler_23,0.0,0.0
wrangler_16,0.0,0.0
gb_23,0.0,0.0
gb_16,0.0,0.0
