,TPR,FPR
gb,0.0,0.0
gb_ipw,100.0,0.0
wrangler_23,100.0,100.0
wrangler_16,40.0,2.272727272727273
gb_23,30.0,73.86363636363636
gb_16,0.0,0.0
