,TPR,FPR
gb,0.0,0.0
gb_ipw,41.41414141414141,0.0
wrangler_23,0.0,5.2631578947368425
wrangler_16,0.0,4.3274853801169595
gb_23,0.0,0.23391812865497075
gb_16,0.0,0.11695906432748537
