,TPR,FPR
gb,90.0,5.813953488372093
gb_ipw,100.0,6.976744186046512
wrangler_23,100.0,100.0
wrangler_16,100.0,100.0
gb_23,0.0,0.0
gb_16,0.0,0.0
