,TPR,FPR
gb,70.0,1.0550996483001172
gb_ipw,100.0,48.41735052754982
wrangler_23,0.0,1.4067995310668229
wrangler_16,0.0,2.4618991793669402
gb_23,0.0,0.0
gb_16,0.0,0.0
