,TPR,FPR
gb,0.0,0.0
gb_ipw,0.0,0.0
wrangler_23,55.0,6.086956521739131
wrangler_16,20.0,2.608695652173913
gb_23,0.0,0.0
gb_16,100.0,40.0
