,TPR,FPR
gb,0.0,0.0
gb_ipw,0.0,0.0
wrangler_23,0.0,0.0
wrangler_16,91.66666666666667,100.0
gb_23,8.333333333333334,0.0
gb_16,91.66666666666667,100.0
