,TPR,FPR
gb,100.0,30.513595166163142
gb_ipw,100.0,30.513595166163142
wrangler_23,100.0,100.0
wrangler_16,100.0,100.0
gb_23,100.0,98.79154078549848
gb_16,0.0,0.3021148036253776
