,TPR,FPR
gb,0.0,0.0
gb_ipw,100.0,77.90697674418605
wrangler_23,0.0,0.0
wrangler_16,0.0,0.0
gb_23,100.0,80.23255813953489
gb_16,0.0,0.0
