,TPR,FPR
gb,0.0,0.0
gb_ipw,94.0,97.53363228699551
wrangler_23,93.0,96.74887892376681
wrangler_16,93.0,98.4304932735426
gb_23,92.0,72.75784753363229
gb_16,0.0,0.0
