,TPR,FPR
gb,100.0,0.2949852507374631
gb_ipw,100.0,96.7551622418879
wrangler_23,100.0,100.0
wrangler_16,100.0,100.0
gb_23,0.0,0.0
gb_16,0.0,0.0
