,TPR,FPR
gb,100.0,49.079754601226995
gb_ipw,100.0,49.079754601226995
wrangler_23,0.0,0.0
wrangler_16,94.73684210526316,14.110429447852761
gb_23,100.0,32.515337423312886
gb_16,100.0,100.0
