,TPR,FPR
gb,0.0,0.0
gb_ipw,99.00990099009901,36.86690223792697
wrangler_23,0.0,0.0
wrangler_16,0.0,9.422850412249705
gb_23,0.0,0.0
gb_16,0.0,0.0
