,TPR,FPR
gb,0.0,0.0
gb_ipw,100.0,63.16831683168317
wrangler_23,0.0,0.0
wrangler_16,2.479338842975207,0.0
gb_23,56.19834710743802,24.356435643564357
gb_16,23.140495867768596,11.089108910891088
