,TPR,FPR
gb,0.0,0.0
gb_ipw,90.9090909090909,55.294117647058826
wrangler_23,0.0,0.0
wrangler_16,0.0,0.0
gb_23,0.0,0.0
gb_16,0.0,0.0
