,TPR,FPR
gb,0.0,0.0
gb_ipw,0.0,0.0
wrangler_23,16.666666666666668,0.0
wrangler_16,83.33333333333333,5.555555555555555
gb_23,94.44444444444444,5.555555555555555
gb_16,0.0,1.5873015873015872
