,TPR,FPR
gb,0.9090909090909091,29.70401691331924
gb_ipw,27.272727272727273,30.76109936575053
wrangler_23,99.0909090909091,70.19027484143763
wrangler_16,0.9090909090909091,0.0
gb_23,30.90909090909091,42.07188160676533
gb_16,0.0,0.0
