,TPR,FPR
gb,0.0,0.0
gb_ipw,95.8041958041958,100.0
wrangler_23,0.0,0.0
wrangler_16,0.0,0.0
gb_23,0.6993006993006993,0.13157894736842105
gb_16,0.0,0.0
