,TPR,FPR
gb,0.0,0.0
gb_ipw,100.0,48.62385321100918
wrangler_23,0.0,0.45871559633027525
wrangler_16,100.0,70.18348623853211
gb_23,100.0,100.0
gb_16,100.0,70.18348623853211
