,TPR,FPR
gb,0.0,0.0
gb_ipw,90.9090909090909,3.125
wrangler_23,100.0,100.0
wrangler_16,0.0,0.0
gb_23,45.45454545454545,0.0
gb_16,0.0,0.0
