,TPR,FPR
gb,0.0,0.0
gb_ipw,100.0,3.3878504672897196
wrangler_23,0.0,1.985981308411215
wrangler_16,0.0,2.336448598130841
gb_23,0.0,0.0
gb_16,0.0,0.0
