,TPR,FPR
gb,90.9090909090909,17.894736842105264
gb_ipw,90.9090909090909,98.94736842105263
wrangler_23,0.0,0.0
wrangler_16,100.0,100.0
gb_23,0.0,0.0
gb_16,100.0,100.0
