,TPR,FPR
gb,0.0,0.0
gb_ipw,100.0,50.45871559633027
wrangler_23,0.0,0.0
wrangler_16,100.0,70.18348623853211
gb_23,100.0,100.0
gb_16,24.137931034482758,9.174311926605505
