,TPR,FPR
gb,0.0,1.2121212121212122
gb_ipw,100.0,98.78787878787878
wrangler_23,0.0,0.0
wrangler_16,0.0,0.0
gb_23,0.0,0.0
gb_16,100.0,100.0
