,TPR,FPR
gb,0.0,0.0
gb_ipw,43.43434343434343,2.2274325908558033
wrangler_23,0.0,0.0
wrangler_16,0.0,0.82063305978898
gb_23,0.0,0.0
gb_16,0.0,0.0
