,TPR,FPR
gb,0.0,0.0
gb_ipw,100.0,98.0952380952381
wrangler_23,7.142857142857143,0.0
wrangler_16,0.0,0.0
gb_23,100.0,29.523809523809526
gb_16,0.0,0.0
