,TPR,FPR
gb,100.0,35.58282208588957
gb_ipw,100.0,35.58282208588957
wrangler_23,100.0,100.0
wrangler_16,100.0,100.0
gb_23,28.07017543859649,0.0
gb_16,100.0,100.0
