,TPR,FPR
gb,0.0,0.0
gb_ipw,100.0,24.2152466367713
wrangler_23,33.333333333333336,3.1390134529147984
wrangler_16,0.0,0.0
gb_23,0.0,0.0
gb_16,0.0,0.0
