,TPR,FPR
gb,0.0,0.0
gb_ipw,75.0,22.033898305084747
wrangler_23,100.0,100.0
wrangler_16,75.0,32.20338983050848
gb_23,55.0,33.898305084745765
gb_16,0.0,0.0
