,TPR,FPR
gb,1.2048192771084338,0.0
gb_ipw,1.2048192771084338,0.0
wrangler_23,0.0,0.0
wrangler_16,0.0,0.0
gb_23,4.819277108433735,1.926444833625219
gb_16,0.0,0.0
