,TPR,FPR
gb,0.0,0.0
gb_ipw,100.0,24.850299401197606
wrangler_23,100.0,79.64071856287426
wrangler_16,100.0,100.0
gb_23,0.0,20.35928143712575
gb_16,100.0,100.0
