,TPR,FPR
gb,0.0,0.0
gb_ipw,100.0,15.300546448087431
wrangler_23,0.0,0.0
wrangler_16,100.0,87.97814207650273
gb_23,0.0,0.0
gb_16,100.0,12.021857923497267
