,TPR,FPR
gb,0.0,0.0
gb_ipw,94.1747572815534,99.54389965792474
wrangler_23,6.796116504854369,1.0262257696693273
wrangler_16,94.1747572815534,95.09692132269099
gb_23,92.23300970873787,79.13340935005701
gb_16,94.1747572815534,99.88597491448118
