,TPR,FPR
gb,0.0,0.0
gb_ipw,0.0,0.0
wrangler_23,0.0,0.0
wrangler_16,0.0,0.0
gb_23,63.63636363636363,10.526315789473685
gb_16,100.0,56.31578947368421
