,TPR,FPR
gb,0.0,0.0
gb_ipw,100.0,100.0
wrangler_23,0.0,0.0
wrangler_16,65.625,27.13754646840149
gb_23,40.625,0.37174721189591076
gb_16,0.0,0.0
