,TPR,FPR
gb,21.428571428571427,3.669724770642202
gb_ipw,100.0,100.0
wrangler_23,100.0,100.0
wrangler_16,100.0,100.0
gb_23,100.0,100.0
gb_16,100.0,100.0
