,TPR,FPR
gb,0.0,0.0
gb_ipw,99.0,29.12735849056604
wrangler_23,13.0,6.014150943396227
wrangler_16,0.0,0.0
gb_23,0.0,0.0
gb_16,0.0,0.0
