,TPR,FPR
gb,0.0,0.0
gb_ipw,80.0,97.70114942528735
wrangler_23,80.0,100.0
wrangler_16,80.0,100.0
gb_23,80.0,96.55172413793103
gb_16,80.0,100.0
