,TPR,FPR
gb,0.0,0.0
gb_ipw,100.0,92.1921921921922
wrangler_23,100.0,100.0
wrangler_16,100.0,100.0
gb_23,100.0,100.0
gb_16,0.0,7.207207207207207
