,TPR,FPR
gb,0.0,0.0
gb_ipw,95.0,75.5813953488372
wrangler_23,15.0,1.744186046511628
wrangler_16,95.0,100.0
gb_23,25.0,37.2093023255814
gb_16,95.0,100.0
