,TPR,FPR
gb,0.0,0.0
gb_ipw,96.0,37.32394366197183
wrangler_23,0.0,1.7605633802816902
wrangler_16,13.0,4.694835680751174
gb_23,100.0,100.0
gb_16,0.0,0.0
