,TPR,FPR
gb,0.0,0.0
gb_ipw,100.0,30.660377358490567
wrangler_23,60.0,2.358490566037736
wrangler_16,100.0,74.52830188679245
gb_23,0.0,0.0
gb_16,0.0,0.0
