,TPR,FPR
gb,0.0,0.0
gb_ipw,13.636363636363637,30.81761006289308
wrangler_23,0.0,0.0
wrangler_16,100.0,100.0
gb_23,0.0,0.0
gb_16,0.0,29.559748427672957
