,TPR,FPR
gb,0.0,0.0
gb_ipw,100.0,54.112554112554115
wrangler_23,100.0,100.0
wrangler_16,85.18518518518519,6.4935064935064934
gb_23,100.0,100.0
gb_16,0.0,0.0
