,TPR,FPR
gb,0.0,0.0
gb_ipw,0.0,0.0
wrangler_23,0.0,0.0
wrangler_16,30.0,33.86727688787185
gb_23,40.0,49.19908466819222
gb_16,10.0,12.585812356979405
