,TPR,FPR
gb,0.0,0.0
gb_ipw,5.882352941176471,1.3100436681222707
wrangler_23,97.05882352941177,100.0
wrangler_16,97.05882352941177,100.0
gb_23,97.05882352941177,100.0
gb_16,8.823529411764707,3.930131004366812
