,TPR,FPR
gb,0.0,0.0
gb_ipw,100.0,51.94805194805195
wrangler_23,0.0,0.0
wrangler_16,0.0,0.0
gb_23,0.0,0.0
gb_16,33.333333333333336,28.571428571428573
