,TPR,FPR
gb,0.0,0.0
gb_ipw,100.0,52.11267605633803
wrangler_23,61.111111111111114,13.380281690140846
wrangler_16,0.0,0.0
gb_23,100.0,100.0
gb_16,0.0,0.0
