,Correlation,Causal,Wrangler_23,Wrangler_16,GB_23,GB_16
0,0.0,0.0,0.0,0.0,0.0,0.0
1,0.0,0.0,97.43589743589743,97.43589743589743,0.0,76.92307692307693
2,0.0,0.0,97.43589743589743,97.43589743589743,0.0,76.92307692307693
3,0.0,0.0,97.43589743589743,97.43589743589743,0.0,92.3076923076923
4,0.0,0.0,97.43589743589743,97.43589743589743,0.0,92.3076923076923
5,84.61538461538461,100.0,97.43589743589743,97.43589743589743,0.0,92.3076923076923
6,84.61538461538461,100.0,100.0,100.0,0.0,94.87179487179486
7,84.61538461538461,100.0,100.0,100.0,0.0,94.87179487179486
8,84.61538461538461,100.0,100.0,100.0,0.0,94.87179487179486
9,84.61538461538461,100.0,100.0,100.0,0.0,94.87179487179486
10,84.61538461538461,100.0,100.0,100.0,0.0,94.87179487179486
11,84.61538461538461,100.0,100.0,100.0,0.0,97.43589743589743
12,84.61538461538461,100.0,100.0,100.0,0.0,97.43589743589743
13,84.61538461538461,100.0,100.0,100.0,0.0,97.43589743589743
14,100.0,100.0,100.0,100.0,100.0,100.0
