,Correlation,Causal,Wrangler_23,Wrangler_16,GB_23,GB_16
0,0.0,0.0,0.0,0.0,0.0,0.0
1,0.0,0.0,0.0,0.0,0.0,0.0
2,0.0,17.17171717171717,0.0,0.0,0.0,0.0
3,0.0,67.67676767676768,0.0,0.0,0.0,0.0
4,0.0,82.82828282828282,0.0,0.0,0.0,0.0
5,0.0,89.8989898989899,0.0,0.0,0.0,0.0
6,0.0,89.8989898989899,0.0,0.0,0.0,0.0
7,0.0,98.98989898989899,0.0,0.0,0.0,0.0
8,0.0,98.98989898989899,0.0,0.0,0.0,0.0
9,100.0,100.0,100.0,100.0,100.0,100.0
