,Correlation,Causal,Wrangler_23,Wrangler_16,GB_23,GB_16
0,0.0,0.0,0.0,0.0,0.0,0.0
1,0.0,0.0,0.0,0.0,0.0,100.0
2,0.0,0.0,0.0,0.0,0.0,100.0
3,0.0,0.0,5.263157894736842,5.263157894736842,0.0,100.0
4,0.0,0.0,5.263157894736842,5.263157894736842,0.0,100.0
5,0.0,0.0,26.31578947368421,21.052631578947366,0.0,100.0
6,0.0,0.0,36.84210526315789,31.57894736842105,0.0,100.0
7,0.0,0.0,42.10526315789473,31.57894736842105,0.0,100.0
8,0.0,0.0,47.368421052631575,42.10526315789473,5.263157894736842,100.0
9,0.0,0.0,52.63157894736842,47.368421052631575,10.526315789473683,100.0
10,0.0,0.0,57.89473684210527,52.63157894736842,15.789473684210526,100.0
11,0.0,0.0,63.1578947368421,52.63157894736842,26.31578947368421,100.0
12,0.0,0.0,94.73684210526315,52.63157894736842,36.84210526315789,100.0
13,0.0,0.0,94.73684210526315,52.63157894736842,42.10526315789473,100.0
14,0.0,0.0,94.73684210526315,57.89473684210527,42.10526315789473,100.0
15,0.0,0.0,94.73684210526315,94.73684210526315,42.10526315789473,100.0
16,0.0,0.0,94.73684210526315,94.73684210526315,42.10526315789473,100.0
17,0.0,0.0,100.0,94.73684210526315,42.10526315789473,100.0
18,0.0,0.0,100.0,94.73684210526315,47.368421052631575,100.0
19,0.0,68.42105263157895,100.0,94.73684210526315,52.63157894736842,100.0
20,100.0,100.0,100.0,94.73684210526315,52.63157894736842,100.0
21,100.0,100.0,100.0,94.73684210526315,52.63157894736842,100.0
22,100.0,100.0,100.0,100.0,52.63157894736842,100.0
23,100.0,100.0,100.0,100.0,52.63157894736842,100.0
24,100.0,100.0,100.0,100.0,52.63157894736842,100.0
25,100.0,100.0,100.0,100.0,52.63157894736842,100.0
26,100.0,100.0,100.0,100.0,52.63157894736842,100.0
27,100.0,100.0,100.0,100.0,52.63157894736842,100.0
28,100.0,100.0,100.0,100.0,52.63157894736842,100.0
29,100.0,100.0,100.0,100.0,100.0,100.0
