,Correlation,Causal,Wrangler_23,Wrangler_16,GB_23,GB_16
0,0.0,0.0,0.0,0.0,0.0,0.0
1,0.0,0.0,100.0,100.0,100.0,65.38461538461539
2,0.0,0.0,100.0,100.0,100.0,65.38461538461539
3,0.0,0.0,100.0,100.0,100.0,65.38461538461539
4,0.0,0.0,100.0,100.0,100.0,65.38461538461539
5,0.0,0.0,100.0,100.0,100.0,65.38461538461539
6,0.0,0.0,100.0,100.0,100.0,65.38461538461539
7,0.0,100.0,100.0,100.0,100.0,65.38461538461539
8,100.0,100.0,100.0,100.0,100.0,100.0
