,Correlation,Causal,Wrangler_23,Wrangler_16,GB_23,GB_16
0,0.0,0.0,0.0,0.0,0.0,0.0
1,0.0,0.0,97.11538461538461,97.11538461538461,92.3076923076923,76.92307692307693
2,0.0,0.0,99.03846153846155,99.03846153846155,97.11538461538461,87.5
3,0.0,0.0,99.03846153846155,99.03846153846155,99.03846153846155,87.5
4,0.0,0.0,99.03846153846155,99.03846153846155,99.03846153846155,87.5
5,0.0,23.076923076923077,99.03846153846155,99.03846153846155,99.03846153846155,87.5
6,0.0,23.076923076923077,99.03846153846155,99.03846153846155,99.03846153846155,87.5
7,0.0,23.076923076923077,99.03846153846155,99.03846153846155,99.03846153846155,87.5
8,100.0,100.0,100.0,100.0,100.0,100.0
