,Correlation,Causal,Wrangler_23,Wrangler_16,GB_23,GB_16
0,0.0,0.0,0.0,0.0,0.0,0.0
1,0.0,26.77165354330709,0.0,6.299212598425196,0.0,3.937007874015748
2,0.0,61.417322834645674,0.0,6.299212598425196,24.409448818897637,35.43307086614173
3,0.0,61.417322834645674,0.0,6.299212598425196,24.409448818897637,35.43307086614173
4,0.0,61.417322834645674,0.0,6.299212598425196,24.409448818897637,35.43307086614173
5,0.0,61.417322834645674,0.0,6.299212598425196,24.409448818897637,35.43307086614173
6,100.0,100.0,100.0,100.0,100.0,100.0
