,Correlation,Causal,Wrangler_23,Wrangler_16,GB_23,GB_16
0,0.0,0.0,0.0,0.0,0.0,0.0
1,0.0,0.0,0.0,0.0,29.09090909090909,40.909090909090914
2,0.0,0.0,0.0,0.0,30.0,49.54545454545455
3,0.0,0.0,0.0,0.0,30.454545454545457,50.90909090909091
4,100.0,100.0,100.0,100.0,100.0,100.0
