,Correlation,Causal,Wrangler_23,Wrangler_16,GB_23,GB_16
0,0.0,0.0,0.0,0.0,0.0,0.0
1,0.0,99.34640522875817,0.0,1.3071895424836601,0.0,3.2679738562091507
2,0.0,100.0,0.0,1.3071895424836601,0.0,6.535947712418301
3,0.0,100.0,0.0,1.3071895424836601,0.0,7.18954248366013
4,0.0,100.0,0.0,1.3071895424836601,0.0,7.8431372549019605
5,0.0,100.0,0.0,1.3071895424836601,0.0,7.8431372549019605
6,100.0,100.0,100.0,100.0,100.0,100.0
