,Correlation,Causal,Wrangler_23,Wrangler_16,GB_23,GB_16
0,0.0,0.0,0.0,0.0,0.0,0.0
1,0.0,0.0,100.0,100.0,58.139534883720934,55.81395348837209
2,0.0,0.0,100.0,100.0,58.139534883720934,55.81395348837209
3,100.0,100.0,100.0,100.0,100.0,100.0
