,Correlation,Causal,Wrangler_23,Wrangler_16,GB_23,GB_16
0,0.0,0.0,0.0,0.0,0.0,0.0
1,0.0,0.0,60.0,53.333333333333336,93.33333333333333,0.0
2,0.0,0.0,73.33333333333333,66.66666666666666,93.33333333333333,0.0
3,0.0,0.0,73.33333333333333,73.33333333333333,93.33333333333333,0.0
4,100.0,100.0,100.0,100.0,100.0,100.0
