,Correlation,Causal,Wrangler_23,Wrangler_16,GB_23,GB_16
0,0.0,0.0,0.0,0.0,0.0,0.0
1,0.0,0.0,0.0,0.0,100.0,0.0
2,0.0,0.0,0.0,0.0,100.0,0.0
3,0.0,0.0,0.0,0.0,100.0,76.92307692307693
4,0.0,0.0,13.846153846153847,0.0,100.0,98.46153846153847
5,0.0,0.0,44.61538461538462,0.0,100.0,100.0
6,0.0,0.0,100.0,0.0,100.0,100.0
7,0.0,0.0,100.0,1.5384615384615385,100.0,100.0
8,0.0,0.0,100.0,4.615384615384616,100.0,100.0
9,0.0,0.0,100.0,40.0,100.0,100.0
10,0.0,0.0,100.0,53.84615384615385,100.0,100.0
11,0.0,0.0,100.0,64.61538461538461,100.0,100.0
12,0.0,0.0,100.0,80.0,100.0,100.0
13,0.0,0.0,100.0,100.0,100.0,100.0
14,0.0,0.0,100.0,100.0,100.0,100.0
15,0.0,0.0,100.0,100.0,100.0,100.0
16,0.0,0.0,100.0,100.0,100.0,100.0
17,0.0,0.0,100.0,100.0,100.0,100.0
18,0.0,0.0,100.0,100.0,100.0,100.0
19,0.0,100.0,100.0,100.0,100.0,100.0
20,0.0,100.0,100.0,100.0,100.0,100.0
21,0.0,100.0,100.0,100.0,100.0,100.0
22,100.0,100.0,100.0,100.0,100.0,100.0
