,Correlation,Causal,Wrangler_23,Wrangler_16,GB_23,GB_16
0,0.0,0.0,0.0,0.0,0.0,0.0
1,0.0,78.26086956521739,0.0,4.3478260869565215,0.0,100.0
2,0.0,78.26086956521739,0.0,4.3478260869565215,0.0,100.0
3,0.0,78.26086956521739,0.0,4.3478260869565215,0.0,100.0
4,0.0,82.6086956521739,0.0,4.3478260869565215,0.0,100.0
5,100.0,100.0,100.0,100.0,100.0,100.0
