,Correlation,Causal,Wrangler_23,Wrangler_16,GB_23,GB_16
0,0.0,0.0,0.0,0.0,0.0,0.0
1,0.0,0.0,94.87179487179486,35.8974358974359,41.02564102564102,35.8974358974359
2,0.0,0.0,94.87179487179486,82.05128205128204,84.61538461538461,82.05128205128204
3,0.0,0.0,94.87179487179486,84.61538461538461,87.17948717948718,84.61538461538461
4,0.0,76.92307692307693,94.87179487179486,84.61538461538461,87.17948717948718,84.61538461538461
5,0.0,87.17948717948718,94.87179487179486,87.17948717948718,87.17948717948718,87.17948717948718
6,0.0,87.17948717948718,100.0,89.74358974358975,89.74358974358975,89.74358974358975
7,0.0,89.74358974358975,100.0,100.0,100.0,100.0
8,0.0,89.74358974358975,100.0,100.0,100.0,100.0
9,0.0,89.74358974358975,100.0,100.0,100.0,100.0
10,100.0,100.0,100.0,100.0,100.0,100.0
