,Correlation,Causal,Wrangler_23,Wrangler_16,GB_23,GB_16
0,0.0,0.0,0.0,0.0,0.0,0.0
1,0.0,0.0,100.0,0.0,54.285714285714285,0.0
2,0.0,0.0,100.0,8.571428571428571,54.285714285714285,0.0
3,0.0,0.0,100.0,74.28571428571429,54.285714285714285,0.0
4,0.0,0.0,100.0,80.0,54.285714285714285,0.0
5,0.0,100.0,100.0,80.0,54.285714285714285,0.0
6,100.0,100.0,100.0,100.0,100.0,100.0
