,Correlation,Causal,Wrangler_23,Wrangler_16,GB_23,GB_16
0,0.0,0.0,0.0,0.0,0.0,0.0
1,0.0,0.0,100.0,4.444444444444445,0.0,100.0
2,0.0,0.0,100.0,4.444444444444445,0.0,100.0
3,0.0,0.0,100.0,4.444444444444445,0.0,100.0
4,2.2222222222222223,2.2222222222222223,100.0,4.444444444444445,0.0,100.0
5,2.2222222222222223,2.2222222222222223,100.0,4.444444444444445,0.0,100.0
6,2.2222222222222223,2.2222222222222223,100.0,4.444444444444445,0.0,100.0
7,100.0,100.0,100.0,100.0,100.0,100.0
