,Correlation,Causal,Wrangler_23,Wrangler_16,GB_23,GB_16
0,0.0,0.0,0.0,0.0,0.0,0.0
1,0.0,84.21052631578947,94.73684210526315,0.0,68.42105263157895,0.0
2,0.0,89.47368421052632,100.0,0.0,73.68421052631578,0.0
3,0.0,89.47368421052632,100.0,0.0,73.68421052631578,0.0
4,0.0,89.47368421052632,100.0,0.0,73.68421052631578,0.0
5,0.0,89.47368421052632,100.0,0.0,73.68421052631578,0.0
6,0.0,89.47368421052632,100.0,0.0,73.68421052631578,0.0
7,0.0,89.47368421052632,100.0,0.0,73.68421052631578,0.0
8,0.0,89.47368421052632,100.0,0.0,73.68421052631578,10.526315789473683
9,0.0,89.47368421052632,100.0,0.0,73.68421052631578,15.789473684210526
10,0.0,89.47368421052632,100.0,0.0,73.68421052631578,42.10526315789473
11,0.0,89.47368421052632,100.0,0.0,73.68421052631578,52.63157894736842
12,0.0,89.47368421052632,100.0,0.0,73.68421052631578,78.94736842105263
13,0.0,89.47368421052632,100.0,0.0,73.68421052631578,89.47368421052632
14,0.0,89.47368421052632,100.0,0.0,73.68421052631578,89.47368421052632
15,0.0,89.47368421052632,100.0,0.0,73.68421052631578,89.47368421052632
16,0.0,100.0,100.0,0.0,73.68421052631578,89.47368421052632
17,0.0,100.0,100.0,0.0,73.68421052631578,89.47368421052632
18,0.0,100.0,100.0,0.0,73.68421052631578,89.47368421052632
19,0.0,100.0,100.0,0.0,73.68421052631578,89.47368421052632
20,0.0,100.0,100.0,0.0,73.68421052631578,89.47368421052632
21,100.0,100.0,100.0,100.0,100.0,100.0
