,Correlation,Causal,Wrangler_23,Wrangler_16,GB_23,GB_16
0,0.0,0.0,0.0,0.0,0.0,0.0
1,0.0,0.0,100.0,96.15384615384616,100.0,0.0
2,0.0,0.0,100.0,96.15384615384616,100.0,0.0
3,0.0,53.84615384615385,100.0,96.15384615384616,100.0,0.0
4,100.0,100.0,100.0,100.0,100.0,100.0
