,Correlation,Causal,Wrangler_23,Wrangler_16,GB_23,GB_16
0,0.0,0.0,0.0,0.0,0.0,0.0
1,0.0,0.0,0.0,0.0,0.0,83.47826086956522
2,0.0,0.0,0.0,0.0,0.0,83.47826086956522
3,0.0,0.0,0.0,0.0,0.0,84.34782608695653
4,1.7391304347826086,3.4782608695652173,0.0,0.0,0.0,84.34782608695653
5,100.0,100.0,100.0,100.0,100.0,100.0
