,Correlation,Causal,Wrangler_23,Wrangler_16,GB_23,GB_16
0,0.0,0.0,0.0,0.0,0.0,0.0
1,0.0,0.0,35.8974358974359,20.51282051282051,100.0,0.0
2,0.0,0.0,35.8974358974359,25.64102564102564,100.0,0.0
3,100.0,100.0,35.8974358974359,28.205128205128204,100.0,0.0
4,100.0,100.0,35.8974358974359,28.205128205128204,100.0,0.0
5,100.0,100.0,43.58974358974359,28.205128205128204,100.0,0.0
6,100.0,100.0,66.66666666666666,28.205128205128204,100.0,0.0
7,100.0,100.0,79.48717948717949,28.205128205128204,100.0,0.0
8,100.0,100.0,79.48717948717949,28.205128205128204,100.0,0.0
9,100.0,100.0,79.48717948717949,28.205128205128204,100.0,0.0
10,100.0,100.0,87.17948717948718,28.205128205128204,100.0,0.0
11,100.0,100.0,89.74358974358975,28.205128205128204,100.0,0.0
12,100.0,100.0,89.74358974358975,28.205128205128204,100.0,0.0
13,100.0,100.0,89.74358974358975,28.205128205128204,100.0,0.0
14,100.0,100.0,89.74358974358975,28.205128205128204,100.0,0.0
15,100.0,100.0,89.74358974358975,28.205128205128204,100.0,0.0
16,100.0,100.0,92.3076923076923,28.205128205128204,100.0,0.0
17,100.0,100.0,92.3076923076923,28.205128205128204,100.0,0.0
18,100.0,100.0,92.3076923076923,28.205128205128204,100.0,0.0
19,100.0,100.0,100.0,100.0,100.0,100.0
