,Correlation,Causal,Wrangler_23,Wrangler_16,GB_23,GB_16
0,0.0,0.0,0.0,0.0,0.0,0.0
1,0.0,0.0,98.9795918367347,98.9795918367347,98.9795918367347,98.9795918367347
2,0.0,0.0,100.0,100.0,100.0,100.0
3,0.0,0.0,100.0,100.0,100.0,100.0
4,75.51020408163265,75.51020408163265,100.0,100.0,100.0,100.0
5,75.51020408163265,75.51020408163265,100.0,100.0,100.0,100.0
6,75.51020408163265,75.51020408163265,100.0,100.0,100.0,100.0
7,100.0,100.0,100.0,100.0,100.0,100.0
