,Correlation,Causal,Wrangler_23,Wrangler_16,GB_23,GB_16
0,0.0,0.0,0.0,0.0,0.0,0.0
1,0.0,11.0,7.000000000000001,12.0,12.0,12.0
2,0.0,62.0,56.99999999999999,62.0,50.0,56.99999999999999
3,0.0,82.0,77.0,82.0,70.0,80.0
4,0.0,82.0,77.0,82.0,70.0,80.0
5,0.0,82.0,77.0,82.0,70.0,80.0
6,0.0,82.0,77.0,82.0,70.0,80.0
7,100.0,100.0,100.0,100.0,100.0,100.0
