,Correlation,Causal,Wrangler_23,Wrangler_16,GB_23,GB_16
0,0.0,0.0,0.0,0.0,0.0,0.0
1,0.0,0.0,7.865168539325842,0.0,0.0,0.0
2,0.0,0.0,7.865168539325842,0.0,0.0,0.0
3,0.0,56.17977528089888,7.865168539325842,0.0,0.0,0.0
4,23.595505617977526,73.03370786516854,7.865168539325842,0.0,0.0,0.0
5,23.595505617977526,73.03370786516854,7.865168539325842,0.0,0.0,0.0
6,23.595505617977526,73.03370786516854,7.865168539325842,0.0,0.0,0.0
7,23.595505617977526,73.03370786516854,7.865168539325842,0.0,0.0,0.0
8,100.0,100.0,100.0,100.0,100.0,100.0
