,Correlation,Causal,Wrangler_23,Wrangler_16,GB_23,GB_16
0,0.0,0.0,0.0,0.0,0.0,0.0
1,0.0,0.0,100.0,100.0,100.0,100.0
2,0.0,1.9801980198019802,100.0,100.0,100.0,100.0
3,0.0,2.9702970297029703,100.0,100.0,100.0,100.0
4,0.0,2.9702970297029703,100.0,100.0,100.0,100.0
5,100.0,100.0,100.0,100.0,100.0,100.0
6,100.0,100.0,100.0,100.0,100.0,100.0
7,100.0,100.0,100.0,100.0,100.0,100.0
8,100.0,100.0,100.0,100.0,100.0,100.0
