,Correlation,Causal,Wrangler_23,Wrangler_16,GB_23,GB_16
0,0.0,0.0,0.0,0.0,0.0,0.0
1,0.0,0.0,4.081632653061225,0.0,98.9795918367347,98.9795918367347
2,0.0,0.0,10.204081632653061,0.0,98.9795918367347,98.9795918367347
3,98.9795918367347,98.9795918367347,10.204081632653061,0.0,98.9795918367347,98.9795918367347
4,98.9795918367347,98.9795918367347,11.224489795918368,0.0,98.9795918367347,98.9795918367347
5,98.9795918367347,98.9795918367347,11.224489795918368,0.0,98.9795918367347,98.9795918367347
6,100.0,100.0,100.0,100.0,100.0,100.0
