,Correlation,Causal,Wrangler_23,Wrangler_16,GB_23,GB_16
0,0.0,0.0,0.0,0.0,0.0,0.0
1,0.0,93.69369369369369,93.69369369369369,93.69369369369369,64.86486486486487,0.0
2,0.0,94.5945945945946,94.5945945945946,94.5945945945946,67.56756756756756,0.0
3,0.0,94.5945945945946,94.5945945945946,94.5945945945946,67.56756756756756,0.0
4,0.0,94.5945945945946,94.5945945945946,94.5945945945946,67.56756756756756,0.0
5,100.0,100.0,100.0,100.0,100.0,100.0
