,Correlation,Causal,Wrangler_23,Wrangler_16,GB_23,GB_16
0,0.0,0.0,0.0,0.0,0.0,0.0
1,0.0,0.0,1.8518518518518516,1.8518518518518516,0.9259259259259258,1.8518518518518516
2,0.0,8.333333333333332,9.25925925925926,9.25925925925926,7.4074074074074066,8.333333333333332
3,0.0,19.444444444444446,17.59259259259259,19.444444444444446,17.59259259259259,18.51851851851852
4,0.0,19.444444444444446,17.59259259259259,19.444444444444446,17.59259259259259,18.51851851851852
5,0.0,19.444444444444446,17.59259259259259,19.444444444444446,17.59259259259259,18.51851851851852
6,0.0,19.444444444444446,17.59259259259259,19.444444444444446,17.59259259259259,18.51851851851852
7,0.0,19.444444444444446,17.59259259259259,19.444444444444446,17.59259259259259,18.51851851851852
8,100.0,100.0,100.0,100.0,100.0,100.0
