,Correlation,Causal,Wrangler_23,Wrangler_16,GB_23,GB_16
0,0.0,0.0,0.0,0.0,0.0,0.0
1,0.0,0.0,0.0,0.0,0.0,0.0
2,0.0,4.10958904109589,0.0,0.0,0.0,0.0
3,0.0,4.10958904109589,0.0,0.0,0.0,0.0
4,0.0,98.63013698630137,0.0,0.0,0.0,0.0
5,100.0,100.0,100.0,100.0,100.0,100.0
