,Correlation,Causal,Wrangler_23,Wrangler_16,GB_23,GB_16
0,0.0,0.0,0.0,0.0,0.0,0.0
1,0.0,0.0,92.3076923076923,92.3076923076923,92.3076923076923,92.3076923076923
2,0.0,0.0,100.0,100.0,100.0,100.0
3,0.0,0.0,100.0,100.0,100.0,100.0
4,0.0,0.0,100.0,100.0,100.0,100.0
5,53.84615384615385,53.84615384615385,100.0,100.0,100.0,100.0
6,53.84615384615385,53.84615384615385,100.0,100.0,100.0,100.0
7,53.84615384615385,53.84615384615385,100.0,100.0,100.0,100.0
8,100.0,100.0,100.0,100.0,100.0,100.0
