,Correlation,Causal,Wrangler_23,Wrangler_16,GB_23,GB_16
0,0.0,0.0,0.0,0.0,0.0,0.0
1,0.0,0.0,100.0,100.0,100.0,0.0
2,0.0,1.1235955056179776,100.0,100.0,100.0,0.0
3,0.0,10.112359550561797,100.0,100.0,100.0,0.0
4,2.247191011235955,100.0,100.0,100.0,100.0,0.0
5,3.3707865168539324,100.0,100.0,100.0,100.0,0.0
6,3.3707865168539324,100.0,100.0,100.0,100.0,0.0
7,3.3707865168539324,100.0,100.0,100.0,100.0,0.0
8,3.3707865168539324,100.0,100.0,100.0,100.0,0.0
9,3.3707865168539324,100.0,100.0,100.0,100.0,0.0
10,100.0,100.0,100.0,100.0,100.0,100.0
