,Correlation,Causal,Wrangler_23,Wrangler_16,GB_23,GB_16
0,0.0,0.0,0.0,0.0,0.0,0.0
1,0.0,0.0,19.607843137254903,19.607843137254903,3.9215686274509802,0.0
2,0.0,0.0,19.607843137254903,19.607843137254903,3.9215686274509802,0.0
3,100.0,100.0,100.0,100.0,100.0,100.0
