,Correlation,Causal,Wrangler_23,Wrangler_16,GB_23,GB_16
0,0.0,0.0,0.0,0.0,0.0,0.0
1,0.0,0.0,0.0,5.555555555555555,16.666666666666664,0.0
2,100.0,100.0,100.0,100.0,100.0,100.0
