,Correlation,Causal,Wrangler_23,Wrangler_16,GB_23,GB_16
0,0.0,0.0,0.0,0.0,0.0,0.0
1,0.0,0.0,61.702127659574465,0.0,0.0,4.25531914893617
2,0.0,0.0,98.93617021276596,0.0,0.0,4.25531914893617
3,0.0,0.0,98.93617021276596,0.0,0.0,4.25531914893617
4,0.0,0.0,100.0,0.0,0.0,4.25531914893617
5,9.574468085106384,9.574468085106384,100.0,0.0,0.0,4.25531914893617
6,9.574468085106384,9.574468085106384,100.0,0.0,0.0,4.25531914893617
7,9.574468085106384,9.574468085106384,100.0,0.0,0.0,4.25531914893617
8,9.574468085106384,9.574468085106384,100.0,0.0,0.0,4.25531914893617
9,9.574468085106384,9.574468085106384,100.0,0.0,0.0,4.25531914893617
10,100.0,100.0,100.0,100.0,100.0,100.0
