,Correlation,Causal,Wrangler_23,Wrangler_16,GB_23,GB_16
0,0.0,0.0,0.0,0.0,0.0,0.0
1,0.0,96.7032967032967,100.0,100.0,100.0,0.0
2,0.0,96.7032967032967,100.0,100.0,100.0,0.0
3,0.0,97.8021978021978,100.0,100.0,100.0,0.0
4,43.956043956043956,100.0,100.0,100.0,100.0,0.0
5,43.956043956043956,100.0,100.0,100.0,100.0,0.0
6,43.956043956043956,100.0,100.0,100.0,100.0,0.0
7,43.956043956043956,100.0,100.0,100.0,100.0,0.0
8,100.0,100.0,100.0,100.0,100.0,100.0
