,Correlation,Causal,Wrangler_23,Wrangler_16,GB_23,GB_16
0,0.0,0.0,0.0,0.0,0.0,0.0
1,0.0,0.0,100.0,85.36585365853658,100.0,100.0
2,0.0,0.0,100.0,100.0,100.0,100.0
3,0.0,0.0,100.0,100.0,100.0,100.0
4,95.1219512195122,95.1219512195122,100.0,100.0,100.0,100.0
5,100.0,100.0,100.0,100.0,100.0,100.0
