,Correlation,Causal,Wrangler_23,Wrangler_16,GB_23,GB_16
0,0.0,0.0,0.0,0.0,0.0,0.0
1,0.0,0.0,100.0,65.85365853658537,39.02439024390244,0.0
2,0.0,0.0,100.0,100.0,39.02439024390244,0.0
3,0.0,0.0,100.0,100.0,39.02439024390244,0.0
4,95.1219512195122,95.1219512195122,100.0,100.0,39.02439024390244,0.0
5,100.0,100.0,100.0,100.0,100.0,100.0
