,Correlation,Causal,Wrangler_23,Wrangler_16,GB_23,GB_16
0,0.0,0.0,0.0,0.0,0.0,0.0
1,0.0,0.0,12.121212121212121,0.0,91.91919191919192,56.56565656565656
2,0.0,0.0,26.262626262626267,0.0,97.97979797979798,62.62626262626263
3,0.0,0.0,35.35353535353536,0.0,98.98989898989899,63.63636363636363
4,73.73737373737373,73.73737373737373,37.37373737373738,0.0,100.0,64.64646464646465
5,73.73737373737373,73.73737373737373,38.38383838383838,0.0,100.0,64.64646464646465
6,73.73737373737373,73.73737373737373,38.38383838383838,0.0,100.0,64.64646464646465
7,73.73737373737373,73.73737373737373,38.38383838383838,0.0,100.0,64.64646464646465
8,100.0,100.0,100.0,100.0,100.0,100.0
