,Correlation,Causal,Wrangler_23,Wrangler_16,GB_23,GB_16
0,0.0,0.0,0.0,0.0,0.0,0.0
1,0.0,0.0,100.0,11.76470588235294,91.17647058823529,0.0
2,0.0,0.0,100.0,23.52941176470588,100.0,0.0
3,0.0,97.05882352941177,100.0,26.47058823529412,100.0,0.0
4,38.23529411764706,100.0,100.0,29.411764705882355,100.0,0.0
5,38.23529411764706,100.0,100.0,35.294117647058826,100.0,0.0
6,38.23529411764706,100.0,100.0,41.17647058823529,100.0,0.0
7,38.23529411764706,100.0,100.0,44.11764705882353,100.0,0.0
8,38.23529411764706,100.0,100.0,44.11764705882353,100.0,0.0
9,38.23529411764706,100.0,100.0,44.11764705882353,100.0,0.0
10,38.23529411764706,100.0,100.0,44.11764705882353,100.0,0.0
11,38.23529411764706,100.0,100.0,44.11764705882353,100.0,0.0
12,38.23529411764706,100.0,100.0,44.11764705882353,100.0,0.0
13,100.0,100.0,100.0,100.0,100.0,100.0
