,Correlation,Causal,Wrangler_23,Wrangler_16,GB_23,GB_16
0,0.0,0.0,0.0,0.0,0.0,0.0
1,0.0,0.9259259259259258,1.8518518518518516,1.8518518518518516,0.9259259259259258,1.8518518518518516
2,0.0,9.25925925925926,9.25925925925926,9.25925925925926,1.8518518518518516,2.7777777777777777
3,0.0,19.444444444444446,18.51851851851852,19.444444444444446,11.11111111111111,8.333333333333332
4,0.0,19.444444444444446,18.51851851851852,19.444444444444446,11.11111111111111,8.333333333333332
5,0.0,19.444444444444446,18.51851851851852,19.444444444444446,11.11111111111111,8.333333333333332
6,0.0,19.444444444444446,18.51851851851852,19.444444444444446,11.11111111111111,8.333333333333332
7,0.0,19.444444444444446,18.51851851851852,19.444444444444446,11.11111111111111,8.333333333333332
8,100.0,100.0,100.0,100.0,100.0,100.0
