,Correlation,Causal,Wrangler_23,Wrangler_16,GB_23,GB_16
0,0.0,0.0,0.0,0.0,0.0,0.0
1,0.0,64.4404332129964,99.45848375451264,0.5415162454873645,98.014440433213,98.37545126353791
2,0.0,85.74007220216606,99.63898916967509,4.512635379061372,99.27797833935018,99.45848375451264
3,0.0,92.7797833935018,99.63898916967509,23.646209386281587,99.81949458483754,100.0
4,0.0,95.84837545126354,99.63898916967509,36.462093862815884,99.81949458483754,100.0
5,99.45848375451264,100.0,99.63898916967509,53.24909747292419,99.81949458483754,100.0
6,99.45848375451264,100.0,99.81949458483754,60.108303249097474,99.81949458483754,100.0
7,99.45848375451264,100.0,99.81949458483754,62.27436823104693,99.81949458483754,100.0
8,99.81949458483754,100.0,99.81949458483754,63.537906137184116,99.81949458483754,100.0
9,99.81949458483754,100.0,99.81949458483754,63.898916967509024,99.81949458483754,100.0
10,99.81949458483754,100.0,99.81949458483754,64.07942238267148,99.81949458483754,100.0
11,99.81949458483754,100.0,99.81949458483754,64.25992779783394,99.81949458483754,100.0
12,99.81949458483754,100.0,99.81949458483754,64.25992779783394,99.81949458483754,100.0
13,99.81949458483754,100.0,99.81949458483754,64.25992779783394,99.81949458483754,100.0
14,100.0,100.0,100.0,100.0,100.0,100.0
