,Correlation,Causal,Wrangler_23,Wrangler_16,GB_23,GB_16
0,0.0,0.0,0.0,0.0,0.0,0.0
1,0.0,100.0,19.25925925925926,44.44444444444444,40.0,0.0
2,0.0,100.0,42.22222222222222,60.74074074074074,43.7037037037037,0.0
3,100.0,100.0,100.0,100.0,100.0,100.0
