,Correlation,Causal,Wrangler_23,Wrangler_16,GB_23,GB_16
0,0.0,0.0,0.0,0.0,0.0,0.0
1,0.0,0.0,0.0,0.0,0.0,0.0
2,0.0,28.28282828282828,0.0,0.0,0.0,0.0
3,0.0,69.6969696969697,0.0,2.0202020202020203,0.0,0.0
4,0.0,90.9090909090909,0.0,21.21212121212121,0.0,0.0
5,0.0,93.93939393939394,0.0,43.43434343434344,0.0,0.0
6,0.0,94.94949494949495,0.0,46.464646464646464,0.0,0.0
7,0.0,100.0,0.0,48.484848484848484,0.0,0.0
8,0.0,100.0,0.0,48.484848484848484,0.0,0.0
9,100.0,100.0,100.0,100.0,100.0,100.0
