,Correlation,Causal,Wrangler_23,Wrangler_16,GB_23,GB_16
0,0.0,0.0,0.0,0.0,0.0,0.0
1,0.0,0.0,0.0,0.0,91.91919191919192,91.91919191919192
2,0.0,0.0,1.0101010101010102,0.0,97.97979797979798,97.97979797979798
3,0.0,0.0,1.0101010101010102,0.0,98.98989898989899,98.98989898989899
4,73.73737373737373,73.73737373737373,1.0101010101010102,0.0,100.0,100.0
5,73.73737373737373,73.73737373737373,1.0101010101010102,0.0,100.0,100.0
6,73.73737373737373,73.73737373737373,1.0101010101010102,0.0,100.0,100.0
7,73.73737373737373,73.73737373737373,1.0101010101010102,0.0,100.0,100.0
8,100.0,100.0,100.0,100.0,100.0,100.0
