,Correlation,Causal,Wrangler_23,Wrangler_16,GB_23,GB_16
0,0.0,0.0,0.0,0.0,0.0,0.0
1,0.0,0.0,0.0,0.0,0.0,52.17391304347826
2,0.0,0.0,0.0,0.0,0.0,52.17391304347826
3,0.0,0.0,0.0,0.0,0.0,52.17391304347826
4,0.0,0.0,0.0,0.0,0.0,52.17391304347826
5,0.0,0.0,0.0,0.0,0.0,52.17391304347826
6,0.0,0.0,0.0,0.0,0.0,52.17391304347826
7,100.0,100.0,100.0,100.0,100.0,100.0
