,Correlation,Causal,Wrangler_23,Wrangler_16,GB_23,GB_16
0,0.0,0.0,0.0,0.0,0.0,0.0
1,0.0,0.0,0.0,0.0,0.0,0.0
2,0.0,35.35353535353536,0.0,0.0,0.0,0.0
3,0.0,76.76767676767676,0.0,0.0,0.0,0.0
4,0.0,87.87878787878788,0.0,0.0,0.0,0.0
5,0.0,91.91919191919192,0.0,0.0,0.0,0.0
6,0.0,91.91919191919192,0.0,0.0,0.0,0.0
7,0.0,100.0,0.0,0.0,0.0,0.0
8,0.0,100.0,0.0,0.0,0.0,0.0
9,100.0,100.0,100.0,100.0,100.0,100.0
