,Correlation,Causal,Wrangler_23,Wrangler_16,GB_23,GB_16
0,0.0,0.0,0.0,0.0,0.0,0.0
1,0.0,0.0,0.0,0.0,0.0,0.0
2,0.0,42.028985507246375,0.0,0.0,2.898550724637681,6.521739130434782
3,0.0,42.028985507246375,0.0,0.0,2.898550724637681,8.695652173913043
4,0.0,42.028985507246375,0.0,0.0,2.898550724637681,10.869565217391305
5,0.0,42.028985507246375,0.0,0.0,2.898550724637681,10.869565217391305
6,100.0,100.0,100.0,100.0,100.0,100.0
