,Correlation,Causal,Wrangler_23,Wrangler_16,GB_23,GB_16
0,0.0,0.0,0.0,0.0,0.0,0.0
1,0.0,0.0,0.0,0.0,96.07843137254902,11.76470588235294
2,0.0,0.0,0.0,0.0,96.07843137254902,11.76470588235294
3,0.0,0.0,0.0,0.0,96.07843137254902,11.76470588235294
4,100.0,100.0,100.0,100.0,100.0,100.0
