,Correlation,Causal,Wrangler_23,Wrangler_16,GB_23,GB_16
0,0.0,0.0,0.0,0.0,0.0,0.0
1,0.0,0.0,100.0,100.0,100.0,95.1219512195122
2,0.0,0.0,100.0,100.0,100.0,95.1219512195122
3,0.0,0.0,100.0,100.0,100.0,95.1219512195122
4,0.0,0.0,100.0,100.0,100.0,95.1219512195122
5,100.0,100.0,100.0,100.0,100.0,100.0
