,Correlation,Causal,Wrangler_23,Wrangler_16,GB_23,GB_16
0,0.0,0.0,0.0,0.0,0.0,0.0
1,0.0,100.0,0.0,0.0,0.0,0.0
2,0.0,100.0,0.0,0.0,0.0,0.0
3,0.0,100.0,0.0,0.0,0.0,0.0
4,0.0,100.0,0.0,0.0,0.0,0.0
5,0.0,100.0,0.0,0.0,0.0,0.0
6,0.0,100.0,0.0,4.672897196261682,0.0,0.0
7,0.0,100.0,0.0,13.084112149532709,0.0,0.0
8,0.0,100.0,0.0,23.364485981308412,0.0,0.0
9,0.0,100.0,0.0,32.71028037383177,0.0,0.0
10,0.0,100.0,0.0,45.794392523364486,0.0,0.0
11,0.0,100.0,0.0,57.943925233644855,0.0,0.0
12,0.0,100.0,0.0,67.28971962616822,0.0,0.0
13,0.0,100.0,0.0,77.57009345794393,0.0,0.0
14,0.0,100.0,0.0,85.04672897196261,0.0,0.0
15,0.0,100.0,0.0,90.65420560747664,0.0,0.0
16,0.0,100.0,0.0,95.32710280373831,0.0,0.0
17,0.0,100.0,0.0,98.13084112149532,0.0,0.0
18,0.0,100.0,0.0,98.13084112149532,0.0,0.0
19,0.0,100.0,0.0,98.13084112149532,0.0,0.0
20,0.0,100.0,0.0,99.06542056074767,0.0,0.0
21,0.0,100.0,0.0,100.0,0.0,0.0
22,0.0,100.0,0.0,100.0,0.0,0.0
23,0.0,100.0,0.0,100.0,0.0,0.0
24,0.0,100.0,0.0,100.0,0.0,0.0
25,0.0,100.0,0.0,100.0,0.0,0.0
26,0.0,100.0,0.0,100.0,0.0,0.0
27,0.0,100.0,0.0,100.0,0.0,0.0
28,0.0,100.0,0.0,100.0,0.0,0.0
29,0.0,100.0,0.0,100.0,0.0,0.0
30,0.0,100.0,0.0,100.0,0.0,0.0
31,0.0,100.0,0.0,100.0,0.0,0.0
32,0.0,100.0,0.0,100.0,0.0,0.0
33,0.0,100.0,0.0,100.0,0.0,0.0
34,0.0,100.0,0.0,100.0,0.0,0.0
35,0.0,100.0,0.0,100.0,0.0,0.0
36,0.0,100.0,0.0,100.0,0.0,0.0
37,0.0,100.0,0.0,100.0,0.0,0.0
38,0.0,100.0,0.0,100.0,0.0,0.0
39,0.0,100.0,0.0,100.0,0.0,0.0
40,0.0,100.0,0.0,100.0,0.0,0.0
41,0.0,100.0,0.0,100.0,0.0,0.0
42,0.0,100.0,0.0,100.0,0.0,0.0
43,0.0,100.0,0.0,100.0,0.0,0.0
44,0.0,100.0,0.0,100.0,0.0,0.0
45,0.0,100.0,0.0,100.0,0.0,0.0
46,0.0,100.0,0.0,100.0,0.0,0.0
47,0.0,100.0,0.0,100.0,0.0,0.0
48,0.0,100.0,0.0,100.0,0.0,0.0
49,0.0,100.0,0.0,100.0,0.0,0.0
50,0.0,100.0,0.0,100.0,0.0,0.0
51,0.0,100.0,0.0,100.0,0.0,0.0
52,0.0,100.0,0.0,100.0,0.0,0.0
53,0.0,100.0,0.0,100.0,0.0,0.0
54,0.0,100.0,0.0,100.0,0.0,0.0
55,0.0,100.0,0.0,100.0,0.0,0.0
56,0.0,100.0,0.0,100.0,0.0,0.0
57,100.0,100.0,100.0,100.0,100.0,100.0
