,Correlation,Causal,Wrangler_23,Wrangler_16,GB_23,GB_16
0,0.0,0.0,0.0,0.0,0.0,0.0
1,0.0,0.0,94.73684210526315,100.0,94.73684210526315,73.68421052631578
2,0.0,0.0,94.73684210526315,100.0,94.73684210526315,73.68421052631578
3,0.0,94.73684210526315,94.73684210526315,100.0,94.73684210526315,73.68421052631578
4,0.0,94.73684210526315,94.73684210526315,100.0,94.73684210526315,73.68421052631578
5,0.0,100.0,100.0,100.0,100.0,73.68421052631578
6,0.0,100.0,100.0,100.0,100.0,73.68421052631578
7,0.0,100.0,100.0,100.0,100.0,73.68421052631578
8,100.0,100.0,100.0,100.0,100.0,100.0
