,Correlation,Corr-Oracle,Wrangler,Wrangler16,Wrangler23,Sherlock
0,55.55555555555555,33.333333333333336,16.666666666666668,33.333333333333336,33.333333333333336,33.333333333333336
