,Correlation,Causal,Wrangler_23,Wrangler_16,GB_23,GB_16
0,0.0,0.0,100.0,100.0,0.0,100.0
1,0.0,0.0,50.0,100.0,0.0,100.0
2,0.0,0.0,1.282051282051282,100.0,4.487179487179487,98.71794871794873
3,0.0,3.7037037037037033,4.938271604938271,100.0,4.320987654320987,98.76543209876543
