,Correlation,Causal,Wrangler_23,Wrangler_16,GB_23,GB_16
0,0.0,0.0,100.0,0.0,100.0,100.0
1,0.0,73.68421052631578,100.0,0.0,100.0,100.0
2,0.0,73.92638036809815,100.0,0.0,100.0,100.0
3,0.0,74.47447447447448,100.0,0.0,100.0,100.0
4,0.0,74.77744807121661,100.0,0.0,100.0,100.0
