,Correlation,Causal,Wrangler_23,Wrangler_16,GB_23,GB_16
0,0.0,0.0,0.0,0.0,100.0,2.380952380952381
1,2.3255813953488373,2.3255813953488373,0.0,0.0,100.0,2.3255813953488373
