,Correlation,Causal,Wrangler_23,Wrangler_16,GB_23,GB_16
0,0.0,0.0,0.0,0.0,0.0,0.0
1,0.0,0.0,18.473895582329316,0.0,0.0,0.0
2,0.0,0.0,15.800415800415802,0.0,0.0,0.0
3,0.0,0.0,14.57943925233645,0.0,0.0,0.0
4,0.0,0.1488095238095238,12.351190476190476,0.0,0.0,0.0
5,0.0,13.271245634458673,10.360884749708964,0.0,0.0,0.0
