,Correlation,Causal,Wrangler_23,Wrangler_16,GB_23,GB_16
0,0.0,0.0,100.0,0.0,0.0,0.0
1,0.0,84.47802197802197,100.0,0.0,75.27472527472527,70.87912087912088
2,0.0,86.59549228944246,100.0,0.0,67.73428232502965,63.93831553973903
3,0.0,87.0561282932417,100.0,0.0,65.63573883161511,61.855670103092784
4,0.0,87.07093821510298,100.0,0.0,65.56064073226545,61.784897025171624
