,Correlation,Causal,Wrangler_23,Wrangler_16,GB_23,GB_16
0,0.0,0.0,21.299638989169676,0.36101083032490977,0.0,0.0
1,0.0,0.0,14.143426294820719,0.199203187250996,0.0,0.0
2,0.0,0.0,13.172541743970315,0.1855287569573284,0.0,0.0
3,0.0,0.0,12.438625204582651,0.16366612111292964,0.0,0.0
4,0.0,0.0,13.411764705882353,0.1176470588235294,0.0,0.0
