,Correlation,Causal,Wrangler_23,Wrangler_16,GB_23,GB_16
0,0.0,0.0,100.0,42.592592592592595,0.0,100.0
1,0.0,21.73913043478261,100.0,37.68115942028986,0.0,100.0
2,0.0,13.88888888888889,100.0,30.555555555555557,0.0,100.0
3,0.0,13.392857142857142,100.0,29.464285714285715,0.0,100.0
4,0.0,12.931034482758621,100.0,28.448275862068968,0.0,100.0
