,Correlation,Causal,Wrangler_23,Wrangler_16,GB_23,GB_16
0,0.0,0.0,100.0,100.0,0.0,100.0
1,0.7352941176470588,16.176470588235293,100.0,100.0,0.0,100.0
2,1.8181818181818181,17.09090909090909,100.0,100.0,0.0,100.0
3,3.9145907473309607,18.86120996441281,100.0,100.0,0.0,100.0
4,5.594405594405594,20.27972027972028,100.0,100.0,0.0,100.0
5,5.923344947735192,20.209059233449477,100.0,100.0,0.0,100.0
6,6.5743944636678195,20.761245674740483,100.0,100.0,0.0,100.0
