,Correlation,Causal,Wrangler_23,Wrangler_16,GB_23,GB_16
0,0.0,0.0,100.0,100.0,0.0,0.0
1,0.0,15.568862275449103,87.42514970059881,98.80239520958084,13.17365269461078,7.18562874251497
2,0.0,15.88235294117647,87.6470588235294,98.82352941176471,13.529411764705882,7.647058823529412
3,0.0,15.789473684210526,87.71929824561403,98.83040935672514,13.450292397660817,7.602339181286549
