,Correlation,Causal,Wrangler_23,Wrangler_16,GB_23,GB_16
0,0.0,0.0,0.0,0.0,100.0,0.0
1,0.0,0.0,0.0,0.0,99.54954954954955,0.0
2,0.0,0.0,0.0,0.0,99.79123173277662,0.0
3,0.0,0.0,0.0,0.0,99.81308411214953,0.0
4,0.0,15.950920245398773,0.0,0.0,99.84662576687117,0.0
5,8.761682242990654,35.981308411214954,0.0,0.0,99.88317757009347,0.0
