,Correlation,Causal,Wrangler_23,Wrangler_16,GB_23,GB_16
0,0.0,0.0,0.0,0.0,0.0,0.0
1,0.0,0.0,0.0,0.0,78.57142857142857,0.0
2,0.0,28.467153284671532,0.0,0.0,68.61313868613139,0.0
3,0.0,32.450331125827816,0.0,0.0,64.23841059602648,0.0
4,0.0,36.25,0.0,0.0,60.62499999999999,0.0
5,0.0,36.41975308641975,0.0,0.0,59.876543209876544,0.0
