,Correlation,Causal,Wrangler_23,Wrangler_16,GB_23,GB_16
0,0.0,0.0,100.0,100.0,100.0,100.0
1,0.0,99.52606635071089,64.21800947867298,80.80568720379146,100.0,99.76303317535546
2,0.0,99.75757575757575,72.0,85.81818181818181,100.0,99.87878787878788
3,0.0,99.76771196283391,72.93844367015099,86.41114982578398,100.0,99.88385598141696
4,0.0,99.53650057937428,73.00115874855156,86.44264194669756,100.0,99.88412514484357
