,Correlation,Causal,Wrangler_23,Wrangler_16,GB_23,GB_16
0,0.0,0.0,100.0,100.0,100.0,100.0
1,0.0,61.51515151515151,100.0,74.24242424242425,100.0,74.24242424242425
