,Correlation,Causal,Wrangler_23,Wrangler_16,GB_23,GB_16
0,0.0,0.0,0.0,0.0,0.0,0.0
1,0.0,0.0,1.3888888888888888,0.0,0.0,0.0
2,0.0,1.36986301369863,1.36986301369863,0.0,0.0,0.0
3,0.0,4.0,1.3333333333333335,0.0,0.0,0.0
4,0.0,6.493506493506493,1.2987012987012987,0.0,0.0,0.0
5,0.0,9.433962264150944,1.257861635220126,0.0,0.0,0.0
