,Correlation,Causal,Wrangler_23,Wrangler_16,GB_23,GB_16
0,0.0,0.0,0.0,0.0,100.0,100.0
1,0.0,20.0,0.0,0.0,100.0,100.0
2,0.0,96.47887323943662,2.8169014084507045,26.76056338028169,100.0,100.0
3,3.4013605442176873,96.5986394557823,2.7210884353741496,25.850340136054424,100.0,100.0
4,8.860759493670885,96.83544303797468,2.5316455696202533,25.31645569620253,100.0,100.0
5,8.641975308641975,96.91358024691358,2.4691358024691357,24.691358024691358,100.0,100.0
6,8.536585365853659,96.95121951219512,2.4390243902439024,24.390243902439025,100.0,100.0
7,8.484848484848486,96.96969696969697,2.4242424242424243,24.242424242424242,100.0,100.0
8,8.383233532934131,97.0059880239521,2.3952095808383236,23.952095808383234,100.0,100.0
