,Correlation,Causal,Wrangler_23,Wrangler_16,GB_23,GB_16
0,0.0,0.0,100.0,100.0,100.0,100.0
1,0.0,0.0,100.0,100.0,97.58064516129032,100.0
2,19.480519480519483,19.480519480519483,100.0,100.0,98.05194805194806,100.0
3,20.51282051282051,20.51282051282051,100.0,100.0,98.07692307692307,100.0
4,22.0125786163522,22.0125786163522,100.0,100.0,98.11320754716981,100.0
5,22.981366459627328,22.981366459627328,100.0,100.0,98.13664596273291,100.0
