,Correlation,Causal,Wrangler_23,Wrangler_16,GB_23,GB_16
0,0.0,0.0,100.0,0.0,100.0,0.0
1,5.952380952380952,5.952380952380952,100.0,0.0,100.0,0.0
2,7.0588235294117645,7.0588235294117645,100.0,0.0,100.0,0.0
