,Correlation,Causal,Wrangler_23,Wrangler_16,GB_23,GB_16
0,0.0,0.0,100.0,100.0,100.0,100.0
1,0.0,0.0,100.0,100.0,100.0,100.0
2,1.2987012987012987,1.2987012987012987,100.0,100.0,100.0,100.0
3,6.748466257668712,6.748466257668712,100.0,100.0,100.0,100.0
4,7.317073170731707,7.317073170731707,100.0,100.0,100.0,100.0
