,Correlation,Causal,Wrangler_23,Wrangler_16,GB_23,GB_16
0,0.0,0.0,100.0,100.0,100.0,0.0
1,0.0,97.61904761904762,100.0,100.0,100.0,0.0
2,27.896995708154503,98.28326180257511,100.0,100.0,100.0,0.0
3,28.205128205128204,98.29059829059828,100.0,100.0,100.0,0.0
