,Correlation,Causal,Wrangler_23,Wrangler_16,GB_23,GB_16
0,0.0,0.0,100.0,100.0,0.0,0.0
1,0.0,0.24875621890547264,100.0,100.0,0.0,0.0
2,33.11148086522462,33.277870216306155,100.0,100.0,0.0,0.0
3,33.33333333333333,33.499170812603644,100.0,100.0,0.0,0.0
