,Correlation,Causal,Wrangler_23,Wrangler_16,GB_23,GB_16
0,0.0,0.0,100.0,100.0,100.0,100.0
1,0.0,0.0,100.0,100.0,100.0,100.0
2,0.0,21.38364779874214,100.0,100.0,100.0,100.0
3,0.0,21.875,100.0,100.0,100.0,100.0
4,0.0,22.839506172839506,100.0,100.0,100.0,100.0
5,0.0,23.31288343558282,100.0,100.0,100.0,100.0
