,Correlation,Causal,Wrangler_23,Wrangler_16,GB_23,GB_16
0,0.0,0.0,53.75,39.58333333333333,0.0,0.0
1,0.0,0.0,32.220039292730846,23.18271119842829,0.0,0.0
2,0.0,0.0,32.83333333333333,24.666666666666668,0.0,0.0
3,0.0,0.0,40.11695906432748,32.631578947368425,0.0,0.0
4,0.0,0.0,40.070093457943926,32.59345794392524,0.0,0.0
