,Correlation,Causal,Wrangler_23,Wrangler_16,GB_23,GB_16
0,0.0,0.0,100.0,100.0,100.0,0.0
1,0.0,91.8918918918919,100.0,100.0,100.0,0.0
2,0.0,21.656050955414013,100.0,100.0,100.0,0.0
3,0.0,21.11801242236025,100.0,100.0,100.0,0.0
