,Correlation,Causal,Wrangler_23,Wrangler_16,GB_23,GB_16
0,0.0,0.0,0.0,100.0,5.555555555555555,100.0
1,0.0,0.0,0.0,86.36363636363636,12.987012987012985,100.0
2,0.0,9.941520467836257,0.0,80.11695906432749,12.280701754385964,100.0
