,Correlation,Causal,Wrangler_23,Wrangler_16,GB_23,GB_16
0,0.0,0.0,27.11864406779661,35.59322033898305,0.0,100.0
