,Correlation,Causal,Wrangler_23,Wrangler_16,GB_23,GB_16
0,0.0,0.0,32.53012048192771,78.3132530120482,100.0,100.0
