,Correlation,Causal,Wrangler_23,Wrangler_16,GB_23,GB_16
0,0.0,0.0,0.0,0.0,0.0,100.0
1,0.0,0.0,0.0,6.557377049180328,83.13817330210773,34.66042154566745
2,0.0,0.0,0.0,6.496519721577726,82.36658932714617,35.266821345707655
