,Correlation,Causal,Wrangler_23,Wrangler_16,GB_23,GB_16
0,0.0,0.0,0.0,0.0,0.0,0.0
1,0.0,0.0,1.5384615384615385,21.53846153846154,0.0,0.0
2,0.0,7.6923076923076925,2.564102564102564,20.51282051282051,0.0,0.0
3,0.0,7.59493670886076,2.5316455696202533,20.253164556962027,0.0,0.0
4,0.0,13.095238095238097,2.380952380952381,19.047619047619047,0.0,0.0
