,Correlation,Causal,Wrangler_23,Wrangler_16,GB_23,GB_16
0,0.0,0.0,100.0,100.0,0.684931506849315,100.0
1,0.0,2.013422818791946,100.0,100.0,2.013422818791946,100.0
2,0.0,5.806451612903226,100.0,100.0,5.161290322580645,100.0
3,0.0,7.006369426751593,100.0,100.0,6.369426751592357,100.0
4,0.0,9.316770186335404,100.0,100.0,8.695652173913043,100.0
5,0.0,9.876543209876543,100.0,100.0,9.25925925925926,100.0
6,0.0,10.975609756097562,100.0,100.0,10.365853658536585,100.0
7,0.0,11.515151515151516,100.0,100.0,10.909090909090908,100.0
