,Correlation,Causal,Wrangler_23,Wrangler_16,GB_23,GB_16
0,0.0,0.0,100.0,100.0,100.0,100.0
1,0.0,0.0,100.0,100.0,100.0,100.0
2,0.0,92.90322580645162,100.0,100.0,100.0,93.54838709677419
3,5.487804878048781,93.29268292682927,100.0,100.0,100.0,89.63414634146342
