,Correlation,Causal,Wrangler_23,Wrangler_16,GB_23,GB_16
0,0.0,0.0,100.0,0.0,0.0,100.0
1,0.0,0.0,100.0,16.666666666666664,16.666666666666664,100.0
2,0.0,0.0,100.0,51.13636363636363,93.18181818181817,97.72727272727273
3,11.200000000000001,29.599999999999998,100.0,42.4,76.8,97.6
