,Correlation,Causal,Wrangler_23,Wrangler_16,GB_23,GB_16
0,0.0,0.0,83.33333333333334,100.0,100.0,100.0
1,0.0,0.0,85.88235294117646,100.0,100.0,100.0
