,Correlation,Causal,Wrangler_23,Wrangler_16,GB_23,GB_16
0,0.0,0.0,100.0,100.0,100.0,0.0
1,0.0,0.0,100.0,100.0,100.0,5.498281786941581
2,7.6190476190476195,7.6190476190476195,100.0,100.0,100.0,12.698412698412698
3,7.9113924050632916,7.9113924050632916,100.0,100.0,100.0,12.974683544303797
4,12.084592145015106,12.084592145015106,100.0,100.0,100.0,16.61631419939577
5,13.905325443786982,13.905325443786982,100.0,100.0,100.0,18.34319526627219
