,Correlation,Causal,Wrangler_23,Wrangler_16,GB_23,GB_16
0,0.0,100.0,0.0,0.0,0.0,0.0
1,0.0,100.0,0.0,0.0,4.12071967498549,4.12071967498549
2,0.0,99.8840579710145,0.0,0.0,4.231884057971015,4.231884057971015
3,0.0,99.82618771726536,0.0,0.0,4.287369640787949,4.287369640787949
4,0.0,99.71064814814815,0.0,0.0,4.398148148148148,4.398148148148148
