,Correlation,Causal,Wrangler_23,Wrangler_16,GB_23,GB_16
0,0.0,0.0,0.0,0.0,0.0,0.0
1,0.0,1.694915254237288,0.0,0.0,0.0,0.0
2,12.056737588652481,58.86524822695035,0.0,0.0,1.0638297872340425,1.773049645390071
3,8.860759493670885,70.63291139240506,0.0,0.0,0.7594936708860759,1.2658227848101267
4,8.827238335435057,70.74401008827238,0.0,0.0,0.7566204287515763,1.2610340479192939
