,Correlation,Causal,Wrangler_23,Wrangler_16,GB_23,GB_16
0,0.0,0.0,100.0,0.0,62.17948717948718,100.0
1,0.0,4.294478527607362,100.0,4.294478527607362,63.80368098159509,100.0
2,0.0,5.454545454545454,100.0,5.454545454545454,64.24242424242425,100.0
3,0.0,6.58682634730539,100.0,6.58682634730539,64.67065868263472,100.0
