,Correlation,Causal,Wrangler_23,Wrangler_16,GB_23,GB_16
0,0.0,0.0,100.0,100.0,100.0,0.0
1,0.0,0.0,100.0,91.76470588235294,91.76470588235294,0.0
2,0.0,0.0,100.0,90.69767441860465,90.69767441860465,0.0
