,Correlation,Causal,Wrangler_23,Wrangler_16,GB_23,GB_16
0,0.0,0.0,1.3574660633484164,1.3574660633484164,0.0,0.0
1,0.0,0.0,2.3404255319148937,1.9148936170212765,0.0,0.0
2,0.0,0.0,2.091254752851711,1.7110266159695817,0.0,0.0
3,0.0,0.0,2.0754716981132075,1.6981132075471699,0.0,0.0
4,0.0,0.0,2.0257826887661143,1.6574585635359116,0.0,0.0
5,0.0,0.0,1.3994910941475827,1.1450381679389312,0.0,0.0
6,0.0,0.0,1.2895662368112544,1.0550996483001172,0.0,0.0
7,0.0,0.0,1.288056206088993,1.053864168618267,0.0,0.0
8,0.0,0.0,1.2865497076023393,1.0526315789473684,0.0,0.0
