,Correlation,Causal,Wrangler_23,Wrangler_16,GB_23,GB_16
0,0.0,0.0,14.814814814814813,7.4074074074074066,12.345679012345679,100.0
1,0.0,3.571428571428571,17.857142857142858,7.142857142857142,11.904761904761903,96.42857142857143
2,0.0,5.813953488372093,19.767441860465116,6.976744186046512,11.627906976744185,94.18604651162791
