,Correlation,Causal,Wrangler_23,Wrangler_16,GB_23,GB_16
0,0.0,0.0,0.0,0.0,100.0,100.0
1,0.0,0.0,0.0,0.0,100.0,100.0
2,21.99074074074074,22.685185185185187,0.0,0.0,100.0,100.0
