,Correlation,Causal,Wrangler_23,Wrangler_16,GB_23,GB_16
0,0.0,0.0,0.0,0.0,0.0,0.0
1,0.0,0.0,0.0,0.0,0.0,50.0
2,0.0,0.0,0.0,0.0,0.0,95.0
3,0.0,0.0,0.0,0.0,0.0,93.10344827586206
4,0.0,0.0,0.0,0.0,0.0,86.79245283018868
5,0.0,0.0,0.0,0.0,0.0,86.25
