,Correlation,Causal,Wrangler_23,Wrangler_16,GB_23,GB_16
0,0.0,0.0,100.0,100.0,100.0,100.0
1,54.7646383467279,54.7646383467279,100.0,100.0,100.0,100.0
2,54.81651376146789,54.81651376146789,100.0,100.0,100.0,100.0
