,Correlation,Causal,Wrangler_23,Wrangler_16,GB_23,GB_16
0,0.0,0.0,0.0,0.0,100.0,100.0
1,0.0,24.358974358974358,0.0,0.0,100.0,100.0
2,0.0,24.050632911392405,0.0,0.0,100.0,100.0
3,0.0,23.456790123456788,0.0,0.0,100.0,100.0
