,Correlation,Causal,Wrangler_23,Wrangler_16,GB_23,GB_16
0,0.0,0.0,100.0,100.0,100.0,100.0
1,0.0,0.0,100.0,100.0,100.0,100.0
2,0.0,1.3793103448275863,100.0,100.0,100.0,100.0
3,0.0,10.062893081761008,100.0,100.0,100.0,100.0
4,0.0,11.728395061728394,100.0,100.0,100.0,100.0
5,0.0,12.269938650306749,100.0,100.0,100.0,100.0
6,0.0,12.195121951219512,100.0,100.0,100.0,100.0
