,Correlation,Causal,Wrangler_23,Wrangler_16,GB_23,GB_16
0,0.0,0.0,0.0,100.0,0.0,100.0
1,0.0,2.158273381294964,0.0,100.0,0.0,100.0
2,0.0,50.36496350364964,0.0,100.0,0.0,100.0
