,Correlation,Causal,Wrangler_23,Wrangler_16,GB_23,GB_16
0,0.0,0.0,0.0,5.0691244239631335,0.0,0.0
1,0.0,0.0,0.0,3.966597077244259,0.0,0.0
2,0.0,0.0,0.0,3.6468330134357005,0.0,0.0
3,0.0,0.0,0.0,3.5849056603773586,0.0,0.0
4,0.0,0.0,0.0,3.4926470588235294,0.0,0.0
5,0.0,0.0,0.0,2.3959646910466583,0.0,0.0
6,0.0,0.0,0.0,2.219626168224299,0.0,0.0
