,Correlation,Causal,Wrangler_23,Wrangler_16,GB_23,GB_16
0,0.0,0.0,100.0,100.0,100.0,0.0
1,98.10126582278481,98.10126582278481,100.0,100.0,100.0,0.0
2,95.0920245398773,98.15950920245399,100.0,100.0,100.0,0.0
3,94.51219512195121,98.17073170731707,100.0,100.0,100.0,0.0
4,93.93939393939394,98.18181818181819,100.0,100.0,100.0,0.0
