,Correlation,Causal,Wrangler_23,Wrangler_16,GB_23,GB_16
0,0.0,0.0,100.0,100.0,0.0,0.0
1,0.0,27.55417956656347,74.92260061919505,73.9938080495356,0.30959752321981426,0.0
2,0.0,27.384615384615387,74.46153846153845,73.53846153846155,0.3076923076923077,0.0
3,0.0,26.969696969696972,73.33333333333333,72.42424242424242,0.30303030303030304,0.0
