,Correlation,Causal,Wrangler_23,Wrangler_16,GB_23,GB_16
0,0.0,77.63157894736842,0.0,0.0,0.0,0.0
1,0.0,70.23809523809523,0.0,0.0,0.0,0.0
2,0.0,69.41176470588235,0.0,0.0,0.0,0.0
