,Correlation,Causal,Wrangler_23,Wrangler_16,GB_23,GB_16
0,0.0,0.0,100.0,100.0,100.0,100.0
1,98.8009592326139,98.8009592326139,100.0,100.0,100.0,100.0
2,98.80810488676997,98.80810488676997,100.0,100.0,100.0,100.0
3,98.812351543943,98.812351543943,100.0,100.0,100.0,100.0
