,Correlation,Causal,Wrangler_23,Wrangler_16,GB_23,GB_16
0,0.0,0.0,100.0,100.0,0.0,0.0
1,0.0,0.0,98.80952380952381,98.80952380952381,0.0,1.1904761904761905
2,1.1764705882352942,1.1764705882352942,97.6470588235294,97.6470588235294,0.0,2.3529411764705883
3,1.1627906976744187,1.1627906976744187,96.51162790697676,96.51162790697676,0.0,3.488372093023256
