,Correlation,Causal,Wrangler_23,Wrangler_16,GB_23,GB_16
0,0.0,0.0,100.0,100.0,100.0,100.0
1,3.9167686658506726,3.9167686658506726,100.0,100.0,100.0,100.0
2,6.880189798339265,6.880189798339265,100.0,100.0,100.0,100.0
