,Correlation,Causal,Wrangler_23,Wrangler_16,GB_23,GB_16
0,0.0,0.0,100.0,100.0,6.593406593406594,100.0
1,68.18181818181817,68.18181818181817,100.0,100.0,29.37062937062937,100.0
2,69.81132075471697,71.38364779874213,100.0,100.0,35.84905660377358,100.0
3,70.82066869300911,72.3404255319149,100.0,100.0,37.99392097264438,100.0
