,Correlation,Causal,Wrangler_23,Wrangler_16,GB_23,GB_16
0,0.0,0.0,0.0,0.0,0.0,23.456790123456788
1,0.0,75.6024096385542,1.8072289156626504,0.0,0.0,18.67469879518072
