,Correlation,Causal,Wrangler_23,Wrangler_16,GB_23,GB_16
0,0.0,100.0,100.0,0.0,0.0,0.0
1,0.0,100.0,99.54337899543378,0.0,77.1689497716895,4.5662100456621
2,0.0,100.0,99.5475113122172,0.0,76.47058823529412,4.524886877828054
3,0.0,99.54954954954955,99.54954954954955,0.0,76.12612612612612,4.504504504504505
