,Correlation,Causal,Wrangler_23,Wrangler_16,GB_23,GB_16
0,0.0,0.0,100.0,0.11467889908256881,100.0,100.0
1,0.0,0.0,99.31662870159454,0.11389521640091116,100.0,100.0
2,0.0,0.0,99.31972789115646,0.11337868480725624,100.0,100.0
3,0.0,0.0,99.3212669683258,0.11312217194570137,100.0,100.0
4,0.0,0.0,99.2090395480226,0.11299435028248588,100.0,100.0
