,Correlation,Causal,Wrangler_23,Wrangler_16,GB_23,GB_16
0,0.0,0.0,100.0,100.0,100.0,100.0
1,3.0303030303030303,3.0303030303030303,96.96969696969697,96.96969696969697,100.0,100.0
