,Correlation,Causal,Wrangler_23,Wrangler_16,GB_23,GB_16
0,0.0,0.0,0.0,0.0,0.0,100.0
1,89.69072164948454,89.69072164948454,0.0,0.0,0.0,100.0
