,Correlation,Causal,Wrangler_23,Wrangler_16,GB_23,GB_16
0,0.0,100.0,0.0,0.0,0.0,100.0
1,0.0,100.0,0.0,0.0,4.186046511627907,95.34883720930233
2,0.0,99.53703703703704,0.0,0.0,4.62962962962963,94.9074074074074
3,0.0,99.54337899543378,0.0,0.0,5.93607305936073,93.60730593607306
4,0.0,99.56521739130434,0.0,0.0,9.130434782608695,90.43478260869566
