,Correlation,Causal,Wrangler_23,Wrangler_16,GB_23,GB_16
0,0.0,0.0,0.0,0.0,0.0,0.0
1,0.0,0.0,2.1459227467811157,0.0,0.0,0.0
2,0.0,0.0,3.2989690721649487,0.0,0.0,0.0
3,0.0,0.0,3.125,0.0,0.0,0.0
4,0.0,0.0,2.3391812865497075,0.0,0.0,0.0
5,0.0,19.812426729191092,1.875732708089097,0.0,0.0,0.0
