,Correlation,Causal,Wrangler_23,Wrangler_16,GB_23,GB_16
0,0.0,0.0,100.0,0.0,0.0,0.0
1,0.0,0.0,100.0,57.407407407407405,0.0,0.0
2,0.0,42.5531914893617,84.04255319148936,50.0,0.0,0.0
3,8.870967741935484,56.451612903225815,72.58064516129032,45.16129032258064,0.0,0.0
4,17.51824817518248,60.58394160583942,66.42335766423358,41.605839416058394,0.0,0.0
5,21.52777777777778,62.5,63.888888888888886,40.27777777777778,0.0,0.0
6,24.161073825503358,63.758389261744966,61.74496644295302,38.92617449664429,0.0,0.0
7,24.666666666666668,63.33333333333333,61.33333333333333,38.666666666666664,0.0,0.0
