,Correlation,Causal,Wrangler_23,Wrangler_16,GB_23,GB_16
0,0.0,0.0,100.0,100.0,0.0,0.0
1,0.0,0.0,100.0,100.0,0.0,0.0
2,0.0,0.0,100.0,100.0,0.6666666666666667,0.0
3,0.0,4.45859872611465,100.0,100.0,0.6369426751592357,0.0
4,0.0,5.660377358490567,100.0,100.0,0.628930817610063,0.0
5,0.625,6.25,100.0,100.0,0.625,0.0
6,0.6172839506172839,7.4074074074074066,100.0,100.0,0.6172839506172839,0.0
7,1.2269938650306749,7.975460122699387,100.0,100.0,0.6134969325153374,0.0
