,Correlation,Causal,Wrangler_23,Wrangler_16,GB_23,GB_16
0,0.0,0.0,0.0,100.0,0.0,0.0
1,0.0,33.48115299334812,0.0,80.04434589800444,0.0,0.0
2,0.0,37.88819875776397,0.0,75.36231884057972,0.0,0.0
3,0.0,37.5,0.0,74.59016393442623,0.0,0.0
