,Correlation,Causal,Wrangler_23,Wrangler_16,GB_23,GB_16
0,0.0,0.0,100.0,100.0,100.0,100.0
1,0.0,73.49397590361446,100.0,100.0,54.75234270414994,76.57295850066934
2,0.0,76.34408602150538,100.0,100.0,57.58661887694145,77.77777777777779
3,0.0,76.89614935822637,100.0,100.0,58.57642940490082,78.29638273045506
4,0.0,76.62790697674419,100.0,100.0,58.720930232558146,78.37209302325581
