,Correlation,Causal,Wrangler_23,Wrangler_16,GB_23,GB_16
0,0.0,0.0,100.0,100.0,100.0,100.0
1,0.0,0.0,100.0,100.0,100.0,100.0
2,0.0,8.527131782945736,100.0,100.0,100.0,100.0
3,0.0,19.17808219178082,100.0,100.0,100.0,100.0
4,0.0,23.376623376623375,100.0,100.0,100.0,100.0
5,0.0,25.78616352201258,100.0,100.0,100.0,100.0
6,0.0,26.70807453416149,100.0,100.0,100.0,100.0
7,0.0,27.160493827160494,100.0,100.0,100.0,100.0
8,0.0,27.607361963190186,100.0,100.0,100.0,100.0
