,Correlation,Causal,Wrangler_23,Wrangler_16,GB_23,GB_16
0,0.0,0.0,100.0,2.054794520547945,4.10958904109589,4.10958904109589
