,Correlation,Causal,Wrangler_23,Wrangler_16,GB_23,GB_16
0,0.0,0.0,100.0,100.0,100.0,100.0
1,9.30232558139535,9.30232558139535,100.0,100.0,100.0,100.0
