,Correlation,Causal,Wrangler_23,Wrangler_16,GB_23,GB_16
0,0.0,0.0,100.0,100.0,100.0,100.0
1,10.843373493975903,12.048192771084338,100.0,100.0,100.0,100.0
2,10.465116279069768,15.11627906976744,100.0,100.0,100.0,100.0
