,Correlation,Causal,Wrangler_23,Wrangler_16,GB_23,GB_16
0,0.0,0.0,98.79518072289156,0.0,0.0,0.0
1,4.597701149425287,4.597701149425287,98.85057471264368,4.597701149425287,0.0,0.0
