,Correlation,Causal,Wrangler_23,Wrangler_16,GB_23,GB_16
0,0.0,0.0,3.488372093023256,0.0,0.0,0.0
1,0.0,0.0,6.6000000000000005,0.0,0.0,0.0
2,0.0,0.0,6.077348066298343,0.0,0.0,0.0
3,0.0,0.0,6.032906764168191,0.0,0.0,0.0
4,0.0,0.0,5.913978494623656,0.0,0.0,0.0
5,0.0,0.0,4.135338345864661,0.0,0.0,0.0
6,0.0,0.0,3.79746835443038,0.0,0.0,0.0
