,Correlation,Causal,Wrangler_23,Wrangler_16,GB_23,GB_16
0,0.0,0.0,100.0,100.0,89.28571428571429,100.0
1,2.3255813953488373,2.3255813953488373,100.0,100.0,87.20930232558139,97.67441860465115
