,Correlation,Causal,Wrangler_23,Wrangler_16,GB_23,GB_16
0,0.0,0.0,2.3255813953488373,2.3255813953488373,0.0,0.0
1,42.04545454545455,51.13636363636363,1.1363636363636365,1.1363636363636365,0.0,0.0
2,43.15789473684211,53.68421052631579,1.0526315789473684,1.0526315789473684,0.0,0.0
3,44.11764705882353,61.76470588235294,0.7352941176470588,0.7352941176470588,0.0,0.0
4,50.43988269794721,60.117302052785924,0.2932551319648094,0.2932551319648094,0.0,0.0
