,Correlation,Causal,Wrangler_23,Wrangler_16,GB_23,GB_16
0,0.0,0.0,100.0,100.0,0.0,100.0
1,0.0,0.0,100.0,100.0,0.0,100.0
2,0.0,1.3071895424836601,100.0,100.0,0.0,100.0
3,0.0,3.821656050955414,100.0,100.0,0.0,100.0
4,0.0,4.430379746835443,100.0,100.0,0.0,100.0
5,0.0,6.211180124223603,100.0,100.0,0.0,100.0
6,0.0,7.361963190184049,100.0,100.0,0.0,100.0
