,Correlation,Causal,Wrangler_23,Wrangler_16,GB_23,GB_16
0,0.0,0.0,100.0,97.89473684210527,0.0,100.0
1,7.766990291262135,7.766990291262135,100.0,98.05825242718447,0.0,100.0
