,Correlation,Causal,Wrangler_23,Wrangler_16,GB_23,GB_16
0,0.0,0.0,100.0,100.0,0.0,100.0
1,0.0,0.0,100.0,100.0,0.0,100.0
2,0.0,0.0,100.0,100.0,0.0,100.0
3,0.0,2.6490066225165565,100.0,100.0,0.0,100.0
4,0.0,7.547169811320755,100.0,100.0,0.0,100.0
5,0.0,7.5,100.0,100.0,0.0,100.0
