,Correlation,Causal,Wrangler_23,Wrangler_16,GB_23,GB_16
0,0.0,0.0,0.0,0.0,0.0,0.0
1,0.0,0.0,0.0,0.0,0.26420079260237783,0.13210039630118892
2,0.0,0.1182033096926714,0.0,0.0,0.2364066193853428,0.1182033096926714
3,0.0,0.1179245283018868,0.0,0.0,0.2358490566037736,0.1179245283018868
4,0.0,0.11778563015312131,0.0,0.0,0.23557126030624262,0.11778563015312131
5,0.0,0.11737089201877934,0.0,0.0,0.2347417840375587,0.11737089201877934
6,0.0,0.117096018735363,0.0,0.0,0.234192037470726,0.117096018735363
7,0.0,0.11695906432748539,0.0,0.0,0.23391812865497078,0.11695906432748539
