,Correlation,Causal,Wrangler_23,Wrangler_16,GB_23,GB_16
0,0.0,0.0,100.0,100.0,0.0,0.0
1,0.0,11.76470588235294,100.0,100.0,10.294117647058822,2.941176470588235
2,0.0,92.62899262899262,100.0,100.0,64.74201474201475,18.304668304668304
