,Correlation,Causal,Wrangler_23,Wrangler_16,GB_23,GB_16
0,0.0,0.0,100.0,100.0,100.0,100.0
1,0.0,86.95652173913044,100.0,100.0,100.0,100.0
2,2.8169014084507045,87.32394366197182,100.0,100.0,100.0,100.0
3,10.967741935483872,88.38709677419355,100.0,100.0,100.0,100.0
4,13.20754716981132,88.67924528301887,100.0,100.0,100.0,100.0
5,14.285714285714285,88.81987577639751,100.0,100.0,100.0,100.0
