,Correlation,Causal,Wrangler_23,Wrangler_16,GB_23,GB_16
0,0.0,0.0,100.0,100.0,100.0,100.0
1,56.666666666666664,56.666666666666664,100.0,100.0,100.0,100.0
2,58.86075949367089,58.86075949367089,100.0,100.0,100.0,100.0
3,59.876543209876544,59.876543209876544,100.0,100.0,100.0,100.0
4,60.122699386503065,60.122699386503065,100.0,100.0,100.0,100.0
