,Correlation,Causal,Wrangler_23,Wrangler_16,GB_23,GB_16
0,0.0,0.0,100.0,100.0,100.0,100.0
1,0.0,99.88399071925754,100.0,100.0,100.0,100.0
2,0.0,99.88738738738738,100.0,100.0,100.0,100.0
