,Correlation,Causal,Wrangler_23,Wrangler_16,GB_23,GB_16
0,0.0,0.0,0.0,0.0,0.0,0.0
1,0.0,0.0,0.0,0.0,90.9090909090909,0.0
2,0.0,0.0,0.0,0.0,94.40993788819875,0.0
3,0.0,0.0,0.0,0.0,93.82716049382715,0.0
4,0.0,2.4096385542168677,0.0,0.0,91.56626506024097,0.0
5,0.0,2.3952095808383236,0.0,0.0,91.01796407185628,0.0
