,Correlation,Causal,Wrangler_23,Wrangler_16,GB_23,GB_16
0,0.0,0.0,3.3333333333333335,0.0,0.0,0.0
1,0.0,0.0,2.2988505747126435,0.0,0.0,0.0
