,Correlation,Causal,Wrangler_23,Wrangler_16,GB_23,GB_16
0,0.0,0.0,0.0,0.0,0.0,0.0
1,0.0,64.16666666666667,4.015151515151516,5.0,10.606060606060606,5.681818181818182
