,Correlation,Causal,Wrangler_23,Wrangler_16,GB_23,GB_16
0,0.0,0.0,0.0,0.0,0.0,0.0
1,0.0,0.0,6.910569105691057,0.8130081300813009,0.0,0.0
2,0.0,0.0,5.08130081300813,0.40650406504065045,0.0,0.0
3,0.0,0.0,4.770992366412214,0.38167938931297707,0.0,0.0
4,0.0,0.0,3.566333808844508,0.28530670470756064,0.0,0.0
5,0.0,9.069767441860465,2.9069767441860463,0.23255813953488372,0.0,0.0
6,0.0,9.059233449477352,2.9036004645760745,0.23228803716608595,0.0,0.0
