,Correlation,Causal,Wrangler_23,Wrangler_16,GB_23,GB_16
0,0.0,0.0,0.0,100.0,100.0,100.0
1,0.0,0.0,0.0,100.0,75.0,100.0
2,0.0,0.0,0.0,100.0,15.09433962264151,100.0
3,0.0,1.2422360248447204,0.0,100.0,15.527950310559005,100.0
4,0.0,3.6363636363636362,0.0,100.0,16.969696969696972,100.0
