,Correlation,Causal,Wrangler_23,Wrangler_16,GB_23,GB_16
0,0.0,0.0,0.0,0.0,0.0,0.0
1,0.0,0.0,0.0,0.0,0.6329113924050633,4.430379746835443
2,0.0,0.0,0.0,0.0,0.628930817610063,4.40251572327044
3,0.0,0.0,0.0,0.0,0.6172839506172839,4.320987654320987
4,0.0,0.0,0.0,0.0,0.6060606060606061,4.242424242424243
5,0.0,0.0,0.0,0.0,0.6024096385542169,4.216867469879518
