,Correlation,Causal,Wrangler_23,Wrangler_16,GB_23,GB_16
0,0.0,0.0,100.0,100.0,100.0,100.0
1,30.23255813953488,30.23255813953488,100.0,100.0,100.0,100.0
