,Correlation,Causal,Wrangler_23,Wrangler_16,GB_23,GB_16
0,0.0,0.0,100.0,100.0,0.0,100.0
1,0.0,1.89873417721519,100.0,100.0,0.0,100.0
2,0.0,4.320987654320987,100.0,100.0,0.0,100.0
3,0.0,5.487804878048781,100.0,100.0,0.0,100.0
4,0.0,5.454545454545454,100.0,100.0,0.0,100.0
