,Correlation,Causal,Wrangler_23,Wrangler_16,GB_23,GB_16
0,0.0,0.0,0.6157635467980296,0.0,100.0,100.0
1,4.694835680751173,4.694835680751173,5.046948356807512,4.460093896713615,100.0,100.0
2,4.8065650644783116,4.8065650644783116,5.1582649472450175,4.572098475967175,100.0,100.0
3,5.361305361305361,5.361305361305361,5.361305361305361,4.778554778554779,100.0,100.0
4,5.471478463329453,5.471478463329453,5.471478463329453,4.889406286379511,100.0,100.0
