,Correlation,Causal,Wrangler_23,Wrangler_16,GB_23,GB_16
0,0.0,0.0,100.0,100.0,100.0,100.0
1,0.0,61.33333333333333,100.0,100.0,100.0,100.0
2,0.0,62.58064516129033,100.0,100.0,100.0,100.0
3,0.0,63.74999999999999,100.0,100.0,100.0,100.0
4,0.0,64.19753086419753,100.0,100.0,100.0,100.0
