,Correlation,Causal,Wrangler_23,Wrangler_16,GB_23,GB_16
0,0.0,0.0,0.0,0.0,100.0,100.0
1,0.0,0.2958579881656805,0.0,0.0,99.85207100591717,100.0
2,0.0,19.85731272294887,0.0,0.0,95.00594530321045,97.26516052318668
3,0.0,20.33096926713948,0.0,0.0,95.0354609929078,97.28132387706856
4,0.0,20.61248527679623,0.0,0.0,95.0530035335689,97.29093050647822
5,0.0,20.564042303172737,0.0,0.0,95.06462984723855,97.2972972972973
