,Correlation,Causal,Wrangler_23,Wrangler_16,GB_23,GB_16
0,0.0,0.0,100.0,100.0,100.0,0.0
1,89.38053097345133,89.38053097345133,100.0,100.0,100.0,0.0
