,Correlation,Causal,Wrangler_23,Wrangler_16,GB_23,GB_16
0,0.0,0.0,0.0,0.0,100.0,0.0
1,0.0,35.0,0.0,0.0,65.0,0.0
2,0.0,95.63365282215123,0.0,0.0,2.023429179978701,0.0
3,0.0,95.65217391304348,0.0,0.0,2.4390243902439024,0.0
