,Correlation,Causal,Wrangler_23,Wrangler_16,GB_23,GB_16
0,0.0,0.0,4.938271604938271,0.0,0.0,100.0
1,0.0,1.1764705882352942,4.705882352941177,3.5294117647058822,0.0,100.0
