,Correlation,Causal,Wrangler_23,Wrangler_16,GB_23,GB_16
0,0.0,0.0,0.0,100.0,0.0,0.0
1,0.0,0.0,83.07692307692308,100.0,0.0,20.0
2,3.571428571428571,7.142857142857142,69.04761904761905,100.0,0.0,16.666666666666664
