,Correlation,Causal,Wrangler_23,Wrangler_16,GB_23,GB_16
0,0.0,0.0,100.0,61.904761904761905,100.0,0.0
1,0.0,68.31683168316832,100.0,71.28712871287128,100.0,0.0
2,0.0,81.3953488372093,100.0,81.97674418604652,100.0,0.0
