,Correlation,Causal,Wrangler_23,Wrangler_16,GB_23,GB_16
0,0.0,0.0,0.0,0.0,0.0,0.0
1,0.0,23.4375,0.0,0.0,6.25,1.5625
2,0.0,35.0,0.0,0.0,15.0,6.25
3,0.0,34.146341463414636,0.0,0.0,14.634146341463413,6.097560975609756
4,0.0,33.33333333333333,0.0,0.0,14.285714285714285,5.952380952380952
5,0.0,32.55813953488372,0.0,0.0,13.953488372093023,5.813953488372093
