,Correlation,Causal,Wrangler_23,Wrangler_16,GB_23,GB_16
0,0.0,0.0,100.0,0.0,100.0,4.098360655737705
1,6.0,18.666666666666668,100.0,0.0,100.0,3.3333333333333335
2,6.41025641025641,21.794871794871796,100.0,0.0,100.0,3.205128205128205
3,6.369426751592357,22.29299363057325,100.0,0.0,100.0,3.1847133757961785
4,6.918238993710692,23.270440251572328,100.0,0.0,100.0,3.1446540880503147
5,6.790123456790123,24.691358024691358,100.0,0.0,100.0,3.0864197530864197
