,Correlation,Causal,Wrangler_23,Wrangler_16,GB_23,GB_16
0,0.0,100.0,0.0,0.0,0.0,0.0
1,0.0,100.0,0.0,0.0,9.523809523809524,0.0
2,0.0,100.0,0.0,0.0,20.481927710843372,0.0
3,0.0,100.0,0.0,0.0,26.041666666666668,0.0
4,0.0,100.0,0.0,0.0,28.846153846153843,0.0
5,0.0,100.0,0.0,0.0,30.18867924528302,0.0
6,0.0,100.0,0.0,0.0,31.19266055045872,0.0
