,Correlation,Causal,Wrangler_23,Wrangler_16,GB_23,GB_16
0,0.0,0.0,0.0,0.0,100.0,100.0
1,0.0,0.0,0.0,29.86348122866894,100.0,100.0
2,0.0,23.697916666666664,0.0,45.18229166666667,100.0,100.0
3,0.0,30.650887573964496,0.0,50.05917159763313,100.0,100.0
4,0.0,31.220657276995308,0.0,50.46948356807511,100.0,100.0
5,0.0,31.781140861466824,0.0,50.87310826542492,100.0,100.0
