,Correlation,Causal,Wrangler_23,Wrangler_16,GB_23,GB_16
0,0.0,71.56862745098039,100.0,0.0,0.0,100.0
1,0.0,73.63636363636363,92.72727272727272,0.0,0.0,100.0
