,Correlation,Causal,Wrangler_23,Wrangler_16,GB_23,GB_16
0,0.0,0.0,100.0,100.0,100.0,0.0
1,0.0,23.376623376623375,100.0,100.0,84.4155844155844,0.0
2,0.0,93.20276497695853,100.0,100.0,57.02764976958525,2.4193548387096775
3,0.0,93.22617680826636,100.0,100.0,57.175660160734786,2.4110218140068884
4,0.0,93.24169530355097,100.0,100.0,57.159221076746846,2.405498281786942
