,Correlation,Causal,Wrangler_23,Wrangler_16,GB_23,GB_16
0,0.0,0.0,0.0,0.0,0.0,0.0
1,0.0,0.0,0.0,0.0,0.0,0.0
2,0.0,75.0,0.0,0.0,0.0,0.0
3,0.0,83.45323741007195,0.0,0.0,0.0,0.0
4,0.0,85.35031847133759,0.0,0.0,0.0,0.0
5,0.0,85.625,0.0,0.0,0.0,0.0
