,Correlation,Causal,Wrangler_23,Wrangler_16,GB_23,GB_16
0,0.0,0.0,0.0,0.0,0.0,0.0
1,0.0,0.0,26.31578947368421,0.0,100.0,100.0
2,0.0,0.0,26.31578947368421,0.0,100.0,100.0
3,26.31578947368421,26.31578947368421,31.57894736842105,0.0,100.0,100.0
4,26.31578947368421,26.31578947368421,36.84210526315789,0.0,100.0,100.0
5,26.31578947368421,26.31578947368421,36.84210526315789,0.0,100.0,100.0
6,100.0,100.0,100.0,100.0,100.0,100.0
