,Correlation,Causal,Wrangler_23,Wrangler_16,GB_23,GB_16
0,0.0,0.0,0.0,0.0,0.0,0.0
1,0.0,0.0,0.0,0.0,94.11764705882352,0.0
2,0.0,88.23529411764706,0.0,0.0,94.11764705882352,0.0
3,100.0,100.0,100.0,100.0,100.0,100.0
