,Correlation,Causal,Wrangler_23,Wrangler_16,GB_23,GB_16
0,0.0,0.0,0.0,0.0,0.0,0.0
1,0.0,0.0,30.76923076923077,5.128205128205128,79.48717948717949,0.0
2,0.0,0.0,100.0,71.7948717948718,79.48717948717949,0.0
3,0.0,0.0,100.0,74.35897435897436,79.48717948717949,0.0
4,0.0,74.35897435897436,100.0,74.35897435897436,79.48717948717949,0.0
5,100.0,100.0,100.0,100.0,100.0,100.0
