,Correlation,Causal,Wrangler_23,Wrangler_16,GB_23,GB_16
0,0.0,0.0,0.0,0.0,0.0,0.0
1,0.0,0.0,0.0,0.0,0.0,0.0
2,0.0,0.0,0.0,0.0,76.47058823529412,0.0
3,0.0,0.0,0.0,0.0,88.23529411764706,0.0
4,0.0,0.0,0.0,0.0,94.11764705882352,0.0
5,0.0,0.0,0.0,0.0,94.11764705882352,0.0
6,0.0,0.0,0.0,0.0,100.0,0.0
7,0.0,100.0,0.0,0.0,100.0,0.0
8,0.0,100.0,0.0,0.0,100.0,0.0
9,0.0,100.0,0.0,0.0,100.0,0.0
10,0.0,100.0,0.0,0.0,100.0,0.0
11,0.0,100.0,0.0,0.0,100.0,0.0
12,100.0,100.0,100.0,100.0,100.0,100.0
