,Correlation,Causal,Wrangler_23,Wrangler_16,GB_23,GB_16
0,0.0,0.0,0.0,0.0,0.0,0.0
1,0.0,0.0,100.0,100.0,82.05128205128204,100.0
2,0.0,0.0,100.0,100.0,82.05128205128204,100.0
3,0.0,100.0,100.0,100.0,82.05128205128204,100.0
4,58.97435897435898,100.0,100.0,100.0,82.05128205128204,100.0
5,58.97435897435898,100.0,100.0,100.0,82.05128205128204,100.0
6,58.97435897435898,100.0,100.0,100.0,82.05128205128204,100.0
7,58.97435897435898,100.0,100.0,100.0,82.05128205128204,100.0
8,58.97435897435898,100.0,100.0,100.0,82.05128205128204,100.0
9,100.0,100.0,100.0,100.0,100.0,100.0
