,Correlation,Causal,Wrangler_23,Wrangler_16,GB_23,GB_16
0,0.0,0.0,0.0,0.0,0.0,0.0
1,0.0,0.0,9.75609756097561,4.878048780487805,56.09756097560976,21.951219512195124
2,0.0,0.0,9.75609756097561,4.878048780487805,56.09756097560976,21.951219512195124
3,100.0,100.0,100.0,100.0,100.0,100.0
