,Correlation,Causal,Wrangler_23,Wrangler_16,GB_23,GB_16
0,0.0,0.0,0.0,0.0,0.0,0.0
1,0.0,0.0,7.383966244725738,0.0,0.0,0.0
2,0.0,0.0,7.805907172995781,0.0,0.0,0.0
3,0.0,0.0,9.70464135021097,0.0,0.0,0.0
4,100.0,100.0,100.0,100.0,100.0,100.0
