,Correlation,Causal,Wrangler_23,Wrangler_16,GB_23,GB_16
0,0.0,0.0,0.0,0.0,0.0,0.0
1,0.0,15.0,15.0,0.0,15.0,0.0
2,0.0,55.00000000000001,55.00000000000001,0.0,55.00000000000001,0.0
3,0.0,95.0,95.0,0.0,95.0,0.0
4,0.0,100.0,100.0,0.0,100.0,0.0
5,0.0,100.0,100.0,0.0,100.0,0.0
6,0.0,100.0,100.0,0.0,100.0,0.0
7,70.0,100.0,100.0,0.0,100.0,0.0
8,70.0,100.0,100.0,0.0,100.0,0.0
9,70.0,100.0,100.0,0.0,100.0,0.0
10,70.0,100.0,100.0,0.0,100.0,0.0
11,100.0,100.0,100.0,100.0,100.0,100.0
