,Correlation,Causal,Wrangler_23,Wrangler_16,GB_23,GB_16
0,0.0,0.0,0.0,0.0,0.0,0.0
1,0.0,100.0,100.0,100.0,0.0,100.0
2,0.0,100.0,100.0,100.0,5.128205128205128,100.0
3,0.0,100.0,100.0,100.0,20.51282051282051,100.0
4,0.0,100.0,100.0,100.0,23.076923076923077,100.0
5,0.0,100.0,100.0,100.0,23.076923076923077,100.0
6,7.6923076923076925,100.0,100.0,100.0,23.076923076923077,100.0
7,100.0,100.0,100.0,100.0,100.0,100.0
