,Correlation,Causal,Wrangler_23,Wrangler_16,GB_23,GB_16
0,0.0,0.0,0.0,0.0,0.0,0.0
1,0.0,0.0,100.0,7.6923076923076925,0.0,84.61538461538461
2,0.0,0.0,100.0,7.6923076923076925,0.0,84.61538461538461
3,0.0,0.0,100.0,23.076923076923077,0.0,92.3076923076923
4,100.0,100.0,100.0,100.0,100.0,100.0
