,Correlation,Causal,Wrangler_23,Wrangler_16,GB_23,GB_16
0,0.0,0.0,0.0,0.0,0.0,0.0
1,0.0,0.0,0.0,0.0,11.914893617021278,37.4468085106383
2,0.0,0.0,0.0,0.0,18.72340425531915,82.12765957446808
3,0.0,0.0,4.680851063829787,1.276595744680851,99.57446808510639,100.0
4,0.0,0.0,28.085106382978726,15.319148936170212,99.57446808510639,100.0
5,0.0,0.0,96.59574468085106,91.48936170212765,99.57446808510639,100.0
6,0.0,0.0,97.44680851063829,92.76595744680851,99.57446808510639,100.0
7,0.0,0.0,97.44680851063829,92.76595744680851,99.57446808510639,100.0
8,100.0,100.0,100.0,100.0,100.0,100.0
