,Correlation,Causal,Wrangler_23,Wrangler_16,GB_23,GB_16
0,0.0,0.0,0.0,0.0,0.0,0.0
1,0.0,0.0,100.0,100.0,43.58974358974359,2.564102564102564
2,0.0,0.0,100.0,100.0,58.97435897435898,33.33333333333333
3,0.0,0.0,100.0,100.0,66.66666666666666,43.58974358974359
4,0.0,0.0,100.0,100.0,66.66666666666666,69.23076923076923
5,0.0,0.0,100.0,100.0,66.66666666666666,74.35897435897436
6,0.0,76.92307692307693,100.0,100.0,76.92307692307693,74.35897435897436
7,0.0,76.92307692307693,100.0,100.0,87.17948717948718,74.35897435897436
8,0.0,76.92307692307693,100.0,100.0,100.0,74.35897435897436
9,0.0,76.92307692307693,100.0,100.0,100.0,74.35897435897436
10,0.0,76.92307692307693,100.0,100.0,100.0,74.35897435897436
11,0.0,76.92307692307693,100.0,100.0,100.0,74.35897435897436
12,0.0,76.92307692307693,100.0,100.0,100.0,74.35897435897436
13,100.0,100.0,100.0,100.0,100.0,100.0
