,Correlation,Causal,Wrangler_23,Wrangler_16,GB_23,GB_16
0,0.0,0.0,0.0,0.0,0.0,0.0
1,0.0,0.0,97.43589743589743,51.28205128205128,100.0,2.564102564102564
2,0.0,0.0,97.43589743589743,58.97435897435898,100.0,12.82051282051282
3,0.0,84.61538461538461,97.43589743589743,61.53846153846154,100.0,35.8974358974359
4,0.0,97.43589743589743,97.43589743589743,61.53846153846154,100.0,35.8974358974359
5,0.0,100.0,100.0,64.1025641025641,100.0,35.8974358974359
6,0.0,100.0,100.0,71.7948717948718,100.0,35.8974358974359
7,0.0,100.0,100.0,87.17948717948718,100.0,35.8974358974359
8,0.0,100.0,100.0,87.17948717948718,100.0,38.46153846153847
9,0.0,100.0,100.0,87.17948717948718,100.0,38.46153846153847
10,0.0,100.0,100.0,87.17948717948718,100.0,38.46153846153847
11,0.0,100.0,100.0,87.17948717948718,100.0,38.46153846153847
12,0.0,100.0,100.0,89.74358974358975,100.0,38.46153846153847
13,0.0,100.0,100.0,89.74358974358975,100.0,38.46153846153847
14,0.0,100.0,100.0,89.74358974358975,100.0,38.46153846153847
15,100.0,100.0,100.0,100.0,100.0,100.0
