,Correlation,Causal,Wrangler_23,Wrangler_16,GB_23,GB_16
0,0.0,0.0,0.0,0.0,0.0,0.0
1,0.0,0.0,0.0,0.0,5.555555555555555,0.0
2,0.0,0.0,0.0,0.0,11.11111111111111,0.0
3,0.0,0.0,0.0,0.0,44.44444444444444,0.0
4,0.0,0.0,0.0,0.0,61.111111111111114,0.0
5,0.0,0.0,0.0,0.0,66.66666666666666,0.0
6,0.0,0.0,0.0,0.0,66.66666666666666,0.0
7,0.0,0.0,0.0,0.0,66.66666666666666,0.0
8,0.0,0.0,0.0,5.555555555555555,66.66666666666666,0.0
9,0.0,0.0,5.555555555555555,5.555555555555555,66.66666666666666,0.0
10,0.0,0.0,5.555555555555555,5.555555555555555,66.66666666666666,0.0
11,0.0,0.0,5.555555555555555,16.666666666666664,66.66666666666666,0.0
12,0.0,0.0,5.555555555555555,22.22222222222222,66.66666666666666,0.0
13,0.0,100.0,5.555555555555555,33.33333333333333,66.66666666666666,0.0
14,0.0,100.0,5.555555555555555,33.33333333333333,66.66666666666666,0.0
15,33.33333333333333,100.0,11.11111111111111,44.44444444444444,66.66666666666666,0.0
16,33.33333333333333,100.0,11.11111111111111,61.111111111111114,66.66666666666666,0.0
17,33.33333333333333,100.0,11.11111111111111,61.111111111111114,66.66666666666666,0.0
18,33.33333333333333,100.0,16.666666666666664,61.111111111111114,66.66666666666666,0.0
19,100.0,100.0,100.0,100.0,100.0,100.0
