,Correlation,Causal,Wrangler_23,Wrangler_16,GB_23,GB_16
0,0.0,0.0,0.0,0.0,0.0,0.0
1,0.0,0.0,97.43589743589743,56.41025641025641,97.43589743589743,97.43589743589743
2,0.0,0.0,97.43589743589743,72.64957264957265,97.43589743589743,97.43589743589743
3,0.0,97.43589743589743,97.43589743589743,73.50427350427351,97.43589743589743,97.43589743589743
4,0.0,97.43589743589743,97.43589743589743,73.50427350427351,97.43589743589743,97.43589743589743
5,0.0,97.43589743589743,97.43589743589743,73.50427350427351,97.43589743589743,97.43589743589743
6,100.0,100.0,100.0,100.0,100.0,100.0
