,Correlation,Causal,Wrangler_23,Wrangler_16,GB_23,GB_16
0,0.0,0.0,0.0,0.0,0.0,0.0
1,0.0,54.54545454545454,100.0,9.090909090909092,100.0,0.0
2,0.0,63.63636363636363,100.0,9.090909090909092,100.0,0.0
3,0.0,100.0,100.0,9.090909090909092,100.0,0.0
4,100.0,100.0,100.0,100.0,100.0,100.0
