,Correlation,Causal,Wrangler_23,Wrangler_16,GB_23,GB_16
0,0.0,0.0,0.0,0.0,0.0,0.0
1,0.0,0.0,6.666666666666667,8.88888888888889,8.88888888888889,0.0
2,0.0,0.0,8.88888888888889,8.88888888888889,11.11111111111111,0.0
3,100.0,100.0,100.0,100.0,100.0,100.0
