,Correlation,Causal,Wrangler_23,Wrangler_16,GB_23,GB_16
0,0.0,0.0,0.0,0.0,0.0,0.0
1,0.0,0.0,100.0,8.333333333333332,100.0,0.0
2,0.0,100.0,100.0,8.333333333333332,100.0,0.0
3,66.66666666666666,100.0,100.0,8.333333333333332,100.0,0.0
4,100.0,100.0,100.0,100.0,100.0,100.0
