,Correlation,Causal,Wrangler_23,Wrangler_16,GB_23,GB_16
0,0.0,0.0,0.0,0.0,0.0,0.0
1,0.0,0.0,89.47368421052632,26.31578947368421,100.0,100.0
2,0.0,0.0,94.73684210526315,47.368421052631575,100.0,100.0
3,0.0,94.73684210526315,94.73684210526315,47.368421052631575,100.0,100.0
4,100.0,100.0,100.0,100.0,100.0,100.0
