,Correlation,Causal,Wrangler_23,Wrangler_16,GB_23,GB_16
0,0.0,0.0,0.0,0.0,0.0,0.0
1,0.0,0.0,0.0,0.0,0.0,88.57142857142857
2,0.0,0.0,0.0,0.0,0.0,88.57142857142857
3,0.0,0.0,0.0,0.0,0.0,88.57142857142857
4,0.0,100.0,0.0,0.0,0.0,88.57142857142857
5,1.4285714285714286,100.0,0.0,0.0,0.0,88.57142857142857
6,1.4285714285714286,100.0,0.0,0.0,0.0,88.57142857142857
7,1.4285714285714286,100.0,0.0,0.0,0.0,88.57142857142857
8,1.4285714285714286,100.0,0.0,0.0,0.0,88.57142857142857
9,1.4285714285714286,100.0,0.0,0.0,0.0,88.57142857142857
10,1.4285714285714286,100.0,0.0,0.0,0.0,88.57142857142857
11,1.4285714285714286,100.0,0.0,0.0,0.0,88.57142857142857
12,1.4285714285714286,100.0,0.0,0.0,0.0,88.57142857142857
13,1.4285714285714286,100.0,0.0,0.0,0.0,88.57142857142857
14,1.4285714285714286,100.0,0.0,0.0,0.0,88.57142857142857
15,1.4285714285714286,100.0,0.0,0.0,0.0,88.57142857142857
16,1.4285714285714286,100.0,0.0,0.0,0.0,88.57142857142857
17,1.4285714285714286,100.0,0.0,0.0,0.0,88.57142857142857
18,1.4285714285714286,100.0,0.0,0.0,0.0,88.57142857142857
19,1.4285714285714286,100.0,0.0,0.0,0.0,88.57142857142857
20,1.4285714285714286,100.0,0.0,0.0,0.0,88.57142857142857
21,1.4285714285714286,100.0,0.0,0.0,0.0,88.57142857142857
22,1.4285714285714286,100.0,0.0,0.0,0.0,88.57142857142857
23,1.4285714285714286,100.0,0.0,0.0,0.0,88.57142857142857
24,1.4285714285714286,100.0,0.0,0.0,0.0,88.57142857142857
25,1.4285714285714286,100.0,0.0,0.0,0.0,88.57142857142857
26,1.4285714285714286,100.0,0.0,0.0,0.0,88.57142857142857
27,1.4285714285714286,100.0,0.0,0.0,0.0,88.57142857142857
28,1.4285714285714286,100.0,0.0,0.0,0.0,88.57142857142857
29,1.4285714285714286,100.0,0.0,0.0,0.0,88.57142857142857
30,1.4285714285714286,100.0,0.0,0.0,0.0,88.57142857142857
31,1.4285714285714286,100.0,0.0,0.0,0.0,88.57142857142857
32,1.4285714285714286,100.0,0.0,0.0,0.0,88.57142857142857
33,1.4285714285714286,100.0,0.0,0.0,0.0,88.57142857142857
34,1.4285714285714286,100.0,0.0,0.0,0.0,88.57142857142857
35,1.4285714285714286,100.0,0.0,0.0,0.0,88.57142857142857
36,1.4285714285714286,100.0,0.0,0.0,0.0,88.57142857142857
37,1.4285714285714286,100.0,0.0,0.0,0.0,88.57142857142857
38,1.4285714285714286,100.0,0.0,0.0,0.0,88.57142857142857
39,1.4285714285714286,100.0,0.0,0.0,0.0,88.57142857142857
40,100.0,100.0,100.0,100.0,100.0,100.0
