,Correlation,Causal,Wrangler_23,Wrangler_16,GB_23,GB_16
0,0.0,0.0,0.0,0.0,0.0,0.0
1,0.0,0.0,100.0,100.0,48.837209302325576,100.0
2,0.0,0.0,100.0,100.0,51.162790697674424,100.0
3,0.0,0.0,100.0,100.0,55.81395348837209,100.0
4,0.0,0.0,100.0,100.0,55.81395348837209,100.0
5,0.0,0.0,100.0,100.0,55.81395348837209,100.0
6,0.0,0.0,100.0,100.0,58.139534883720934,100.0
7,0.0,0.0,100.0,100.0,58.139534883720934,100.0
8,0.0,0.0,100.0,100.0,58.139534883720934,100.0
9,0.0,0.0,100.0,100.0,58.139534883720934,100.0
10,100.0,100.0,100.0,100.0,100.0,100.0
