,Correlation,Causal,Wrangler_23,Wrangler_16,GB_23,GB_16
0,0.0,0.0,0.0,0.0,0.0,0.0
1,0.0,0.0,100.0,100.0,45.45454545454545,0.0
2,0.0,0.0,100.0,100.0,54.54545454545454,0.0
3,100.0,100.0,100.0,100.0,54.54545454545454,0.0
4,100.0,100.0,100.0,100.0,100.0,100.0
