,Correlation,Causal,Wrangler_23,Wrangler_16,GB_23,GB_16
0,0.0,0.0,0.0,0.0,0.0,0.0
1,0.0,47.368421052631575,5.263157894736842,0.0,100.0,84.21052631578947
2,0.0,47.368421052631575,5.263157894736842,0.0,100.0,84.21052631578947
3,5.263157894736842,47.368421052631575,5.263157894736842,0.0,100.0,84.21052631578947
4,100.0,100.0,100.0,100.0,100.0,100.0
