,Correlation,Causal,Wrangler_23,Wrangler_16,GB_23,GB_16
0,0.0,0.0,0.0,0.0,0.0,0.0
1,0.0,0.0,0.0,0.0,36.36363636363637,45.45454545454545
2,0.0,0.0,0.0,0.0,45.45454545454545,45.45454545454545
3,0.0,0.0,0.0,0.0,45.45454545454545,45.45454545454545
4,0.0,0.0,0.0,0.0,45.45454545454545,45.45454545454545
5,0.0,0.0,0.0,0.0,45.45454545454545,45.45454545454545
6,100.0,100.0,100.0,100.0,100.0,100.0
