,Correlation,Causal,Wrangler_23,Wrangler_16,GB_23,GB_16
0,0.0,0.0,0.0,0.0,0.0,0.0
1,0.0,0.0,77.19298245614034,100.0,0.0,1.7543859649122806
2,0.0,0.0,92.98245614035088,100.0,1.7543859649122806,14.035087719298245
3,0.0,0.0,96.49122807017544,100.0,3.508771929824561,22.807017543859647
4,0.0,0.0,100.0,100.0,21.052631578947366,49.122807017543856
5,0.0,0.0,100.0,100.0,28.07017543859649,66.66666666666666
6,0.0,0.0,100.0,100.0,31.57894736842105,82.45614035087719
7,0.0,0.0,100.0,100.0,50.877192982456144,89.47368421052632
8,0.0,0.0,100.0,100.0,68.42105263157895,96.49122807017544
9,0.0,0.0,100.0,100.0,91.22807017543859,100.0
10,0.0,0.0,100.0,100.0,100.0,100.0
11,0.0,0.0,100.0,100.0,100.0,100.0
12,0.0,0.0,100.0,100.0,100.0,100.0
13,0.0,0.0,100.0,100.0,100.0,100.0
14,0.0,0.0,100.0,100.0,100.0,100.0
15,0.0,0.0,100.0,100.0,100.0,100.0
16,0.0,0.0,100.0,100.0,100.0,100.0
17,0.0,0.0,100.0,100.0,100.0,100.0
18,0.0,0.0,100.0,100.0,100.0,100.0
19,0.0,0.0,100.0,100.0,100.0,100.0
20,0.0,100.0,100.0,100.0,100.0,100.0
21,0.0,100.0,100.0,100.0,100.0,100.0
22,0.0,100.0,100.0,100.0,100.0,100.0
23,0.0,100.0,100.0,100.0,100.0,100.0
24,0.0,100.0,100.0,100.0,100.0,100.0
25,100.0,100.0,100.0,100.0,100.0,100.0
