,Correlation,Corr-Oracle,Wrangler,Wrangler16,Wrangler23,Sherlock
0,11.111111111111109,100.0,55.55555555555555,100.0,16.666666666666668,11.111111111111109
