,TPR,FPR
gb,0.0,0.0
gb_ipw,3.1847133757961785,100.0
wrangler_23,0.0,0.0
wrangler_16,0.0,0.0
gb_23,2.5477707006369426,0.7434944237918215
gb_16,0.6369426751592356,0.37174721189591076
