,TPR,FPR
gb,0.0,0.0
gb_ipw,100.0,94.54545454545455
wrangler_23,100.0,100.0
wrangler_16,0.0,43.40909090909091
gb_23,0.0,0.0
gb_16,100.0,100.0
