,TPR,FPR
gb,77.22772277227723,8.158508158508159
gb_ipw,80.1980198019802,63.4032634032634
wrangler_23,77.22772277227723,93.00699300699301
wrangler_16,80.1980198019802,94.28904428904428
gb_23,79.20792079207921,93.47319347319348
gb_16,80.1980198019802,100.0
