,TPR,FPR
gb,0.0,0.0
gb_ipw,95.95959595959596,43.190184049079754
wrangler_23,0.0,5.398773006134969
wrangler_16,0.0,0.0
gb_23,0.0,0.49079754601226994
gb_16,0.0,0.0
