,TPR,FPR
gb,0.0,0.0
gb_ipw,0.0,0.0
wrangler_23,14.0,9.764705882352942
wrangler_16,4.0,5.411764705882353
gb_23,0.0,0.0
gb_16,0.0,0.0
