,TPR,FPR
gb,0.0,0.0
gb_ipw,0.0,0.0
wrangler_23,7.6923076923076925,1.694915254237288
wrangler_16,100.0,58.30508474576271
gb_23,0.0,1.0169491525423728
gb_16,100.0,100.0
