,TPR,FPR
gb,0.0,0.0
gb_ipw,0.0,0.0
wrangler_23,0.0,0.0
wrangler_16,84.61538461538461,62.72727272727273
gb_23,100.0,35.45454545454545
gb_16,0.0,0.0
