,TPR,FPR
gb,0.0,0.0
gb_ipw,97.97979797979798,54.4392523364486
wrangler_23,3.0303030303030303,8.995327102803738
wrangler_16,0.0,0.0
gb_23,0.0,0.0
gb_16,0.0,0.0
