,TPR,FPR
gb,100.0,54.18604651162791
gb_ipw,100.0,54.18604651162791
wrangler_23,100.0,64.65116279069767
wrangler_16,0.0,0.0
gb_23,100.0,67.90697674418605
gb_16,0.0,0.0
