,TPR,FPR
gb,0.0,0.0
gb_ipw,100.0,34.02061855670103
wrangler_23,0.0,0.0
wrangler_16,0.0,0.0
gb_23,0.0,0.0
gb_16,100.0,21.649484536082475
