,TPR,FPR
gb,100.0,13.953488372093023
gb_ipw,100.0,13.953488372093023
wrangler_23,100.0,11.627906976744185
wrangler_16,100.0,100.0
gb_23,100.0,100.0
gb_16,100.0,100.0
