,TPR,FPR
gb,0.0,0.0
gb_ipw,0.0,44.078947368421055
wrangler_23,0.0,0.0
wrangler_16,0.0,0.0
gb_23,91.30434782608695,62.5
gb_16,0.0,0.0
