,TPR,FPR
gb,0.0,0.0
gb_ipw,99.00990099009901,23.004694835680752
wrangler_23,0.0,0.0
wrangler_16,0.0,1.9953051643192488
gb_23,0.0,0.0
gb_16,0.0,3.2863849765258215
