,TPR,FPR
gb,100.0,29.069767441860463
gb_ipw,100.0,100.0
wrangler_23,100.0,23.25581395348837
wrangler_16,0.0,0.0
gb_23,100.0,27.906976744186046
gb_16,0.0,0.0
