,TPR,FPR
gb,0.0,0.0
gb_ipw,0.0,0.0
wrangler_23,100.0,100.0
wrangler_16,2.5641025641025643,0.31446540880503143
gb_23,58.97435897435897,69.81132075471699
gb_16,0.0,0.0
