,TPR,FPR
gb,93.33333333333333,7.03125
gb_ipw,93.33333333333333,61.71875
wrangler_23,0.0,0.0
wrangler_16,0.0,0.0
gb_23,0.0,0.0
gb_16,0.0,0.0
