,TPR,FPR
gb,0.0,0.0
gb_ipw,0.0,0.0
wrangler_23,100.0,100.0
wrangler_16,0.0,0.0
gb_23,42.857142857142854,25.892857142857142
gb_16,4.761904761904762,1.7857142857142858
