,TPR,FPR
gb,0.0,0.0
gb_ipw,7.407407407407407,1.834862385321101
wrangler_23,0.0,0.0
wrangler_16,0.0,0.0
gb_23,100.0,88.53211009174312
gb_16,0.0,0.0
