,TPR,FPR
gb,0.0,0.0
gb_ipw,0.0,0.0
wrangler_23,0.0,3.747072599531616
wrangler_16,0.0,3.51288056206089
gb_23,0.0,0.0
gb_16,0.0,0.0
