,TPR,FPR
gb,27.272727272727273,16.470588235294116
gb_ipw,45.45454545454545,51.76470588235294
wrangler_23,0.0,0.0
wrangler_16,0.0,0.0
gb_23,100.0,61.1764705882353
gb_16,0.0,0.0
