,TPR,FPR
gb,0.0,0.0
gb_ipw,100.0,100.0
wrangler_23,100.0,67.94871794871794
wrangler_16,83.33333333333333,57.69230769230769
gb_23,0.0,0.0
gb_16,0.0,0.0
