,TPR,FPR
gb,0.0,0.0
gb_ipw,0.0,0.0
wrangler_23,0.0,0.0
wrangler_16,1.0101010101010102,6.81551116333725
gb_23,0.0,0.0
gb_16,0.0,0.0
