,TPR,FPR
gb,0.0,0.0
gb_ipw,100.0,71.06918238993711
wrangler_23,100.0,79.24528301886792
wrangler_16,0.0,0.0
gb_23,100.0,81.76100628930817
gb_16,100.0,100.0
