,TPR,FPR
gb,0.0,0.0
gb_ipw,94.05940594059406,34.5475910693302
wrangler_23,0.0,0.0
wrangler_16,0.0,1.527614571092832
gb_23,0.0,0.0
gb_16,0.9900990099009901,0.0
