,TPR,FPR
gb,51.282051282051285,0.0
gb_ipw,51.282051282051285,0.0
wrangler_23,100.0,100.0
wrangler_16,100.0,100.0
gb_23,100.0,100.0
gb_16,23.076923076923077,0.29850746268656714
