,TPR,FPR
gb,0.0,0.0
gb_ipw,41.666666666666664,94.11764705882354
wrangler_23,0.0,0.0
wrangler_16,0.0,0.0
gb_23,0.0,0.0
gb_16,0.0,0.0
