,TPR,FPR
gb,0.0,0.0
gb_ipw,100.0,97.53086419753086
wrangler_23,100.0,100.0
wrangler_16,15.789473684210526,1.8518518518518519
gb_23,100.0,0.6172839506172839
gb_16,100.0,72.22222222222223
