,TPR,FPR
gb,0.0,0.0
gb_ipw,100.0,67.43119266055047
wrangler_23,0.0,0.0
wrangler_16,46.0,9.174311926605505
gb_23,100.0,6.422018348623853
gb_16,0.0,0.0
