,TPR,FPR
gb,0.0,0.0
gb_ipw,30.303030303030305,0.0
wrangler_23,34.343434343434346,16.49122807017544
wrangler_16,1.0101010101010102,7.60233918128655
gb_23,0.0,0.0
gb_16,0.0,0.0
