,TPR,FPR
gb,60.0,0.0
gb_ipw,60.0,0.0
wrangler_23,100.0,98.83720930232558
wrangler_16,100.0,100.0
gb_23,100.0,100.0
gb_16,100.0,27.906976744186046
