,TPR,FPR
gb,0.0,0.0
gb_ipw,100.0,99.61089494163424
wrangler_23,0.0,0.0
wrangler_16,6.0606060606060606,7.392996108949417
gb_23,100.0,78.59922178988327
gb_16,100.0,100.0
