,TPR,FPR
gb,9.30232558139535,0.9036144578313253
gb_ipw,100.0,80.42168674698796
wrangler_23,76.74418604651163,69.27710843373494
wrangler_16,100.0,100.0
gb_23,0.0,0.6024096385542169
gb_16,100.0,100.0
