,TPR,FPR
gb,0.0,0.0
gb_ipw,70.70707070707071,0.23391812865497075
wrangler_23,0.0,0.0
wrangler_16,0.0,0.0
gb_23,0.0,0.0
gb_16,0.0,0.0
