,TPR,FPR
gb,0.0,0.0
gb_ipw,100.0,56.83229813664596
wrangler_23,100.0,99.68944099378882
wrangler_16,10.526315789473685,27.32919254658385
gb_23,0.0,0.0
gb_16,0.0,0.0
