,TPR,FPR
gb,0.0,0.0
gb_ipw,99.27536231884058,96.11940298507463
wrangler_23,0.0,0.0
wrangler_16,5.797101449275362,3.582089552238806
gb_23,7.246376811594203,4.925373134328358
gb_16,61.594202898550726,44.92537313432836
