,TPR,FPR
gb,0.0,0.0
gb_ipw,61.53846153846154,0.9259259259259259
wrangler_23,15.384615384615385,25.0
wrangler_16,7.6923076923076925,12.962962962962964
gb_23,15.384615384615385,25.0
gb_16,7.6923076923076925,0.9259259259259259
