,TPR,FPR
gb,100.0,9.606986899563319
gb_ipw,100.0,9.606986899563319
wrangler_23,100.0,92.13973799126637
wrangler_16,100.0,76.85589519650655
gb_23,100.0,100.0
gb_16,0.0,0.0
