,TPR,FPR
gb,0.0,0.0
gb_ipw,42.10526315789474,0.0
wrangler_23,10.526315789473685,6.7073170731707314
wrangler_16,42.10526315789474,35.97560975609756
gb_23,100.0,92.6829268292683
gb_16,0.0,0.0
