,TPR,FPR
gb,0.0,0.0
gb_ipw,0.0,0.0
wrangler_23,2.0202020202020203,9.821428571428571
wrangler_16,0.0,0.0
gb_23,0.0,0.0
gb_16,0.0,0.0
