,TPR,FPR
gb,0.0,0.0
gb_ipw,30.76923076923077,66.05504587155963
wrangler_23,0.0,0.0
wrangler_16,0.0,0.0
gb_23,0.0,0.0
gb_16,0.0,0.0
