,TPR,FPR
gb,0.0,0.0
gb_ipw,100.0,63.98601398601399
wrangler_23,0.0,2.2144522144522143
wrangler_16,0.0,3.2634032634032635
gb_23,0.0,0.0
gb_16,100.0,100.0
