,TPR,FPR
gb,90.9090909090909,15.862068965517242
gb_ipw,90.9090909090909,30.344827586206897
wrangler_23,100.0,64.82758620689656
wrangler_16,100.0,51.03448275862069
gb_23,9.090909090909092,0.0
gb_16,0.0,0.6896551724137931
