,TPR,FPR
gb,0.0,0.0
gb_ipw,0.0,0.0
wrangler_23,5.05050505050505,14.355828220858896
wrangler_16,0.0,4.171779141104294
gb_23,98.98989898989899,93.49693251533742
gb_16,0.0,0.0
