,TPR,FPR
gb,0.0,0.0
gb_ipw,0.0,0.0
wrangler_23,91.91919191919192,26.936416184971097
wrangler_16,0.0,0.0
gb_23,0.0,0.0
gb_16,0.0,0.0
