,TPR,FPR
gb,0.0,0.0
gb_ipw,99.0,31.139835487661575
wrangler_23,0.0,0.0
wrangler_16,0.0,0.7050528789659224
gb_23,0.0,0.0
gb_16,0.0,0.0
