,TPR,FPR
gb,0.0,0.0
gb_ipw,36.36363636363637,49.411764705882355
wrangler_23,0.0,0.0
wrangler_16,0.0,0.0
gb_23,0.0,0.0
gb_16,0.0,0.0
