,TPR,FPR
gb,0.0,0.0
gb_ipw,100.0,64.41717791411043
wrangler_23,100.0,100.0
wrangler_16,100.0,69.93865030674847
gb_23,0.0,0.0
gb_16,0.0,0.0
