,TPR,FPR
gb,0.0,0.0
gb_ipw,100.0,98.01980198019803
wrangler_23,100.0,76.23762376237623
wrangler_16,0.0,0.0
gb_23,100.0,27.722772277227723
gb_16,0.0,0.0
