,TPR,FPR
gb,0.0,0.0
gb_ipw,100.0,82.23350253807106
wrangler_23,92.85714285714286,40.101522842639596
wrangler_16,0.0,0.0
gb_23,100.0,44.16243654822335
gb_16,100.0,100.0
