,TPR,FPR
gb,0.0,0.0
gb_ipw,0.0,0.0
wrangler_23,24.752475247524753,9.77620730270907
wrangler_16,0.0,0.0
gb_23,0.0,0.0
gb_16,0.0,0.0
