,TPR,FPR
gb,0.0,0.0
gb_ipw,100.0,96.95431472081218
wrangler_23,100.0,44.16243654822335
wrangler_16,100.0,44.16243654822335
gb_23,0.0,0.0
gb_16,100.0,85.27918781725889
