,TPR,FPR
gb,100.0,23.03030303030303
gb_ipw,100.0,91.51515151515152
wrangler_23,0.0,0.0
wrangler_16,0.0,0.0
gb_23,0.0,0.0
gb_16,0.0,0.0
