,TPR,FPR
gb,0.0,0.0
gb_ipw,100.0,92.63565891472868
wrangler_23,100.0,21.93798449612403
wrangler_16,100.0,21.93798449612403
gb_23,100.0,100.0
gb_16,100.0,100.0
