,TPR,FPR
gb,100.0,91.5137614678899
gb_ipw,100.0,91.5137614678899
wrangler_23,92.85714285714286,27.98165137614679
wrangler_16,0.0,0.0
gb_23,100.0,97.24770642201835
gb_16,0.0,0.0
