,TPR,FPR
gb,0.0,0.0
gb_ipw,100.0,96.22641509433963
wrangler_23,25.0,43.39622641509434
wrangler_16,0.0,0.0
gb_23,0.0,0.0
gb_16,0.0,0.0
