,TPR,FPR
gb,5.769230769230769,0.0
gb_ipw,100.0,96.81818181818181
wrangler_23,100.0,61.59090909090909
wrangler_16,100.0,61.59090909090909
gb_23,0.0,0.0
gb_16,100.0,100.0
