,TPR,FPR
gb,82.9090909090909,70.26686278629964
gb_ipw,100.0,99.97898718218113
wrangler_23,100.0,100.0
wrangler_16,48.36363636363637,50.93507039293969
gb_23,100.0,100.0
gb_16,100.0,100.0
