,TPR,FPR
gb,0.0,0.0
gb_ipw,38.46153846153846,0.0
wrangler_23,76.92307692307692,8.653846153846153
wrangler_16,69.23076923076923,6.730769230769231
gb_23,0.0,0.0
gb_16,0.0,0.0
