,TPR,FPR
gb,46.15384615384615,0.0
gb_ipw,100.0,18.208955223880597
wrangler_23,100.0,85.67164179104478
wrangler_16,100.0,85.67164179104478
gb_23,100.0,100.0
gb_16,100.0,85.67164179104478
