,TPR,FPR
gb,0.0,0.0
gb_ipw,100.0,60.70175438596491
wrangler_23,0.0,4.3274853801169595
wrangler_16,0.0,0.0
gb_23,0.0,0.0
gb_16,0.0,0.0
