,TPR,FPR
gb,0.0,0.0
gb_ipw,0.0,0.0
wrangler_23,0.0,0.0
wrangler_16,76.92307692307692,25.0
gb_23,100.0,96.42857142857143
gb_16,100.0,96.42857142857143
