,TPR,FPR
gb,0.0,0.0
gb_ipw,100.0,34.430082256169214
wrangler_23,100.0,64.15981198589894
wrangler_16,2.0202020202020203,5.875440658049354
gb_23,0.0,0.0
gb_16,0.0,0.0
