,TPR,FPR
gb,0.0,0.0
gb_ipw,91.66666666666667,49.523809523809526
wrangler_23,0.0,0.0
wrangler_16,100.0,64.76190476190476
gb_23,0.0,0.0
gb_16,0.0,0.0
