,TPR,FPR
gb,0.0,0.0
gb_ipw,0.0,0.0
wrangler_23,28.571428571428573,14.705882352941176
wrangler_16,71.42857142857143,100.0
gb_23,71.42857142857143,100.0
gb_16,66.66666666666667,59.55882352941177
