,TPR,FPR
gb,0.0,0.0
gb_ipw,86.40776699029126,30.73110285006196
wrangler_23,0.0,0.49566294919454773
wrangler_16,0.0,0.0
gb_23,0.0,0.0
gb_16,100.0,95.41511771995043
