,TPR,FPR
gb,0.0,0.0
gb_ipw,77.77777777777777,5.086705202312139
wrangler_23,45.45454545454545,26.936416184971097
wrangler_16,0.0,0.0
gb_23,0.0,0.0
gb_16,0.0,0.0
