,TPR,FPR
gb,100.0,90.990990990991
gb_ipw,100.0,90.990990990991
wrangler_23,100.0,100.0
wrangler_16,100.0,100.0
gb_23,100.0,88.28828828828829
gb_16,100.0,100.0
