,TPR,FPR
gb,0.0,0.0
gb_ipw,73.0,17.318435754189945
wrangler_23,0.0,0.0
wrangler_16,0.0,0.0
gb_23,6.0,0.22346368715083798
gb_16,57.0,87.82122905027933
