,TPR,FPR
gb,0.0,0.0
gb_ipw,100.0,99.17159763313609
wrangler_23,100.0,100.0
wrangler_16,9.090909090909092,11.834319526627219
gb_23,15.702479338842975,42.84023668639053
gb_16,28.925619834710744,42.1301775147929
