,TPR,FPR
gb,0.0,0.0
gb_ipw,42.10526315789474,8.641975308641975
wrangler_23,94.73684210526316,9.876543209876543
wrangler_16,100.0,100.0
gb_23,68.42105263157895,8.024691358024691
gb_16,100.0,100.0
