,TPR,FPR
gb,0.0,0.0
gb_ipw,100.0,90.990990990991
wrangler_23,100.0,100.0
wrangler_16,100.0,100.0
gb_23,100.0,91.5915915915916
gb_16,100.0,100.0
