,TPR,FPR
gb,0.0,0.0
gb_ipw,0.0,0.0
wrangler_23,2.0202020202020203,7.377049180327869
wrangler_16,0.0,3.629976580796253
gb_23,0.0,0.0
gb_16,0.0,0.0
