,TPR,FPR
gb,100.0,16.470588235294116
gb_ipw,100.0,17.647058823529413
wrangler_23,100.0,100.0
wrangler_16,100.0,100.0
gb_23,9.090909090909092,82.3529411764706
gb_16,100.0,100.0
