,TPR,FPR
gb,0.0,0.0
gb_ipw,100.0,27.445652173913043
wrangler_23,0.0,0.0
wrangler_16,0.0,0.0
gb_23,93.18181818181819,96.73913043478261
gb_16,100.0,100.0
