,TPR,FPR
gb,0.0,0.0
gb_ipw,57.142857142857146,0.0
wrangler_23,0.0,0.0
wrangler_16,4.761904761904762,0.6060606060606061
gb_23,0.0,0.0
gb_16,0.0,0.0
