,TPR,FPR
gb,0.0,0.0
gb_ipw,100.0,55.97701149425287
wrangler_23,0.0,1.6091954022988506
wrangler_16,0.0,0.11494252873563218
gb_23,0.0,0.0
gb_16,0.0,0.0
