,TPR,FPR
gb,0.0,0.0
gb_ipw,100.0,55.714285714285715
wrangler_23,9.090909090909092,1.4285714285714286
wrangler_16,9.090909090909092,0.0
gb_23,0.0,0.0
gb_16,0.0,0.0
