,TPR,FPR
gb,0.0,0.0
gb_ipw,0.0,0.0
wrangler_23,2.0202020202020203,4.700352526439483
wrangler_16,1.0101010101010102,4.3478260869565215
gb_23,0.0,0.0
gb_16,0.0,0.0
