,TPR,FPR
gb,13.461538461538462,0.0
gb_ipw,100.0,96.5909090909091
wrangler_23,100.0,100.0
wrangler_16,100.0,100.0
gb_23,100.0,51.81818181818182
gb_16,100.0,100.0
