,TPR,FPR
gb,0.0,0.0
gb_ipw,0.0,0.0
wrangler_23,100.0,100.0
wrangler_16,100.0,100.0
gb_23,91.66666666666667,23.157894736842106
gb_16,100.0,100.0
