,TPR,FPR
gb,0.0,0.0
gb_ipw,100.0,12.62135922330097
wrangler_23,0.0,0.0
wrangler_16,0.0,0.0
gb_23,69.23076923076923,32.03883495145631
gb_16,0.0,0.0
