,TPR,FPR
gb,0.0,0.0
gb_ipw,100.0,99.49238578680203
wrangler_23,100.0,44.16243654822335
wrangler_16,0.0,0.0
gb_23,100.0,32.994923857868024
gb_16,100.0,0.0
