,TPR,FPR
gb,0.0,0.0
gb_ipw,100.0,50.11764705882353
wrangler_23,2.9702970297029703,4.352941176470588
wrangler_16,72.27722772277228,20.58823529411765
gb_23,0.0,0.0
gb_16,0.0,0.0
