,TPR,FPR
gb,0.0,0.0
gb_ipw,100.0,97.36434108527132
wrangler_23,0.0,0.0
wrangler_16,0.0,0.15503875968992248
gb_23,0.0,0.0
gb_16,0.0,0.0
