,TPR,FPR
gb,0.0,0.0
gb_ipw,100.0,74.4186046511628
wrangler_23,100.0,100.0
wrangler_16,100.0,22.093023255813954
gb_23,100.0,100.0
gb_16,100.0,100.0
