,TPR,FPR
gb,0.0,0.0
gb_ipw,100.0,15.217391304347826
wrangler_23,100.0,15.217391304347826
wrangler_16,10.0,2.1739130434782608
gb_23,100.0,15.217391304347826
gb_16,0.0,0.0
