,TPR,FPR
gb,0.0,0.0
gb_ipw,71.7948717948718,36.904761904761905
wrangler_23,100.0,100.0
wrangler_16,100.0,100.0
gb_23,0.0,0.0
gb_16,100.0,100.0
