,TPR,FPR
gb,0.0,0.0
gb_ipw,98.05825242718447,61.04651162790697
wrangler_23,97.0873786407767,80.69767441860465
wrangler_16,0.0,0.0
gb_23,0.0,0.0
gb_16,1.941747572815534,1.1627906976744187
