,TPR,FPR
gb,100.0,98.4090909090909
gb_ipw,100.0,98.4090909090909
wrangler_23,100.0,100.0
wrangler_16,100.0,100.0
gb_23,1.9230769230769231,40.90909090909091
gb_16,100.0,100.0
