,TPR,FPR
gb,0.0,0.0
gb_ipw,87.87878787878788,0.351288056206089
wrangler_23,0.0,0.0
wrangler_16,0.0,1.990632318501171
gb_23,0.0,0.0
gb_16,0.0,0.0
