,TPR,FPR
gb,0.0,11.494252873563218
gb_ipw,100.0,13.793103448275861
wrangler_23,100.0,100.0
wrangler_16,0.0,0.0
gb_23,100.0,100.0
gb_16,0.0,0.0
