,TPR,FPR
gb,100.0,91.5137614678899
gb_ipw,100.0,91.5137614678899
wrangler_23,0.0,0.0
wrangler_16,0.0,0.22935779816513763
gb_23,100.0,100.0
gb_16,0.0,0.0
