,TPR,FPR
gb,0.0,0.0
gb_ipw,100.0,17.142857142857142
wrangler_23,0.0,0.0
wrangler_16,100.0,85.71428571428571
gb_23,100.0,100.0
gb_16,100.0,100.0
