,TPR,FPR
gb,0.0,1.3157894736842106
gb_ipw,100.0,76.3157894736842
wrangler_23,100.0,100.0
wrangler_16,100.0,100.0
gb_23,100.0,100.0
gb_16,100.0,64.47368421052632
