,TPR,FPR
gb,0.0,0.0
gb_ipw,0.0,0.0
wrangler_23,0.0,3.290246768507638
wrangler_16,0.0,0.0
gb_23,1.0101010101010102,18.91891891891892
gb_16,0.0,0.0
