,TPR,FPR
gb,0.0,0.0
gb_ipw,100.0,69.41176470588235
wrangler_23,70.0,22.352941176470587
wrangler_16,0.0,0.0
gb_23,100.0,100.0
gb_16,0.0,0.0
