,TPR,FPR
gb,100.0,23.03030303030303
gb_ipw,100.0,84.24242424242425
wrangler_23,0.0,0.0
wrangler_16,0.0,0.0
gb_23,0.0,0.0
gb_16,21.05263157894737,10.909090909090908
