,TPR,FPR
gb,0.0,0.0
gb_ipw,14.285714285714286,32.82442748091603
wrangler_23,85.71428571428571,53.43511450381679
wrangler_16,0.0,0.0
gb_23,0.0,0.0
gb_16,0.0,0.0
