,TPR,FPR
gb,100.0,10.975609756097562
gb_ipw,100.0,10.975609756097562
wrangler_23,100.0,100.0
wrangler_16,100.0,100.0
gb_23,100.0,100.0
gb_16,100.0,100.0
