,TPR,FPR
gb,0.0,0.0
gb_ipw,100.0,73.33333333333333
wrangler_23,100.0,85.55555555555556
wrangler_16,100.0,100.0
gb_23,0.0,0.0
gb_16,0.0,0.0
