,TPR,FPR
gb,100.0,3.903903903903904
gb_ipw,100.0,26.126126126126128
wrangler_23,100.0,79.27927927927928
wrangler_16,100.0,78.97897897897897
gb_23,100.0,100.0
gb_16,0.0,0.0
