,TPR,FPR
gb,98.9795918367347,52.08085612366231
gb_ipw,98.9795918367347,52.08085612366231
wrangler_23,98.9795918367347,96.31391200951248
wrangler_16,98.9795918367347,100.0
gb_23,98.9795918367347,100.0
gb_16,98.9795918367347,100.0
