,TPR,FPR
gb,0.0,0.0
gb_ipw,41.666666666666664,0.9615384615384616
wrangler_23,66.66666666666667,57.69230769230769
wrangler_16,100.0,89.42307692307692
gb_23,100.0,100.0
gb_16,58.333333333333336,34.61538461538461
