,TPR,FPR
gb_opt,15.217391304347828,0.0
gb_ipw_opt,100.0,100.0
wrangler,73.91304347826086,72.46376811594203
