,TPR,FPR
gb_opt,13.513513513513514,0.398406374501992
gb_ipw_opt,21.62162162162162,3.5856573705179287
wrangler,45.94594594594595,38.645418326693225
