,TPR,FPR
gb_opt,31.313131313131315,0.0
gb_ipw_opt,88.88888888888889,27.546628407460545
wrangler,92.92929292929293,43.18507890961262
