,TPR,FPR
gb_opt,39.02439024390244,0.0
gb_ipw_opt,87.8048780487805,10.074626865671641
wrangler,78.04878048780488,19.776119402985074
