,TPR,FPR
gb_opt,90.0,0.0
gb_ipw_opt,100.0,4.054054054054054
wrangler,90.0,20.27027027027027
