,TPR,FPR
gb_opt,60.0,0.7518796992481203
gb_ipw_opt,95.0,4.511278195488721
wrangler,30.0,16.541353383458645
