,TPR,FPR
gb_opt,57.89473684210527,0.0
gb_ipw_opt,89.47368421052632,0.7246376811594203
wrangler,47.368421052631575,28.985507246376812
