,TPR,FPR
gb_opt,57.57575757575758,2.008608321377331
gb_ipw_opt,90.9090909090909,30.989956958393112
wrangler,84.84848484848484,43.6154949784792
