,TPR,FPR
gb_opt,39.02439024390244,0.0
gb_ipw_opt,87.8048780487805,10.074626865671641
wrangler,80.48780487804879,22.01492537313433
