,TPR,FPR
gb_opt,42.42424242424242,2.1929824561403506
gb_ipw_opt,93.93939393939394,6.578947368421052
wrangler,3.0303030303030303,1.3157894736842104
