,TPR,FPR
gb_opt,52.5,0.3703703703703704
gb_ipw_opt,87.5,7.777777777777778
wrangler,85.0,14.444444444444443
