,TPR,FPR
gb_opt,50.0,0.27932960893854747
gb_ipw_opt,71.15384615384616,5.307262569832402
wrangler,48.07692307692308,26.536312849162012
