,TPR,FPR
gb_opt,94.73684210526315,0.0
gb_ipw_opt,100.0,3.64963503649635
wrangler,100.0,8.02919708029197
