,TPR,FPR
gb_opt,67.67676767676768,1.1299435028248588
gb_ipw_opt,98.98989898989899,16.242937853107346
wrangler,96.96969696969697,37.71186440677966
