,TPR,FPR
gb_opt,50.505050505050505,3.890489913544669
gb_ipw_opt,96.96969696969697,35.87896253602306
wrangler,88.88888888888889,45.38904899135447
