,TPR,FPR
gb_opt,34.65346534653465,1.1544011544011543
gb_ipw_opt,82.17821782178217,29.725829725829726
wrangler,68.31683168316832,35.64213564213564
