,TPR,FPR
gb_opt,68.42105263157895,0.0
gb_ipw_opt,94.73684210526315,5.109489051094891
wrangler,63.1578947368421,10.948905109489052
