,TPR,FPR
gb_opt,92.85714285714286,1.0638297872340425
gb_ipw_opt,100.0,3.1914893617021276
wrangler,85.71428571428571,22.340425531914892
