,TPR,FPR
gb_opt,53.535353535353536,0.7092198581560284
gb_ipw_opt,89.8989898989899,14.893617021276595
wrangler,65.65656565656566,28.794326241134755
