,TPR,FPR
gb_opt,78.57142857142857,1.0309278350515463
gb_ipw_opt,100.0,18.556701030927837
wrangler,100.0,65.97938144329896
