,TPR,FPR
gb_opt,35.714285714285715,0.0
gb_ipw_opt,92.85714285714286,30.337078651685395
wrangler,7.142857142857142,0.0
