,TPR,FPR
gb_opt,82.5,1.1029411764705883
gb_ipw_opt,92.5,7.352941176470589
wrangler,67.5,6.25
