,TPR,FPR
gb_opt,60.0,0.0
gb_ipw_opt,100.0,3.0303030303030303
wrangler,80.0,24.242424242424242
