,TPR,FPR
gb_opt,52.0,4.479768786127168
gb_ipw_opt,94.0,35.115606936416185
wrangler,95.0,47.25433526011561
