,TPR,FPR
gb_opt,63.1578947368421,0.0
gb_ipw_opt,100.0,6.015037593984962
wrangler,21.052631578947366,5.263157894736842
