,TPR,FPR
gb_opt,69.23076923076923,0.7352941176470588
gb_ipw_opt,97.43589743589743,5.514705882352941
wrangler,89.74358974358975,18.75
