,TPR,FPR
gb_opt,50.505050505050505,2.446043165467626
gb_ipw_opt,95.95959595959596,35.68345323741007
wrangler,89.8989898989899,44.02877697841727
