,TPR,FPR
gb_opt,70.0,1.2587412587412588
gb_ipw_opt,96.0,20.41958041958042
wrangler,98.0,47.41258741258741
