,TPR,FPR
gb_opt,76.92307692307693,0.7380073800738007
gb_ipw_opt,97.43589743589743,6.273062730627306
wrangler,79.48717948717949,5.904059040590406
