,TPR,FPR
gb_opt,94.73684210526315,0.0
gb_ipw_opt,100.0,2.2388059701492535
wrangler,94.73684210526315,8.955223880597014
