,TPR,FPR
gb_opt,67.0,1.7241379310344827
gb_ipw_opt,89.0,16.666666666666664
wrangler,55.00000000000001,31.752873563218394
