,TPR,FPR
gb_opt,63.0,1.2857142857142856
gb_ipw_opt,90.0,17.42857142857143
wrangler,73.0,33.85714285714286
