,TPR,FPR
gb_opt,81.81818181818183,0.0
gb_ipw_opt,100.0,0.0
wrangler,54.54545454545454,4.3478260869565215
