,TPR,FPR
gb_opt,75.0,0.36363636363636365
gb_ipw_opt,90.0,4.363636363636364
wrangler,75.0,6.545454545454546
