,TPR,FPR
gb_opt,37.254901960784316,1.1560693641618496
gb_ipw_opt,78.43137254901961,36.127167630057805
wrangler,93.13725490196079,70.23121387283237
