,TPR,FPR
gb_opt,90.9090909090909,0.0
gb_ipw_opt,100.0,3.896103896103896
wrangler,81.81818181818183,7.792207792207792
