,TPR,FPR
gb_opt,19.19191919191919,0.28653295128939826
gb_ipw_opt,81.81818181818183,21.20343839541547
wrangler,57.57575757575758,31.94842406876791
