,TPR,FPR
gb_opt,69.56521739130434,0.0
gb_ipw_opt,100.0,3.875968992248062
wrangler,91.30434782608695,19.379844961240313
