,TPR,FPR
gb_opt,50.0,0.0
gb_ipw_opt,86.36363636363636,0.0
wrangler,13.636363636363635,4.477611940298507
