,TPR,FPR
gb_opt,59.09090909090909,0.0
gb_ipw_opt,100.0,4.37956204379562
wrangler,63.63636363636363,10.218978102189782
