,TPR,FPR
gb_opt,59.59595959595959,1.9943019943019942
gb_ipw_opt,87.87878787878788,17.37891737891738
wrangler,84.84848484848484,33.33333333333333
