,TPR,FPR
gb_opt,83.33333333333334,0.0
gb_ipw_opt,94.44444444444444,0.7751937984496124
wrangler,27.77777777777778,4.651162790697675
