,TPR,FPR
gb_opt,68.68686868686868,1.1510791366906474
gb_ipw_opt,95.95959595959596,13.956834532374101
wrangler,72.72727272727273,31.654676258992804
