,TPR,FPR
gb_opt,76.92307692307693,0.0
gb_ipw_opt,80.76923076923077,7.608695652173914
wrangler,38.46153846153847,0.5434782608695652
