,TPR,FPR
gb_opt,80.0,0.0
gb_ipw_opt,95.0,6.7669172932330826
wrangler,30.0,6.015037593984962
