,TPR,FPR
gb_opt,95.0,0.0
gb_ipw_opt,100.0,7.194244604316546
wrangler,100.0,30.215827338129497
