,TPR,FPR
gb_opt,26.923076923076923,0.5586592178770949
gb_ipw_opt,80.76923076923077,13.966480446927374
wrangler,7.6923076923076925,3.910614525139665
