,TPR,FPR
gb_opt,65.65656565656566,1.2640449438202246
gb_ipw_opt,100.0,17.5561797752809
wrangler,65.65656565656566,31.320224719101127
