,TPR,FPR
gb_opt,58.58585858585859,1.5514809590973202
gb_ipw_opt,93.93939393939394,27.362482369534558
wrangler,68.68686868686868,37.9407616361072
