,TPR,FPR
gb_opt,59.59595959595959,0.425531914893617
gb_ipw_opt,97.97979797979798,14.609929078014183
wrangler,100.0,49.07801418439716
