,TPR,FPR
gb_opt,92.3076923076923,1.1111111111111112
gb_ipw_opt,100.0,3.3333333333333335
wrangler,92.3076923076923,12.222222222222221
