,TPR,FPR
gb_opt,56.56565656565656,1.566951566951567
gb_ipw_opt,83.83838383838383,18.51851851851852
wrangler,83.83838383838383,42.02279202279202
