,TPR,FPR
gb_opt,95.23809523809523,0.7194244604316548
gb_ipw_opt,100.0,5.0359712230215825
wrangler,90.47619047619048,25.899280575539567
