,TPR,FPR
gb_opt,7.6923076923076925,0.0
gb_ipw_opt,92.3076923076923,6.976744186046512
wrangler,0.0,0.0
