,TPR,FPR
gb_opt,40.0,0.0
gb_ipw_opt,92.0,4.545454545454546
wrangler,48.0,18.939393939393938
