,TPR,FPR
gb_opt,80.0,0.0
gb_ipw_opt,95.0,7.092198581560284
wrangler,50.0,17.73049645390071
