,TPR,FPR
gb_opt,83.33333333333334,0.0
gb_ipw_opt,88.88888888888889,0.0
wrangler,33.33333333333333,31.297709923664126
