,TPR,FPR
gb_opt,31.57894736842105,0.7462686567164178
gb_ipw_opt,100.0,21.641791044776117
wrangler,42.10526315789473,14.17910447761194
