,TPR,FPR
gb_opt,14.285714285714285,0.0
gb_ipw_opt,100.0,57.95454545454546
wrangler,21.428571428571427,9.090909090909092
