,TPR,FPR
gb_opt,57.89473684210527,0.0
gb_ipw_opt,84.21052631578947,3.007518796992481
wrangler,94.73684210526315,50.37593984962406
