,TPR,FPR
gb_opt,28.947368421052634,0.0
gb_ipw_opt,71.05263157894737,14.399999999999999
wrangler,76.31578947368422,42.8
