,TPR,FPR
gb_opt,18.181818181818183,0.0
gb_ipw_opt,100.0,97.74774774774775
wrangler,0.0,0.0
