,TPR,FPR
gb_opt,89.74358974358975,0.3663003663003663
gb_ipw_opt,94.87179487179486,4.029304029304029
wrangler,58.97435897435898,2.197802197802198
