,TPR,FPR
gb_opt,38.78504672897196,0.9187279151943463
gb_ipw_opt,93.45794392523365,33.07420494699647
wrangler,71.96261682242991,42.473498233215544
