,TPR,FPR
gb_opt,73.0,1.267605633802817
gb_ipw_opt,97.0,13.521126760563378
wrangler,64.0,28.30985915492958
