,TPR,FPR
gb_opt,50.0,0.0
gb_ipw_opt,100.0,17.142857142857142
wrangler,85.0,24.285714285714285
