,TPR,FPR
gb_opt,71.42857142857143,0.0
gb_ipw_opt,95.23809523809523,17.26618705035971
wrangler,33.33333333333333,8.633093525179856
