,TPR,FPR
gb_opt,65.65656565656566,1.1157601115760112
gb_ipw_opt,95.95959595959596,14.365411436541143
wrangler,100.0,47.41980474198048
