,TPR,FPR
gb_opt,21.428571428571427,0.0
gb_ipw_opt,78.57142857142857,25.842696629213485
wrangler,0.0,1.1235955056179776
