,TPR,FPR
gb_opt,93.33333333333333,0.0
gb_ipw_opt,100.0,2.857142857142857
wrangler,53.333333333333336,19.047619047619047
