,TPR,FPR
gb_opt,30.434782608695656,0.0
gb_ipw_opt,100.0,100.0
wrangler,56.52173913043478,67.58241758241759
