,TPR,FPR
gb_opt,67.0,1.0071942446043165
gb_ipw_opt,95.0,23.16546762589928
wrangler,88.0,44.172661870503596
