,TPR,FPR
gb_opt,2.380952380952381,0.0
gb_ipw_opt,99.20634920634922,69.5906432748538
wrangler,0.0,0.0
