,TPR,FPR
gb_opt,61.61616161616161,2.7417027417027415
gb_ipw_opt,92.92929292929293,19.19191919191919
wrangler,39.39393939393939,28.13852813852814
