,TPR,FPR
gb_opt,31.313131313131315,1.0101010101010102
gb_ipw_opt,82.82828282828282,27.56132756132756
wrangler,65.65656565656566,31.89033189033189
