,TPR,FPR
gb_opt,85.0,0.0
gb_ipw_opt,95.0,0.7142857142857143
wrangler,45.0,36.42857142857142
