,TPR,FPR
gb_opt,100.0,0.5586592178770949
gb_ipw_opt,100.0,5.027932960893855
wrangler,84.0,12.849162011173185
