,TPR,FPR
gb_opt,81.48148148148148,0.5263157894736842
gb_ipw_opt,85.18518518518519,6.842105263157896
wrangler,0.0,1.0526315789473684
