,TPR,FPR
gb_opt,19.230769230769234,0.0
gb_ipw_opt,61.53846153846154,8.287292817679557
wrangler,23.076923076923077,9.94475138121547
