,TPR,FPR
gb_opt,76.92307692307693,0.0
gb_ipw_opt,94.87179487179486,5.9259259259259265
wrangler,89.74358974358975,15.555555555555555
