,TPR,FPR
gb_opt,94.44444444444444,0.7407407407407408
gb_ipw_opt,100.0,5.9259259259259265
wrangler,83.33333333333334,8.88888888888889
