,TPR,FPR
gb_opt,77.5,0.36900369003690037
gb_ipw_opt,97.5,3.3210332103321036
wrangler,77.5,5.904059040590406
