,TPR,FPR
gb_opt,56.56565656565656,0.28169014084507044
gb_ipw_opt,96.96969696969697,15.492957746478872
wrangler,74.74747474747475,31.971830985915496
