,TPR,FPR
gb_opt,9.836065573770492,0.0
gb_ipw_opt,40.16393442622951,1.248266296809986
wrangler,62.295081967213115,29.26490984743412
