,TPR,FPR
gb_opt,88.23529411764706,4.49438202247191
gb_ipw_opt,100.0,7.865168539325842
wrangler,100.0,8.98876404494382
