,TPR,FPR
gb_opt,84.61538461538461,0.0
gb_ipw_opt,100.0,4.444444444444445
wrangler,53.84615384615385,47.77777777777778
