,TPR,FPR
gb_opt,52.63157894736842,0.0
gb_ipw_opt,84.21052631578947,1.5037593984962405
wrangler,0.0,2.2556390977443606
