,TPR,FPR
gb_opt,66.66666666666666,3.7142857142857144
gb_ipw_opt,91.91919191919192,25.428571428571427
wrangler,81.81818181818183,45.0
