,TPR,FPR
gb_opt,40.54054054054054,0.4166666666666667
gb_ipw_opt,100.0,6.25
wrangler,94.5945945945946,18.75
