,TPR,FPR
gb_opt,45.0,0.0
gb_ipw_opt,95.0,2.9629629629629632
wrangler,10.0,3.7037037037037033
