,TPR,FPR
gb_opt,48.148148148148145,1.1049723756906076
gb_ipw_opt,92.5925925925926,11.049723756906078
wrangler,77.77777777777779,16.022099447513813
