,TPR,FPR
gb_opt,31.57894736842105,0.0
gb_ipw_opt,94.73684210526315,0.7518796992481203
wrangler,15.789473684210526,0.7518796992481203
