,TPR,FPR
gb_opt,90.0,0.0
gb_ipw_opt,100.0,14.571428571428571
wrangler,94.0,83.14285714285714
