,TPR,FPR
gb_opt,95.45454545454545,0.0
gb_ipw_opt,100.0,14.285714285714285
wrangler,45.45454545454545,0.0
