,TPR,FPR
gb_opt,35.0,0.5610098176718092
gb_ipw_opt,93.0,25.105189340813467
wrangler,3.0,0.2805049088359046
