,TPR,FPR
gb_opt,25.64102564102564,0.0
gb_ipw_opt,66.66666666666666,1.1111111111111112
wrangler,2.564102564102564,2.5925925925925926
