,TPR,FPR
gb_opt,56.00000000000001,0.0
gb_ipw_opt,85.0,3.276353276353276
wrangler,84.0,35.32763532763533
