,TPR,FPR
gb_opt,57.89473684210527,0.7352941176470588
gb_ipw_opt,89.47368421052632,2.941176470588235
wrangler,10.526315789473683,4.411764705882353
