,TPR,FPR
gb_opt,93.33333333333333,0.0
gb_ipw_opt,100.0,2.912621359223301
wrangler,93.33333333333333,15.53398058252427
