,TPR,FPR
gb_opt,62.5,2.7496382054992763
gb_ipw_opt,89.42307692307693,28.364688856729376
wrangler,81.73076923076923,42.40231548480463
