,TPR,FPR
gb_opt,73.91304347826086,0.0
gb_ipw_opt,100.0,18.84057971014493
wrangler,34.78260869565217,0.7246376811594203
