,TPR,FPR
gb_opt,76.92307692307693,0.0
gb_ipw_opt,100.0,1.0869565217391304
wrangler,0.0,0.0
