,TPR,FPR
gb_opt,38.88888888888889,0.0
gb_ipw_opt,83.33333333333334,0.8130081300813009
wrangler,77.77777777777779,37.39837398373984
