,TPR,FPR
gb_opt,55.55555555555556,1.2838801711840229
gb_ipw_opt,96.96969696969697,27.674750356633382
wrangler,95.95959595959596,46.64764621968616
