,TPR,FPR
gb_opt,73.68421052631578,0.0
gb_ipw_opt,94.73684210526315,2.18978102189781
wrangler,36.84210526315789,27.00729927007299
