,TPR,FPR
gb_opt,58.58585858585859,2.414772727272727
gb_ipw_opt,91.91919191919192,23.011363636363637
wrangler,66.66666666666666,28.97727272727273
