,TPR,FPR
gb_opt,32.35294117647059,0.1445086705202312
gb_ipw_opt,90.19607843137256,38.72832369942196
wrangler,97.05882352941177,71.96531791907515
