,TPR,FPR
gb_opt,0.6085192697768762,0.0
gb_ipw_opt,17.748478701825558,5.298155298155298
wrangler,0.0,0.0
