,TPR,FPR
gb_opt,63.63636363636363,3.8571428571428568
gb_ipw_opt,91.91919191919192,27.142857142857142
wrangler,94.94949494949495,46.57142857142857
