,TPR,FPR
gb_opt,62.62626262626263,1.4044943820224718
gb_ipw_opt,92.92929292929293,20.50561797752809
wrangler,96.96969696969697,45.92696629213483
