,TPR,FPR
gb_opt,46.15384615384615,8.955223880597014
gb_ipw_opt,100.0,89.55223880597015
wrangler,0.0,0.0
