,TPR,FPR
gb_opt,37.5,0.0
gb_ipw_opt,92.5,5.594405594405594
wrangler,92.5,24.125874125874127
