,TPR,FPR
gb_opt,82.05128205128204,1.107011070110701
gb_ipw_opt,89.74358974358975,4.797047970479705
wrangler,76.92307692307693,6.642066420664207
