,TPR,FPR
gb_opt,71.0,1.2711864406779663
gb_ipw_opt,98.0,14.689265536723164
wrangler,100.0,44.91525423728814
