,TPR,FPR
gb_opt,41.17647058823529,4.878048780487805
gb_ipw_opt,100.0,100.0
wrangler,17.647058823529413,9.75609756097561
