,TPR,FPR
gb_opt,26.31578947368421,0.7299270072992701
gb_ipw_opt,94.73684210526315,2.18978102189781
wrangler,47.368421052631575,28.467153284671532
