,TPR,FPR
gb_opt,76.92307692307693,1.3966480446927374
gb_ipw_opt,88.46153846153845,5.307262569832402
wrangler,3.8461538461538463,0.0
