,TPR,FPR
gb_opt,34.0,0.7225433526011561
gb_ipw_opt,91.0,36.5606936416185
wrangler,91.0,46.09826589595375
