,TPR,FPR
gb_opt,94.87179487179486,1.1029411764705883
gb_ipw_opt,97.43589743589743,5.514705882352941
wrangler,97.43589743589743,9.558823529411764
