,TPR,FPR
gb_opt,55.55555555555556,0.0
gb_ipw_opt,100.0,100.0
wrangler,16.666666666666664,25.96685082872928
