,TPR,FPR
gb_opt,69.3069306930693,2.6988636363636362
gb_ipw_opt,95.04950495049505,27.27272727272727
wrangler,96.03960396039604,45.73863636363637
