,TPR,FPR
gb_opt,96.29629629629629,0.0
gb_ipw_opt,100.0,2.912621359223301
wrangler,88.88888888888889,13.106796116504855
