,TPR,FPR
gb_opt,25.0,0.0
gb_ipw_opt,77.5,5.904059040590406
wrangler,77.5,14.022140221402212
