,TPR,FPR
gb_opt,41.41414141414141,0.2849002849002849
gb_ipw_opt,96.96969696969697,26.353276353276357
wrangler,92.92929292929293,42.592592592592595
