,TPR,FPR
gb_opt,54.0,2.142857142857143
gb_ipw_opt,93.0,18.857142857142858
wrangler,89.0,42.142857142857146
