,TPR,FPR
gb_opt,67.41573033707866,1.2718600953895072
gb_ipw_opt,87.64044943820225,5.405405405405405
wrangler,91.01123595505618,17.011128775834656
