,TPR,FPR
gb_opt,92.3076923076923,0.36101083032490977
gb_ipw_opt,97.43589743589743,9.025270758122744
wrangler,82.05128205128204,15.162454873646208
