,TPR,FPR
gb_opt,38.46153846153847,1.6666666666666667
gb_ipw_opt,100.0,45.0
wrangler,88.46153846153845,58.88888888888889
