,TPR,FPR
gb_opt,24.242424242424242,0.0
gb_ipw_opt,86.86868686868688,25.107604017216644
wrangler,85.85858585858585,40.17216642754663
