,TPR,FPR
gb_opt,66.66666666666666,3.244005641748942
gb_ipw_opt,95.95959595959596,19.18194640338505
wrangler,57.57575757575758,29.196050775740478
