,TPR,FPR
gb_opt,71.875,11.711711711711711
gb_ipw_opt,90.625,74.32432432432432
wrangler,0.0,3.153153153153153
