,TPR,FPR
gb_opt,39.02439024390244,0.0
gb_ipw_opt,85.36585365853658,14.590747330960854
wrangler,26.82926829268293,14.23487544483986
