,TPR,FPR
gb_opt,11.538461538461538,0.0
gb_ipw_opt,50.0,2.7624309392265194
wrangler,0.0,0.0
