,TPR,FPR
gb_opt,88.23529411764706,0.0
gb_ipw_opt,100.0,0.8928571428571428
wrangler,5.88235294117647,0.0
