,TPR,FPR
gb_opt,89.1891891891892,0.3952569169960474
gb_ipw_opt,91.8918918918919,6.719367588932807
wrangler,86.48648648648648,11.462450592885375
