,TPR,FPR
gb_opt,46.666666666666664,1.1560693641618496
gb_ipw_opt,83.80952380952381,26.734104046242773
wrangler,70.47619047619048,39.59537572254335
