,TPR,FPR
gb_opt,76.92307692307693,2.127659574468085
gb_ipw_opt,100.0,10.106382978723403
wrangler,46.15384615384615,3.723404255319149
