,TPR,FPR
gb_opt,31.57894736842105,0.0
gb_ipw_opt,94.73684210526315,1.4925373134328357
wrangler,57.89473684210527,21.641791044776117
