,TPR,FPR
gb_opt,94.44444444444444,0.7407407407407408
gb_ipw_opt,100.0,5.9259259259259265
wrangler,88.88888888888889,10.37037037037037
