,TPR,FPR
gb_opt,80.0,0.0
gb_ipw_opt,100.0,5.714285714285714
wrangler,30.0,2.857142857142857
