,TPR,FPR
gb_opt,84.61538461538461,0.36900369003690037
gb_ipw_opt,94.87179487179486,1.8450184501845017
wrangler,64.1025641025641,5.535055350553505
