,TPR,FPR
gb_opt,65.0,0.0
gb_ipw_opt,100.0,11.428571428571429
wrangler,95.0,61.42857142857143
