,TPR,FPR
gb_opt,2.0,0.2380952380952381
gb_ipw_opt,23.666666666666668,6.666666666666667
wrangler,33.0,19.761904761904763
