,TPR,FPR
gb_opt,90.0,0.0
gb_ipw_opt,100.0,2.7027027027027026
wrangler,60.0,6.756756756756757
