,TPR,FPR
gb_opt,90.0,0.7092198581560284
gb_ipw_opt,100.0,2.127659574468085
wrangler,50.0,0.0
