,TPR,FPR
gb_opt,70.0,0.0
gb_ipw_opt,100.0,1.3513513513513513
wrangler,80.0,32.432432432432435
