,TPR,FPR
gb_opt,22.0,0.14306151645207438
gb_ipw_opt,86.0,21.316165951359086
wrangler,60.0,33.76251788268956
