,TPR,FPR
gb_opt,19.230769230769234,0.0
gb_ipw_opt,61.53846153846154,8.287292817679557
wrangler,57.692307692307686,22.099447513812155
