,TPR,FPR
gb_opt,43.333333333333336,0.4761904761904762
gb_ipw_opt,86.66666666666667,12.380952380952381
wrangler,60.0,15.714285714285714
