,TPR,FPR
gb_opt,0.0,0.0
gb_ipw_opt,100.0,100.0
wrangler,61.36363636363637,59.06976744186046
