,TPR,FPR
gb_opt,48.31460674157304,0.0
gb_ipw_opt,65.1685393258427,2.7287319422150884
wrangler,52.80898876404494,7.704654895666131
