,TPR,FPR
gb_opt,97.5,0.7407407407407408
gb_ipw_opt,97.5,5.185185185185185
wrangler,87.5,7.037037037037037
