,TPR,FPR
gb_opt,18.181818181818183,0.0
gb_ipw_opt,72.72727272727273,1.3986013986013985
wrangler,59.09090909090909,36.36363636363637
