,TPR,FPR
gb_opt,100.0,0.0
gb_ipw_opt,100.0,1.098901098901099
wrangler,100.0,19.78021978021978
