,TPR,FPR
gb_opt,92.15686274509804,0.39164490861618795
gb_ipw_opt,99.01960784313727,3.91644908616188
wrangler,89.2156862745098,13.707571801566578
