,TPR,FPR
gb_opt,43.47826086956522,0.0
gb_ipw_opt,100.0,12.5
wrangler,73.91304347826086,86.02941176470588
