,TPR,FPR
gb_opt,65.65656565656566,3.138373751783167
gb_ipw_opt,90.9090909090909,20.970042796005707
wrangler,97.97979797979798,46.932952924393724
