,TPR,FPR
gb_opt,89.47368421052632,1.4925373134328357
gb_ipw_opt,100.0,17.16417910447761
wrangler,52.63157894736842,8.955223880597014
