,TPR,FPR
gb_opt,58.58585858585859,0.7183908045977011
gb_ipw_opt,97.97979797979798,14.655172413793101
wrangler,100.0,47.701149425287355
