,TPR,FPR
gb_opt,77.77777777777779,0.0
gb_ipw_opt,94.44444444444444,4.0650406504065035
wrangler,0.0,0.0
