,TPR,FPR
gb_opt,80.0,0.0
gb_ipw_opt,100.0,0.9090909090909091
wrangler,73.33333333333333,23.636363636363637
