,TPR,FPR
gb_opt,76.19047619047619,2.857142857142857
gb_ipw_opt,100.0,55.714285714285715
wrangler,4.761904761904762,0.0
