,TPR,FPR
gb_opt,90.0,0.0
gb_ipw_opt,100.0,1.2987012987012987
wrangler,60.0,14.285714285714285
