,TPR,FPR
gb_opt,55.55555555555556,4.60431654676259
gb_ipw_opt,95.95959595959596,31.654676258992804
wrangler,88.88888888888889,46.33093525179856
