,TPR,FPR
gb_opt,58.58585858585859,2.414772727272727
gb_ipw_opt,91.91919191919192,23.011363636363637
wrangler,65.65656565656566,29.119318181818183
