,TPR,FPR
gb_opt,62.62626262626263,3.1563845050215207
gb_ipw_opt,95.95959595959596,36.01147776183644
wrangler,89.8989898989899,45.62410329985653
