,TPR,FPR
gb_opt,19.19191919191919,0.28653295128939826
gb_ipw_opt,81.81818181818183,21.20343839541547
wrangler,55.55555555555556,30.945558739255013
