,TPR,FPR
gb_opt,57.89473684210527,0.0
gb_ipw_opt,78.94736842105263,3.7593984962406015
wrangler,26.31578947368421,9.774436090225564
