,TPR,FPR
gb_opt,0.0,0.0
gb_ipw_opt,89.65517241379311,23.756906077348066
wrangler,6.896551724137931,1.6574585635359116
