,TPR,FPR
gb_opt,53.84615384615385,1.4705882352941175
gb_ipw_opt,84.61538461538461,8.088235294117647
wrangler,23.076923076923077,0.7352941176470588
