,TPR,FPR
gb_opt,3.571428571428571,0.0
gb_ipw_opt,92.85714285714286,40.331491712707184
wrangler,78.57142857142857,70.1657458563536
