,TPR,FPR
gb_opt,57.89473684210527,0.0
gb_ipw_opt,89.47368421052632,0.7246376811594203
wrangler,26.31578947368421,9.420289855072465
