,TPR,FPR
gb_opt,90.0,0.0
gb_ipw_opt,100.0,4.166666666666666
wrangler,50.0,1.3888888888888888
