,TPR,FPR
gb_opt,38.095238095238095,0.0
gb_ipw_opt,71.42857142857143,0.0
wrangler,0.0,0.0
