,TPR,FPR
gb_opt,25.742574257425744,0.0
gb_ipw_opt,85.14851485148515,24.746743849493487
wrangler,92.07920792079209,46.164978292329955
