,TPR,FPR
gb_opt,48.31460674157304,0.0
gb_ipw_opt,65.1685393258427,2.7287319422150884
wrangler,77.52808988764045,21.34831460674157
