,TPR,FPR
gb_opt,0.0,0.0
gb_ipw_opt,100.0,4.395604395604396
wrangler,15.384615384615385,4.395604395604396
