,TPR,FPR
gb_opt,95.65217391304348,0.6493506493506493
gb_ipw_opt,100.0,7.142857142857142
wrangler,86.95652173913044,4.545454545454546
