,TPR,FPR
gb_opt,100.0,0.0
gb_ipw_opt,100.0,6.521739130434782
wrangler,71.42857142857143,11.956521739130435
