,TPR,FPR
gb_opt,9.75609756097561,9.859154929577464
gb_ipw_opt,97.5609756097561,69.01408450704226
wrangler,39.02439024390244,38.028169014084504
