,TPR,FPR
gb_opt,85.18518518518519,0.0
gb_ipw_opt,96.29629629629629,6.701030927835052
wrangler,55.55555555555556,13.917525773195877
