,TPR,FPR
gb_opt,43.333333333333336,0.4761904761904762
gb_ipw_opt,86.66666666666667,12.380952380952381
wrangler,63.33333333333333,17.61904761904762
