,TPR,FPR
gb_opt,36.0,0.14265335235378032
gb_ipw_opt,80.0,5.420827389443652
wrangler,87.0,32.81027104136947
