,TPR,FPR
gb_opt,65.38461538461539,0.546448087431694
gb_ipw_opt,100.0,5.46448087431694
wrangler,34.61538461538461,2.185792349726776
