,TPR,FPR
gb_opt,15.0,0.7194244604316548
gb_ipw_opt,100.0,8.633093525179856
wrangler,60.0,7.194244604316546
