,TPR,FPR
gb_opt,79.48717948717949,0.7272727272727273
gb_ipw_opt,97.43589743589743,23.272727272727273
wrangler,89.74358974358975,31.636363636363633
