,TPR,FPR
gb_opt,94.73684210526315,0.0
gb_ipw_opt,100.0,9.774436090225564
wrangler,31.57894736842105,26.31578947368421
