,TPR,FPR
gb_opt,33.33333333333333,1.094890510948905
gb_ipw_opt,94.87179487179486,10.218978102189782
wrangler,69.23076923076923,10.583941605839415
