,TPR,FPR
gb_opt,62.62626262626263,3.1563845050215207
gb_ipw_opt,95.95959595959596,36.01147776183644
wrangler,95.95959595959596,49.92826398852224
