,TPR,FPR
gb_opt,77.77777777777779,0.546448087431694
gb_ipw_opt,81.48148148148148,4.371584699453552
wrangler,62.96296296296296,24.59016393442623
