,TPR,FPR
gb_opt,38.613861386138616,1.8624641833810889
gb_ipw_opt,86.13861386138613,32.664756446991404
wrangler,72.27722772277228,41.977077363896846
