,TPR,FPR
gb_opt,40.5940594059406,2.167630057803468
gb_ipw_opt,87.12871287128714,34.82658959537572
wrangler,66.33663366336634,35.115606936416185
