,TPR,FPR
gb_opt,27.27272727272727,0.0
gb_ipw_opt,100.0,18.84057971014493
wrangler,0.0,0.0
