,TPR,FPR
gb_opt,52.52525252525253,1.1283497884344147
gb_ipw_opt,94.94949494949495,22.425952045133993
wrangler,92.92929292929293,44.42877291960507
