,TPR,FPR
gb_opt,69.23076923076923,0.0
gb_ipw_opt,100.0,17.77777777777778
wrangler,38.46153846153847,30.0
