,TPR,FPR
gb_opt,60.0,0.7092198581560284
gb_ipw_opt,95.0,19.148936170212767
wrangler,75.0,53.90070921985816
