,TPR,FPR
gb_opt,29.411764705882355,0.0
gb_ipw_opt,100.0,94.16666666666667
wrangler,23.52941176470588,4.166666666666666
