,TPR,FPR
gb_opt,90.0,0.0
gb_ipw_opt,100.0,2.857142857142857
wrangler,60.0,18.571428571428573
