,TPR,FPR
gb_opt,78.94736842105263,0.0
gb_ipw_opt,89.47368421052632,0.7692307692307693
wrangler,52.63157894736842,42.30769230769231
