,TPR,FPR
gb_opt,96.15384615384616,0.0
gb_ipw_opt,100.0,1.675977653631285
wrangler,96.15384615384616,8.379888268156424
