,TPR,FPR
gb_opt,30.76923076923077,0.0
gb_ipw_opt,92.3076923076923,4.4692737430167595
wrangler,42.30769230769231,20.11173184357542
