,TPR,FPR
gb_opt,90.0,0.0
gb_ipw_opt,100.0,5.555555555555555
wrangler,20.0,13.88888888888889
