,TPR,FPR
gb_opt,23.076923076923077,0.0
gb_ipw_opt,65.38461538461539,10.0
wrangler,0.0,0.0
