,TPR,FPR
gb_opt,61.53846153846154,0.0
gb_ipw_opt,96.15384615384616,0.0
wrangler,61.53846153846154,32.77777777777778
