,TPR,FPR
gb_opt,33.77483443708609,0.2846299810246679
gb_ipw_opt,54.966887417218544,4.933586337760911
wrangler,49.00662251655629,13.567362428842506
