,TPR,FPR
gb_opt,85.59322033898306,6.041131105398458
gb_ipw_opt,99.15254237288136,21.336760925449873
wrangler,95.76271186440678,24.03598971722365
