,TPR,FPR
gb_opt,43.47826086956522,0.0
gb_ipw_opt,95.65217391304348,16.312056737588655
wrangler,21.73913043478261,7.801418439716312
