,TPR,FPR
gb_opt,81.81818181818183,0.0
gb_ipw_opt,100.0,1.4084507042253522
wrangler,36.36363636363637,9.859154929577464
