,TPR,FPR
gb_opt,52.63157894736842,0.0
gb_ipw_opt,84.21052631578947,0.7518796992481203
wrangler,15.789473684210526,2.2556390977443606
