,TPR,FPR
gb_opt,93.33333333333333,0.0
gb_ipw_opt,100.0,1.9047619047619049
wrangler,80.0,6.666666666666667
