,TPR,FPR
gb_opt,55.55555555555556,4.60431654676259
gb_ipw_opt,95.95959595959596,31.654676258992804
wrangler,92.92929292929293,50.50359712230216
