,TPR,FPR
gb_opt,53.535353535353536,2.5974025974025974
gb_ipw_opt,88.88888888888889,24.675324675324674
wrangler,81.81818181818183,42.279942279942276
