,TPR,FPR
gb_opt,85.18518518518519,0.0
gb_ipw_opt,96.29629629629629,0.5025125628140703
wrangler,48.148148148148145,5.527638190954774
