,TPR,FPR
gb_opt,89.74358974358975,0.7272727272727273
gb_ipw_opt,100.0,5.090909090909091
wrangler,76.92307692307693,6.181818181818182
