,TPR,FPR
gb_opt,94.87179487179486,1.4760147601476015
gb_ipw_opt,100.0,4.428044280442804
wrangler,100.0,9.96309963099631
