,TPR,FPR
gb_opt,57.692307692307686,0.5586592178770949
gb_ipw_opt,80.76923076923077,7.262569832402235
wrangler,46.15384615384615,34.07821229050279
