,TPR,FPR
gb_opt,35.714285714285715,13.48314606741573
gb_ipw_opt,100.0,40.44943820224719
wrangler,64.28571428571429,30.337078651685395
