,TPR,FPR
gb_opt,26.21359223300971,0.16806722689075632
gb_ipw_opt,100.0,100.0
wrangler,29.126213592233007,26.38655462184874
