,TPR,FPR
gb_opt,50.0,0.0
gb_ipw_opt,86.36363636363636,0.0
wrangler,40.909090909090914,11.194029850746269
