,TPR,FPR
gb_opt,91.8918918918919,0.4975124378109453
gb_ipw_opt,100.0,6.0945273631840795
wrangler,95.4954954954955,20.149253731343283
