,TPR,FPR
gb_opt,90.9090909090909,0.0
gb_ipw_opt,100.0,2.857142857142857
wrangler,72.72727272727273,22.857142857142858
