,TPR,FPR
gb_opt,29.82456140350877,0.0
gb_ipw_opt,75.43859649122807,6.234413965087282
wrangler,45.614035087719294,13.466334164588527
