,TPR,FPR
gb_opt,53.84615384615385,1.4705882352941175
gb_ipw_opt,84.61538461538461,8.088235294117647
wrangler,57.692307692307686,11.029411764705882
