,TPR,FPR
gb_opt,83.33333333333334,0.0
gb_ipw_opt,94.44444444444444,2.2058823529411766
wrangler,0.0,0.0
