,TPR,FPR
gb_opt,42.857142857142854,0.0
gb_ipw_opt,100.0,100.0
wrangler,57.14285714285714,41.221374045801525
