,TPR,FPR
gb_opt,90.0,1.4925373134328357
gb_ipw_opt,100.0,23.88059701492537
wrangler,80.0,29.850746268656714
