,TPR,FPR
gb_opt,100.0,0.0
gb_ipw_opt,100.0,1.4084507042253522
wrangler,94.73684210526315,9.859154929577464
