,TPR,FPR
gb_opt,85.71428571428571,2.197802197802198
gb_ipw_opt,100.0,18.681318681318682
wrangler,85.71428571428571,26.373626373626376
