,TPR,FPR
gb_opt,32.35294117647059,0.1445086705202312
gb_ipw_opt,90.19607843137256,38.72832369942196
wrangler,91.17647058823529,51.58959537572254
