,TPR,FPR
gb_opt,16.666666666666664,0.0
gb_ipw_opt,91.66666666666666,9.558823529411764
wrangler,79.16666666666666,55.14705882352941
