,TPR,FPR
gb_opt,86.66666666666667,0.9803921568627451
gb_ipw_opt,100.0,6.862745098039216
wrangler,93.33333333333333,24.509803921568626
