,TPR,FPR
gb_opt,31.57894736842105,0.0
gb_ipw_opt,94.73684210526315,1.4925373134328357
wrangler,31.57894736842105,6.7164179104477615
