,TPR,FPR
gb_opt,90.0,1.4814814814814816
gb_ipw_opt,100.0,3.7037037037037033
wrangler,35.0,2.2222222222222223
