,TPR,FPR
gb_opt,91.81818181818183,0.8610086100861009
gb_ipw_opt,99.0909090909091,6.396063960639606
wrangler,50.0,11.07011070110701
