,TPR,FPR
gb_opt,31.57894736842105,1.5037593984962405
gb_ipw_opt,100.0,6.7669172932330826
wrangler,0.0,0.0
