,TPR,FPR
gb_opt,94.44444444444444,0.7905138339920948
gb_ipw_opt,100.0,1.5810276679841897
wrangler,77.77777777777779,5.138339920948617
