,TPR,FPR
gb_opt,90.0,0.8130081300813009
gb_ipw_opt,100.0,2.4390243902439024
wrangler,55.00000000000001,0.8130081300813009
