,TPR,FPR
gb_opt,15.0,0.0
gb_ipw_opt,85.0,2.272727272727273
wrangler,25.0,6.8181818181818175
