,TPR,FPR
gb_opt,65.65656565656566,0.9985734664764622
gb_ipw_opt,96.96969696969697,16.262482168330955
wrangler,100.0,43.081312410841655
