,TPR,FPR
gb_opt,57.99999999999999,1.2968299711815563
gb_ipw_opt,90.0,24.927953890489913
wrangler,52.0,32.27665706051873
