,TPR,FPR
gb_opt,43.58974358974359,0.0
gb_ipw_opt,92.3076923076923,4.074074074074074
wrangler,35.8974358974359,4.074074074074074
