,TPR,FPR
gb_opt,58.82352941176471,1.0471204188481675
gb_ipw_opt,91.17647058823529,6.806282722513089
wrangler,85.29411764705883,18.32460732984293
